REQUEST_TIME,DEVICE_IP,ID,USER_ID,ID_TYPE,OPERATING_SYSTEM,has_multiple_devices
2024-10-01 09:17:00,2a00:5400:e266::,AAA7PE7OD50AABQ_9xhR4Q,7,WEB_ID,android,1
2024-10-01 09:19:00,2a00:5400:e266::,AAA7PE7OD50AABQ_9xhR4Q,7,WEB_ID,android,1
2024-10-01 09:22:00,2a00:5400:e266::,AAA7PE7OD50AABQ_9xhR4Q,7,WEB_ID,android,1
2024-10-01 09:27:00,2a00:5400:e266::,AAA7PE7OD50AABQ_9xhR4Q,7,WEB_ID,android,1
2024-10-01 09:36:00,2a00:5400:e266::,AAA7PE7OD50AABQ_9xhR4Q,7,WEB_ID,android,1
2024-10-01 09:55:00,2a00:5400:e266::,AAA7PE7OD50AABQ_9xhR4Q,7,WEB_ID,android,1
2024-10-01 10:02:00,2a00:5400:e266::,AAA7PE7OD50AABQ_9xhR4Q,7,WEB_ID,android,1
2024-10-01 10:10:00,2a00:5400:e266::,AAA7PE7OD50AABQ_9xhR4Q,7,WEB_ID,android,1
2024-10-01 10:11:00,2a00:5400:e266::,AAA7PE7OD50AABQ_9xhR4Q,7,WEB_ID,android,1
2024-10-01 10:30:00,2a00:5400:e266::,AAA7PE7OD50AABQ_9xhR4Q,7,WEB_ID,android,1
2024-10-01 10:34:00,2a00:5400:e266::,AAA7PE7OD50AABQ_9xhR4Q,7,WEB_ID,android,1
2024-10-01 12:47:00,2a00:5400:e266::,AAA7PE7OD50AABQ_9xhR4Q,7,WEB_ID,android,1
2024-10-01 12:47:00,2a00:5400:e266::,AAA7PE7OD50AABQ_9xhR4Q,7,WEB_ID,android,1
2024-10-01 13:00:00,2a00:5400:e266::,AAA7PE7OD50AABQ_9xhR4Q,7,WEB_ID,android,1
2024-10-01 13:05:00,2a00:5400:e266::,AAA7PE7OD50AABQ_9xhR4Q,7,WEB_ID,android,1
2024-10-01 13:41:00,2a00:5400:e266::,AAA7PE7OD50AABQ_9xhR4Q,7,WEB_ID,android,1
2024-10-01 15:06:00,2a00:5400:e266::,AAA7PE7OD50AABQ_9xhR4Q,7,WEB_ID,android,1
2024-10-01 15:19:00,2a00:5400:e266::,AAA7PE7OD50AABQ_9xhR4Q,7,WEB_ID,android,1
2024-10-01 15:36:00,2a00:5400:e266::,AAA7PE7OD50AABQ_9xhR4Q,7,WEB_ID,android,1
2024-10-01 15:58:00,2a00:5400:e266::,AAA7PE7OD50AABQ_9xhR4Q,7,WEB_ID,android,1
2024-10-01 16:20:00,2a02:9b0:8014::,AAA7PE7OD50AABQ_9xhR4Q,7,WEB_ID,android,1
2024-10-02 09:42:00,2a00:5400:e266::,AAA7PE7OD50AABQ_9xhR4Q,7,WEB_ID,android,1
2024-10-02 11:15:00,2a00:5400:e266::,AAA7PE7OD50AABQ_9xhR4Q,7,WEB_ID,android,1
2024-10-02 13:00:00,82.167.216.0,AAA7PE7OD50AABQ_9xhR4Q,7,WEB_ID,android,1
2024-10-02 13:19:00,2a00:5400:e266::,AAA7PE7OD50AABQ_9xhR4Q,7,WEB_ID,android,1
2024-10-02 13:22:00,2a00:5400:e266::,AAA7PE7OD50AABQ_9xhR4Q,7,WEB_ID,android,1
2024-10-02 13:37:00,2a00:5400:e266::,AAA7PE7OD50AABQ_9xhR4Q,7,WEB_ID,android,1
2024-10-02 18:13:00,2a00:5400:e266::,AAA7PE7OD50AABQ_9xhR4Q,7,WEB_ID,android,1
2024-10-02 18:24:00,2a00:5400:e266::,AAA7PE7OD50AABQ_9xhR4Q,7,WEB_ID,android,1
2024-10-02 18:42:00,2a00:5400:e266::,AAA7PE7OD50AABQ_9xhR4Q,7,WEB_ID,android,1
2024-10-02 19:00:00,2a00:5400:e266::,AAA7PE7OD50AABQ_9xhR4Q,7,WEB_ID,android,1
2024-10-03 08:03:00,2a00:5400:e266::,AAA7PE7OD50AABQ_9xhR4Q,7,WEB_ID,android,1
2024-10-03 12:27:00,2a00:5400:e266::,AAA7PE7OD50AABQ_9xhR4Q,7,WEB_ID,android,1
2024-10-03 12:45:00,2a00:5400:e266::,AAA7PE7OD50AABQ_9xhR4Q,7,WEB_ID,android,1
2024-10-03 20:02:00,2a00:5400:e266::,AAA7PE7OD50AABQ_9xhR4Q,7,WEB_ID,android,1
2024-10-03 20:47:00,2a00:5400:e266::,AAA7PE7OD50AABQ_9xhR4Q,7,WEB_ID,android,1
2024-10-03 20:48:00,2a00:5400:e266::,AAA7PE7OD50AABQ_9xhR4Q,7,WEB_ID,android,1
2024-10-03 20:48:00,2a00:5400:e266::,AAA7PE7OD50AABQ_9xhR4Q,7,WEB_ID,android,1
2024-10-03 20:51:00,2a00:5400:e266::,AAA7PE7OD50AABQ_9xhR4Q,7,WEB_ID,android,1
2024-10-03 20:54:00,2a00:5400:e266::,AAA7PE7OD50AABQ_9xhR4Q,7,WEB_ID,android,1
2024-10-04 08:54:00,2a00:5400:e266::,AAA7PE7OD50AABQ_9xhR4Q,7,WEB_ID,android,1
2024-10-04 09:01:00,2a00:5400:e266::,AAA7PE7OD50AABQ_9xhR4Q,7,WEB_ID,android,1
2024-10-04 09:03:00,2a00:5400:e266::,AAA7PE7OD50AABQ_9xhR4Q,7,WEB_ID,android,1
2024-10-04 09:03:00,2a00:5400:e266::,AAA7PE7OD50AABQ_9xhR4Q,7,WEB_ID,android,1
2024-10-04 12:10:00,82.167.220.0,AAA7PE7OD50AABQ_9xhR4Q,7,WEB_ID,android,1
2024-10-04 12:18:00,2a00:5400:e266::,AAA7PE7OD50AABQ_9xhR4Q,7,WEB_ID,android,1
2024-10-04 12:33:00,2a00:5400:e266::,AAA7PE7OD50AABQ_9xhR4Q,7,WEB_ID,android,1
2024-10-04 12:40:00,2a00:5400:e266::,AAA7PE7OD50AABQ_9xhR4Q,7,WEB_ID,android,1
2024-10-04 12:41:00,2a00:5400:e266::,AAA7PE7OD50AABQ_9xhR4Q,7,WEB_ID,android,1
2024-10-04 12:41:00,2a00:5400:e266::,AAA7PE7OD50AABQ_9xhR4Q,7,WEB_ID,android,1
2024-10-04 12:42:00,2a00:5400:e266::,AAA7PE7OD50AABQ_9xhR4Q,7,WEB_ID,android,1
2024-10-04 12:43:00,2a00:5400:e266::,AAA7PE7OD50AABQ_9xhR4Q,7,WEB_ID,android,1
2024-10-04 12:43:00,2a00:5400:e266::,AAA7PE7OD50AABQ_9xhR4Q,7,WEB_ID,android,1
2024-10-04 12:44:00,2a00:5400:e266::,AAA7PE7OD50AABQ_9xhR4Q,7,WEB_ID,android,1
2024-10-04 13:42:00,2a00:5400:e266::,AAA7PE7OD50AABQ_9xhR4Q,7,WEB_ID,android,1
2024-10-04 14:01:00,2a00:5400:e266::,AAA7PE7OD50AABQ_9xhR4Q,7,WEB_ID,android,1
2024-10-04 15:19:00,2a00:5400:e266::,AAA7PE7OD50AABQ_9xhR4Q,7,WEB_ID,android,1
2024-10-01 14:24:00,2405:8d40:40c0::,AAKT707IOKgAAB_bLwHDew,6,WEB_ID,ios,1
2024-10-04 15:57:00,2a00:5400:e051::,AAFcvU7LIAoAABO-Xttw5A,7,WEB_ID,android,1
2024-10-04 18:08:00,2a00:5400:e051::,AAFcvU7LIAoAABO-Xttw5A,7,WEB_ID,android,1
2024-10-04 18:08:00,2a00:5400:e051::,AAFcvU7LIAoAABO-Xttw5A,7,WEB_ID,android,1
2024-10-04 18:17:00,2a00:5400:e266::,AAA7PE7OD50AABQ_9xhR4Q,7,WEB_ID,android,1
2024-10-04 18:32:00,2a00:5400:f013::,AAKRGE7P9eIAABxfJkTLVA,7,WEB_ID,android,1
2024-10-04 18:33:00,2a00:5400:f013::,AAKRGE7P9eIAABxfJkTLVA,7,WEB_ID,android,1
2024-10-04 18:33:00,2a00:5400:f013::,AAKRGE7P9eIAABxfJkTLVA,7,WEB_ID,android,1
2024-10-04 18:33:00,2a00:5400:f013::,AAKRGE7P9eIAABxfJkTLVA,7,WEB_ID,android,1
2024-10-05 08:34:00,46.143.152.0,AAKRGE7P9eIAABxfJkTLVA,7,WEB_ID,android,1
2024-10-05 08:34:00,2a00:5400:f013::,AAKRGE7P9eIAABxfJkTLVA,7,WEB_ID,android,1
2024-10-05 08:35:00,2a00:5400:f013::,AAKRGE7P9eIAABxfJkTLVA,7,WEB_ID,android,1
2024-10-05 08:36:00,2a00:5400:f013::,AAKRGE7P9eIAABxfJkTLVA,7,WEB_ID,android,1
2024-10-05 08:37:00,2a00:5400:f013::,AAKRGE7P9eIAABxfJkTLVA,7,WEB_ID,android,1
2024-10-05 08:37:00,2a00:5400:f013::,AAKRGE7P9eIAABxfJkTLVA,7,WEB_ID,android,1
2024-10-05 08:39:00,2a00:5400:f013::,AAKRGE7P9eIAABxfJkTLVA,7,WEB_ID,android,1
2024-10-05 08:40:00,2a00:5400:f013::,AAKRGE7P9eIAABxfJkTLVA,7,WEB_ID,android,1
2024-10-05 08:40:00,2a00:5400:f013::,AAKRGE7P9eIAABxfJkTLVA,7,WEB_ID,android,1
2024-10-05 08:41:00,2a00:5400:f013::,AAKRGE7P9eIAABxfJkTLVA,7,WEB_ID,android,1
2024-10-05 08:42:00,2a00:5400:f013::,AAKRGE7P9eIAABxfJkTLVA,7,WEB_ID,android,1
2024-10-05 08:42:00,2a00:5400:f013::,AAKRGE7P9eIAABxfJkTLVA,7,WEB_ID,android,1
2024-10-05 08:44:00,2a00:5400:f013::,AAKRGE7P9eIAABxfJkTLVA,7,WEB_ID,android,1
2024-10-05 08:44:00,2a00:5400:f013::,AAKRGE7P9eIAABxfJkTLVA,7,WEB_ID,android,1
2024-10-05 08:44:00,2a00:5400:f013::,AAKRGE7P9eIAABxfJkTLVA,7,WEB_ID,android,1
2024-10-05 08:45:00,2a00:5400:f013::,AAKRGE7P9eIAABxfJkTLVA,7,WEB_ID,android,1
2024-10-05 08:45:00,2a00:5400:f013::,AAKRGE7P9eIAABxfJkTLVA,7,WEB_ID,android,1
2024-10-05 11:50:00,2a00:5400:e051::,AAFcvU7LIAoAABO-Xttw5A,7,WEB_ID,android,1
2024-10-05 12:08:00,2001:16a2:c1e0::,AAA7PE7OD50AABQ_9xhR4Q,7,WEB_ID,android,1
2024-10-05 12:11:00,2001:16a2:c1e0::,AAA7PE7OD50AABQ_9xhR4Q,7,WEB_ID,android,1
2024-10-05 14:09:00,2a00:5400:e051::,AAFcvU7LIAoAABO-Xttw5A,7,WEB_ID,android,1
2024-10-05 14:42:00,2a00:5400:f011::,AAKRGE7P9eIAABxfJkTLVA,7,WEB_ID,android,1
2024-10-05 14:43:00,2a00:5400:f011::,AAKRGE7P9eIAABxfJkTLVA,7,WEB_ID,android,1
2024-10-05 14:43:00,2a00:5400:f011::,AAKRGE7P9eIAABxfJkTLVA,7,WEB_ID,android,1
2024-10-05 14:44:00,2a00:5400:f011::,AAKRGE7P9eIAABxfJkTLVA,7,WEB_ID,android,1
2024-10-05 14:46:00,2a00:5400:f011::,AAKRGE7P9eIAABxfJkTLVA,7,WEB_ID,android,1
2024-10-05 14:47:00,2a00:5400:f011::,AAKRGE7P9eIAABxfJkTLVA,7,WEB_ID,android,1
2024-10-05 14:50:00,2a00:5400:f011::,AAKRGE7P9eIAABxfJkTLVA,7,WEB_ID,android,1
2024-10-05 14:51:00,2a00:5400:f011::,AAKRGE7P9eIAABxfJkTLVA,7,WEB_ID,android,1
2024-10-05 14:53:00,2a00:5400:f011::,AAKRGE7P9eIAABxfJkTLVA,7,WEB_ID,android,1
2024-10-05 14:54:00,2a00:5400:f011::,AAKRGE7P9eIAABxfJkTLVA,7,WEB_ID,android,1
2024-10-05 14:56:00,2a00:5400:f011::,AAKRGE7P9eIAABxfJkTLVA,7,WEB_ID,android,1
2024-10-05 14:57:00,2a00:5400:f011::,AAKRGE7P9eIAABxfJkTLVA,7,WEB_ID,android,1
2024-10-05 14:58:00,2a00:5400:f011::,AAKRGE7P9eIAABxfJkTLVA,7,WEB_ID,android,1
2024-10-05 14:59:00,2a00:5400:f011::,AAKRGE7P9eIAABxfJkTLVA,7,WEB_ID,android,1
2024-10-05 15:00:00,2a00:5400:f011::,AAKRGE7P9eIAABxfJkTLVA,7,WEB_ID,android,1
2024-10-05 15:01:00,2a00:5400:f011::,AAKRGE7P9eIAABxfJkTLVA,7,WEB_ID,android,1
2024-10-05 15:02:00,2a00:5400:f011::,AAKRGE7P9eIAABxfJkTLVA,7,WEB_ID,android,1
2024-10-05 15:00:00,2a00:5400:f011::,AAKRGE7P9eIAABxfJkTLVA,7,WEB_ID,android,1
2024-10-05 15:08:00,2001:16a2:c1e0::,AAA7PE7OD50AABQ_9xhR4Q,7,WEB_ID,android,1
2024-10-05 17:21:00,2a00:5400:f011::,AAKRGE7P9eIAABxfJkTLVA,7,WEB_ID,android,1
2024-10-05 18:49:00,2001:16a2:c1f0::,AAA7PE7OD50AABQ_9xhR4Q,7,WEB_ID,android,1
2024-10-05 19:33:00,2001:16a2:c1f0::,AAA7PE7OD50AABQ_9xhR4Q,7,WEB_ID,android,1
2024-10-05 19:34:00,2001:16a2:c1f0::,AAA7PE7OD50AABQ_9xhR4Q,7,WEB_ID,android,1
2024-10-05 19:38:00,2001:16a2:c1f0::,AAA7PE7OD50AABQ_9xhR4Q,7,WEB_ID,android,1
2024-10-05 19:40:00,2001:16a2:c1f0::,AAA7PE7OD50AABQ_9xhR4Q,7,WEB_ID,android,1
2024-10-05 20:17:00,2001:16a2:c1f3::,AAA7PE7OD50AABQ_9xhR4Q,7,WEB_ID,android,1
2024-10-05 20:35:00,51.253.242.0,AAA7PE7OD50AABQ_9xhR4Q,7,WEB_ID,android,1
2024-10-05 20:52:00,51.253.210.0,AAA7PE7OD50AABQ_9xhR4Q,7,WEB_ID,android,1
2024-10-05 20:56:00,51.253.210.0,AAA7PE7OD50AABQ_9xhR4Q,7,WEB_ID,android,1
2024-10-05 20:34:00,51.253.210.0,AAA7PE7OD50AABQ_9xhR4Q,7,WEB_ID,android,1
2024-10-05 20:36:00,51.253.210.0,AAA7PE7OD50AABQ_9xhR4Q,7,WEB_ID,android,1
2024-10-05 20:42:00,2001:16a2:c1e3::,AAA7PE7OD50AABQ_9xhR4Q,7,WEB_ID,android,1
2024-10-06 08:51:00,2001:16a2:c1e3::,AAA7PE7OD50AABQ_9xhR4Q,7,WEB_ID,android,1
2024-10-06 09:33:00,2a00:5400:f011::,AAKRGE7P9eIAABxfJkTLVA,7,WEB_ID,android,1
2024-10-06 09:37:00,2a00:5400:f011::,AAKRGE7P9eIAABxfJkTLVA,7,WEB_ID,android,1
2024-10-06 09:55:00,2a00:5400:f011::,AAKRGE7P9eIAABxfJkTLVA,7,WEB_ID,android,1
2024-10-06 12:14:00,2a00:5400:e266::,AAA7PE7OD50AABQ_9xhR4Q,7,WEB_ID,android,1
2024-10-06 12:52:00,2a00:5400:f015::,AAKRGE7P9eIAABxfJkTLVA,7,WEB_ID,android,1
2024-10-06 12:16:00,2a00:5400:e266::,AAA7PE7OD50AABQ_9xhR4Q,7,WEB_ID,android,1
2024-10-06 12:17:00,2a00:5400:e266::,AAA7PE7OD50AABQ_9xhR4Q,7,WEB_ID,android,1
2024-10-06 12:18:00,2a00:5400:e266::,AAA7PE7OD50AABQ_9xhR4Q,7,WEB_ID,android,1
2024-10-06 12:18:00,2a00:5400:e266::,AAA7PE7OD50AABQ_9xhR4Q,7,WEB_ID,android,1
2024-10-06 12:18:00,2a00:5400:e266::,AAA7PE7OD50AABQ_9xhR4Q,7,WEB_ID,android,1
2024-10-06 12:27:00,2a00:5400:e266::,AAA7PE7OD50AABQ_9xhR4Q,7,WEB_ID,android,1
2024-10-06 12:30:00,2a00:5400:f013::,AAKRGE7P9eIAABxfJkTLVA,7,WEB_ID,android,1
2024-10-06 12:31:00,2a00:5400:f013::,AAKRGE7P9eIAABxfJkTLVA,7,WEB_ID,android,1
2024-10-06 12:32:00,2a00:5400:f013::,AAKRGE7P9eIAABxfJkTLVA,7,WEB_ID,android,1
2024-10-06 12:32:00,2a00:5400:f013::,AAKRGE7P9eIAABxfJkTLVA,7,WEB_ID,android,1
2024-10-06 12:33:00,2a00:5400:f013::,AAKRGE7P9eIAABxfJkTLVA,7,WEB_ID,android,1
2024-10-06 12:34:00,2a00:5400:f013::,AAKRGE7P9eIAABxfJkTLVA,7,WEB_ID,android,1
2024-10-06 12:35:00,2a00:5400:f013::,AAKRGE7P9eIAABxfJkTLVA,7,WEB_ID,android,1
2024-10-06 12:36:00,2a00:5400:f013::,AAKRGE7P9eIAABxfJkTLVA,7,WEB_ID,android,1
2024-10-06 18:02:00,2a00:5400:f013::,AAKRGE7P9eIAABxfJkTLVA,7,WEB_ID,android,1
2024-10-06 18:05:00,2a00:5400:f013::,AAKRGE7P9eIAABxfJkTLVA,7,WEB_ID,android,1
2024-10-06 18:15:00,2a00:5400:f013::,AAKRGE7P9eIAABxfJkTLVA,7,WEB_ID,android,1
2024-10-06 18:18:00,2a00:5400:f013::,AAKRGE7P9eIAABxfJkTLVA,7,WEB_ID,android,1
2024-10-06 18:20:00,2a00:5400:f013::,AAKRGE7P9eIAABxfJkTLVA,7,WEB_ID,android,1
2024-10-06 18:24:00,2a00:5400:f013::,AAKRGE7P9eIAABxfJkTLVA,7,WEB_ID,android,1
2024-10-06 18:25:00,2a00:5400:f013::,AAKRGE7P9eIAABxfJkTLVA,7,WEB_ID,android,1
2024-10-06 18:26:00,2a00:5400:f013::,AAKRGE7P9eIAABxfJkTLVA,7,WEB_ID,android,1
2024-10-06 18:27:00,2a00:5400:f013::,AAKRGE7P9eIAABxfJkTLVA,7,WEB_ID,android,1
2024-10-06 18:44:00,2a00:5400:f013::,AAKRGE7P9eIAABxfJkTLVA,7,WEB_ID,android,1
2024-10-06 18:45:00,2a00:5400:f013::,AAKRGE7P9eIAABxfJkTLVA,7,WEB_ID,android,1
2024-10-06 18:49:00,2a00:5400:f013::,AAKRGE7P9eIAABxfJkTLVA,7,WEB_ID,android,1
2024-10-06 18:56:00,2a00:5400:f013::,AAKRGE7P9eIAABxfJkTLVA,7,WEB_ID,android,1
2024-10-06 18:58:00,2a00:5400:f013::,AAKRGE7P9eIAABxfJkTLVA,7,WEB_ID,android,1
2024-10-06 18:59:00,2a00:5400:f013::,AAKRGE7P9eIAABxfJkTLVA,7,WEB_ID,android,1
2024-10-06 19:00:00,2a00:5400:f013::,AAKRGE7P9eIAABxfJkTLVA,7,WEB_ID,android,1
2024-10-06 19:01:00,2a00:5400:f013::,AAKRGE7P9eIAABxfJkTLVA,7,WEB_ID,android,1
2024-10-06 19:02:00,2a00:5400:f013::,AAKRGE7P9eIAABxfJkTLVA,7,WEB_ID,android,1
2024-10-06 19:32:00,2a00:5400:e266::,AAA7PE7OD50AABQ_9xhR4Q,7,WEB_ID,android,1
2024-10-06 20:19:00,2a00:5400:e266::,AAA7PE7OD50AABQ_9xhR4Q,7,WEB_ID,android,1
2024-10-07 08:55:00,2a00:5400:f012::,AAKRGE7P9eIAABxfJkTLVA,7,WEB_ID,android,1
2024-10-07 09:11:00,2a00:5400:f012::,AAKRGE7P9eIAABxfJkTLVA,7,WEB_ID,android,1
2024-10-07 09:12:00,2a00:5400:f012::,AAKRGE7P9eIAABxfJkTLVA,7,WEB_ID,android,1
2024-10-07 09:13:00,2a00:5400:f012::,AAKRGE7P9eIAABxfJkTLVA,7,WEB_ID,android,1
2024-10-07 09:13:00,2a00:5400:f012::,AAKRGE7P9eIAABxfJkTLVA,7,WEB_ID,android,1
2024-10-07 09:13:00,2a00:5400:f012::,AAKRGE7P9eIAABxfJkTLVA,7,WEB_ID,android,1
2024-10-07 09:14:00,2a00:5400:f012::,AAKRGE7P9eIAABxfJkTLVA,7,WEB_ID,android,1
2024-10-07 09:14:00,2a00:5400:f012::,AAKRGE7P9eIAABxfJkTLVA,7,WEB_ID,android,1
2024-10-07 09:15:00,2a00:5400:f012::,AAKRGE7P9eIAABxfJkTLVA,7,WEB_ID,android,1
2024-10-07 09:21:00,2a00:5400:f012::,AAKRGE7P9eIAABxfJkTLVA,7,WEB_ID,android,1
2024-10-07 09:22:00,2a00:5400:f012::,AAKRGE7P9eIAABxfJkTLVA,7,WEB_ID,android,1
2024-10-07 09:24:00,46.143.163.0,AAKRGE7P9eIAABxfJkTLVA,7,WEB_ID,android,1
2024-10-07 09:25:00,46.143.163.0,AAKRGE7P9eIAABxfJkTLVA,7,WEB_ID,android,1
2024-10-07 09:25:00,46.143.163.0,AAKRGE7P9eIAABxfJkTLVA,7,WEB_ID,android,1
2024-10-07 09:27:00,46.143.163.0,AAKRGE7P9eIAABxfJkTLVA,7,WEB_ID,android,1
2024-10-07 09:27:00,46.143.163.0,AAKRGE7P9eIAABxfJkTLVA,7,WEB_ID,android,1
2024-10-07 09:20:00,46.143.163.0,AAKRGE7P9eIAABxfJkTLVA,7,WEB_ID,android,1
2024-10-07 09:20:00,46.143.163.0,AAKRGE7P9eIAABxfJkTLVA,7,WEB_ID,android,1
2024-10-07 09:26:00,2a00:5400:f012::,AAKRGE7P9eIAABxfJkTLVA,7,WEB_ID,android,1
2024-10-07 09:26:00,2a00:5400:f012::,AAKRGE7P9eIAABxfJkTLVA,7,WEB_ID,android,1
2024-10-07 09:27:00,2a00:5400:f012::,AAKRGE7P9eIAABxfJkTLVA,7,WEB_ID,android,1
2024-10-07 09:29:00,2a00:5400:f012::,AAKRGE7P9eIAABxfJkTLVA,7,WEB_ID,android,1
2024-10-07 09:31:00,2a00:5400:f012::,AAKRGE7P9eIAABxfJkTLVA,7,WEB_ID,android,1
2024-10-07 09:31:00,2a00:5400:f012::,AAKRGE7P9eIAABxfJkTLVA,7,WEB_ID,android,1
2024-10-07 09:31:00,2a00:5400:f012::,AAKRGE7P9eIAABxfJkTLVA,7,WEB_ID,android,1
2024-10-07 09:36:00,2a00:5400:f012::,AAKRGE7P9eIAABxfJkTLVA,7,WEB_ID,android,1
2024-10-07 09:39:00,2a00:5400:f012::,AAKRGE7P9eIAABxfJkTLVA,7,WEB_ID,android,1
2024-10-07 09:50:00,2a00:5400:f012::,AAKRGE7P9eIAABxfJkTLVA,7,WEB_ID,android,1
2024-10-07 09:52:00,46.143.147.0,AAKRGE7P9eIAABxfJkTLVA,7,WEB_ID,android,1
2024-10-07 09:53:00,2a00:5400:f012::,AAKRGE7P9eIAABxfJkTLVA,7,WEB_ID,android,1
2024-10-07 09:54:00,2a00:5400:f012::,AAKRGE7P9eIAABxfJkTLVA,7,WEB_ID,android,1
2024-10-07 09:54:00,2a00:5400:f012::,AAKRGE7P9eIAABxfJkTLVA,7,WEB_ID,android,1
2024-10-07 09:55:00,2a00:5400:f012::,AAKRGE7P9eIAABxfJkTLVA,7,WEB_ID,android,1
2024-10-07 09:55:00,2a00:5400:f012::,AAKRGE7P9eIAABxfJkTLVA,7,WEB_ID,android,1
2024-10-07 09:55:00,2a00:5400:f012::,AAKRGE7P9eIAABxfJkTLVA,7,WEB_ID,android,1
2024-10-07 10:10:00,82.167.201.0,AAA7PE7OD50AABQ_9xhR4Q,7,WEB_ID,android,1
2024-10-07 10:14:00,2a00:5400:f012::,AAKRGE7P9eIAABxfJkTLVA,7,WEB_ID,android,1
2024-10-07 10:16:00,2a00:5400:f012::,AAKRGE7P9eIAABxfJkTLVA,7,WEB_ID,android,1
2024-10-07 10:16:00,2a00:5400:f012::,AAKRGE7P9eIAABxfJkTLVA,7,WEB_ID,android,1
2024-10-07 10:17:00,2a00:5400:f012::,AAKRGE7P9eIAABxfJkTLVA,7,WEB_ID,android,1
2024-10-07 10:18:00,2a00:5400:f012::,AAKRGE7P9eIAABxfJkTLVA,7,WEB_ID,android,1
2024-10-07 10:19:00,2a00:5400:f012::,AAKRGE7P9eIAABxfJkTLVA,7,WEB_ID,android,1
2024-10-07 09:41:00,2a00:5400:f012::,AAKRGE7P9eIAABxfJkTLVA,7,WEB_ID,android,1
2024-10-07 09:41:00,2a00:5400:f012::,AAKRGE7P9eIAABxfJkTLVA,7,WEB_ID,android,1
2024-10-07 09:41:00,2a00:5400:f012::,AAKRGE7P9eIAABxfJkTLVA,7,WEB_ID,android,1
2024-10-07 09:41:00,2a00:5400:f012::,AAKRGE7P9eIAABxfJkTLVA,7,WEB_ID,android,1
2024-10-07 09:42:00,2a00:5400:f012::,AAKRGE7P9eIAABxfJkTLVA,7,WEB_ID,android,1
2024-10-07 09:43:00,2a00:5400:f012::,AAKRGE7P9eIAABxfJkTLVA,7,WEB_ID,android,1
2024-10-07 09:43:00,2a00:5400:f012::,AAKRGE7P9eIAABxfJkTLVA,7,WEB_ID,android,1
2024-10-07 09:48:00,2a00:5400:f012::,AAKRGE7P9eIAABxfJkTLVA,7,WEB_ID,android,1
2024-10-07 09:49:00,2a00:5400:f012::,AAKRGE7P9eIAABxfJkTLVA,7,WEB_ID,android,1
2024-10-07 09:51:00,2a00:5400:f012::,AAKRGE7P9eIAABxfJkTLVA,7,WEB_ID,android,1
2024-10-07 09:52:00,2a00:5400:f012::,AAKRGE7P9eIAABxfJkTLVA,7,WEB_ID,android,1
2024-10-07 09:52:00,2a00:5400:f012::,AAKRGE7P9eIAABxfJkTLVA,7,WEB_ID,android,1
2024-10-07 09:52:00,2a00:5400:f012::,AAKRGE7P9eIAABxfJkTLVA,7,WEB_ID,android,1
2024-10-07 09:58:00,2a00:5400:f012::,AAKRGE7P9eIAABxfJkTLVA,7,WEB_ID,android,1
2024-10-07 09:58:00,2a00:5400:f012::,AAKRGE7P9eIAABxfJkTLVA,7,WEB_ID,android,1
2024-10-07 09:59:00,2a00:5400:f012::,AAKRGE7P9eIAABxfJkTLVA,7,WEB_ID,android,1
2024-10-07 09:59:00,2a00:5400:f012::,AAKRGE7P9eIAABxfJkTLVA,7,WEB_ID,android,1
2024-10-07 10:00:00,2a00:5400:f012::,AAKRGE7P9eIAABxfJkTLVA,7,WEB_ID,android,1
2024-10-07 10:00:00,2a00:5400:f012::,AAKRGE7P9eIAABxfJkTLVA,7,WEB_ID,android,1
2024-10-07 10:00:00,2a00:5400:f012::,AAKRGE7P9eIAABxfJkTLVA,7,WEB_ID,android,1
2024-10-07 10:00:00,2a00:5400:f012::,AAKRGE7P9eIAABxfJkTLVA,7,WEB_ID,android,1
2024-10-07 10:02:00,2a00:5400:f012::,AAKRGE7P9eIAABxfJkTLVA,7,WEB_ID,android,1
2024-10-07 10:04:00,2a00:5400:f012::,AAKRGE7P9eIAABxfJkTLVA,7,WEB_ID,android,1
2024-10-07 10:05:00,2a00:5400:f012::,AAKRGE7P9eIAABxfJkTLVA,7,WEB_ID,android,1
2024-10-07 10:06:00,2a00:5400:f012::,AAKRGE7P9eIAABxfJkTLVA,7,WEB_ID,android,1
2024-10-07 10:08:00,2a00:5400:f012::,AAKRGE7P9eIAABxfJkTLVA,7,WEB_ID,android,1
2024-10-07 10:09:00,2a00:5400:f012::,AAKRGE7P9eIAABxfJkTLVA,7,WEB_ID,android,1
2024-10-07 10:10:00,2a00:5400:f012::,AAKRGE7P9eIAABxfJkTLVA,7,WEB_ID,android,1
2024-10-07 10:11:00,2a00:5400:f012::,AAKRGE7P9eIAABxfJkTLVA,7,WEB_ID,android,1
2024-10-07 10:11:00,2a00:5400:f012::,AAKRGE7P9eIAABxfJkTLVA,7,WEB_ID,android,1
2024-10-07 10:12:00,2a00:5400:f012::,AAKRGE7P9eIAABxfJkTLVA,7,WEB_ID,android,1
2024-10-07 10:13:00,2a00:5400:f012::,AAKRGE7P9eIAABxfJkTLVA,7,WEB_ID,android,1
2024-10-07 10:13:00,2a00:5400:f012::,AAKRGE7P9eIAABxfJkTLVA,7,WEB_ID,android,1
2024-10-07 10:19:00,2a00:5400:f012::,AAKRGE7P9eIAABxfJkTLVA,7,WEB_ID,android,1
2024-10-07 10:19:00,2a00:5400:f012::,AAKRGE7P9eIAABxfJkTLVA,7,WEB_ID,android,1
2024-10-07 10:19:00,2a00:5400:f012::,AAKRGE7P9eIAABxfJkTLVA,7,WEB_ID,android,1
2024-10-07 10:20:00,2a00:5400:f012::,AAKRGE7P9eIAABxfJkTLVA,7,WEB_ID,android,1
2024-10-07 10:20:00,2a00:5400:f012::,AAKRGE7P9eIAABxfJkTLVA,7,WEB_ID,android,1
2024-10-07 10:21:00,2a00:5400:f012::,AAKRGE7P9eIAABxfJkTLVA,7,WEB_ID,android,1
2024-10-07 10:21:00,2a00:5400:f012::,AAKRGE7P9eIAABxfJkTLVA,7,WEB_ID,android,1
2024-10-07 10:24:00,2a00:5400:f012::,AAKRGE7P9eIAABxfJkTLVA,7,WEB_ID,android,1
2024-10-07 10:25:00,2a00:5400:f012::,AAKRGE7P9eIAABxfJkTLVA,7,WEB_ID,android,1
2024-10-07 10:25:00,2a00:5400:f012::,AAKRGE7P9eIAABxfJkTLVA,7,WEB_ID,android,1
2024-10-07 10:25:00,2a00:5400:f012::,AAKRGE7P9eIAABxfJkTLVA,7,WEB_ID,android,1
2024-10-07 10:28:00,2a00:5400:f012::,AAKRGE7P9eIAABxfJkTLVA,7,WEB_ID,android,1
2024-10-07 10:28:00,2a00:5400:f012::,AAKRGE7P9eIAABxfJkTLVA,7,WEB_ID,android,1
2024-10-07 10:29:00,2a00:5400:f012::,AAKRGE7P9eIAABxfJkTLVA,7,WEB_ID,android,1
2024-10-07 10:30:00,2a00:5400:f012::,AAKRGE7P9eIAABxfJkTLVA,7,WEB_ID,android,1
2024-10-07 10:32:00,2a00:5400:f012::,AAKRGE7P9eIAABxfJkTLVA,7,WEB_ID,android,1
2024-10-07 10:32:00,2a00:5400:f012::,AAKRGE7P9eIAABxfJkTLVA,7,WEB_ID,android,1
2024-10-07 10:32:00,2a00:5400:f012::,AAKRGE7P9eIAABxfJkTLVA,7,WEB_ID,android,1
2024-10-07 10:33:00,2a00:5400:f012::,AAKRGE7P9eIAABxfJkTLVA,7,WEB_ID,android,1
2024-10-07 10:34:00,2a00:5400:f012::,AAKRGE7P9eIAABxfJkTLVA,7,WEB_ID,android,1
2024-10-07 10:26:00,2a00:5400:e266::,AAA7PE7OD50AABQ_9xhR4Q,7,WEB_ID,android,1
2024-10-07 10:36:00,2a00:5400:e266::,AAA7PE7OD50AABQ_9xhR4Q,7,WEB_ID,android,1
2024-10-07 14:26:00,2a00:5400:f011::,AAKRGE7P9eIAABxfJkTLVA,7,WEB_ID,android,1
2024-10-07 15:11:00,2a00:5400:f013::,AAKRGE7P9eIAABxfJkTLVA,7,WEB_ID,android,1
2024-10-07 14:57:00,2a00:5400:f013::,AAKRGE7P9eIAABxfJkTLVA,7,WEB_ID,android,1
2024-10-07 14:59:00,2a00:5400:f013::,AAKRGE7P9eIAABxfJkTLVA,7,WEB_ID,android,1
2024-10-07 15:00:00,2a00:5400:f013::,AAKRGE7P9eIAABxfJkTLVA,7,WEB_ID,android,1
2024-10-07 15:00:00,2a00:5400:f013::,AAKRGE7P9eIAABxfJkTLVA,7,WEB_ID,android,1
2024-10-07 15:01:00,2a00:5400:f013::,AAKRGE7P9eIAABxfJkTLVA,7,WEB_ID,android,1
2024-10-07 15:01:00,2a00:5400:f013::,AAKRGE7P9eIAABxfJkTLVA,7,WEB_ID,android,1
2024-10-07 15:02:00,2a00:5400:f013::,AAKRGE7P9eIAABxfJkTLVA,7,WEB_ID,android,1
2024-10-07 15:03:00,2a00:5400:f013::,AAKRGE7P9eIAABxfJkTLVA,7,WEB_ID,android,1
2024-10-07 15:04:00,2a00:5400:f013::,AAKRGE7P9eIAABxfJkTLVA,7,WEB_ID,android,1
2024-10-07 15:05:00,2a00:5400:f013::,AAKRGE7P9eIAABxfJkTLVA,7,WEB_ID,android,1
2024-10-07 15:06:00,2a00:5400:f013::,AAKRGE7P9eIAABxfJkTLVA,7,WEB_ID,android,1
2024-10-07 15:07:00,2a00:5400:f013::,AAKRGE7P9eIAABxfJkTLVA,7,WEB_ID,android,1
2024-10-07 15:07:00,2a00:5400:f013::,AAKRGE7P9eIAABxfJkTLVA,7,WEB_ID,android,1
2024-10-07 15:08:00,2a00:5400:f013::,AAKRGE7P9eIAABxfJkTLVA,7,WEB_ID,android,1
2024-10-07 15:09:00,2a00:5400:f013::,AAKRGE7P9eIAABxfJkTLVA,7,WEB_ID,android,1
2024-10-07 15:10:00,2a00:5400:f013::,AAKRGE7P9eIAABxfJkTLVA,7,WEB_ID,android,1
2024-10-07 15:12:00,2a00:5400:f013::,AAKRGE7P9eIAABxfJkTLVA,7,WEB_ID,android,1
2024-10-07 15:13:00,2a00:5400:f013::,AAKRGE7P9eIAABxfJkTLVA,7,WEB_ID,android,1
2024-10-07 15:14:00,2a00:5400:f013::,AAKRGE7P9eIAABxfJkTLVA,7,WEB_ID,android,1
2024-10-07 15:15:00,2a00:5400:f013::,AAKRGE7P9eIAABxfJkTLVA,7,WEB_ID,android,1
2024-10-07 15:15:00,2a00:5400:f013::,AAKRGE7P9eIAABxfJkTLVA,7,WEB_ID,android,1
2024-10-07 15:15:00,2a00:5400:f013::,AAKRGE7P9eIAABxfJkTLVA,7,WEB_ID,android,1
2024-10-07 15:15:00,2a00:5400:f013::,AAKRGE7P9eIAABxfJkTLVA,7,WEB_ID,android,1
2024-10-07 15:16:00,2a00:5400:f013::,AAKRGE7P9eIAABxfJkTLVA,7,WEB_ID,android,1
2024-10-07 15:16:00,2a00:5400:f013::,AAKRGE7P9eIAABxfJkTLVA,7,WEB_ID,android,1
2024-10-07 15:17:00,2a00:5400:f013::,AAKRGE7P9eIAABxfJkTLVA,7,WEB_ID,android,1
2024-10-07 15:18:00,2a00:5400:f013::,AAKRGE7P9eIAABxfJkTLVA,7,WEB_ID,android,1
2024-10-07 15:19:00,2a00:5400:f013::,AAKRGE7P9eIAABxfJkTLVA,7,WEB_ID,android,1
2024-10-07 15:20:00,2a00:5400:f013::,AAKRGE7P9eIAABxfJkTLVA,7,WEB_ID,android,1
2024-10-07 15:21:00,2a00:5400:f013::,AAKRGE7P9eIAABxfJkTLVA,7,WEB_ID,android,1
2024-10-07 15:21:00,2a00:5400:f013::,AAKRGE7P9eIAABxfJkTLVA,7,WEB_ID,android,1
2024-10-07 15:21:00,2a00:5400:f013::,AAKRGE7P9eIAABxfJkTLVA,7,WEB_ID,android,1
2024-10-07 15:22:00,2a00:5400:f013::,AAKRGE7P9eIAABxfJkTLVA,7,WEB_ID,android,1
2024-10-07 15:23:00,2a00:5400:f013::,AAKRGE7P9eIAABxfJkTLVA,7,WEB_ID,android,1
2024-10-07 15:23:00,2a00:5400:f013::,AAKRGE7P9eIAABxfJkTLVA,7,WEB_ID,android,1
2024-10-07 15:26:00,2a00:5400:f013::,AAKRGE7P9eIAABxfJkTLVA,7,WEB_ID,android,1
2024-10-07 15:27:00,2a00:5400:f013::,AAKRGE7P9eIAABxfJkTLVA,7,WEB_ID,android,1
2024-10-07 15:28:00,2a00:5400:f013::,AAKRGE7P9eIAABxfJkTLVA,7,WEB_ID,android,1
2024-10-07 15:28:00,2a00:5400:f013::,AAKRGE7P9eIAABxfJkTLVA,7,WEB_ID,android,1
2024-10-07 15:28:00,2a00:5400:f013::,AAKRGE7P9eIAABxfJkTLVA,7,WEB_ID,android,1
2024-10-07 15:31:00,2a00:5400:f013::,AAKRGE7P9eIAABxfJkTLVA,7,WEB_ID,android,1
2024-10-07 15:32:00,2a00:5400:f013::,AAKRGE7P9eIAABxfJkTLVA,7,WEB_ID,android,1
2024-10-07 18:51:00,2a00:5400:f013::,AAKRGE7P9eIAABxfJkTLVA,7,WEB_ID,android,1
2024-10-07 18:52:00,2a00:5400:f013::,AAKRGE7P9eIAABxfJkTLVA,7,WEB_ID,android,1
2024-10-07 18:57:00,2a00:5400:f013::,AAKRGE7P9eIAABxfJkTLVA,7,WEB_ID,android,1
2024-10-07 19:39:00,2a00:5400:f013::,AAKRGE7P9eIAABxfJkTLVA,7,WEB_ID,android,1
2024-10-07 19:49:00,82.167.201.0,AAA7PE7OD50AABQ_9xhR4Q,7,WEB_ID,android,1
2024-10-07 19:59:00,2a00:5400:f013::,AAKRGE7P9eIAABxfJkTLVA,7,WEB_ID,android,1
2024-10-07 20:00:00,2a00:5400:f013::,AAKRGE7P9eIAABxfJkTLVA,7,WEB_ID,android,1
2024-10-07 20:00:00,2a00:5400:f013::,AAKRGE7P9eIAABxfJkTLVA,7,WEB_ID,android,1
2024-10-07 20:01:00,2a00:5400:f013::,AAKRGE7P9eIAABxfJkTLVA,7,WEB_ID,android,1
2024-10-07 20:01:00,2a00:5400:f013::,AAKRGE7P9eIAABxfJkTLVA,7,WEB_ID,android,1
2024-10-07 20:02:00,2a00:5400:f013::,AAKRGE7P9eIAABxfJkTLVA,7,WEB_ID,android,1
2024-10-07 20:02:00,2a00:5400:f013::,AAKRGE7P9eIAABxfJkTLVA,7,WEB_ID,android,1
2024-10-07 20:02:00,2a00:5400:f013::,AAKRGE7P9eIAABxfJkTLVA,7,WEB_ID,android,1
2024-10-07 20:04:00,2a00:5400:f013::,AAKRGE7P9eIAABxfJkTLVA,7,WEB_ID,android,1
2024-10-07 20:08:00,2a00:5400:f013::,AAKRGE7P9eIAABxfJkTLVA,7,WEB_ID,android,1
2024-10-07 20:09:00,2a00:5400:f013::,AAKRGE7P9eIAABxfJkTLVA,7,WEB_ID,android,1
2024-10-07 20:09:00,2a00:5400:f013::,AAKRGE7P9eIAABxfJkTLVA,7,WEB_ID,android,1
2024-10-07 20:10:00,2a00:5400:f013::,AAKRGE7P9eIAABxfJkTLVA,7,WEB_ID,android,1
2024-10-07 20:10:00,2a00:5400:f013::,AAKRGE7P9eIAABxfJkTLVA,7,WEB_ID,android,1
2024-10-07 20:11:00,2a00:5400:f013::,AAKRGE7P9eIAABxfJkTLVA,7,WEB_ID,android,1
2024-10-07 20:11:00,2a00:5400:f013::,AAKRGE7P9eIAABxfJkTLVA,7,WEB_ID,android,1
2024-10-07 20:12:00,2a00:5400:f013::,AAKRGE7P9eIAABxfJkTLVA,7,WEB_ID,android,1
2024-10-07 20:12:00,2a00:5400:f013::,AAKRGE7P9eIAABxfJkTLVA,7,WEB_ID,android,1
2024-10-07 20:13:00,2a00:5400:f013::,AAKRGE7P9eIAABxfJkTLVA,7,WEB_ID,android,1
2024-10-07 20:13:00,2a00:5400:f013::,AAKRGE7P9eIAABxfJkTLVA,7,WEB_ID,android,1
2024-10-07 20:13:00,2a00:5400:f013::,AAKRGE7P9eIAABxfJkTLVA,7,WEB_ID,android,1
2024-10-07 20:15:00,2a00:5400:f013::,AAKRGE7P9eIAABxfJkTLVA,7,WEB_ID,android,1
2024-10-07 20:16:00,2a00:5400:f013::,AAKRGE7P9eIAABxfJkTLVA,7,WEB_ID,android,1
2024-10-07 20:17:00,2a00:5400:f013::,AAKRGE7P9eIAABxfJkTLVA,7,WEB_ID,android,1
2024-10-07 20:17:00,2a00:5400:f013::,AAKRGE7P9eIAABxfJkTLVA,7,WEB_ID,android,1
2024-10-07 20:18:00,2a00:5400:f013::,AAKRGE7P9eIAABxfJkTLVA,7,WEB_ID,android,1
2024-10-07 20:19:00,2a00:5400:f013::,AAKRGE7P9eIAABxfJkTLVA,7,WEB_ID,android,1
2024-10-07 20:20:00,2a00:5400:f013::,AAKRGE7P9eIAABxfJkTLVA,7,WEB_ID,android,1
2024-10-07 20:21:00,2a00:5400:f013::,AAKRGE7P9eIAABxfJkTLVA,7,WEB_ID,android,1
2024-10-07 20:22:00,2a00:5400:f013::,AAKRGE7P9eIAABxfJkTLVA,7,WEB_ID,android,1
2024-10-07 20:23:00,2a00:5400:f013::,AAKRGE7P9eIAABxfJkTLVA,7,WEB_ID,android,1
2024-10-07 20:24:00,2a00:5400:e266::,AAA7PE7OD50AABQ_9xhR4Q,7,WEB_ID,android,1
2024-10-07 20:26:00,2a00:5400:e266::,AAA7PE7OD50AABQ_9xhR4Q,7,WEB_ID,android,1
2024-10-07 20:26:00,2a00:5400:e266::,AAA7PE7OD50AABQ_9xhR4Q,7,WEB_ID,android,1
2024-10-08 12:45:00,2a00:5400:e266::,AAA7PE7OD50AABQ_9xhR4Q,7,WEB_ID,android,1
2024-10-08 12:46:00,2a00:5400:e266::,AAA7PE7OD50AABQ_9xhR4Q,7,WEB_ID,android,1
2024-10-08 12:48:00,2a00:5400:e266::,AAA7PE7OD50AABQ_9xhR4Q,7,WEB_ID,android,1
2024-10-08 12:49:00,2a00:5400:e266::,AAA7PE7OD50AABQ_9xhR4Q,7,WEB_ID,android,1
2024-10-08 12:49:00,2a00:5400:e266::,AAA7PE7OD50AABQ_9xhR4Q,7,WEB_ID,android,1
2024-10-08 12:51:00,2a00:5400:e266::,AAA7PE7OD50AABQ_9xhR4Q,7,WEB_ID,android,1
2024-10-08 12:52:00,2a00:5400:e266::,AAA7PE7OD50AABQ_9xhR4Q,7,WEB_ID,android,1
2024-10-08 12:53:00,2a00:5400:e266::,AAA7PE7OD50AABQ_9xhR4Q,7,WEB_ID,android,1
2024-10-08 12:57:00,2a00:5400:e266::,AAA7PE7OD50AABQ_9xhR4Q,7,WEB_ID,android,1
2024-10-08 14:36:00,2a00:5400:f014::,AAKRGE7P9eIAABxfJkTLVA,7,WEB_ID,android,1
2024-10-09 08:45:00,2001:16a2:c025::,AAFcvU7LIAoAABO-Xttw5A,7,WEB_ID,android,1
2024-10-09 09:51:00,2a00:5400:e266::,AAA7PE7OD50AABQ_9xhR4Q,7,WEB_ID,android,1
2024-10-09 09:52:00,2a00:5400:e266::,AAA7PE7OD50AABQ_9xhR4Q,7,WEB_ID,android,1
2024-10-09 09:56:00,2a00:5400:e266::,AAA7PE7OD50AABQ_9xhR4Q,7,WEB_ID,android,1
2024-10-09 10:32:00,2a00:5400:e266::,AAA7PE7OD50AABQ_9xhR4Q,7,WEB_ID,android,1
2024-10-09 14:21:00,2a00:5400:f014::,AAKRGE7P9eIAABxfJkTLVA,7,WEB_ID,android,1
2024-10-09 14:36:00,2a00:5400:f014::,AAKRGE7P9eIAABxfJkTLVA,7,WEB_ID,android,1
2024-10-09 14:37:00,2a00:5400:f014::,AAKRGE7P9eIAABxfJkTLVA,7,WEB_ID,android,1
2024-10-09 14:37:00,2a00:5400:f014::,AAKRGE7P9eIAABxfJkTLVA,7,WEB_ID,android,1
2024-10-09 14:38:00,2a00:5400:f014::,AAKRGE7P9eIAABxfJkTLVA,7,WEB_ID,android,1
2024-10-09 14:38:00,2a00:5400:f014::,AAKRGE7P9eIAABxfJkTLVA,7,WEB_ID,android,1
2024-10-09 14:38:00,2a00:5400:f014::,AAKRGE7P9eIAABxfJkTLVA,7,WEB_ID,android,1
2024-10-09 14:38:00,2a00:5400:f014::,AAKRGE7P9eIAABxfJkTLVA,7,WEB_ID,android,1
2024-10-09 18:23:00,2a00:5400:f014::,AAKRGE7P9eIAABxfJkTLVA,7,WEB_ID,android,1
2024-10-09 18:24:00,2a00:5400:f014::,AAKRGE7P9eIAABxfJkTLVA,7,WEB_ID,android,1
2024-10-09 18:26:00,2a00:5400:f014::,AAKRGE7P9eIAABxfJkTLVA,7,WEB_ID,android,1
2024-10-09 18:30:00,2a00:5400:f014::,AAKRGE7P9eIAABxfJkTLVA,7,WEB_ID,android,1
2024-10-09 18:31:00,2a00:5400:f014::,AAKRGE7P9eIAABxfJkTLVA,7,WEB_ID,android,1
2024-10-09 18:32:00,2a00:5400:f014::,AAKRGE7P9eIAABxfJkTLVA,7,WEB_ID,android,1
2024-10-09 18:39:00,2a00:5400:f014::,AAKRGE7P9eIAABxfJkTLVA,7,WEB_ID,android,1
2024-10-09 19:12:00,2a00:5400:f012::,AAKRGE7P9eIAABxfJkTLVA,7,WEB_ID,android,1
2024-10-09 20:00:00,2a00:5400:f012::,AAKRGE7P9eIAABxfJkTLVA,7,WEB_ID,android,1
2024-10-09 20:14:00,2a00:5400:f012::,AAKRGE7P9eIAABxfJkTLVA,7,WEB_ID,android,1
2024-10-09 20:23:00,2a00:5400:e266::,AAA7PE7OD50AABQ_9xhR4Q,7,WEB_ID,android,1
2024-10-10 08:26:00,2a00:5400:e266::,AAA7PE7OD50AABQ_9xhR4Q,7,WEB_ID,android,1
2024-10-10 08:26:00,2a00:5400:e266::,AAA7PE7OD50AABQ_9xhR4Q,7,WEB_ID,android,1
2024-10-10 08:27:00,2a00:5400:e266::,AAA7PE7OD50AABQ_9xhR4Q,7,WEB_ID,android,1
2024-10-10 08:28:00,2a00:5400:e266::,AAA7PE7OD50AABQ_9xhR4Q,7,WEB_ID,android,1
2024-10-10 08:33:00,2a00:5400:e266::,AAA7PE7OD50AABQ_9xhR4Q,7,WEB_ID,android,1
2024-10-10 08:53:00,2a02:cb80:401c::,AAA7PE7OD50AABQ_9xhR4Q,7,WEB_ID,android,1
2024-10-10 11:27:00,2a02:cb80:401c::,AAA7PE7OD50AABQ_9xhR4Q,7,WEB_ID,android,1
2024-10-06 12:23:00,2a00:20:4000::,d70be07e-05ff-4037-98c5-d059c20f4a1e,5,IDFA,ios,1
2024-10-10 12:24:00,2a00:5400:f012::,AAKRGE7P9eIAABxfJkTLVA,7,WEB_ID,android,1
2024-10-10 11:55:00,2a00:5400:f012::,AAKRGE7P9eIAABxfJkTLVA,7,WEB_ID,android,1
2024-10-10 12:57:00,2a00:5400:f012::,AAKRGE7P9eIAABxfJkTLVA,7,WEB_ID,android,1
2024-10-10 12:58:00,2a00:5400:f012::,AAKRGE7P9eIAABxfJkTLVA,7,WEB_ID,android,1
2024-10-10 12:58:00,2a00:5400:f012::,AAKRGE7P9eIAABxfJkTLVA,7,WEB_ID,android,1
2024-10-10 13:08:00,2a00:5400:f012::,AAKRGE7P9eIAABxfJkTLVA,7,WEB_ID,android,1
2024-10-10 13:09:00,2a00:5400:f012::,AAKRGE7P9eIAABxfJkTLVA,7,WEB_ID,android,1
2024-10-10 13:09:00,2a00:5400:f012::,AAKRGE7P9eIAABxfJkTLVA,7,WEB_ID,android,1
2024-10-10 13:10:00,2a00:5400:f012::,AAKRGE7P9eIAABxfJkTLVA,7,WEB_ID,android,1
2024-10-10 13:10:00,2a00:5400:f012::,AAKRGE7P9eIAABxfJkTLVA,7,WEB_ID,android,1
2024-10-10 13:11:00,2a00:5400:f012::,AAKRGE7P9eIAABxfJkTLVA,7,WEB_ID,android,1
2024-10-10 13:11:00,2a00:5400:f012::,AAKRGE7P9eIAABxfJkTLVA,7,WEB_ID,android,1
2024-10-10 13:12:00,2a00:5400:f012::,AAKRGE7P9eIAABxfJkTLVA,7,WEB_ID,android,1
2024-10-10 13:15:00,2a00:5400:f012::,AAKRGE7P9eIAABxfJkTLVA,7,WEB_ID,android,1
2024-10-10 13:15:00,2a00:5400:f012::,AAKRGE7P9eIAABxfJkTLVA,7,WEB_ID,android,1
2024-10-10 13:15:00,2a00:5400:f012::,AAKRGE7P9eIAABxfJkTLVA,7,WEB_ID,android,1
2024-10-10 13:16:00,2a00:5400:f012::,AAKRGE7P9eIAABxfJkTLVA,7,WEB_ID,android,1
2024-10-10 13:16:00,2a00:5400:f012::,AAKRGE7P9eIAABxfJkTLVA,7,WEB_ID,android,1
2024-10-10 13:16:00,2a00:5400:f012::,AAKRGE7P9eIAABxfJkTLVA,7,WEB_ID,android,1
2024-10-10 13:16:00,2a00:5400:f012::,AAKRGE7P9eIAABxfJkTLVA,7,WEB_ID,android,1
2024-10-10 13:29:00,2a00:5400:f012::,AAKRGE7P9eIAABxfJkTLVA,7,WEB_ID,android,1
2024-10-10 15:49:00,2a00:5400:f012::,AAKRGE7P9eIAABxfJkTLVA,7,WEB_ID,android,1
2024-10-10 16:35:00,2a00:5400:f012::,AAKRGE7P9eIAABxfJkTLVA,7,WEB_ID,android,1
2024-10-10 19:25:00,2a00:5400:f012::,AAKRGE7P9eIAABxfJkTLVA,7,WEB_ID,android,1
2024-10-10 19:26:00,2a00:5400:f012::,AAKRGE7P9eIAABxfJkTLVA,7,WEB_ID,android,1
2024-10-10 19:27:00,2a00:5400:f012::,AAKRGE7P9eIAABxfJkTLVA,7,WEB_ID,android,1
2024-10-10 19:27:00,2a00:5400:f012::,AAKRGE7P9eIAABxfJkTLVA,7,WEB_ID,android,1
2024-10-10 19:35:00,2a00:5400:f012::,AAKRGE7P9eIAABxfJkTLVA,7,WEB_ID,android,1
2024-10-10 19:37:00,2a00:5400:f012::,AAKRGE7P9eIAABxfJkTLVA,7,WEB_ID,android,1
2024-10-10 19:38:00,2a00:5400:f012::,AAKRGE7P9eIAABxfJkTLVA,7,WEB_ID,android,1
2024-10-10 19:39:00,2a00:5400:f012::,AAKRGE7P9eIAABxfJkTLVA,7,WEB_ID,android,1
2024-10-10 19:39:00,2a00:5400:f012::,AAKRGE7P9eIAABxfJkTLVA,7,WEB_ID,android,1
2024-10-10 19:42:00,2a00:5400:f012::,AAKRGE7P9eIAABxfJkTLVA,7,WEB_ID,android,1
2024-10-10 19:42:00,2a00:5400:f012::,AAKRGE7P9eIAABxfJkTLVA,7,WEB_ID,android,1
2024-10-10 19:42:00,2a00:5400:f012::,AAKRGE7P9eIAABxfJkTLVA,7,WEB_ID,android,1
2024-10-10 19:43:00,2a00:5400:f012::,AAKRGE7P9eIAABxfJkTLVA,7,WEB_ID,android,1
2024-10-10 19:45:00,2a00:5400:f012::,AAKRGE7P9eIAABxfJkTLVA,7,WEB_ID,android,1
2024-10-10 19:49:00,2a00:5400:f012::,AAKRGE7P9eIAABxfJkTLVA,7,WEB_ID,android,1
2024-10-10 19:50:00,2a00:5400:f012::,AAKRGE7P9eIAABxfJkTLVA,7,WEB_ID,android,1
2024-10-10 19:50:00,2a00:5400:f012::,AAKRGE7P9eIAABxfJkTLVA,7,WEB_ID,android,1
2024-10-10 19:50:00,2a00:5400:f012::,AAKRGE7P9eIAABxfJkTLVA,7,WEB_ID,android,1
2024-10-10 19:50:00,2a00:5400:f012::,AAKRGE7P9eIAABxfJkTLVA,7,WEB_ID,android,1
2024-10-10 19:52:00,2a00:5400:f012::,AAKRGE7P9eIAABxfJkTLVA,7,WEB_ID,android,1
2024-10-10 19:52:00,2a00:5400:f012::,AAKRGE7P9eIAABxfJkTLVA,7,WEB_ID,android,1
2024-10-10 19:52:00,2a00:5400:f012::,AAKRGE7P9eIAABxfJkTLVA,7,WEB_ID,android,1
2024-10-10 19:53:00,2a00:5400:f012::,AAKRGE7P9eIAABxfJkTLVA,7,WEB_ID,android,1
2024-10-10 19:53:00,2a00:5400:f012::,AAKRGE7P9eIAABxfJkTLVA,7,WEB_ID,android,1
2024-10-10 19:55:00,2a00:5400:f012::,AAKRGE7P9eIAABxfJkTLVA,7,WEB_ID,android,1
2024-10-10 19:56:00,2a00:5400:f012::,AAKRGE7P9eIAABxfJkTLVA,7,WEB_ID,android,1
2024-10-10 19:57:00,2a00:5400:f012::,AAKRGE7P9eIAABxfJkTLVA,7,WEB_ID,android,1
2024-10-10 20:00:00,2a00:5400:f012::,AAKRGE7P9eIAABxfJkTLVA,7,WEB_ID,android,1
2024-10-10 19:56:00,2a00:5400:f012::,AAKRGE7P9eIAABxfJkTLVA,7,WEB_ID,android,1
2024-10-10 20:01:00,2a00:5400:f012::,AAKRGE7P9eIAABxfJkTLVA,7,WEB_ID,android,1
2024-10-10 20:02:00,2a00:5400:f012::,AAKRGE7P9eIAABxfJkTLVA,7,WEB_ID,android,1
2024-10-10 20:02:00,2a00:5400:f012::,AAKRGE7P9eIAABxfJkTLVA,7,WEB_ID,android,1
2024-10-10 20:03:00,2a00:5400:f012::,AAKRGE7P9eIAABxfJkTLVA,7,WEB_ID,android,1
2024-10-10 20:05:00,2a00:5400:f012::,AAKRGE7P9eIAABxfJkTLVA,7,WEB_ID,android,1
2024-10-10 20:06:00,2a00:5400:f012::,AAKRGE7P9eIAABxfJkTLVA,7,WEB_ID,android,1
2024-10-10 20:09:00,2a00:5400:f012::,AAKRGE7P9eIAABxfJkTLVA,7,WEB_ID,android,1
2024-10-10 20:10:00,2a00:5400:f012::,AAKRGE7P9eIAABxfJkTLVA,7,WEB_ID,android,1
2024-10-10 20:18:00,2a00:5400:f012::,AAKRGE7P9eIAABxfJkTLVA,7,WEB_ID,android,1
2024-10-10 20:20:00,2a00:5400:f012::,AAKRGE7P9eIAABxfJkTLVA,7,WEB_ID,android,1
2024-10-11 09:02:00,2a00:5400:f012::,AAKRGE7P9eIAABxfJkTLVA,7,WEB_ID,android,1
2024-10-11 09:02:00,2a00:5400:f012::,AAKRGE7P9eIAABxfJkTLVA,7,WEB_ID,android,1
2024-10-11 09:05:00,2a00:5400:f012::,AAKRGE7P9eIAABxfJkTLVA,7,WEB_ID,android,1
2024-10-11 09:06:00,2a00:5400:f012::,AAKRGE7P9eIAABxfJkTLVA,7,WEB_ID,android,1
2024-10-11 09:07:00,2a00:5400:f012::,AAKRGE7P9eIAABxfJkTLVA,7,WEB_ID,android,1
2024-10-11 09:09:00,2a00:5400:f012::,AAKRGE7P9eIAABxfJkTLVA,7,WEB_ID,android,1
2024-10-11 12:49:00,2a00:5400:f012::,AAKRGE7P9eIAABxfJkTLVA,7,WEB_ID,android,1
2024-10-11 12:54:00,2a00:5400:f012::,AAKRGE7P9eIAABxfJkTLVA,7,WEB_ID,android,1
2024-10-11 12:59:00,2a00:5400:f012::,AAKRGE7P9eIAABxfJkTLVA,7,WEB_ID,android,1
2024-10-11 13:02:00,2a00:5400:f012::,AAKRGE7P9eIAABxfJkTLVA,7,WEB_ID,android,1
2024-10-11 13:04:00,2a00:5400:f012::,AAKRGE7P9eIAABxfJkTLVA,7,WEB_ID,android,1
2024-10-11 13:11:00,2a00:5400:f012::,AAKRGE7P9eIAABxfJkTLVA,7,WEB_ID,android,1
2024-10-11 13:12:00,2a00:5400:f012::,AAKRGE7P9eIAABxfJkTLVA,7,WEB_ID,android,1
2024-10-11 13:13:00,2a00:5400:f012::,AAKRGE7P9eIAABxfJkTLVA,7,WEB_ID,android,1
2024-10-11 13:16:00,2a00:5400:f012::,AAKRGE7P9eIAABxfJkTLVA,7,WEB_ID,android,1
2024-10-11 13:17:00,46.143.148.0,AAKRGE7P9eIAABxfJkTLVA,7,WEB_ID,android,1
2024-10-11 13:18:00,2a00:5400:f012::,AAKRGE7P9eIAABxfJkTLVA,7,WEB_ID,android,1
2024-10-11 13:20:00,2a00:5400:f012::,AAKRGE7P9eIAABxfJkTLVA,7,WEB_ID,android,1
2024-10-11 13:23:00,2a00:5400:f012::,AAKRGE7P9eIAABxfJkTLVA,7,WEB_ID,android,1
2024-10-11 13:23:00,2a00:5400:f012::,AAKRGE7P9eIAABxfJkTLVA,7,WEB_ID,android,1
2024-10-11 13:24:00,2a00:5400:f012::,AAKRGE7P9eIAABxfJkTLVA,7,WEB_ID,android,1
2024-10-11 13:24:00,2a00:5400:f012::,AAKRGE7P9eIAABxfJkTLVA,7,WEB_ID,android,1
2024-10-11 13:25:00,2a00:5400:f012::,AAKRGE7P9eIAABxfJkTLVA,7,WEB_ID,android,1
2024-10-11 13:26:00,2a00:5400:f012::,AAKRGE7P9eIAABxfJkTLVA,7,WEB_ID,android,1
2024-10-11 13:26:00,2a00:5400:f012::,AAKRGE7P9eIAABxfJkTLVA,7,WEB_ID,android,1
2024-10-11 13:27:00,2a00:5400:f012::,AAKRGE7P9eIAABxfJkTLVA,7,WEB_ID,android,1
2024-10-11 13:27:00,2a00:5400:f012::,AAKRGE7P9eIAABxfJkTLVA,7,WEB_ID,android,1
2024-10-11 13:28:00,2a00:5400:f012::,AAKRGE7P9eIAABxfJkTLVA,7,WEB_ID,android,1
2024-10-11 13:29:00,2a00:5400:f012::,AAKRGE7P9eIAABxfJkTLVA,7,WEB_ID,android,1
2024-10-11 13:29:00,2a00:5400:f012::,AAKRGE7P9eIAABxfJkTLVA,7,WEB_ID,android,1
2024-10-11 13:31:00,2a00:5400:f012::,AAKRGE7P9eIAABxfJkTLVA,7,WEB_ID,android,1
2024-10-11 13:31:00,2a00:5400:f012::,AAKRGE7P9eIAABxfJkTLVA,7,WEB_ID,android,1
2024-10-11 13:32:00,2a00:5400:f012::,AAKRGE7P9eIAABxfJkTLVA,7,WEB_ID,android,1
2024-10-11 13:32:00,2a00:5400:f012::,AAKRGE7P9eIAABxfJkTLVA,7,WEB_ID,android,1
2024-10-11 13:33:00,2a00:5400:f012::,AAKRGE7P9eIAABxfJkTLVA,7,WEB_ID,android,1
2024-10-11 13:34:00,2a00:5400:f012::,AAKRGE7P9eIAABxfJkTLVA,7,WEB_ID,android,1
2024-10-11 13:34:00,2a00:5400:f012::,AAKRGE7P9eIAABxfJkTLVA,7,WEB_ID,android,1
2024-10-11 13:35:00,2a00:5400:f012::,AAKRGE7P9eIAABxfJkTLVA,7,WEB_ID,android,1
2024-10-11 13:36:00,2a00:5400:f012::,AAKRGE7P9eIAABxfJkTLVA,7,WEB_ID,android,1
2024-10-11 13:37:00,2a00:5400:f012::,AAKRGE7P9eIAABxfJkTLVA,7,WEB_ID,android,1
2024-10-11 14:44:00,2a00:5400:f012::,AAKRGE7P9eIAABxfJkTLVA,7,WEB_ID,android,1
2024-10-11 14:45:00,2a00:5400:f012::,AAKRGE7P9eIAABxfJkTLVA,7,WEB_ID,android,1
2024-10-11 14:45:00,2a00:5400:f012::,AAKRGE7P9eIAABxfJkTLVA,7,WEB_ID,android,1
2024-10-11 14:46:00,2a00:5400:f012::,AAKRGE7P9eIAABxfJkTLVA,7,WEB_ID,android,1
2024-10-11 14:46:00,2a00:5400:f012::,AAKRGE7P9eIAABxfJkTLVA,7,WEB_ID,android,1
2024-10-11 14:47:00,2a00:5400:f012::,AAKRGE7P9eIAABxfJkTLVA,7,WEB_ID,android,1
2024-10-11 14:48:00,2a00:5400:f012::,AAKRGE7P9eIAABxfJkTLVA,7,WEB_ID,android,1
2024-10-11 14:48:00,2a00:5400:f012::,AAKRGE7P9eIAABxfJkTLVA,7,WEB_ID,android,1
2024-10-11 14:48:00,2a00:5400:f012::,AAKRGE7P9eIAABxfJkTLVA,7,WEB_ID,android,1
2024-10-11 14:49:00,2a00:5400:f012::,AAKRGE7P9eIAABxfJkTLVA,7,WEB_ID,android,1
2024-10-11 14:50:00,2a00:5400:f012::,AAKRGE7P9eIAABxfJkTLVA,7,WEB_ID,android,1
2024-10-11 14:51:00,2a00:5400:f012::,AAKRGE7P9eIAABxfJkTLVA,7,WEB_ID,android,1
2024-10-11 14:53:00,2a00:5400:f012::,AAKRGE7P9eIAABxfJkTLVA,7,WEB_ID,android,1
2024-10-11 14:53:00,2a00:5400:f012::,AAKRGE7P9eIAABxfJkTLVA,7,WEB_ID,android,1
2024-10-11 14:53:00,2a00:5400:f012::,AAKRGE7P9eIAABxfJkTLVA,7,WEB_ID,android,1
2024-10-11 14:55:00,2a00:5400:f012::,AAKRGE7P9eIAABxfJkTLVA,7,WEB_ID,android,1
2024-10-11 14:55:00,2a00:5400:f012::,AAKRGE7P9eIAABxfJkTLVA,7,WEB_ID,android,1
2024-10-11 14:53:00,2a00:5400:f012::,AAKRGE7P9eIAABxfJkTLVA,7,WEB_ID,android,1
2024-10-11 15:05:00,82.167.116.0,AAFcvU7LIAoAABO-Xttw5A,7,WEB_ID,android,1
2024-10-11 15:23:00,2a00:5400:f012::,AAKRGE7P9eIAABxfJkTLVA,7,WEB_ID,android,1
2024-10-11 15:43:00,2a00:5400:f012::,AAKRGE7P9eIAABxfJkTLVA,7,WEB_ID,android,1
2024-10-11 15:45:00,2a00:5400:f012::,AAKRGE7P9eIAABxfJkTLVA,7,WEB_ID,android,1
2024-10-11 15:48:00,2a00:5400:f012::,AAKRGE7P9eIAABxfJkTLVA,7,WEB_ID,android,1
2024-10-11 15:48:00,2a00:5400:f012::,AAKRGE7P9eIAABxfJkTLVA,7,WEB_ID,android,1
2024-10-11 15:50:00,2a00:5400:f012::,AAKRGE7P9eIAABxfJkTLVA,7,WEB_ID,android,1
2024-10-11 15:53:00,2a00:5400:f012::,AAKRGE7P9eIAABxfJkTLVA,7,WEB_ID,android,1
2024-10-11 15:53:00,2a00:5400:f012::,AAKRGE7P9eIAABxfJkTLVA,7,WEB_ID,android,1
2024-10-11 15:54:00,2a00:5400:f012::,AAKRGE7P9eIAABxfJkTLVA,7,WEB_ID,android,1
2024-10-11 15:54:00,2a00:5400:f012::,AAKRGE7P9eIAABxfJkTLVA,7,WEB_ID,android,1
2024-10-11 16:15:00,2a00:5400:f012::,AAKRGE7P9eIAABxfJkTLVA,7,WEB_ID,android,1
2024-10-11 15:58:00,2a00:5400:f012::,AAKRGE7P9eIAABxfJkTLVA,7,WEB_ID,android,1
2024-10-11 16:02:00,2a00:5400:f012::,AAKRGE7P9eIAABxfJkTLVA,7,WEB_ID,android,1
2024-10-11 16:02:00,2a00:5400:f012::,AAKRGE7P9eIAABxfJkTLVA,7,WEB_ID,android,1
2024-10-11 16:04:00,2a00:5400:f012::,AAKRGE7P9eIAABxfJkTLVA,7,WEB_ID,android,1
2024-10-11 16:06:00,2a00:5400:f012::,AAKRGE7P9eIAABxfJkTLVA,7,WEB_ID,android,1
2024-10-11 16:07:00,2a00:5400:f012::,AAKRGE7P9eIAABxfJkTLVA,7,WEB_ID,android,1
2024-10-11 16:07:00,2a00:5400:f012::,AAKRGE7P9eIAABxfJkTLVA,7,WEB_ID,android,1
2024-10-11 16:08:00,2a00:5400:f012::,AAKRGE7P9eIAABxfJkTLVA,7,WEB_ID,android,1
2024-10-11 16:10:00,2a00:5400:f012::,AAKRGE7P9eIAABxfJkTLVA,7,WEB_ID,android,1
2024-10-11 16:11:00,2a00:5400:f012::,AAKRGE7P9eIAABxfJkTLVA,7,WEB_ID,android,1
2024-10-11 16:12:00,2a00:5400:f012::,AAKRGE7P9eIAABxfJkTLVA,7,WEB_ID,android,1
2024-10-11 16:12:00,2a00:5400:f012::,AAKRGE7P9eIAABxfJkTLVA,7,WEB_ID,android,1
2024-10-11 16:14:00,2a00:5400:f012::,AAKRGE7P9eIAABxfJkTLVA,7,WEB_ID,android,1
2024-10-11 16:15:00,2a00:5400:f012::,AAKRGE7P9eIAABxfJkTLVA,7,WEB_ID,android,1
2024-10-11 16:16:00,2a00:5400:f012::,AAKRGE7P9eIAABxfJkTLVA,7,WEB_ID,android,1
2024-10-11 16:16:00,2a00:5400:f012::,AAKRGE7P9eIAABxfJkTLVA,7,WEB_ID,android,1
2024-10-11 16:17:00,2a00:5400:f012::,AAKRGE7P9eIAABxfJkTLVA,7,WEB_ID,android,1
2024-10-11 16:17:00,2a00:5400:f012::,AAKRGE7P9eIAABxfJkTLVA,7,WEB_ID,android,1
2024-10-11 16:21:00,2a00:5400:f012::,AAKRGE7P9eIAABxfJkTLVA,7,WEB_ID,android,1
2024-10-11 16:23:00,2a00:5400:f012::,AAKRGE7P9eIAABxfJkTLVA,7,WEB_ID,android,1
2024-10-11 16:25:00,2a00:5400:f012::,AAKRGE7P9eIAABxfJkTLVA,7,WEB_ID,android,1
2024-10-11 16:27:00,2a00:5400:f012::,AAKRGE7P9eIAABxfJkTLVA,7,WEB_ID,android,1
2024-10-11 16:29:00,2a00:5400:f012::,AAKRGE7P9eIAABxfJkTLVA,7,WEB_ID,android,1
2024-10-11 16:29:00,2a00:5400:f012::,AAKRGE7P9eIAABxfJkTLVA,7,WEB_ID,android,1
2024-10-11 16:30:00,2a00:5400:f012::,AAKRGE7P9eIAABxfJkTLVA,7,WEB_ID,android,1
2024-10-11 16:30:00,2a00:5400:f012::,AAKRGE7P9eIAABxfJkTLVA,7,WEB_ID,android,1
2024-10-11 16:31:00,2a00:5400:f012::,AAKRGE7P9eIAABxfJkTLVA,7,WEB_ID,android,1
2024-10-11 16:32:00,2a00:5400:f012::,AAKRGE7P9eIAABxfJkTLVA,7,WEB_ID,android,1
2024-10-11 16:32:00,2a00:5400:f012::,AAKRGE7P9eIAABxfJkTLVA,7,WEB_ID,android,1
2024-10-11 16:33:00,2a00:5400:f012::,AAKRGE7P9eIAABxfJkTLVA,7,WEB_ID,android,1
2024-10-11 16:35:00,2a00:5400:f012::,AAKRGE7P9eIAABxfJkTLVA,7,WEB_ID,android,1
2024-10-11 16:41:00,2a00:5400:f012::,AAKRGE7P9eIAABxfJkTLVA,7,WEB_ID,android,1
2024-10-11 16:41:00,2a00:5400:f012::,AAKRGE7P9eIAABxfJkTLVA,7,WEB_ID,android,1
2024-10-11 16:43:00,2a00:5400:f012::,AAKRGE7P9eIAABxfJkTLVA,7,WEB_ID,android,1
2024-10-11 16:46:00,2a00:5400:f012::,AAKRGE7P9eIAABxfJkTLVA,7,WEB_ID,android,1
2024-10-11 16:49:00,2a00:5400:f012::,AAKRGE7P9eIAABxfJkTLVA,7,WEB_ID,android,1
2024-10-02 15:10:00,2a00:5400:e053::,AAKT707IOKgAAB_bLwHDew,6,WEB_ID,ios,1
2024-10-02 15:13:00,82.167.77.186,AAKT707IOKgAAB_bLwHDew,6,WEB_ID,ios,1
2024-10-02 15:13:00,2a00:5400:e053:631e::,AAKT707IOKgAAB_bLwHDew,6,WEB_ID,ios,1
2024-10-02 15:18:00,2a00:5400:e053:631e::,AAKT707IOKgAAB_bLwHDew,6,WEB_ID,ios,1
2024-10-02 15:19:00,82.167.77.186,AAKT707IOKgAAB_bLwHDew,6,WEB_ID,ios,1
2024-10-02 15:24:00,82.167.77.186,AAKT707IOKgAAB_bLwHDew,6,WEB_ID,ios,1
2024-10-02 15:24:00,2a00:5400:e053:631e::,AAKT707IOKgAAB_bLwHDew,6,WEB_ID,ios,1
2024-10-02 15:29:00,2a00:5400:e053:631e::,AAKT707IOKgAAB_bLwHDew,6,WEB_ID,ios,1
2024-10-02 15:29:00,82.167.77.186,AAKT707IOKgAAB_bLwHDew,6,WEB_ID,ios,1
2024-10-02 15:30:00,2a00:5400:e053:631e:ad36:af62:f7a3:8ccf,AAKT707IOKgAAB_bLwHDew,6,WEB_ID,ios,1
2024-10-02 15:33:00,82.167.77.186,AAKT707IOKgAAB_bLwHDew,6,WEB_ID,ios,1
2024-10-02 15:34:00,2a00:5400:e053:631e::,AAKT707IOKgAAB_bLwHDew,6,WEB_ID,ios,1
2024-10-03 08:33:00,82.167.77.186,AAKT707IOKgAAB_bLwHDew,6,WEB_ID,ios,1
2024-10-03 08:35:00,2a00:5400:e053:631e::,AAKT707IOKgAAB_bLwHDew,6,WEB_ID,ios,1
2024-10-11 16:02:00,46.143.132.0,AAKRGE7P9eIAABxfJkTLVA,7,WEB_ID,android,1
2024-10-11 16:09:00,82.167.116.0,AAFcvU7LIAoAABO-Xttw5A,7,WEB_ID,android,1
2024-10-11 16:14:00,82.167.116.0,AAFcvU7LIAoAABO-Xttw5A,7,WEB_ID,android,1
2024-10-11 16:15:00,82.167.116.0,AAFcvU7LIAoAABO-Xttw5A,7,WEB_ID,android,1
2024-10-11 16:19:00,82.167.116.0,AAFcvU7LIAoAABO-Xttw5A,7,WEB_ID,android,1
2024-10-11 16:24:00,82.167.116.0,AAFcvU7LIAoAABO-Xttw5A,7,WEB_ID,android,1
2024-10-11 16:24:00,82.167.116.0,AAFcvU7LIAoAABO-Xttw5A,7,WEB_ID,android,1
2024-10-11 16:26:00,82.167.116.0,AAFcvU7LIAoAABO-Xttw5A,7,WEB_ID,android,1
2024-10-11 16:26:00,82.167.116.0,AAFcvU7LIAoAABO-Xttw5A,7,WEB_ID,android,1
2024-10-11 16:27:00,82.167.116.0,AAFcvU7LIAoAABO-Xttw5A,7,WEB_ID,android,1
2024-10-11 16:27:00,82.167.116.0,AAFcvU7LIAoAABO-Xttw5A,7,WEB_ID,android,1
2024-10-11 16:31:00,82.167.116.0,AAFcvU7LIAoAABO-Xttw5A,7,WEB_ID,android,1
2024-10-11 16:34:00,82.167.116.0,AAFcvU7LIAoAABO-Xttw5A,7,WEB_ID,android,1
2024-10-11 16:36:00,82.167.116.0,AAFcvU7LIAoAABO-Xttw5A,7,WEB_ID,android,1
2024-10-11 16:41:00,82.167.116.0,AAFcvU7LIAoAABO-Xttw5A,7,WEB_ID,android,1
2024-10-11 16:41:00,82.167.116.0,AAFcvU7LIAoAABO-Xttw5A,7,WEB_ID,android,1
2024-10-11 16:42:00,82.167.116.0,AAFcvU7LIAoAABO-Xttw5A,7,WEB_ID,android,1
2024-10-11 16:45:00,82.167.116.0,AAFcvU7LIAoAABO-Xttw5A,7,WEB_ID,android,1
2024-10-11 16:47:00,82.167.116.0,AAFcvU7LIAoAABO-Xttw5A,7,WEB_ID,android,1
2024-10-11 16:49:00,82.167.116.0,AAFcvU7LIAoAABO-Xttw5A,7,WEB_ID,android,1
2024-10-11 16:50:00,82.167.116.0,AAFcvU7LIAoAABO-Xttw5A,7,WEB_ID,android,1
2024-10-11 16:51:00,82.167.116.0,AAFcvU7LIAoAABO-Xttw5A,7,WEB_ID,android,1
2024-10-11 16:52:00,82.167.116.0,AAFcvU7LIAoAABO-Xttw5A,7,WEB_ID,android,1
2024-10-11 16:56:00,82.167.116.0,AAFcvU7LIAoAABO-Xttw5A,7,WEB_ID,android,1
2024-10-11 16:56:00,82.167.116.0,AAFcvU7LIAoAABO-Xttw5A,7,WEB_ID,android,1
2024-10-11 16:15:00,82.167.116.0,AAFcvU7LIAoAABO-Xttw5A,7,WEB_ID,android,1
2024-10-11 16:17:00,82.167.116.0,AAFcvU7LIAoAABO-Xttw5A,7,WEB_ID,android,1
2024-10-11 16:17:00,82.167.116.0,AAFcvU7LIAoAABO-Xttw5A,7,WEB_ID,android,1
2024-10-11 16:19:00,82.167.116.0,AAFcvU7LIAoAABO-Xttw5A,7,WEB_ID,android,1
2024-10-11 16:19:00,82.167.116.0,AAFcvU7LIAoAABO-Xttw5A,7,WEB_ID,android,1
2024-10-11 16:22:00,82.167.116.0,AAFcvU7LIAoAABO-Xttw5A,7,WEB_ID,android,1
2024-10-11 16:23:00,82.167.116.0,AAFcvU7LIAoAABO-Xttw5A,7,WEB_ID,android,1
2024-10-11 16:43:00,82.167.116.0,AAFcvU7LIAoAABO-Xttw5A,7,WEB_ID,android,1
2024-10-11 16:44:00,82.167.116.0,AAFcvU7LIAoAABO-Xttw5A,7,WEB_ID,android,1
2024-10-11 16:44:00,82.167.116.0,AAFcvU7LIAoAABO-Xttw5A,7,WEB_ID,android,1
2024-10-11 16:46:00,82.167.116.0,AAFcvU7LIAoAABO-Xttw5A,7,WEB_ID,android,1
2024-10-11 16:47:00,82.167.116.0,AAFcvU7LIAoAABO-Xttw5A,7,WEB_ID,android,1
2024-10-11 16:53:00,82.167.116.0,AAFcvU7LIAoAABO-Xttw5A,7,WEB_ID,android,1
2024-10-11 16:55:00,82.167.116.0,AAFcvU7LIAoAABO-Xttw5A,7,WEB_ID,android,1
2024-10-11 16:59:00,82.167.116.0,AAFcvU7LIAoAABO-Xttw5A,7,WEB_ID,android,1
2024-10-11 17:03:00,82.167.116.0,AAFcvU7LIAoAABO-Xttw5A,7,WEB_ID,android,1
2024-10-11 17:04:00,82.167.116.0,AAFcvU7LIAoAABO-Xttw5A,7,WEB_ID,android,1
2024-10-11 17:05:00,82.167.116.0,AAFcvU7LIAoAABO-Xttw5A,7,WEB_ID,android,1
2024-10-11 17:06:00,82.167.116.0,AAFcvU7LIAoAABO-Xttw5A,7,WEB_ID,android,1
2024-10-11 17:07:00,82.167.116.0,AAFcvU7LIAoAABO-Xttw5A,7,WEB_ID,android,1
2024-10-11 17:07:00,82.167.116.0,AAFcvU7LIAoAABO-Xttw5A,7,WEB_ID,android,1
2024-10-11 17:07:00,82.167.116.0,AAFcvU7LIAoAABO-Xttw5A,7,WEB_ID,android,1
2024-10-11 17:08:00,82.167.116.0,AAFcvU7LIAoAABO-Xttw5A,7,WEB_ID,android,1
2024-10-11 17:08:00,82.167.116.0,AAFcvU7LIAoAABO-Xttw5A,7,WEB_ID,android,1
2024-10-11 17:09:00,82.167.116.0,AAFcvU7LIAoAABO-Xttw5A,7,WEB_ID,android,1
2024-10-11 17:12:00,82.167.116.0,AAFcvU7LIAoAABO-Xttw5A,7,WEB_ID,android,1
2024-10-11 17:13:00,82.167.116.0,AAFcvU7LIAoAABO-Xttw5A,7,WEB_ID,android,1
2024-10-11 17:14:00,82.167.116.0,AAFcvU7LIAoAABO-Xttw5A,7,WEB_ID,android,1
2024-10-11 16:24:00,82.167.116.0,AAFcvU7LIAoAABO-Xttw5A,7,WEB_ID,android,1
2024-10-11 16:26:00,82.167.116.0,AAFcvU7LIAoAABO-Xttw5A,7,WEB_ID,android,1
2024-10-11 16:31:00,82.167.116.0,AAFcvU7LIAoAABO-Xttw5A,7,WEB_ID,android,1
2024-10-11 16:32:00,82.167.116.0,AAFcvU7LIAoAABO-Xttw5A,7,WEB_ID,android,1
2024-10-11 16:33:00,82.167.116.0,AAFcvU7LIAoAABO-Xttw5A,7,WEB_ID,android,1
2024-10-11 16:34:00,82.167.116.0,AAFcvU7LIAoAABO-Xttw5A,7,WEB_ID,android,1
2024-10-11 16:36:00,82.167.116.0,AAFcvU7LIAoAABO-Xttw5A,7,WEB_ID,android,1
2024-10-11 16:40:00,82.167.116.0,AAFcvU7LIAoAABO-Xttw5A,7,WEB_ID,android,1
2024-10-11 16:41:00,82.167.116.0,AAFcvU7LIAoAABO-Xttw5A,7,WEB_ID,android,1
2024-10-11 16:43:00,82.167.116.0,AAFcvU7LIAoAABO-Xttw5A,7,WEB_ID,android,1
2024-10-11 16:43:00,82.167.116.0,AAFcvU7LIAoAABO-Xttw5A,7,WEB_ID,android,1
2024-10-11 16:44:00,82.167.116.0,AAFcvU7LIAoAABO-Xttw5A,7,WEB_ID,android,1
2024-10-11 16:44:00,82.167.116.0,AAFcvU7LIAoAABO-Xttw5A,7,WEB_ID,android,1
2024-10-11 16:44:00,82.167.116.0,AAFcvU7LIAoAABO-Xttw5A,7,WEB_ID,android,1
2024-10-11 16:45:00,82.167.116.0,AAFcvU7LIAoAABO-Xttw5A,7,WEB_ID,android,1
2024-10-11 16:47:00,82.167.116.0,AAFcvU7LIAoAABO-Xttw5A,7,WEB_ID,android,1
2024-10-11 16:48:00,82.167.116.0,AAFcvU7LIAoAABO-Xttw5A,7,WEB_ID,android,1
2024-10-11 16:48:00,82.167.116.0,AAFcvU7LIAoAABO-Xttw5A,7,WEB_ID,android,1
2024-10-11 16:52:00,82.167.116.0,AAFcvU7LIAoAABO-Xttw5A,7,WEB_ID,android,1
2024-10-11 16:52:00,82.167.116.0,AAFcvU7LIAoAABO-Xttw5A,7,WEB_ID,android,1
2024-10-11 16:53:00,82.167.116.0,AAFcvU7LIAoAABO-Xttw5A,7,WEB_ID,android,1
2024-10-11 16:54:00,82.167.116.0,AAFcvU7LIAoAABO-Xttw5A,7,WEB_ID,android,1
2024-10-11 16:55:00,82.167.116.0,AAFcvU7LIAoAABO-Xttw5A,7,WEB_ID,android,1
2024-10-11 16:56:00,82.167.116.0,AAFcvU7LIAoAABO-Xttw5A,7,WEB_ID,android,1
2024-10-11 16:59:00,82.167.116.0,AAFcvU7LIAoAABO-Xttw5A,7,WEB_ID,android,1
2024-10-11 17:01:00,82.167.116.0,AAFcvU7LIAoAABO-Xttw5A,7,WEB_ID,android,1
2024-10-11 17:02:00,82.167.116.0,AAFcvU7LIAoAABO-Xttw5A,7,WEB_ID,android,1
2024-10-11 17:03:00,82.167.116.0,AAFcvU7LIAoAABO-Xttw5A,7,WEB_ID,android,1
2024-10-11 17:03:00,82.167.116.0,AAFcvU7LIAoAABO-Xttw5A,7,WEB_ID,android,1
2024-10-11 17:06:00,82.167.116.0,AAFcvU7LIAoAABO-Xttw5A,7,WEB_ID,android,1
2024-10-11 17:06:00,82.167.116.0,AAFcvU7LIAoAABO-Xttw5A,7,WEB_ID,android,1
2024-10-11 17:06:00,82.167.116.0,AAFcvU7LIAoAABO-Xttw5A,7,WEB_ID,android,1
2024-10-11 17:07:00,82.167.116.0,AAFcvU7LIAoAABO-Xttw5A,7,WEB_ID,android,1
2024-10-11 17:07:00,82.167.116.0,AAFcvU7LIAoAABO-Xttw5A,7,WEB_ID,android,1
2024-10-11 17:08:00,82.167.116.0,AAFcvU7LIAoAABO-Xttw5A,7,WEB_ID,android,1
2024-10-11 17:08:00,82.167.116.0,AAFcvU7LIAoAABO-Xttw5A,7,WEB_ID,android,1
2024-10-11 17:08:00,82.167.116.0,AAFcvU7LIAoAABO-Xttw5A,7,WEB_ID,android,1
2024-10-11 17:09:00,82.167.116.0,AAFcvU7LIAoAABO-Xttw5A,7,WEB_ID,android,1
2024-10-11 17:10:00,82.167.116.0,AAFcvU7LIAoAABO-Xttw5A,7,WEB_ID,android,1
2024-10-11 17:10:00,82.167.116.0,AAFcvU7LIAoAABO-Xttw5A,7,WEB_ID,android,1
2024-10-11 17:12:00,82.167.116.0,AAFcvU7LIAoAABO-Xttw5A,7,WEB_ID,android,1
2024-10-11 17:13:00,82.167.116.0,AAFcvU7LIAoAABO-Xttw5A,7,WEB_ID,android,1
2024-10-11 17:14:00,82.167.116.0,AAFcvU7LIAoAABO-Xttw5A,7,WEB_ID,android,1
2024-10-11 17:16:00,82.167.116.0,AAFcvU7LIAoAABO-Xttw5A,7,WEB_ID,android,1
2024-10-11 17:16:00,82.167.116.0,AAFcvU7LIAoAABO-Xttw5A,7,WEB_ID,android,1
2024-10-11 17:17:00,82.167.116.0,AAFcvU7LIAoAABO-Xttw5A,7,WEB_ID,android,1
2024-10-11 17:17:00,82.167.116.0,AAFcvU7LIAoAABO-Xttw5A,7,WEB_ID,android,1
2024-10-11 17:17:00,82.167.116.0,AAFcvU7LIAoAABO-Xttw5A,7,WEB_ID,android,1
2024-10-11 17:19:00,82.167.116.0,AAFcvU7LIAoAABO-Xttw5A,7,WEB_ID,android,1
2024-10-11 17:20:00,82.167.116.0,AAFcvU7LIAoAABO-Xttw5A,7,WEB_ID,android,1
2024-10-11 17:21:00,82.167.116.0,AAFcvU7LIAoAABO-Xttw5A,7,WEB_ID,android,1
2024-10-11 17:22:00,82.167.116.0,AAFcvU7LIAoAABO-Xttw5A,7,WEB_ID,android,1
2024-10-11 17:23:00,82.167.116.0,AAFcvU7LIAoAABO-Xttw5A,7,WEB_ID,android,1
2024-10-11 17:43:00,82.167.116.0,AAFcvU7LIAoAABO-Xttw5A,7,WEB_ID,android,1
2024-10-11 17:44:00,82.167.116.0,AAFcvU7LIAoAABO-Xttw5A,7,WEB_ID,android,1
2024-10-11 17:45:00,82.167.116.0,AAFcvU7LIAoAABO-Xttw5A,7,WEB_ID,android,1
2024-10-11 17:47:00,82.167.116.0,AAFcvU7LIAoAABO-Xttw5A,7,WEB_ID,android,1
2024-10-11 18:39:00,82.167.116.0,AAFcvU7LIAoAABO-Xttw5A,7,WEB_ID,android,1
2024-10-11 18:42:00,82.167.116.0,AAFcvU7LIAoAABO-Xttw5A,7,WEB_ID,android,1
2024-10-11 18:42:00,82.167.116.0,AAFcvU7LIAoAABO-Xttw5A,7,WEB_ID,android,1
2024-10-11 20:23:00,82.167.116.0,AAFcvU7LIAoAABO-Xttw5A,7,WEB_ID,android,1
2024-10-11 20:23:00,82.167.116.0,AAFcvU7LIAoAABO-Xttw5A,7,WEB_ID,android,1
2024-10-11 20:26:00,82.167.116.0,AAFcvU7LIAoAABO-Xttw5A,7,WEB_ID,android,1
2024-10-11 20:26:00,82.167.116.0,AAFcvU7LIAoAABO-Xttw5A,7,WEB_ID,android,1
2024-10-11 20:29:00,82.167.116.0,AAFcvU7LIAoAABO-Xttw5A,7,WEB_ID,android,1
2024-10-11 20:36:00,82.167.116.0,AAFcvU7LIAoAABO-Xttw5A,7,WEB_ID,android,1
2024-10-11 20:40:00,82.167.116.0,AAFcvU7LIAoAABO-Xttw5A,7,WEB_ID,android,1
2024-10-11 20:40:00,82.167.116.0,AAFcvU7LIAoAABO-Xttw5A,7,WEB_ID,android,1
2024-10-11 20:44:00,82.167.116.0,AAFcvU7LIAoAABO-Xttw5A,7,WEB_ID,android,1
2024-10-11 20:48:00,82.167.116.0,AAFcvU7LIAoAABO-Xttw5A,7,WEB_ID,android,1
2024-10-11 20:49:00,82.167.116.0,AAFcvU7LIAoAABO-Xttw5A,7,WEB_ID,android,1
2024-10-11 20:51:00,82.167.116.0,AAFcvU7LIAoAABO-Xttw5A,7,WEB_ID,android,1
2024-10-11 20:52:00,82.167.116.0,AAFcvU7LIAoAABO-Xttw5A,7,WEB_ID,android,1
2024-10-12 18:34:00,82.167.116.0,AAFcvU7LIAoAABO-Xttw5A,7,WEB_ID,android,1
2024-10-12 18:35:00,82.167.116.0,AAFcvU7LIAoAABO-Xttw5A,7,WEB_ID,android,1
2024-10-12 18:42:00,82.167.116.0,AAFcvU7LIAoAABO-Xttw5A,7,WEB_ID,android,1
2024-10-12 18:42:00,82.167.116.0,AAFcvU7LIAoAABO-Xttw5A,7,WEB_ID,android,1
2024-10-12 18:45:00,82.167.116.0,AAFcvU7LIAoAABO-Xttw5A,7,WEB_ID,android,1
2024-10-12 18:48:00,82.167.116.0,AAFcvU7LIAoAABO-Xttw5A,7,WEB_ID,android,1
2024-10-12 18:48:00,82.167.116.0,AAFcvU7LIAoAABO-Xttw5A,7,WEB_ID,android,1
2024-10-12 18:49:00,82.167.116.0,AAFcvU7LIAoAABO-Xttw5A,7,WEB_ID,android,1
2024-10-12 18:51:00,82.167.116.0,AAFcvU7LIAoAABO-Xttw5A,7,WEB_ID,android,1
2024-10-12 18:51:00,82.167.116.0,AAFcvU7LIAoAABO-Xttw5A,7,WEB_ID,android,1
2024-10-12 18:53:00,82.167.116.0,AAFcvU7LIAoAABO-Xttw5A,7,WEB_ID,android,1
2024-10-12 18:53:00,82.167.116.0,AAFcvU7LIAoAABO-Xttw5A,7,WEB_ID,android,1
2024-10-12 18:53:00,82.167.116.0,AAFcvU7LIAoAABO-Xttw5A,7,WEB_ID,android,1
2024-10-12 18:55:00,82.167.116.0,AAFcvU7LIAoAABO-Xttw5A,7,WEB_ID,android,1
2024-10-12 18:56:00,82.167.116.0,AAFcvU7LIAoAABO-Xttw5A,7,WEB_ID,android,1
2024-10-12 18:56:00,82.167.116.0,AAFcvU7LIAoAABO-Xttw5A,7,WEB_ID,android,1
2024-10-12 18:59:00,82.167.116.0,AAFcvU7LIAoAABO-Xttw5A,7,WEB_ID,android,1
2024-10-12 18:59:00,82.167.116.0,AAFcvU7LIAoAABO-Xttw5A,7,WEB_ID,android,1
2024-10-12 19:03:00,82.167.116.0,AAFcvU7LIAoAABO-Xttw5A,7,WEB_ID,android,1
2024-10-12 19:05:00,82.167.116.0,AAFcvU7LIAoAABO-Xttw5A,7,WEB_ID,android,1
2024-10-12 19:07:00,82.167.116.0,AAFcvU7LIAoAABO-Xttw5A,7,WEB_ID,android,1
2024-10-12 19:07:00,82.167.116.0,AAFcvU7LIAoAABO-Xttw5A,7,WEB_ID,android,1
2024-10-12 19:08:00,82.167.116.0,AAFcvU7LIAoAABO-Xttw5A,7,WEB_ID,android,1
2024-10-12 19:09:00,82.167.116.0,AAFcvU7LIAoAABO-Xttw5A,7,WEB_ID,android,1
2024-10-12 19:09:00,82.167.116.0,AAFcvU7LIAoAABO-Xttw5A,7,WEB_ID,android,1
2024-10-12 19:10:00,82.167.116.0,AAFcvU7LIAoAABO-Xttw5A,7,WEB_ID,android,1
2024-10-12 19:10:00,82.167.116.0,AAFcvU7LIAoAABO-Xttw5A,7,WEB_ID,android,1
2024-10-12 19:11:00,82.167.116.0,AAFcvU7LIAoAABO-Xttw5A,7,WEB_ID,android,1
2024-10-12 19:11:00,82.167.116.0,AAFcvU7LIAoAABO-Xttw5A,7,WEB_ID,android,1
2024-10-12 19:12:00,82.167.116.0,AAFcvU7LIAoAABO-Xttw5A,7,WEB_ID,android,1
2024-10-12 19:14:00,82.167.116.0,AAFcvU7LIAoAABO-Xttw5A,7,WEB_ID,android,1
2024-10-12 19:15:00,82.167.116.0,AAFcvU7LIAoAABO-Xttw5A,7,WEB_ID,android,1
2024-10-12 19:15:00,82.167.116.0,AAFcvU7LIAoAABO-Xttw5A,7,WEB_ID,android,1
2024-10-12 19:15:00,82.167.116.0,AAFcvU7LIAoAABO-Xttw5A,7,WEB_ID,android,1
2024-10-12 19:16:00,82.167.116.0,AAFcvU7LIAoAABO-Xttw5A,7,WEB_ID,android,1
2024-10-12 19:16:00,82.167.116.0,AAFcvU7LIAoAABO-Xttw5A,7,WEB_ID,android,1
2024-10-12 19:17:00,82.167.116.0,AAFcvU7LIAoAABO-Xttw5A,7,WEB_ID,android,1
2024-10-12 19:18:00,82.167.116.0,AAFcvU7LIAoAABO-Xttw5A,7,WEB_ID,android,1
2024-10-12 19:19:00,82.167.116.0,AAFcvU7LIAoAABO-Xttw5A,7,WEB_ID,android,1
2024-10-13 09:43:00,2a00:5400:f012::,AAKRGE7P9eIAABxfJkTLVA,7,WEB_ID,android,1
2024-10-13 09:44:00,2a00:5400:f012::,AAKRGE7P9eIAABxfJkTLVA,7,WEB_ID,android,1
2024-10-13 09:46:00,2a00:5400:f012::,AAKRGE7P9eIAABxfJkTLVA,7,WEB_ID,android,1
2024-10-13 09:47:00,2a00:5400:f012::,AAKRGE7P9eIAABxfJkTLVA,7,WEB_ID,android,1
2024-10-13 09:47:00,2a00:5400:f012::,AAKRGE7P9eIAABxfJkTLVA,7,WEB_ID,android,1
2024-10-13 09:48:00,2a00:5400:f012::,AAKRGE7P9eIAABxfJkTLVA,7,WEB_ID,android,1
2024-10-13 10:13:00,2001:16a4:209::,AAA7PE7OD50AABQ_9xhR4Q,7,WEB_ID,android,1
2024-10-13 10:35:00,2001:16a4:209::,AAA7PE7OD50AABQ_9xhR4Q,7,WEB_ID,android,1
2024-10-13 10:37:00,82.167.116.0,AAFcvU7LIAoAABO-Xttw5A,7,WEB_ID,android,1
2024-10-13 10:38:00,82.167.116.0,AAFcvU7LIAoAABO-Xttw5A,7,WEB_ID,android,1
2024-10-13 10:46:00,82.167.116.0,AAFcvU7LIAoAABO-Xttw5A,7,WEB_ID,android,1
2024-10-13 10:48:00,82.167.116.0,AAFcvU7LIAoAABO-Xttw5A,7,WEB_ID,android,1
2024-10-13 10:49:00,82.167.116.0,AAFcvU7LIAoAABO-Xttw5A,7,WEB_ID,android,1
2024-10-13 10:53:00,82.167.116.0,AAFcvU7LIAoAABO-Xttw5A,7,WEB_ID,android,1
2024-10-13 10:57:00,82.167.116.0,AAFcvU7LIAoAABO-Xttw5A,7,WEB_ID,android,1
2024-10-13 12:38:00,82.167.116.0,AAFcvU7LIAoAABO-Xttw5A,7,WEB_ID,android,1
2024-10-13 12:41:00,82.167.116.0,AAFcvU7LIAoAABO-Xttw5A,7,WEB_ID,android,1
2024-10-13 12:41:00,82.167.116.0,AAFcvU7LIAoAABO-Xttw5A,7,WEB_ID,android,1
2024-10-13 12:44:00,82.167.116.0,AAFcvU7LIAoAABO-Xttw5A,7,WEB_ID,android,1
2024-10-13 12:45:00,82.167.116.0,AAFcvU7LIAoAABO-Xttw5A,7,WEB_ID,android,1
2024-10-13 12:47:00,82.167.116.0,AAFcvU7LIAoAABO-Xttw5A,7,WEB_ID,android,1
2024-10-13 12:47:00,82.167.116.0,AAFcvU7LIAoAABO-Xttw5A,7,WEB_ID,android,1
2024-10-13 12:56:00,82.167.116.0,AAFcvU7LIAoAABO-Xttw5A,7,WEB_ID,android,1
2024-10-13 12:56:00,82.167.116.0,AAFcvU7LIAoAABO-Xttw5A,7,WEB_ID,android,1
2024-10-13 12:59:00,82.167.116.0,AAFcvU7LIAoAABO-Xttw5A,7,WEB_ID,android,1
2024-10-13 13:08:00,82.167.116.0,AAFcvU7LIAoAABO-Xttw5A,7,WEB_ID,android,1
2024-10-13 13:10:00,82.167.116.0,AAFcvU7LIAoAABO-Xttw5A,7,WEB_ID,android,1
2024-10-13 14:37:00,82.167.116.0,AAFcvU7LIAoAABO-Xttw5A,7,WEB_ID,android,1
2024-10-13 14:42:00,82.167.116.0,AAFcvU7LIAoAABO-Xttw5A,7,WEB_ID,android,1
2024-10-13 14:51:00,82.167.116.0,AAFcvU7LIAoAABO-Xttw5A,7,WEB_ID,android,1
2024-10-13 15:07:00,82.167.116.0,AAFcvU7LIAoAABO-Xttw5A,7,WEB_ID,android,1
2024-10-13 15:08:00,82.167.116.0,AAFcvU7LIAoAABO-Xttw5A,7,WEB_ID,android,1
2024-10-13 15:08:00,82.167.116.0,AAFcvU7LIAoAABO-Xttw5A,7,WEB_ID,android,1
2024-10-13 15:39:00,82.167.116.0,AAFcvU7LIAoAABO-Xttw5A,7,WEB_ID,android,1
2024-10-13 15:48:00,82.167.116.0,AAFcvU7LIAoAABO-Xttw5A,7,WEB_ID,android,1
2024-10-13 15:56:00,82.167.116.0,AAFcvU7LIAoAABO-Xttw5A,7,WEB_ID,android,1
2024-10-13 15:56:00,82.167.116.0,AAFcvU7LIAoAABO-Xttw5A,7,WEB_ID,android,1
2024-10-13 16:00:00,82.167.116.0,AAFcvU7LIAoAABO-Xttw5A,7,WEB_ID,android,1
2024-10-13 16:01:00,82.167.116.0,AAFcvU7LIAoAABO-Xttw5A,7,WEB_ID,android,1
2024-10-13 16:02:00,82.167.116.0,AAFcvU7LIAoAABO-Xttw5A,7,WEB_ID,android,1
2024-10-13 16:02:00,82.167.116.0,AAFcvU7LIAoAABO-Xttw5A,7,WEB_ID,android,1
2024-10-13 16:07:00,82.167.116.0,AAFcvU7LIAoAABO-Xttw5A,7,WEB_ID,android,1
2024-10-13 16:10:00,82.167.116.0,AAFcvU7LIAoAABO-Xttw5A,7,WEB_ID,android,1
2024-10-13 16:12:00,82.167.116.0,AAFcvU7LIAoAABO-Xttw5A,7,WEB_ID,android,1
2024-10-13 16:21:00,82.167.116.0,AAFcvU7LIAoAABO-Xttw5A,7,WEB_ID,android,1
2024-10-13 16:23:00,82.167.116.0,AAFcvU7LIAoAABO-Xttw5A,7,WEB_ID,android,1
2024-10-13 16:27:00,82.167.116.0,AAFcvU7LIAoAABO-Xttw5A,7,WEB_ID,android,1
2024-10-13 16:27:00,82.167.116.0,AAFcvU7LIAoAABO-Xttw5A,7,WEB_ID,android,1
2024-10-13 16:27:00,82.167.116.0,AAFcvU7LIAoAABO-Xttw5A,7,WEB_ID,android,1
2024-10-13 16:27:00,82.167.116.0,AAFcvU7LIAoAABO-Xttw5A,7,WEB_ID,android,1
2024-10-13 16:28:00,82.167.116.0,AAFcvU7LIAoAABO-Xttw5A,7,WEB_ID,android,1
2024-10-13 16:28:00,82.167.116.0,AAFcvU7LIAoAABO-Xttw5A,7,WEB_ID,android,1
2024-10-13 16:28:00,82.167.116.0,AAFcvU7LIAoAABO-Xttw5A,7,WEB_ID,android,1
2024-10-13 16:29:00,82.167.116.0,AAFcvU7LIAoAABO-Xttw5A,7,WEB_ID,android,1
2024-10-13 17:45:00,2a00:5400:f012::,AAKRGE7P9eIAABxfJkTLVA,7,WEB_ID,android,1
2024-10-13 17:52:00,2a00:5400:f012::,AAKRGE7P9eIAABxfJkTLVA,7,WEB_ID,android,1
2024-10-13 17:54:00,2a00:5400:f012::,AAKRGE7P9eIAABxfJkTLVA,7,WEB_ID,android,1
2024-10-13 19:49:00,2a00:5400:f012::,AAKRGE7P9eIAABxfJkTLVA,7,WEB_ID,android,1
2024-10-13 19:51:00,2a00:5400:f012::,AAKRGE7P9eIAABxfJkTLVA,7,WEB_ID,android,1
2024-10-13 19:52:00,2a00:5400:f012::,AAKRGE7P9eIAABxfJkTLVA,7,WEB_ID,android,1
2024-10-13 19:52:00,2a00:5400:f012::,AAKRGE7P9eIAABxfJkTLVA,7,WEB_ID,android,1
2024-10-13 19:53:00,2a00:5400:f012::,AAKRGE7P9eIAABxfJkTLVA,7,WEB_ID,android,1
2024-10-13 19:53:00,2a00:5400:f012::,AAKRGE7P9eIAABxfJkTLVA,7,WEB_ID,android,1
2024-10-13 19:57:00,82.167.116.0,AAFcvU7LIAoAABO-Xttw5A,7,WEB_ID,android,1
2024-10-13 20:00:00,82.167.116.0,AAFcvU7LIAoAABO-Xttw5A,7,WEB_ID,android,1
2024-10-13 20:10:00,82.167.116.0,AAFcvU7LIAoAABO-Xttw5A,7,WEB_ID,android,1
2024-10-13 20:14:00,82.167.116.0,AAFcvU7LIAoAABO-Xttw5A,7,WEB_ID,android,1
2024-10-13 20:14:00,82.167.116.0,AAFcvU7LIAoAABO-Xttw5A,7,WEB_ID,android,1
2024-10-13 20:32:00,82.167.116.0,AAFcvU7LIAoAABO-Xttw5A,7,WEB_ID,android,1
2024-10-13 20:43:00,82.167.116.0,AAFcvU7LIAoAABO-Xttw5A,7,WEB_ID,android,1
2024-10-13 20:58:00,82.167.116.0,AAFcvU7LIAoAABO-Xttw5A,7,WEB_ID,android,1
2024-10-13 21:09:00,82.167.116.0,AAFcvU7LIAoAABO-Xttw5A,7,WEB_ID,android,1
2024-10-13 21:21:00,2a00:5400:f012::,AAKRGE7P9eIAABxfJkTLVA,7,WEB_ID,android,1
2024-10-13 21:21:00,2a00:5400:f012::,AAKRGE7P9eIAABxfJkTLVA,7,WEB_ID,android,1
2024-10-13 21:21:00,2a00:5400:f012::,AAKRGE7P9eIAABxfJkTLVA,7,WEB_ID,android,1
2024-10-13 21:22:00,2a00:5400:f012::,AAKRGE7P9eIAABxfJkTLVA,7,WEB_ID,android,1
2024-10-13 21:22:00,2a00:5400:f012::,AAKRGE7P9eIAABxfJkTLVA,7,WEB_ID,android,1
2024-10-13 21:39:00,2001:16a2:c054::,AAFcvU7LIAoAABO-Xttw5A,7,WEB_ID,android,1
2024-10-13 21:48:00,2001:16a4:209::,AAA7PE7OD50AABQ_9xhR4Q,7,WEB_ID,android,1
2024-10-14 12:14:00,82.167.116.0,AAFcvU7LIAoAABO-Xttw5A,7,WEB_ID,android,1
2024-10-14 12:16:00,82.167.116.0,AAFcvU7LIAoAABO-Xttw5A,7,WEB_ID,android,1
2024-10-14 12:17:00,82.167.116.0,AAFcvU7LIAoAABO-Xttw5A,7,WEB_ID,android,1
2024-10-14 14:14:00,82.167.116.0,AAFcvU7LIAoAABO-Xttw5A,7,WEB_ID,android,1
2024-10-14 14:19:00,82.167.116.0,AAFcvU7LIAoAABO-Xttw5A,7,WEB_ID,android,1
2024-10-14 14:22:00,82.167.116.0,AAFcvU7LIAoAABO-Xttw5A,7,WEB_ID,android,1
2024-10-14 14:22:00,82.167.116.0,AAFcvU7LIAoAABO-Xttw5A,7,WEB_ID,android,1
2024-10-14 14:22:00,82.167.116.0,AAFcvU7LIAoAABO-Xttw5A,7,WEB_ID,android,1
2024-10-14 14:22:00,82.167.116.0,AAFcvU7LIAoAABO-Xttw5A,7,WEB_ID,android,1
2024-10-14 14:23:00,82.167.116.0,AAFcvU7LIAoAABO-Xttw5A,7,WEB_ID,android,1
2024-10-14 14:27:00,82.167.116.0,AAFcvU7LIAoAABO-Xttw5A,7,WEB_ID,android,1
2024-10-14 14:31:00,82.167.116.0,AAFcvU7LIAoAABO-Xttw5A,7,WEB_ID,android,1
2024-10-14 14:32:00,82.167.116.0,AAFcvU7LIAoAABO-Xttw5A,7,WEB_ID,android,1
2024-10-14 14:35:00,82.167.116.0,AAFcvU7LIAoAABO-Xttw5A,7,WEB_ID,android,1
2024-10-14 14:37:00,82.167.116.0,AAFcvU7LIAoAABO-Xttw5A,7,WEB_ID,android,1
2024-10-14 14:39:00,82.167.116.0,AAFcvU7LIAoAABO-Xttw5A,7,WEB_ID,android,1
2024-10-14 14:42:00,82.167.116.0,AAFcvU7LIAoAABO-Xttw5A,7,WEB_ID,android,1
2024-10-14 14:44:00,82.167.116.0,AAFcvU7LIAoAABO-Xttw5A,7,WEB_ID,android,1
2024-10-14 14:45:00,82.167.116.0,AAFcvU7LIAoAABO-Xttw5A,7,WEB_ID,android,1
2024-10-14 14:48:00,82.167.116.0,AAFcvU7LIAoAABO-Xttw5A,7,WEB_ID,android,1
2024-10-14 14:48:00,82.167.116.0,AAFcvU7LIAoAABO-Xttw5A,7,WEB_ID,android,1
2024-10-14 14:52:00,82.167.116.0,AAFcvU7LIAoAABO-Xttw5A,7,WEB_ID,android,1
2024-10-14 14:54:00,82.167.116.0,AAFcvU7LIAoAABO-Xttw5A,7,WEB_ID,android,1
2024-10-14 14:56:00,82.167.116.0,AAFcvU7LIAoAABO-Xttw5A,7,WEB_ID,android,1
2024-10-14 15:18:00,2001:16a4:209::,AAA7PE7OD50AABQ_9xhR4Q,7,WEB_ID,android,1
2024-10-14 15:18:00,82.167.116.0,AAFcvU7LIAoAABO-Xttw5A,7,WEB_ID,android,1
2024-10-14 15:21:00,82.167.116.0,AAFcvU7LIAoAABO-Xttw5A,7,WEB_ID,android,1
2024-10-14 15:23:00,82.167.116.0,AAFcvU7LIAoAABO-Xttw5A,7,WEB_ID,android,1
2024-10-14 15:24:00,82.167.116.0,AAFcvU7LIAoAABO-Xttw5A,7,WEB_ID,android,1
2024-10-14 15:25:00,82.167.116.0,AAFcvU7LIAoAABO-Xttw5A,7,WEB_ID,android,1
2024-10-14 15:27:00,82.167.116.0,AAFcvU7LIAoAABO-Xttw5A,7,WEB_ID,android,1
2024-10-14 15:27:00,82.167.116.0,AAFcvU7LIAoAABO-Xttw5A,7,WEB_ID,android,1
2024-10-14 15:28:00,82.167.116.0,AAFcvU7LIAoAABO-Xttw5A,7,WEB_ID,android,1
2024-10-14 15:29:00,82.167.116.0,AAFcvU7LIAoAABO-Xttw5A,7,WEB_ID,android,1
2024-10-14 15:31:00,82.167.116.0,AAFcvU7LIAoAABO-Xttw5A,7,WEB_ID,android,1
2024-10-14 15:32:00,82.167.116.0,AAFcvU7LIAoAABO-Xttw5A,7,WEB_ID,android,1
2024-10-14 15:34:00,82.167.116.0,AAFcvU7LIAoAABO-Xttw5A,7,WEB_ID,android,1
2024-10-14 15:35:00,82.167.116.0,AAFcvU7LIAoAABO-Xttw5A,7,WEB_ID,android,1
2024-10-14 15:36:00,82.167.116.0,AAFcvU7LIAoAABO-Xttw5A,7,WEB_ID,android,1
2024-10-14 15:38:00,82.167.116.0,AAFcvU7LIAoAABO-Xttw5A,7,WEB_ID,android,1
2024-10-14 15:43:00,82.167.116.0,AAFcvU7LIAoAABO-Xttw5A,7,WEB_ID,android,1
2024-10-14 15:43:00,82.167.116.0,AAFcvU7LIAoAABO-Xttw5A,7,WEB_ID,android,1
2024-10-14 15:45:00,82.167.116.0,AAFcvU7LIAoAABO-Xttw5A,7,WEB_ID,android,1
2024-10-14 15:45:00,82.167.116.0,AAFcvU7LIAoAABO-Xttw5A,7,WEB_ID,android,1
2024-10-14 15:47:00,82.167.116.0,AAFcvU7LIAoAABO-Xttw5A,7,WEB_ID,android,1
2024-10-14 15:51:00,82.167.116.0,AAFcvU7LIAoAABO-Xttw5A,7,WEB_ID,android,1
2024-10-14 15:52:00,82.167.116.0,AAFcvU7LIAoAABO-Xttw5A,7,WEB_ID,android,1
2024-10-14 15:54:00,82.167.116.0,AAFcvU7LIAoAABO-Xttw5A,7,WEB_ID,android,1
2024-10-14 15:55:00,82.167.116.0,AAFcvU7LIAoAABO-Xttw5A,7,WEB_ID,android,1
2024-10-14 15:55:00,82.167.116.0,AAFcvU7LIAoAABO-Xttw5A,7,WEB_ID,android,1
2024-10-14 15:56:00,82.167.116.0,AAFcvU7LIAoAABO-Xttw5A,7,WEB_ID,android,1
2024-10-14 15:56:00,82.167.116.0,AAFcvU7LIAoAABO-Xttw5A,7,WEB_ID,android,1
2024-10-14 15:57:00,82.167.116.0,AAFcvU7LIAoAABO-Xttw5A,7,WEB_ID,android,1
2024-10-14 15:57:00,82.167.116.0,AAFcvU7LIAoAABO-Xttw5A,7,WEB_ID,android,1
2024-10-14 15:58:00,82.167.116.0,AAFcvU7LIAoAABO-Xttw5A,7,WEB_ID,android,1
2024-10-14 15:58:00,82.167.116.0,AAFcvU7LIAoAABO-Xttw5A,7,WEB_ID,android,1
2024-10-14 16:01:00,82.167.116.0,AAFcvU7LIAoAABO-Xttw5A,7,WEB_ID,android,1
2024-10-14 16:02:00,82.167.116.0,AAFcvU7LIAoAABO-Xttw5A,7,WEB_ID,android,1
2024-10-14 16:03:00,82.167.116.0,AAFcvU7LIAoAABO-Xttw5A,7,WEB_ID,android,1
2024-10-14 16:04:00,82.167.116.0,AAFcvU7LIAoAABO-Xttw5A,7,WEB_ID,android,1
2024-10-14 15:49:00,82.167.116.0,AAFcvU7LIAoAABO-Xttw5A,7,WEB_ID,android,1
2024-10-14 15:50:00,82.167.116.0,AAFcvU7LIAoAABO-Xttw5A,7,WEB_ID,android,1
2024-10-14 15:51:00,82.167.116.0,AAFcvU7LIAoAABO-Xttw5A,7,WEB_ID,android,1
2024-10-14 15:53:00,82.167.116.0,AAFcvU7LIAoAABO-Xttw5A,7,WEB_ID,android,1
2024-10-14 15:54:00,82.167.116.0,AAFcvU7LIAoAABO-Xttw5A,7,WEB_ID,android,1
2024-10-14 15:55:00,82.167.116.0,AAFcvU7LIAoAABO-Xttw5A,7,WEB_ID,android,1
2024-10-14 16:12:00,82.167.116.0,AAFcvU7LIAoAABO-Xttw5A,7,WEB_ID,android,1
2024-10-14 16:12:00,82.167.116.0,AAFcvU7LIAoAABO-Xttw5A,7,WEB_ID,android,1
2024-10-14 16:13:00,82.167.116.0,AAFcvU7LIAoAABO-Xttw5A,7,WEB_ID,android,1
2024-10-14 16:13:00,82.167.116.0,AAFcvU7LIAoAABO-Xttw5A,7,WEB_ID,android,1
2024-10-14 16:14:00,82.167.116.0,AAFcvU7LIAoAABO-Xttw5A,7,WEB_ID,android,1
2024-10-14 16:15:00,82.167.116.0,AAFcvU7LIAoAABO-Xttw5A,7,WEB_ID,android,1
2024-10-14 16:20:00,82.167.116.0,AAFcvU7LIAoAABO-Xttw5A,7,WEB_ID,android,1
2024-10-14 16:22:00,82.167.116.0,AAFcvU7LIAoAABO-Xttw5A,7,WEB_ID,android,1
2024-10-14 16:23:00,82.167.116.0,AAFcvU7LIAoAABO-Xttw5A,7,WEB_ID,android,1
2024-10-14 16:25:00,82.167.116.0,AAFcvU7LIAoAABO-Xttw5A,7,WEB_ID,android,1
2024-10-14 16:27:00,82.167.116.0,AAFcvU7LIAoAABO-Xttw5A,7,WEB_ID,android,1
2024-10-14 16:30:00,82.167.116.0,AAFcvU7LIAoAABO-Xttw5A,7,WEB_ID,android,1
2024-10-14 16:31:00,82.167.116.0,AAFcvU7LIAoAABO-Xttw5A,7,WEB_ID,android,1
2024-10-14 16:35:00,82.167.116.0,AAFcvU7LIAoAABO-Xttw5A,7,WEB_ID,android,1
2024-10-14 16:37:00,82.167.116.0,AAFcvU7LIAoAABO-Xttw5A,7,WEB_ID,android,1
2024-10-14 16:37:00,82.167.116.0,AAFcvU7LIAoAABO-Xttw5A,7,WEB_ID,android,1
2024-10-14 16:39:00,82.167.116.0,AAFcvU7LIAoAABO-Xttw5A,7,WEB_ID,android,1
2024-10-14 16:40:00,82.167.116.0,AAFcvU7LIAoAABO-Xttw5A,7,WEB_ID,android,1
2024-10-14 16:41:00,82.167.116.0,AAFcvU7LIAoAABO-Xttw5A,7,WEB_ID,android,1
2024-10-14 16:42:00,82.167.116.0,AAFcvU7LIAoAABO-Xttw5A,7,WEB_ID,android,1
2024-10-14 16:43:00,82.167.116.0,AAFcvU7LIAoAABO-Xttw5A,7,WEB_ID,android,1
2024-10-14 16:43:00,82.167.116.0,AAFcvU7LIAoAABO-Xttw5A,7,WEB_ID,android,1
2024-10-14 16:45:00,82.167.116.0,AAFcvU7LIAoAABO-Xttw5A,7,WEB_ID,android,1
2024-10-14 16:45:00,82.167.116.0,AAFcvU7LIAoAABO-Xttw5A,7,WEB_ID,android,1
2024-10-14 16:46:00,82.167.116.0,AAFcvU7LIAoAABO-Xttw5A,7,WEB_ID,android,1
2024-10-14 16:46:00,82.167.116.0,AAFcvU7LIAoAABO-Xttw5A,7,WEB_ID,android,1
2024-10-14 16:48:00,82.167.116.0,AAFcvU7LIAoAABO-Xttw5A,7,WEB_ID,android,1
2024-10-14 17:48:00,82.167.116.0,AAFcvU7LIAoAABO-Xttw5A,7,WEB_ID,android,1
2024-10-14 17:50:00,82.167.116.0,AAFcvU7LIAoAABO-Xttw5A,7,WEB_ID,android,1
2024-10-14 17:50:00,82.167.116.0,AAFcvU7LIAoAABO-Xttw5A,7,WEB_ID,android,1
2024-10-14 17:51:00,82.167.116.0,AAFcvU7LIAoAABO-Xttw5A,7,WEB_ID,android,1
2024-10-14 17:52:00,82.167.116.0,AAFcvU7LIAoAABO-Xttw5A,7,WEB_ID,android,1
2024-10-14 17:53:00,82.167.116.0,AAFcvU7LIAoAABO-Xttw5A,7,WEB_ID,android,1
2024-10-14 17:54:00,82.167.116.0,AAFcvU7LIAoAABO-Xttw5A,7,WEB_ID,android,1
2024-10-14 17:54:00,82.167.116.0,AAFcvU7LIAoAABO-Xttw5A,7,WEB_ID,android,1
2024-10-14 17:55:00,82.167.116.0,AAFcvU7LIAoAABO-Xttw5A,7,WEB_ID,android,1
2024-10-14 17:56:00,82.167.116.0,AAFcvU7LIAoAABO-Xttw5A,7,WEB_ID,android,1
2024-10-14 17:57:00,82.167.116.0,AAFcvU7LIAoAABO-Xttw5A,7,WEB_ID,android,1
2024-10-14 18:00:00,82.167.116.0,AAFcvU7LIAoAABO-Xttw5A,7,WEB_ID,android,1
2024-10-14 18:01:00,82.167.116.0,AAFcvU7LIAoAABO-Xttw5A,7,WEB_ID,android,1
2024-10-14 18:21:00,2a00:5400:f012::,AAKRGE7P9eIAABxfJkTLVA,7,WEB_ID,android,1
2024-10-14 18:27:00,2a00:5400:f012::,AAKRGE7P9eIAABxfJkTLVA,7,WEB_ID,android,1
2024-10-14 18:28:00,2a00:5400:f012::,AAKRGE7P9eIAABxfJkTLVA,7,WEB_ID,android,1
2024-10-14 18:32:00,82.167.116.0,AAFcvU7LIAoAABO-Xttw5A,7,WEB_ID,android,1
2024-10-14 18:33:00,2a00:5400:f012::,AAKRGE7P9eIAABxfJkTLVA,7,WEB_ID,android,1
2024-10-14 18:35:00,2a00:5400:f012::,AAKRGE7P9eIAABxfJkTLVA,7,WEB_ID,android,1
2024-10-14 18:35:00,2a00:5400:f012::,AAKRGE7P9eIAABxfJkTLVA,7,WEB_ID,android,1
2024-10-14 18:36:00,2a00:5400:f012::,AAKRGE7P9eIAABxfJkTLVA,7,WEB_ID,android,1
2024-10-14 18:36:00,2a00:5400:f012::,AAKRGE7P9eIAABxfJkTLVA,7,WEB_ID,android,1
2024-10-14 18:36:00,2a00:5400:f012::,AAKRGE7P9eIAABxfJkTLVA,7,WEB_ID,android,1
2024-10-14 18:37:00,2a00:5400:f012::,AAKRGE7P9eIAABxfJkTLVA,7,WEB_ID,android,1
2024-10-14 18:38:00,82.167.116.0,AAFcvU7LIAoAABO-Xttw5A,7,WEB_ID,android,1
2024-10-14 18:39:00,2a00:5400:f012::,AAKRGE7P9eIAABxfJkTLVA,7,WEB_ID,android,1
2024-10-14 18:39:00,2a00:5400:f012::,AAKRGE7P9eIAABxfJkTLVA,7,WEB_ID,android,1
2024-10-14 18:40:00,82.167.116.0,AAFcvU7LIAoAABO-Xttw5A,7,WEB_ID,android,1
2024-10-14 18:40:00,2a00:5400:f012::,AAKRGE7P9eIAABxfJkTLVA,7,WEB_ID,android,1
2024-10-14 18:40:00,2a00:5400:f012::,AAKRGE7P9eIAABxfJkTLVA,7,WEB_ID,android,1
2024-10-14 18:41:00,2a00:5400:f012::,AAKRGE7P9eIAABxfJkTLVA,7,WEB_ID,android,1
2024-10-14 18:41:00,2a00:5400:f012::,AAKRGE7P9eIAABxfJkTLVA,7,WEB_ID,android,1
2024-10-14 18:43:00,2a00:5400:f012::,AAKRGE7P9eIAABxfJkTLVA,7,WEB_ID,android,1
2024-10-14 18:43:00,2a00:5400:f012::,AAKRGE7P9eIAABxfJkTLVA,7,WEB_ID,android,1
2024-10-14 18:44:00,82.167.116.0,AAFcvU7LIAoAABO-Xttw5A,7,WEB_ID,android,1
2024-10-14 18:44:00,2a00:5400:f012::,AAKRGE7P9eIAABxfJkTLVA,7,WEB_ID,android,1
2024-10-14 18:44:00,82.167.116.0,AAFcvU7LIAoAABO-Xttw5A,7,WEB_ID,android,1
2024-10-14 18:45:00,2a00:5400:f012::,AAKRGE7P9eIAABxfJkTLVA,7,WEB_ID,android,1
2024-10-14 18:45:00,2a00:5400:f012::,AAKRGE7P9eIAABxfJkTLVA,7,WEB_ID,android,1
2024-10-14 18:45:00,2a00:5400:f012::,AAKRGE7P9eIAABxfJkTLVA,7,WEB_ID,android,1
2024-10-14 18:46:00,2a00:5400:f012::,AAKRGE7P9eIAABxfJkTLVA,7,WEB_ID,android,1
2024-10-14 18:46:00,82.167.116.0,AAFcvU7LIAoAABO-Xttw5A,7,WEB_ID,android,1
2024-10-14 18:46:00,2a00:5400:f012::,AAKRGE7P9eIAABxfJkTLVA,7,WEB_ID,android,1
2024-10-14 18:47:00,2a00:5400:f012::,AAKRGE7P9eIAABxfJkTLVA,7,WEB_ID,android,1
2024-10-14 18:47:00,2a00:5400:f012::,AAKRGE7P9eIAABxfJkTLVA,7,WEB_ID,android,1
2024-10-14 19:55:00,2a00:5400:f012::,AAKRGE7P9eIAABxfJkTLVA,7,WEB_ID,android,1
2024-10-14 19:55:00,82.167.116.0,AAFcvU7LIAoAABO-Xttw5A,7,WEB_ID,android,1
2024-10-14 19:56:00,2a00:5400:f012::,AAKRGE7P9eIAABxfJkTLVA,7,WEB_ID,android,1
2024-10-14 19:56:00,2a00:5400:f012::,AAKRGE7P9eIAABxfJkTLVA,7,WEB_ID,android,1
2024-10-14 20:02:00,82.167.116.0,AAFcvU7LIAoAABO-Xttw5A,7,WEB_ID,android,1
2024-10-14 20:03:00,82.167.116.0,AAFcvU7LIAoAABO-Xttw5A,7,WEB_ID,android,1
2024-10-14 20:03:00,2a00:5400:f012::,AAKRGE7P9eIAABxfJkTLVA,7,WEB_ID,android,1
2024-10-14 20:04:00,82.167.116.0,AAFcvU7LIAoAABO-Xttw5A,7,WEB_ID,android,1
2024-10-14 20:04:00,2a00:5400:f012::,AAKRGE7P9eIAABxfJkTLVA,7,WEB_ID,android,1
2024-10-14 20:05:00,82.167.116.0,AAFcvU7LIAoAABO-Xttw5A,7,WEB_ID,android,1
2024-10-14 20:05:00,2a00:5400:f012::,AAKRGE7P9eIAABxfJkTLVA,7,WEB_ID,android,1
2024-10-14 20:06:00,82.167.116.0,AAFcvU7LIAoAABO-Xttw5A,7,WEB_ID,android,1
2024-10-14 20:07:00,82.167.116.0,AAFcvU7LIAoAABO-Xttw5A,7,WEB_ID,android,1
2024-10-14 20:07:00,82.167.116.0,AAFcvU7LIAoAABO-Xttw5A,7,WEB_ID,android,1
2024-10-14 20:11:00,82.167.116.0,AAFcvU7LIAoAABO-Xttw5A,7,WEB_ID,android,1
2024-10-14 20:11:00,82.167.116.0,AAFcvU7LIAoAABO-Xttw5A,7,WEB_ID,android,1
2024-10-14 20:11:00,82.167.116.0,AAFcvU7LIAoAABO-Xttw5A,7,WEB_ID,android,1
2024-10-14 20:12:00,82.167.116.0,AAFcvU7LIAoAABO-Xttw5A,7,WEB_ID,android,1
2024-10-14 20:13:00,82.167.116.0,AAFcvU7LIAoAABO-Xttw5A,7,WEB_ID,android,1
2024-10-14 20:14:00,82.167.116.0,AAFcvU7LIAoAABO-Xttw5A,7,WEB_ID,android,1
2024-10-14 20:14:00,82.167.116.0,AAFcvU7LIAoAABO-Xttw5A,7,WEB_ID,android,1
2024-10-14 20:14:00,2a00:5400:f012::,AAKRGE7P9eIAABxfJkTLVA,7,WEB_ID,android,1
2024-10-14 20:15:00,2a00:5400:f012::,AAKRGE7P9eIAABxfJkTLVA,7,WEB_ID,android,1
2024-10-14 20:15:00,82.167.116.0,AAFcvU7LIAoAABO-Xttw5A,7,WEB_ID,android,1
2024-10-14 20:18:00,2a00:5400:f012::,AAKRGE7P9eIAABxfJkTLVA,7,WEB_ID,android,1
2024-10-14 20:18:00,2a00:5400:f012::,AAKRGE7P9eIAABxfJkTLVA,7,WEB_ID,android,1
2024-10-14 20:20:00,46.143.148.0,AAKRGE7P9eIAABxfJkTLVA,7,WEB_ID,android,1
2024-10-14 20:20:00,46.143.148.0,AAKRGE7P9eIAABxfJkTLVA,7,WEB_ID,android,1
2024-10-14 20:20:00,2a00:5400:f012::,AAKRGE7P9eIAABxfJkTLVA,7,WEB_ID,android,1
2024-10-14 20:21:00,2a00:5400:f012::,AAKRGE7P9eIAABxfJkTLVA,7,WEB_ID,android,1
2024-10-14 20:22:00,2a00:5400:f012::,AAKRGE7P9eIAABxfJkTLVA,7,WEB_ID,android,1
2024-10-14 20:23:00,2a00:5400:f012::,AAKRGE7P9eIAABxfJkTLVA,7,WEB_ID,android,1
2024-10-14 20:23:00,2a00:5400:f012::,AAKRGE7P9eIAABxfJkTLVA,7,WEB_ID,android,1
2024-10-14 20:24:00,2a00:5400:f012::,AAKRGE7P9eIAABxfJkTLVA,7,WEB_ID,android,1
2024-10-14 20:26:00,2a00:5400:f012::,AAKRGE7P9eIAABxfJkTLVA,7,WEB_ID,android,1
2024-10-14 20:26:00,2a00:5400:f012::,AAKRGE7P9eIAABxfJkTLVA,7,WEB_ID,android,1
2024-10-14 20:26:00,2a00:5400:f012::,AAKRGE7P9eIAABxfJkTLVA,7,WEB_ID,android,1
2024-10-14 20:28:00,2a00:5400:f012::,AAKRGE7P9eIAABxfJkTLVA,7,WEB_ID,android,1
2024-10-14 20:30:00,82.167.116.0,AAFcvU7LIAoAABO-Xttw5A,7,WEB_ID,android,1
2024-10-14 20:48:00,2a00:5400:f012::,AAKRGE7P9eIAABxfJkTLVA,7,WEB_ID,android,1
2024-10-14 20:11:00,2a00:5400:f012::,AAKRGE7P9eIAABxfJkTLVA,7,WEB_ID,android,1
2024-10-14 20:11:00,2a00:5400:f012::,AAKRGE7P9eIAABxfJkTLVA,7,WEB_ID,android,1
2024-10-14 20:12:00,2a00:5400:f012::,AAKRGE7P9eIAABxfJkTLVA,7,WEB_ID,android,1
2024-10-14 20:15:00,2a00:5400:f012::,AAKRGE7P9eIAABxfJkTLVA,7,WEB_ID,android,1
2024-10-14 20:15:00,2a00:5400:f012::,AAKRGE7P9eIAABxfJkTLVA,7,WEB_ID,android,1
2024-10-14 20:24:00,2a00:5400:f012::,AAKRGE7P9eIAABxfJkTLVA,7,WEB_ID,android,1
2024-10-14 20:25:00,2a00:5400:f012::,AAKRGE7P9eIAABxfJkTLVA,7,WEB_ID,android,1
2024-10-14 20:26:00,2a00:5400:f012::,AAKRGE7P9eIAABxfJkTLVA,7,WEB_ID,android,1
2024-10-14 20:24:00,82.167.116.0,AAFcvU7LIAoAABO-Xttw5A,7,WEB_ID,android,1
2024-10-14 20:25:00,82.167.116.0,AAFcvU7LIAoAABO-Xttw5A,7,WEB_ID,android,1
2024-10-14 20:25:00,82.167.116.0,AAFcvU7LIAoAABO-Xttw5A,7,WEB_ID,android,1
2024-10-14 20:30:00,82.167.116.0,AAFcvU7LIAoAABO-Xttw5A,7,WEB_ID,android,1
2024-10-14 20:31:00,82.167.116.0,AAFcvU7LIAoAABO-Xttw5A,7,WEB_ID,android,1
2024-10-03 08:37:00,2a00:5400:e053:631e::,AAKT707IOKgAAB_bLwHDew,6,WEB_ID,ios,1
2024-10-14 20:45:00,82.167.116.0,AAFcvU7LIAoAABO-Xttw5A,7,WEB_ID,android,1
2024-10-14 20:47:00,82.167.116.0,AAFcvU7LIAoAABO-Xttw5A,7,WEB_ID,android,1
2024-10-14 20:51:00,82.167.116.0,AAFcvU7LIAoAABO-Xttw5A,7,WEB_ID,android,1
2024-10-14 20:54:00,82.167.116.0,AAFcvU7LIAoAABO-Xttw5A,7,WEB_ID,android,1
2024-10-14 20:55:00,82.167.116.0,AAFcvU7LIAoAABO-Xttw5A,7,WEB_ID,android,1
2024-10-14 20:56:00,82.167.116.0,AAFcvU7LIAoAABO-Xttw5A,7,WEB_ID,android,1
2024-10-14 20:56:00,82.167.116.0,AAFcvU7LIAoAABO-Xttw5A,7,WEB_ID,android,1
2024-10-14 20:57:00,82.167.116.0,AAFcvU7LIAoAABO-Xttw5A,7,WEB_ID,android,1
2024-10-14 20:57:00,82.167.116.0,AAFcvU7LIAoAABO-Xttw5A,7,WEB_ID,android,1
2024-10-14 20:58:00,82.167.116.0,AAFcvU7LIAoAABO-Xttw5A,7,WEB_ID,android,1
2024-10-14 20:58:00,82.167.116.0,AAFcvU7LIAoAABO-Xttw5A,7,WEB_ID,android,1
2024-10-14 20:59:00,82.167.116.0,AAFcvU7LIAoAABO-Xttw5A,7,WEB_ID,android,1
2024-10-14 20:59:00,82.167.116.0,AAFcvU7LIAoAABO-Xttw5A,7,WEB_ID,android,1
2024-10-14 21:00:00,82.167.116.0,AAFcvU7LIAoAABO-Xttw5A,7,WEB_ID,android,1
2024-10-14 21:00:00,82.167.116.0,AAFcvU7LIAoAABO-Xttw5A,7,WEB_ID,android,1
2024-10-14 21:01:00,82.167.116.0,AAFcvU7LIAoAABO-Xttw5A,7,WEB_ID,android,1
2024-10-14 21:01:00,82.167.116.0,AAFcvU7LIAoAABO-Xttw5A,7,WEB_ID,android,1
2024-10-14 21:01:00,82.167.116.0,AAFcvU7LIAoAABO-Xttw5A,7,WEB_ID,android,1
2024-10-14 21:02:00,82.167.116.0,AAFcvU7LIAoAABO-Xttw5A,7,WEB_ID,android,1
2024-10-14 21:02:00,82.167.116.0,AAFcvU7LIAoAABO-Xttw5A,7,WEB_ID,android,1
2024-10-14 21:03:00,82.167.116.0,AAFcvU7LIAoAABO-Xttw5A,7,WEB_ID,android,1
2024-10-14 21:04:00,82.167.116.0,AAFcvU7LIAoAABO-Xttw5A,7,WEB_ID,android,1
2024-10-14 21:05:00,82.167.116.0,AAFcvU7LIAoAABO-Xttw5A,7,WEB_ID,android,1
2024-10-14 21:06:00,82.167.116.0,AAFcvU7LIAoAABO-Xttw5A,7,WEB_ID,android,1
2024-10-14 21:07:00,82.167.116.0,AAFcvU7LIAoAABO-Xttw5A,7,WEB_ID,android,1
2024-10-14 21:07:00,82.167.116.0,AAFcvU7LIAoAABO-Xttw5A,7,WEB_ID,android,1
2024-10-14 21:08:00,82.167.116.0,AAFcvU7LIAoAABO-Xttw5A,7,WEB_ID,android,1
2024-10-14 21:09:00,82.167.116.0,AAFcvU7LIAoAABO-Xttw5A,7,WEB_ID,android,1
2024-10-14 21:10:00,82.167.116.0,AAFcvU7LIAoAABO-Xttw5A,7,WEB_ID,android,1
2024-10-14 21:11:00,82.167.116.0,AAFcvU7LIAoAABO-Xttw5A,7,WEB_ID,android,1
2024-10-14 21:14:00,82.167.116.0,AAFcvU7LIAoAABO-Xttw5A,7,WEB_ID,android,1
2024-10-14 21:16:00,82.167.116.0,AAFcvU7LIAoAABO-Xttw5A,7,WEB_ID,android,1
2024-10-14 21:18:00,82.167.116.0,AAFcvU7LIAoAABO-Xttw5A,7,WEB_ID,android,1
2024-10-14 21:18:00,82.167.116.0,AAFcvU7LIAoAABO-Xttw5A,7,WEB_ID,android,1
2024-10-15 08:25:00,82.167.116.0,AAFcvU7LIAoAABO-Xttw5A,7,WEB_ID,android,1
2024-10-15 08:32:00,82.167.116.0,AAFcvU7LIAoAABO-Xttw5A,7,WEB_ID,android,1
2024-10-15 08:32:00,82.167.116.0,AAFcvU7LIAoAABO-Xttw5A,7,WEB_ID,android,1
2024-10-15 08:33:00,82.167.116.0,AAFcvU7LIAoAABO-Xttw5A,7,WEB_ID,android,1
2024-10-15 08:33:00,82.167.116.0,AAFcvU7LIAoAABO-Xttw5A,7,WEB_ID,android,1
2024-10-15 08:34:00,82.167.116.0,AAFcvU7LIAoAABO-Xttw5A,7,WEB_ID,android,1
2024-10-15 08:35:00,82.167.116.0,AAFcvU7LIAoAABO-Xttw5A,7,WEB_ID,android,1
2024-10-15 08:35:00,82.167.116.0,AAFcvU7LIAoAABO-Xttw5A,7,WEB_ID,android,1
2024-10-15 08:35:00,82.167.116.0,AAFcvU7LIAoAABO-Xttw5A,7,WEB_ID,android,1
2024-10-15 08:35:00,82.167.116.0,AAFcvU7LIAoAABO-Xttw5A,7,WEB_ID,android,1
2024-10-15 08:36:00,82.167.116.0,AAFcvU7LIAoAABO-Xttw5A,7,WEB_ID,android,1
2024-10-15 08:37:00,82.167.116.0,AAFcvU7LIAoAABO-Xttw5A,7,WEB_ID,android,1
2024-10-15 08:37:00,82.167.116.0,AAFcvU7LIAoAABO-Xttw5A,7,WEB_ID,android,1
2024-10-15 08:38:00,82.167.116.0,AAFcvU7LIAoAABO-Xttw5A,7,WEB_ID,android,1
2024-10-15 08:38:00,82.167.116.0,AAFcvU7LIAoAABO-Xttw5A,7,WEB_ID,android,1
2024-10-15 08:39:00,82.167.116.0,AAFcvU7LIAoAABO-Xttw5A,7,WEB_ID,android,1
2024-10-15 08:39:00,82.167.116.0,AAFcvU7LIAoAABO-Xttw5A,7,WEB_ID,android,1
2024-10-15 08:39:00,82.167.116.0,AAFcvU7LIAoAABO-Xttw5A,7,WEB_ID,android,1
2024-10-15 08:39:00,82.167.116.0,AAFcvU7LIAoAABO-Xttw5A,7,WEB_ID,android,1
2024-10-15 08:40:00,82.167.116.0,AAFcvU7LIAoAABO-Xttw5A,7,WEB_ID,android,1
2024-10-15 08:41:00,82.167.116.0,AAFcvU7LIAoAABO-Xttw5A,7,WEB_ID,android,1
2024-10-15 08:41:00,82.167.116.0,AAFcvU7LIAoAABO-Xttw5A,7,WEB_ID,android,1
2024-10-15 08:56:00,2a00:5400:f012::,AAKRGE7P9eIAABxfJkTLVA,7,WEB_ID,android,1
2024-10-15 09:00:00,2a00:5400:f012::,AAKRGE7P9eIAABxfJkTLVA,7,WEB_ID,android,1
2024-10-15 09:01:00,2a00:5400:f012::,AAKRGE7P9eIAABxfJkTLVA,7,WEB_ID,android,1
2024-10-15 09:03:00,2a00:5400:f012::,AAKRGE7P9eIAABxfJkTLVA,7,WEB_ID,android,1
2024-10-15 09:04:00,2a00:5400:f012::,AAKRGE7P9eIAABxfJkTLVA,7,WEB_ID,android,1
2024-10-15 09:04:00,2a00:5400:f012::,AAKRGE7P9eIAABxfJkTLVA,7,WEB_ID,android,1
2024-10-15 09:06:00,2a00:5400:f012::,AAKRGE7P9eIAABxfJkTLVA,7,WEB_ID,android,1
2024-10-15 09:09:00,2a00:5400:f012::,AAKRGE7P9eIAABxfJkTLVA,7,WEB_ID,android,1
2024-10-15 09:10:00,2a00:5400:f012::,AAKRGE7P9eIAABxfJkTLVA,7,WEB_ID,android,1
2024-10-15 09:12:00,2a00:5400:f012::,AAKRGE7P9eIAABxfJkTLVA,7,WEB_ID,android,1
2024-10-15 09:12:00,2a00:5400:f012::,AAKRGE7P9eIAABxfJkTLVA,7,WEB_ID,android,1
2024-10-15 09:13:00,2a00:5400:f012::,AAKRGE7P9eIAABxfJkTLVA,7,WEB_ID,android,1
2024-10-15 09:19:00,2a00:5400:f012::,AAKRGE7P9eIAABxfJkTLVA,7,WEB_ID,android,1
2024-10-15 09:21:00,2a00:5400:f012::,AAKRGE7P9eIAABxfJkTLVA,7,WEB_ID,android,1
2024-10-15 09:21:00,2a00:5400:f012::,AAKRGE7P9eIAABxfJkTLVA,7,WEB_ID,android,1
2024-10-15 08:35:00,2a00:5400:f012::,AAKRGE7P9eIAABxfJkTLVA,7,WEB_ID,android,1
2024-10-15 08:54:00,2a00:5400:f012::,AAKRGE7P9eIAABxfJkTLVA,7,WEB_ID,android,1
2024-10-15 08:54:00,2a00:5400:f012::,AAKRGE7P9eIAABxfJkTLVA,7,WEB_ID,android,1
2024-10-15 08:58:00,2a00:5400:f012::,AAKRGE7P9eIAABxfJkTLVA,7,WEB_ID,android,1
2024-10-15 08:59:00,2a00:5400:f012::,AAKRGE7P9eIAABxfJkTLVA,7,WEB_ID,android,1
2024-10-15 08:59:00,2a00:5400:f012::,AAKRGE7P9eIAABxfJkTLVA,7,WEB_ID,android,1
2024-10-15 09:00:00,2a00:5400:f012::,AAKRGE7P9eIAABxfJkTLVA,7,WEB_ID,android,1
2024-10-15 09:04:00,2a00:5400:f012::,AAKRGE7P9eIAABxfJkTLVA,7,WEB_ID,android,1
2024-10-15 10:31:00,2a00:5400:f012::,AAKRGE7P9eIAABxfJkTLVA,7,WEB_ID,android,1
2024-10-15 10:33:00,2a00:5400:f012::,AAKRGE7P9eIAABxfJkTLVA,7,WEB_ID,android,1
2024-10-15 10:33:00,2a00:5400:f012::,AAKRGE7P9eIAABxfJkTLVA,7,WEB_ID,android,1
2024-10-15 10:34:00,2a00:5400:f012::,AAKRGE7P9eIAABxfJkTLVA,7,WEB_ID,android,1
2024-10-15 10:36:00,2a00:5400:f012::,AAKRGE7P9eIAABxfJkTLVA,7,WEB_ID,android,1
2024-10-15 10:37:00,2a00:5400:f012::,AAKRGE7P9eIAABxfJkTLVA,7,WEB_ID,android,1
2024-10-15 11:31:00,82.167.116.0,AAFcvU7LIAoAABO-Xttw5A,7,WEB_ID,android,1
2024-10-15 11:12:00,82.167.116.0,AAFcvU7LIAoAABO-Xttw5A,7,WEB_ID,android,1
2024-10-15 11:14:00,82.167.116.0,AAFcvU7LIAoAABO-Xttw5A,7,WEB_ID,android,1
2024-10-15 11:14:00,82.167.116.0,AAFcvU7LIAoAABO-Xttw5A,7,WEB_ID,android,1
2024-10-15 11:16:00,82.167.116.0,AAFcvU7LIAoAABO-Xttw5A,7,WEB_ID,android,1
2024-10-15 11:16:00,82.167.116.0,AAFcvU7LIAoAABO-Xttw5A,7,WEB_ID,android,1
2024-10-15 11:18:00,82.167.116.0,AAFcvU7LIAoAABO-Xttw5A,7,WEB_ID,android,1
2024-10-15 11:19:00,82.167.116.0,AAFcvU7LIAoAABO-Xttw5A,7,WEB_ID,android,1
2024-10-15 11:19:00,82.167.116.0,AAFcvU7LIAoAABO-Xttw5A,7,WEB_ID,android,1
2024-10-15 11:20:00,82.167.116.0,AAFcvU7LIAoAABO-Xttw5A,7,WEB_ID,android,1
2024-10-15 11:20:00,82.167.116.0,AAFcvU7LIAoAABO-Xttw5A,7,WEB_ID,android,1
2024-10-15 11:21:00,82.167.116.0,AAFcvU7LIAoAABO-Xttw5A,7,WEB_ID,android,1
2024-10-15 11:21:00,82.167.116.0,AAFcvU7LIAoAABO-Xttw5A,7,WEB_ID,android,1
2024-10-15 11:22:00,82.167.116.0,AAFcvU7LIAoAABO-Xttw5A,7,WEB_ID,android,1
2024-10-15 11:23:00,82.167.116.0,AAFcvU7LIAoAABO-Xttw5A,7,WEB_ID,android,1
2024-10-15 11:24:00,82.167.116.0,AAFcvU7LIAoAABO-Xttw5A,7,WEB_ID,android,1
2024-10-15 11:25:00,82.167.116.0,AAFcvU7LIAoAABO-Xttw5A,7,WEB_ID,android,1
2024-10-15 11:27:00,82.167.116.0,AAFcvU7LIAoAABO-Xttw5A,7,WEB_ID,android,1
2024-10-15 11:27:00,82.167.116.0,AAFcvU7LIAoAABO-Xttw5A,7,WEB_ID,android,1
2024-10-15 11:29:00,82.167.116.0,AAFcvU7LIAoAABO-Xttw5A,7,WEB_ID,android,1
2024-10-15 11:30:00,82.167.116.0,AAFcvU7LIAoAABO-Xttw5A,7,WEB_ID,android,1
2024-10-15 11:30:00,82.167.116.0,AAFcvU7LIAoAABO-Xttw5A,7,WEB_ID,android,1
2024-10-15 11:42:00,46.143.148.0,AAKRGE7P9eIAABxfJkTLVA,7,WEB_ID,android,1
2024-10-15 11:42:00,2a00:5400:f012::,AAKRGE7P9eIAABxfJkTLVA,7,WEB_ID,android,1
2024-10-15 11:46:00,82.167.116.0,AAFcvU7LIAoAABO-Xttw5A,7,WEB_ID,android,1
2024-10-15 11:51:00,82.167.116.0,AAFcvU7LIAoAABO-Xttw5A,7,WEB_ID,android,1
2024-10-15 11:51:00,82.167.116.0,AAFcvU7LIAoAABO-Xttw5A,7,WEB_ID,android,1
2024-10-15 11:54:00,82.167.116.0,AAFcvU7LIAoAABO-Xttw5A,7,WEB_ID,android,1
2024-10-15 11:55:00,82.167.116.0,AAFcvU7LIAoAABO-Xttw5A,7,WEB_ID,android,1
2024-10-15 11:56:00,82.167.116.0,AAFcvU7LIAoAABO-Xttw5A,7,WEB_ID,android,1
2024-10-15 11:58:00,82.167.116.0,AAFcvU7LIAoAABO-Xttw5A,7,WEB_ID,android,1
2024-10-15 11:59:00,82.167.116.0,AAFcvU7LIAoAABO-Xttw5A,7,WEB_ID,android,1
2024-10-15 11:59:00,82.167.116.0,AAFcvU7LIAoAABO-Xttw5A,7,WEB_ID,android,1
2024-10-15 12:00:00,82.167.116.0,AAFcvU7LIAoAABO-Xttw5A,7,WEB_ID,android,1
2024-10-15 12:01:00,82.167.116.0,AAFcvU7LIAoAABO-Xttw5A,7,WEB_ID,android,1
2024-10-15 12:03:00,82.167.116.0,AAFcvU7LIAoAABO-Xttw5A,7,WEB_ID,android,1
2024-10-15 12:03:00,82.167.116.0,AAFcvU7LIAoAABO-Xttw5A,7,WEB_ID,android,1
2024-10-15 12:04:00,82.167.116.0,AAFcvU7LIAoAABO-Xttw5A,7,WEB_ID,android,1
2024-10-15 12:04:00,82.167.116.0,AAFcvU7LIAoAABO-Xttw5A,7,WEB_ID,android,1
2024-10-15 12:04:00,82.167.116.0,AAFcvU7LIAoAABO-Xttw5A,7,WEB_ID,android,1
2024-10-15 12:07:00,82.167.116.0,AAFcvU7LIAoAABO-Xttw5A,7,WEB_ID,android,1
2024-10-15 12:07:00,82.167.116.0,AAFcvU7LIAoAABO-Xttw5A,7,WEB_ID,android,1
2024-10-15 12:08:00,82.167.116.0,AAFcvU7LIAoAABO-Xttw5A,7,WEB_ID,android,1
2024-10-15 11:37:00,82.167.116.0,AAFcvU7LIAoAABO-Xttw5A,7,WEB_ID,android,1
2024-10-15 11:38:00,82.167.116.0,AAFcvU7LIAoAABO-Xttw5A,7,WEB_ID,android,1
2024-10-15 11:39:00,82.167.116.0,AAFcvU7LIAoAABO-Xttw5A,7,WEB_ID,android,1
2024-10-15 11:40:00,82.167.116.0,AAFcvU7LIAoAABO-Xttw5A,7,WEB_ID,android,1
2024-10-15 11:40:00,82.167.116.0,AAFcvU7LIAoAABO-Xttw5A,7,WEB_ID,android,1
2024-10-15 11:41:00,82.167.116.0,AAFcvU7LIAoAABO-Xttw5A,7,WEB_ID,android,1
2024-10-15 11:41:00,82.167.116.0,AAFcvU7LIAoAABO-Xttw5A,7,WEB_ID,android,1
2024-10-15 11:41:00,82.167.116.0,AAFcvU7LIAoAABO-Xttw5A,7,WEB_ID,android,1
2024-10-15 11:42:00,82.167.116.0,AAFcvU7LIAoAABO-Xttw5A,7,WEB_ID,android,1
2024-10-15 11:43:00,82.167.116.0,AAFcvU7LIAoAABO-Xttw5A,7,WEB_ID,android,1
2024-10-15 11:43:00,82.167.116.0,AAFcvU7LIAoAABO-Xttw5A,7,WEB_ID,android,1
2024-10-15 11:44:00,82.167.116.0,AAFcvU7LIAoAABO-Xttw5A,7,WEB_ID,android,1
2024-10-15 11:45:00,82.167.116.0,AAFcvU7LIAoAABO-Xttw5A,7,WEB_ID,android,1
2024-10-15 11:45:00,82.167.116.0,AAFcvU7LIAoAABO-Xttw5A,7,WEB_ID,android,1
2024-10-15 11:45:00,82.167.116.0,AAFcvU7LIAoAABO-Xttw5A,7,WEB_ID,android,1
2024-10-15 11:45:00,82.167.116.0,AAFcvU7LIAoAABO-Xttw5A,7,WEB_ID,android,1
2024-10-15 11:45:00,82.167.116.0,AAFcvU7LIAoAABO-Xttw5A,7,WEB_ID,android,1
2024-10-15 11:46:00,82.167.116.0,AAFcvU7LIAoAABO-Xttw5A,7,WEB_ID,android,1
2024-10-15 11:46:00,82.167.116.0,AAFcvU7LIAoAABO-Xttw5A,7,WEB_ID,android,1
2024-10-15 11:47:00,82.167.116.0,AAFcvU7LIAoAABO-Xttw5A,7,WEB_ID,android,1
2024-10-15 11:47:00,82.167.116.0,AAFcvU7LIAoAABO-Xttw5A,7,WEB_ID,android,1
2024-10-15 11:48:00,82.167.116.0,AAFcvU7LIAoAABO-Xttw5A,7,WEB_ID,android,1
2024-10-15 11:49:00,82.167.116.0,AAFcvU7LIAoAABO-Xttw5A,7,WEB_ID,android,1
2024-10-15 11:49:00,82.167.116.0,AAFcvU7LIAoAABO-Xttw5A,7,WEB_ID,android,1
2024-10-15 11:51:00,82.167.116.0,AAFcvU7LIAoAABO-Xttw5A,7,WEB_ID,android,1
2024-10-15 11:52:00,82.167.116.0,AAFcvU7LIAoAABO-Xttw5A,7,WEB_ID,android,1
2024-10-15 11:52:00,82.167.116.0,AAFcvU7LIAoAABO-Xttw5A,7,WEB_ID,android,1
2024-10-15 11:55:00,82.167.116.0,AAFcvU7LIAoAABO-Xttw5A,7,WEB_ID,android,1
2024-10-15 11:56:00,82.167.116.0,AAFcvU7LIAoAABO-Xttw5A,7,WEB_ID,android,1
2024-10-15 11:56:00,82.167.116.0,AAFcvU7LIAoAABO-Xttw5A,7,WEB_ID,android,1
2024-10-15 11:57:00,82.167.116.0,AAFcvU7LIAoAABO-Xttw5A,7,WEB_ID,android,1
2024-10-15 11:57:00,82.167.116.0,AAFcvU7LIAoAABO-Xttw5A,7,WEB_ID,android,1
2024-10-15 12:06:00,82.167.116.0,AAFcvU7LIAoAABO-Xttw5A,7,WEB_ID,android,1
2024-10-15 12:06:00,82.167.116.0,AAFcvU7LIAoAABO-Xttw5A,7,WEB_ID,android,1
2024-10-15 12:06:00,82.167.116.0,AAFcvU7LIAoAABO-Xttw5A,7,WEB_ID,android,1
2024-10-15 12:07:00,82.167.116.0,AAFcvU7LIAoAABO-Xttw5A,7,WEB_ID,android,1
2024-10-15 12:08:00,82.167.116.0,AAFcvU7LIAoAABO-Xttw5A,7,WEB_ID,android,1
2024-10-15 12:09:00,82.167.116.0,AAFcvU7LIAoAABO-Xttw5A,7,WEB_ID,android,1
2024-10-15 11:37:00,2a00:5400:f012::,AAKRGE7P9eIAABxfJkTLVA,7,WEB_ID,android,1
2024-10-15 11:38:00,2a00:5400:f012::,AAKRGE7P9eIAABxfJkTLVA,7,WEB_ID,android,1
2024-10-15 11:39:00,2a00:5400:f012::,AAKRGE7P9eIAABxfJkTLVA,7,WEB_ID,android,1
2024-10-15 11:53:00,2a00:5400:f012::,AAKRGE7P9eIAABxfJkTLVA,7,WEB_ID,android,1
2024-10-15 11:58:00,2a00:5400:f012::,AAKRGE7P9eIAABxfJkTLVA,7,WEB_ID,android,1
2024-10-15 12:13:00,2a00:5400:f012::,AAKRGE7P9eIAABxfJkTLVA,7,WEB_ID,android,1
2024-10-15 12:17:00,2a00:5400:f012::,AAKRGE7P9eIAABxfJkTLVA,7,WEB_ID,android,1
2024-10-15 12:17:00,2a00:5400:f012::,AAKRGE7P9eIAABxfJkTLVA,7,WEB_ID,android,1
2024-10-15 13:16:00,2a00:5400:f012::,AAKRGE7P9eIAABxfJkTLVA,7,WEB_ID,android,1
2024-10-15 13:16:00,2a00:5400:f012::,AAKRGE7P9eIAABxfJkTLVA,7,WEB_ID,android,1
2024-10-15 13:20:00,2a00:5400:f012::,AAKRGE7P9eIAABxfJkTLVA,7,WEB_ID,android,1
2024-10-15 13:22:00,2a00:5400:f012::,AAKRGE7P9eIAABxfJkTLVA,7,WEB_ID,android,1
2024-10-15 14:07:00,2a00:5400:f012::,AAKRGE7P9eIAABxfJkTLVA,7,WEB_ID,android,1
2024-10-15 14:11:00,2a00:5400:f012::,AAKRGE7P9eIAABxfJkTLVA,7,WEB_ID,android,1
2024-10-15 14:12:00,2a00:5400:f012::,AAKRGE7P9eIAABxfJkTLVA,7,WEB_ID,android,1
2024-10-15 14:13:00,2a00:5400:f012::,AAKRGE7P9eIAABxfJkTLVA,7,WEB_ID,android,1
2024-10-15 20:27:00,2a00:5400:f012::,AAKRGE7P9eIAABxfJkTLVA,7,WEB_ID,android,1
2024-10-15 20:28:00,2a00:5400:f012::,AAKRGE7P9eIAABxfJkTLVA,7,WEB_ID,android,1
2024-10-15 20:29:00,2a00:5400:f012::,AAKRGE7P9eIAABxfJkTLVA,7,WEB_ID,android,1
2024-10-15 20:29:00,2a00:5400:f012::,AAKRGE7P9eIAABxfJkTLVA,7,WEB_ID,android,1
2024-10-15 20:31:00,2a00:5400:f012::,AAKRGE7P9eIAABxfJkTLVA,7,WEB_ID,android,1
2024-10-15 20:32:00,2a00:5400:f012::,AAKRGE7P9eIAABxfJkTLVA,7,WEB_ID,android,1
2024-10-15 20:32:00,2a00:5400:f012::,AAKRGE7P9eIAABxfJkTLVA,7,WEB_ID,android,1
2024-10-15 20:34:00,2a00:5400:f012::,AAKRGE7P9eIAABxfJkTLVA,7,WEB_ID,android,1
2024-10-15 20:35:00,2a00:5400:f012::,AAKRGE7P9eIAABxfJkTLVA,7,WEB_ID,android,1
2024-10-15 20:35:00,2a00:5400:f012::,AAKRGE7P9eIAABxfJkTLVA,7,WEB_ID,android,1
2024-10-15 20:40:00,2a00:5400:f012::,AAKRGE7P9eIAABxfJkTLVA,7,WEB_ID,android,1
2024-10-15 20:45:00,2a00:5400:f012::,AAKRGE7P9eIAABxfJkTLVA,7,WEB_ID,android,1
2024-10-15 20:48:00,2a00:5400:f012::,AAKRGE7P9eIAABxfJkTLVA,7,WEB_ID,android,1
2024-10-15 20:59:00,2001:16a2:c1a1::,AAA7PE7OD50AABQ_9xhR4Q,7,WEB_ID,android,1
2024-10-15 21:12:00,2a00:5400:f012::,AAKRGE7P9eIAABxfJkTLVA,7,WEB_ID,android,1
2024-10-15 21:15:00,2a00:5400:f012::,AAKRGE7P9eIAABxfJkTLVA,7,WEB_ID,android,1
2024-10-15 21:15:00,2a00:5400:f012::,AAKRGE7P9eIAABxfJkTLVA,7,WEB_ID,android,1
2024-10-16 09:03:00,2001:16a2:c054::,AAFcvU7LIAoAABO-Xttw5A,7,WEB_ID,android,1
2024-10-16 09:05:00,2001:16a2:c054::,AAFcvU7LIAoAABO-Xttw5A,7,WEB_ID,android,1
2024-10-16 09:07:00,2001:16a2:c054::,AAFcvU7LIAoAABO-Xttw5A,7,WEB_ID,android,1
2024-10-16 09:09:00,2001:16a2:c054::,AAFcvU7LIAoAABO-Xttw5A,7,WEB_ID,android,1
2024-10-16 09:09:00,2a00:5400:f012::,AAKRGE7P9eIAABxfJkTLVA,7,WEB_ID,android,1
2024-10-16 09:09:00,2001:16a2:c054::,AAFcvU7LIAoAABO-Xttw5A,7,WEB_ID,android,1
2024-10-16 09:10:00,2001:16a2:c054::,AAFcvU7LIAoAABO-Xttw5A,7,WEB_ID,android,1
2024-10-16 09:10:00,2a00:5400:f012::,AAKRGE7P9eIAABxfJkTLVA,7,WEB_ID,android,1
2024-10-16 09:11:00,2001:16a2:c054::,AAFcvU7LIAoAABO-Xttw5A,7,WEB_ID,android,1
2024-10-16 09:11:00,2001:16a2:c054::,AAFcvU7LIAoAABO-Xttw5A,7,WEB_ID,android,1
2024-10-16 09:12:00,2a00:5400:f012::,AAKRGE7P9eIAABxfJkTLVA,7,WEB_ID,android,1
2024-10-16 09:12:00,2001:16a2:c054::,AAFcvU7LIAoAABO-Xttw5A,7,WEB_ID,android,1
2024-10-16 09:14:00,2001:16a2:c054::,AAFcvU7LIAoAABO-Xttw5A,7,WEB_ID,android,1
2024-10-16 09:16:00,2a00:5400:f012::,AAKRGE7P9eIAABxfJkTLVA,7,WEB_ID,android,1
2024-10-16 09:17:00,2001:16a2:c054::,AAFcvU7LIAoAABO-Xttw5A,7,WEB_ID,android,1
2024-10-16 09:18:00,2a00:5400:f012::,AAKRGE7P9eIAABxfJkTLVA,7,WEB_ID,android,1
2024-10-16 09:19:00,2001:16a2:c054::,AAFcvU7LIAoAABO-Xttw5A,7,WEB_ID,android,1
2024-10-16 09:21:00,2001:16a2:c054::,AAFcvU7LIAoAABO-Xttw5A,7,WEB_ID,android,1
2024-10-16 09:22:00,2001:16a2:c054::,AAFcvU7LIAoAABO-Xttw5A,7,WEB_ID,android,1
2024-10-16 09:22:00,2001:16a2:c054::,AAFcvU7LIAoAABO-Xttw5A,7,WEB_ID,android,1
2024-10-16 09:23:00,2001:16a2:c054::,AAFcvU7LIAoAABO-Xttw5A,7,WEB_ID,android,1
2024-10-16 09:23:00,2001:16a2:c054::,AAFcvU7LIAoAABO-Xttw5A,7,WEB_ID,android,1
2024-10-16 09:26:00,2a00:5400:f012::,AAKRGE7P9eIAABxfJkTLVA,7,WEB_ID,android,1
2024-10-16 09:28:00,2a00:5400:f012::,AAKRGE7P9eIAABxfJkTLVA,7,WEB_ID,android,1
2024-10-16 09:29:00,2a00:5400:f012::,AAKRGE7P9eIAABxfJkTLVA,7,WEB_ID,android,1
2024-10-16 09:33:00,2001:16a2:c054::,AAFcvU7LIAoAABO-Xttw5A,7,WEB_ID,android,1
2024-10-16 09:34:00,2001:16a2:c054::,AAFcvU7LIAoAABO-Xttw5A,7,WEB_ID,android,1
2024-10-16 09:34:00,2001:16a2:c054::,AAFcvU7LIAoAABO-Xttw5A,7,WEB_ID,android,1
2024-10-16 09:34:00,2001:16a2:c054::,AAFcvU7LIAoAABO-Xttw5A,7,WEB_ID,android,1
2024-10-16 09:36:00,2a00:5400:f012::,AAKRGE7P9eIAABxfJkTLVA,7,WEB_ID,android,1
2024-10-16 09:36:00,2001:16a2:c054::,AAFcvU7LIAoAABO-Xttw5A,7,WEB_ID,android,1
2024-10-16 09:37:00,2001:16a2:c054::,AAFcvU7LIAoAABO-Xttw5A,7,WEB_ID,android,1
2024-10-16 09:38:00,2001:16a2:c054::,AAFcvU7LIAoAABO-Xttw5A,7,WEB_ID,android,1
2024-10-16 09:38:00,2001:16a2:c054::,AAFcvU7LIAoAABO-Xttw5A,7,WEB_ID,android,1
2024-10-16 09:39:00,2001:16a2:c054::,AAFcvU7LIAoAABO-Xttw5A,7,WEB_ID,android,1
2024-10-16 09:39:00,2001:16a2:c054::,AAFcvU7LIAoAABO-Xttw5A,7,WEB_ID,android,1
2024-10-16 09:39:00,2001:16a2:c054::,AAFcvU7LIAoAABO-Xttw5A,7,WEB_ID,android,1
2024-10-16 09:40:00,2001:16a2:c054::,AAFcvU7LIAoAABO-Xttw5A,7,WEB_ID,android,1
2024-10-16 09:40:00,2001:16a2:c054::,AAFcvU7LIAoAABO-Xttw5A,7,WEB_ID,android,1
2024-10-16 09:41:00,2001:16a2:c054::,AAFcvU7LIAoAABO-Xttw5A,7,WEB_ID,android,1
2024-10-16 09:41:00,2001:16a2:c054::,AAFcvU7LIAoAABO-Xttw5A,7,WEB_ID,android,1
2024-10-16 09:41:00,2001:16a2:c054::,AAFcvU7LIAoAABO-Xttw5A,7,WEB_ID,android,1
2024-10-16 09:42:00,51.252.155.0,AAFcvU7LIAoAABO-Xttw5A,7,WEB_ID,android,1
2024-10-16 09:45:00,2001:16a2:c054::,AAFcvU7LIAoAABO-Xttw5A,7,WEB_ID,android,1
2024-10-16 09:22:00,2001:16a2:c054::,AAFcvU7LIAoAABO-Xttw5A,7,WEB_ID,android,1
2024-10-16 09:22:00,2001:16a2:c054::,AAFcvU7LIAoAABO-Xttw5A,7,WEB_ID,android,1
2024-10-16 09:22:00,2001:16a2:c054::,AAFcvU7LIAoAABO-Xttw5A,7,WEB_ID,android,1
2024-10-16 09:25:00,2001:16a2:c054::,AAFcvU7LIAoAABO-Xttw5A,7,WEB_ID,android,1
2024-10-16 09:25:00,2001:16a2:c054::,AAFcvU7LIAoAABO-Xttw5A,7,WEB_ID,android,1
2024-10-16 09:26:00,2001:16a2:c054::,AAFcvU7LIAoAABO-Xttw5A,7,WEB_ID,android,1
2024-10-16 09:26:00,2001:16a2:c054::,AAFcvU7LIAoAABO-Xttw5A,7,WEB_ID,android,1
2024-10-16 09:26:00,2001:16a2:c054::,AAFcvU7LIAoAABO-Xttw5A,7,WEB_ID,android,1
2024-10-16 09:26:00,2001:16a2:c054::,AAFcvU7LIAoAABO-Xttw5A,7,WEB_ID,android,1
2024-10-16 09:27:00,2001:16a2:c054::,AAFcvU7LIAoAABO-Xttw5A,7,WEB_ID,android,1
2024-10-16 09:28:00,2001:16a2:c054::,AAFcvU7LIAoAABO-Xttw5A,7,WEB_ID,android,1
2024-10-16 09:28:00,2001:16a2:c054::,AAFcvU7LIAoAABO-Xttw5A,7,WEB_ID,android,1
2024-10-16 09:28:00,2001:16a2:c054::,AAFcvU7LIAoAABO-Xttw5A,7,WEB_ID,android,1
2024-10-16 09:29:00,2001:16a2:c054::,AAFcvU7LIAoAABO-Xttw5A,7,WEB_ID,android,1
2024-10-16 09:30:00,2001:16a2:c054::,AAFcvU7LIAoAABO-Xttw5A,7,WEB_ID,android,1
2024-10-16 09:30:00,2001:16a2:c054::,AAFcvU7LIAoAABO-Xttw5A,7,WEB_ID,android,1
2024-10-16 09:30:00,2001:16a2:c054::,AAFcvU7LIAoAABO-Xttw5A,7,WEB_ID,android,1
2024-10-16 09:30:00,2001:16a2:c054::,AAFcvU7LIAoAABO-Xttw5A,7,WEB_ID,android,1
2024-10-16 09:32:00,2001:16a2:c054::,AAFcvU7LIAoAABO-Xttw5A,7,WEB_ID,android,1
2024-10-16 09:32:00,2001:16a2:c054::,AAFcvU7LIAoAABO-Xttw5A,7,WEB_ID,android,1
2024-10-16 09:33:00,2001:16a2:c054::,AAFcvU7LIAoAABO-Xttw5A,7,WEB_ID,android,1
2024-10-16 09:33:00,2001:16a2:c054::,AAFcvU7LIAoAABO-Xttw5A,7,WEB_ID,android,1
2024-10-16 09:34:00,2001:16a2:c054::,AAFcvU7LIAoAABO-Xttw5A,7,WEB_ID,android,1
2024-10-16 09:34:00,2001:16a2:c054::,AAFcvU7LIAoAABO-Xttw5A,7,WEB_ID,android,1
2024-10-16 09:34:00,2001:16a2:c054::,AAFcvU7LIAoAABO-Xttw5A,7,WEB_ID,android,1
2024-10-16 09:35:00,51.252.155.0,AAFcvU7LIAoAABO-Xttw5A,7,WEB_ID,android,1
2024-10-16 09:36:00,2001:16a2:c054::,AAFcvU7LIAoAABO-Xttw5A,7,WEB_ID,android,1
2024-10-16 09:37:00,2001:16a2:c054::,AAFcvU7LIAoAABO-Xttw5A,7,WEB_ID,android,1
2024-10-16 09:39:00,2001:16a2:c054::,AAFcvU7LIAoAABO-Xttw5A,7,WEB_ID,android,1
2024-10-16 09:39:00,2001:16a2:c054::,AAFcvU7LIAoAABO-Xttw5A,7,WEB_ID,android,1
2024-10-16 09:40:00,2001:16a2:c054::,AAFcvU7LIAoAABO-Xttw5A,7,WEB_ID,android,1
2024-10-16 09:40:00,2001:16a2:c054::,AAFcvU7LIAoAABO-Xttw5A,7,WEB_ID,android,1
2024-10-16 09:41:00,2001:16a2:c054::,AAFcvU7LIAoAABO-Xttw5A,7,WEB_ID,android,1
2024-10-16 09:41:00,2001:16a2:c054::,AAFcvU7LIAoAABO-Xttw5A,7,WEB_ID,android,1
2024-10-16 09:43:00,2001:16a2:c054::,AAFcvU7LIAoAABO-Xttw5A,7,WEB_ID,android,1
2024-10-16 09:43:00,2001:16a2:c054::,AAFcvU7LIAoAABO-Xttw5A,7,WEB_ID,android,1
2024-10-16 09:44:00,2001:16a2:c054::,AAFcvU7LIAoAABO-Xttw5A,7,WEB_ID,android,1
2024-10-16 09:45:00,2001:16a2:c054::,AAFcvU7LIAoAABO-Xttw5A,7,WEB_ID,android,1
2024-10-16 09:45:00,2001:16a2:c054::,AAFcvU7LIAoAABO-Xttw5A,7,WEB_ID,android,1
2024-10-16 09:45:00,2001:16a2:c054::,AAFcvU7LIAoAABO-Xttw5A,7,WEB_ID,android,1
2024-10-16 09:46:00,2001:16a2:c054::,AAFcvU7LIAoAABO-Xttw5A,7,WEB_ID,android,1
2024-10-16 09:46:00,2001:16a2:c054::,AAFcvU7LIAoAABO-Xttw5A,7,WEB_ID,android,1
2024-10-16 09:48:00,2001:16a2:c054::,AAFcvU7LIAoAABO-Xttw5A,7,WEB_ID,android,1
2024-10-16 09:48:00,2001:16a2:c054::,AAFcvU7LIAoAABO-Xttw5A,7,WEB_ID,android,1
2024-10-16 09:49:00,2001:16a2:c054::,AAFcvU7LIAoAABO-Xttw5A,7,WEB_ID,android,1
2024-10-16 09:49:00,2001:16a2:c054::,AAFcvU7LIAoAABO-Xttw5A,7,WEB_ID,android,1
2024-10-16 09:51:00,51.252.155.0,AAFcvU7LIAoAABO-Xttw5A,7,WEB_ID,android,1
2024-10-16 09:51:00,51.252.155.0,AAFcvU7LIAoAABO-Xttw5A,7,WEB_ID,android,1
2024-10-16 09:53:00,2001:16a2:c054::,AAFcvU7LIAoAABO-Xttw5A,7,WEB_ID,android,1
2024-10-16 09:54:00,2001:16a2:c054::,AAFcvU7LIAoAABO-Xttw5A,7,WEB_ID,android,1
2024-10-16 09:54:00,2001:16a2:c054::,AAFcvU7LIAoAABO-Xttw5A,7,WEB_ID,android,1
2024-10-16 10:12:00,2001:16a2:c054::,AAFcvU7LIAoAABO-Xttw5A,7,WEB_ID,android,1
2024-10-16 10:13:00,2001:16a2:c054::,AAFcvU7LIAoAABO-Xttw5A,7,WEB_ID,android,1
2024-10-16 10:15:00,2001:16a2:c054::,AAFcvU7LIAoAABO-Xttw5A,7,WEB_ID,android,1
2024-10-16 10:12:00,2001:16a2:c054::,AAFcvU7LIAoAABO-Xttw5A,7,WEB_ID,android,1
2024-10-16 10:12:00,2001:16a2:c054::,AAFcvU7LIAoAABO-Xttw5A,7,WEB_ID,android,1
2024-10-16 10:14:00,2001:16a2:c054::,AAFcvU7LIAoAABO-Xttw5A,7,WEB_ID,android,1
2024-10-16 10:15:00,2001:16a2:c054::,AAFcvU7LIAoAABO-Xttw5A,7,WEB_ID,android,1
2024-10-16 10:15:00,2001:16a2:c054::,AAFcvU7LIAoAABO-Xttw5A,7,WEB_ID,android,1
2024-10-16 10:16:00,2001:16a2:c054::,AAFcvU7LIAoAABO-Xttw5A,7,WEB_ID,android,1
2024-10-16 10:17:00,2001:16a2:c054::,AAFcvU7LIAoAABO-Xttw5A,7,WEB_ID,android,1
2024-10-16 10:20:00,2001:16a2:c054::,AAFcvU7LIAoAABO-Xttw5A,7,WEB_ID,android,1
2024-10-16 10:21:00,2001:16a2:c054::,AAFcvU7LIAoAABO-Xttw5A,7,WEB_ID,android,1
2024-10-16 10:22:00,2001:16a2:c054::,AAFcvU7LIAoAABO-Xttw5A,7,WEB_ID,android,1
2024-10-16 10:24:00,2001:16a2:c054::,AAFcvU7LIAoAABO-Xttw5A,7,WEB_ID,android,1
2024-10-16 10:25:00,2001:16a2:c054::,AAFcvU7LIAoAABO-Xttw5A,7,WEB_ID,android,1
2024-10-16 10:25:00,2001:16a2:c054::,AAFcvU7LIAoAABO-Xttw5A,7,WEB_ID,android,1
2024-10-16 10:34:00,2001:16a2:c054::,AAFcvU7LIAoAABO-Xttw5A,7,WEB_ID,android,1
2024-10-16 10:35:00,2001:16a2:c054::,AAFcvU7LIAoAABO-Xttw5A,7,WEB_ID,android,1
2024-10-16 10:36:00,51.252.155.0,AAFcvU7LIAoAABO-Xttw5A,7,WEB_ID,android,1
2024-10-16 10:39:00,2001:16a2:c054::,AAFcvU7LIAoAABO-Xttw5A,7,WEB_ID,android,1
2024-10-16 10:40:00,2001:16a2:c054::,AAFcvU7LIAoAABO-Xttw5A,7,WEB_ID,android,1
2024-10-16 10:41:00,2001:16a2:c054::,AAFcvU7LIAoAABO-Xttw5A,7,WEB_ID,android,1
2024-10-16 10:42:00,2001:16a2:c054::,AAFcvU7LIAoAABO-Xttw5A,7,WEB_ID,android,1
2024-10-16 10:42:00,2001:16a2:c054::,AAFcvU7LIAoAABO-Xttw5A,7,WEB_ID,android,1
2024-10-16 10:44:00,2001:16a2:c054::,AAFcvU7LIAoAABO-Xttw5A,7,WEB_ID,android,1
2024-10-16 10:46:00,2001:16a2:c054::,AAFcvU7LIAoAABO-Xttw5A,7,WEB_ID,android,1
2024-10-16 10:48:00,2001:16a2:c054::,AAFcvU7LIAoAABO-Xttw5A,7,WEB_ID,android,1
2024-10-16 10:49:00,2001:16a2:c054::,AAFcvU7LIAoAABO-Xttw5A,7,WEB_ID,android,1
2024-10-16 10:49:00,2001:16a2:c054::,AAFcvU7LIAoAABO-Xttw5A,7,WEB_ID,android,1
2024-10-16 10:50:00,2001:16a2:c054::,AAFcvU7LIAoAABO-Xttw5A,7,WEB_ID,android,1
2024-10-16 10:50:00,2001:16a2:c054::,AAFcvU7LIAoAABO-Xttw5A,7,WEB_ID,android,1
2024-10-16 10:50:00,2001:16a2:c054::,AAFcvU7LIAoAABO-Xttw5A,7,WEB_ID,android,1
2024-10-16 10:51:00,2001:16a2:c054::,AAFcvU7LIAoAABO-Xttw5A,7,WEB_ID,android,1
2024-10-16 10:52:00,2001:16a2:c054::,AAFcvU7LIAoAABO-Xttw5A,7,WEB_ID,android,1
2024-10-16 10:53:00,2001:16a2:c054::,AAFcvU7LIAoAABO-Xttw5A,7,WEB_ID,android,1
2024-10-16 10:53:00,2001:16a2:c054::,AAFcvU7LIAoAABO-Xttw5A,7,WEB_ID,android,1
2024-10-16 10:54:00,2001:16a2:c054::,AAFcvU7LIAoAABO-Xttw5A,7,WEB_ID,android,1
2024-10-16 10:54:00,2001:16a2:c054::,AAFcvU7LIAoAABO-Xttw5A,7,WEB_ID,android,1
2024-10-16 10:54:00,2001:16a2:c054::,AAFcvU7LIAoAABO-Xttw5A,7,WEB_ID,android,1
2024-10-16 10:55:00,2001:16a2:c054::,AAFcvU7LIAoAABO-Xttw5A,7,WEB_ID,android,1
2024-10-16 10:55:00,2001:16a2:c054::,AAFcvU7LIAoAABO-Xttw5A,7,WEB_ID,android,1
2024-10-16 10:56:00,2001:16a2:c054::,AAFcvU7LIAoAABO-Xttw5A,7,WEB_ID,android,1
2024-10-16 10:56:00,2001:16a2:c054::,AAFcvU7LIAoAABO-Xttw5A,7,WEB_ID,android,1
2024-10-16 10:56:00,2001:16a2:c054::,AAFcvU7LIAoAABO-Xttw5A,7,WEB_ID,android,1
2024-10-16 10:57:00,2001:16a2:c054::,AAFcvU7LIAoAABO-Xttw5A,7,WEB_ID,android,1
2024-10-16 10:57:00,2001:16a2:c054::,AAFcvU7LIAoAABO-Xttw5A,7,WEB_ID,android,1
2024-10-16 10:57:00,2001:16a2:c054::,AAFcvU7LIAoAABO-Xttw5A,7,WEB_ID,android,1
2024-10-16 10:58:00,2001:16a2:c054::,AAFcvU7LIAoAABO-Xttw5A,7,WEB_ID,android,1
2024-10-16 10:58:00,2001:16a2:c054::,AAFcvU7LIAoAABO-Xttw5A,7,WEB_ID,android,1
2024-10-16 10:58:00,2001:16a2:c054::,AAFcvU7LIAoAABO-Xttw5A,7,WEB_ID,android,1
2024-10-16 11:29:00,2001:16a2:c054::,AAFcvU7LIAoAABO-Xttw5A,7,WEB_ID,android,1
2024-10-16 11:29:00,2001:16a2:c054::,AAFcvU7LIAoAABO-Xttw5A,7,WEB_ID,android,1
2024-10-16 11:30:00,2001:16a2:c054::,AAFcvU7LIAoAABO-Xttw5A,7,WEB_ID,android,1
2024-10-16 11:30:00,2001:16a2:c054::,AAFcvU7LIAoAABO-Xttw5A,7,WEB_ID,android,1
2024-10-16 11:30:00,2001:16a2:c054::,AAFcvU7LIAoAABO-Xttw5A,7,WEB_ID,android,1
2024-10-16 11:31:00,2001:16a2:c054::,AAFcvU7LIAoAABO-Xttw5A,7,WEB_ID,android,1
2024-10-16 11:31:00,2001:16a2:c054::,AAFcvU7LIAoAABO-Xttw5A,7,WEB_ID,android,1
2024-10-16 11:32:00,2001:16a2:c054::,AAFcvU7LIAoAABO-Xttw5A,7,WEB_ID,android,1
2024-10-16 11:32:00,2001:16a2:c054::,AAFcvU7LIAoAABO-Xttw5A,7,WEB_ID,android,1
2024-10-16 11:33:00,2001:16a2:c054::,AAFcvU7LIAoAABO-Xttw5A,7,WEB_ID,android,1
2024-10-16 11:33:00,2001:16a2:c054::,AAFcvU7LIAoAABO-Xttw5A,7,WEB_ID,android,1
2024-10-16 11:33:00,2001:16a2:c054::,AAFcvU7LIAoAABO-Xttw5A,7,WEB_ID,android,1
2024-10-16 11:33:00,2001:16a2:c054::,AAFcvU7LIAoAABO-Xttw5A,7,WEB_ID,android,1
2024-10-16 11:33:00,2001:16a2:c054::,AAFcvU7LIAoAABO-Xttw5A,7,WEB_ID,android,1
2024-10-16 11:34:00,2001:16a2:c054::,AAFcvU7LIAoAABO-Xttw5A,7,WEB_ID,android,1
2024-10-16 11:35:00,2001:16a2:c054::,AAFcvU7LIAoAABO-Xttw5A,7,WEB_ID,android,1
2024-10-16 11:35:00,2001:16a2:c054::,AAFcvU7LIAoAABO-Xttw5A,7,WEB_ID,android,1
2024-10-16 11:36:00,2001:16a2:c054::,AAFcvU7LIAoAABO-Xttw5A,7,WEB_ID,android,1
2024-10-16 11:36:00,2001:16a2:c054::,AAFcvU7LIAoAABO-Xttw5A,7,WEB_ID,android,1
2024-10-16 11:36:00,2001:16a2:c054::,AAFcvU7LIAoAABO-Xttw5A,7,WEB_ID,android,1
2024-10-16 11:37:00,2001:16a2:c054::,AAFcvU7LIAoAABO-Xttw5A,7,WEB_ID,android,1
2024-10-16 11:37:00,2001:16a2:c054::,AAFcvU7LIAoAABO-Xttw5A,7,WEB_ID,android,1
2024-10-16 11:38:00,2001:16a2:c054::,AAFcvU7LIAoAABO-Xttw5A,7,WEB_ID,android,1
2024-10-16 11:38:00,2001:16a2:c054::,AAFcvU7LIAoAABO-Xttw5A,7,WEB_ID,android,1
2024-10-16 11:39:00,2001:16a2:c054::,AAFcvU7LIAoAABO-Xttw5A,7,WEB_ID,android,1
2024-10-16 11:39:00,2001:16a2:c054::,AAFcvU7LIAoAABO-Xttw5A,7,WEB_ID,android,1
2024-10-16 11:39:00,2001:16a2:c054::,AAFcvU7LIAoAABO-Xttw5A,7,WEB_ID,android,1
2024-10-16 11:39:00,2001:16a2:c054::,AAFcvU7LIAoAABO-Xttw5A,7,WEB_ID,android,1
2024-10-16 12:00:00,2001:16a2:c054::,AAFcvU7LIAoAABO-Xttw5A,7,WEB_ID,android,1
2024-10-16 12:00:00,2001:16a2:c054::,AAFcvU7LIAoAABO-Xttw5A,7,WEB_ID,android,1
2024-10-16 12:01:00,2001:16a2:c054::,AAFcvU7LIAoAABO-Xttw5A,7,WEB_ID,android,1
2024-10-16 12:01:00,2001:16a2:c054::,AAFcvU7LIAoAABO-Xttw5A,7,WEB_ID,android,1
2024-10-16 12:02:00,2001:16a2:c054::,AAFcvU7LIAoAABO-Xttw5A,7,WEB_ID,android,1
2024-10-16 12:02:00,2001:16a2:c054::,AAFcvU7LIAoAABO-Xttw5A,7,WEB_ID,android,1
2024-10-16 12:02:00,2001:16a2:c054::,AAFcvU7LIAoAABO-Xttw5A,7,WEB_ID,android,1
2024-10-16 12:04:00,2001:16a2:c054::,AAFcvU7LIAoAABO-Xttw5A,7,WEB_ID,android,1
2024-10-16 12:04:00,2001:16a2:c054::,AAFcvU7LIAoAABO-Xttw5A,7,WEB_ID,android,1
2024-10-16 12:04:00,2001:16a2:c054::,AAFcvU7LIAoAABO-Xttw5A,7,WEB_ID,android,1
2024-10-16 12:04:00,2001:16a2:c054::,AAFcvU7LIAoAABO-Xttw5A,7,WEB_ID,android,1
2024-10-16 12:05:00,2001:16a2:c054::,AAFcvU7LIAoAABO-Xttw5A,7,WEB_ID,android,1
2024-10-16 12:18:00,2001:16a2:c054::,AAFcvU7LIAoAABO-Xttw5A,7,WEB_ID,android,1
2024-10-16 12:19:00,2001:16a2:c054::,AAFcvU7LIAoAABO-Xttw5A,7,WEB_ID,android,1
2024-10-16 12:22:00,2001:16a2:c054::,AAFcvU7LIAoAABO-Xttw5A,7,WEB_ID,android,1
2024-10-16 12:24:00,2001:16a2:c054::,AAFcvU7LIAoAABO-Xttw5A,7,WEB_ID,android,1
2024-10-16 12:25:00,2001:16a2:c054::,AAFcvU7LIAoAABO-Xttw5A,7,WEB_ID,android,1
2024-10-16 12:26:00,2001:16a2:c054::,AAFcvU7LIAoAABO-Xttw5A,7,WEB_ID,android,1
2024-10-16 12:03:00,2001:16a2:c054::,AAFcvU7LIAoAABO-Xttw5A,7,WEB_ID,android,1
2024-10-16 12:05:00,2001:16a2:c054::,AAFcvU7LIAoAABO-Xttw5A,7,WEB_ID,android,1
2024-10-16 12:45:00,2001:16a2:c054::,AAFcvU7LIAoAABO-Xttw5A,7,WEB_ID,android,1
2024-10-16 12:48:00,2001:16a2:c054::,AAFcvU7LIAoAABO-Xttw5A,7,WEB_ID,android,1
2024-10-16 12:49:00,2001:16a2:c054::,AAFcvU7LIAoAABO-Xttw5A,7,WEB_ID,android,1
2024-10-16 12:50:00,2001:16a2:c054::,AAFcvU7LIAoAABO-Xttw5A,7,WEB_ID,android,1
2024-10-16 12:50:00,2001:16a2:c054::,AAFcvU7LIAoAABO-Xttw5A,7,WEB_ID,android,1
2024-10-16 12:51:00,2001:16a2:c054::,AAFcvU7LIAoAABO-Xttw5A,7,WEB_ID,android,1
2024-10-16 12:53:00,2001:16a2:c054::,AAFcvU7LIAoAABO-Xttw5A,7,WEB_ID,android,1
2024-10-16 12:54:00,2001:16a2:c054::,AAFcvU7LIAoAABO-Xttw5A,7,WEB_ID,android,1
2024-10-16 12:55:00,2001:16a2:c054::,AAFcvU7LIAoAABO-Xttw5A,7,WEB_ID,android,1
2024-10-16 12:56:00,2001:16a2:c054::,AAFcvU7LIAoAABO-Xttw5A,7,WEB_ID,android,1
2024-10-16 12:57:00,51.252.155.0,AAFcvU7LIAoAABO-Xttw5A,7,WEB_ID,android,1
2024-10-16 12:58:00,51.252.155.0,AAFcvU7LIAoAABO-Xttw5A,7,WEB_ID,android,1
2024-10-16 12:58:00,51.252.155.0,AAFcvU7LIAoAABO-Xttw5A,7,WEB_ID,android,1
2024-10-16 12:59:00,2001:16a2:c054::,AAFcvU7LIAoAABO-Xttw5A,7,WEB_ID,android,1
2024-10-16 13:00:00,2001:16a2:c054::,AAFcvU7LIAoAABO-Xttw5A,7,WEB_ID,android,1
2024-10-16 13:00:00,2001:16a2:c054::,AAFcvU7LIAoAABO-Xttw5A,7,WEB_ID,android,1
2024-10-16 13:01:00,2001:16a2:c054::,AAFcvU7LIAoAABO-Xttw5A,7,WEB_ID,android,1
2024-10-16 13:02:00,2001:16a2:c054::,AAFcvU7LIAoAABO-Xttw5A,7,WEB_ID,android,1
2024-10-16 12:05:00,2001:16a2:c054::,AAFcvU7LIAoAABO-Xttw5A,7,WEB_ID,android,1
2024-10-16 12:06:00,2001:16a2:c054::,AAFcvU7LIAoAABO-Xttw5A,7,WEB_ID,android,1
2024-10-16 12:09:00,2001:16a2:c054::,AAFcvU7LIAoAABO-Xttw5A,7,WEB_ID,android,1
2024-10-16 12:09:00,2001:16a2:c054::,AAFcvU7LIAoAABO-Xttw5A,7,WEB_ID,android,1
2024-10-16 12:09:00,2001:16a2:c054::,AAFcvU7LIAoAABO-Xttw5A,7,WEB_ID,android,1
2024-10-16 12:09:00,2001:16a2:c054::,AAFcvU7LIAoAABO-Xttw5A,7,WEB_ID,android,1
2024-10-16 12:10:00,2001:16a2:c054::,AAFcvU7LIAoAABO-Xttw5A,7,WEB_ID,android,1
2024-10-16 12:12:00,2001:16a2:c054::,AAFcvU7LIAoAABO-Xttw5A,7,WEB_ID,android,1
2024-10-16 12:12:00,2001:16a2:c054::,AAFcvU7LIAoAABO-Xttw5A,7,WEB_ID,android,1
2024-10-16 12:12:00,2001:16a2:c054::,AAFcvU7LIAoAABO-Xttw5A,7,WEB_ID,android,1
2024-10-16 12:12:00,2001:16a2:c054::,AAFcvU7LIAoAABO-Xttw5A,7,WEB_ID,android,1
2024-10-16 12:13:00,2001:16a2:c054::,AAFcvU7LIAoAABO-Xttw5A,7,WEB_ID,android,1
2024-10-16 12:14:00,2001:16a2:c054::,AAFcvU7LIAoAABO-Xttw5A,7,WEB_ID,android,1
2024-10-16 12:14:00,2001:16a2:c054::,AAFcvU7LIAoAABO-Xttw5A,7,WEB_ID,android,1
2024-10-16 12:17:00,2001:16a2:c054::,AAFcvU7LIAoAABO-Xttw5A,7,WEB_ID,android,1
2024-10-16 12:17:00,2001:16a2:c054::,AAFcvU7LIAoAABO-Xttw5A,7,WEB_ID,android,1
2024-10-16 12:17:00,2001:16a2:c054::,AAFcvU7LIAoAABO-Xttw5A,7,WEB_ID,android,1
2024-10-16 12:18:00,2001:16a2:c054::,AAFcvU7LIAoAABO-Xttw5A,7,WEB_ID,android,1
2024-10-16 12:18:00,2001:16a2:c054::,AAFcvU7LIAoAABO-Xttw5A,7,WEB_ID,android,1
2024-10-16 12:23:00,2001:16a2:c054::,AAFcvU7LIAoAABO-Xttw5A,7,WEB_ID,android,1
2024-10-16 12:24:00,2001:16a2:c054::,AAFcvU7LIAoAABO-Xttw5A,7,WEB_ID,android,1
2024-10-16 12:26:00,2001:16a2:c054::,AAFcvU7LIAoAABO-Xttw5A,7,WEB_ID,android,1
2024-10-16 12:31:00,2001:16a2:c054::,AAFcvU7LIAoAABO-Xttw5A,7,WEB_ID,android,1
2024-10-16 12:31:00,2001:16a2:c054::,AAFcvU7LIAoAABO-Xttw5A,7,WEB_ID,android,1
2024-10-16 12:31:00,2001:16a2:c054::,AAFcvU7LIAoAABO-Xttw5A,7,WEB_ID,android,1
2024-10-16 12:32:00,2001:16a2:c054::,AAFcvU7LIAoAABO-Xttw5A,7,WEB_ID,android,1
2024-10-16 12:32:00,2001:16a2:c054::,AAFcvU7LIAoAABO-Xttw5A,7,WEB_ID,android,1
2024-10-16 12:32:00,2001:16a2:c054::,AAFcvU7LIAoAABO-Xttw5A,7,WEB_ID,android,1
2024-10-16 12:33:00,2001:16a2:c054::,AAFcvU7LIAoAABO-Xttw5A,7,WEB_ID,android,1
2024-10-16 12:33:00,2001:16a2:c054::,AAFcvU7LIAoAABO-Xttw5A,7,WEB_ID,android,1
2024-10-16 12:54:00,2001:16a2:c054::,AAFcvU7LIAoAABO-Xttw5A,7,WEB_ID,android,1
2024-10-16 12:50:00,82.167.79.0,AAFcvU7LIAoAABO-Xttw5A,7,WEB_ID,android,1
2024-10-16 12:52:00,82.167.79.0,AAFcvU7LIAoAABO-Xttw5A,7,WEB_ID,android,1
2024-10-16 12:54:00,82.167.79.0,AAFcvU7LIAoAABO-Xttw5A,7,WEB_ID,android,1
2024-10-16 12:57:00,82.167.79.0,AAFcvU7LIAoAABO-Xttw5A,7,WEB_ID,android,1
2024-10-16 12:57:00,82.167.79.0,AAFcvU7LIAoAABO-Xttw5A,7,WEB_ID,android,1
2024-10-16 12:57:00,82.167.79.0,AAFcvU7LIAoAABO-Xttw5A,7,WEB_ID,android,1
2024-10-16 12:58:00,82.167.79.0,AAFcvU7LIAoAABO-Xttw5A,7,WEB_ID,android,1
2024-10-16 13:01:00,82.167.79.0,AAFcvU7LIAoAABO-Xttw5A,7,WEB_ID,android,1
2024-10-16 13:02:00,82.167.79.0,AAFcvU7LIAoAABO-Xttw5A,7,WEB_ID,android,1
2024-10-16 13:02:00,82.167.79.0,AAFcvU7LIAoAABO-Xttw5A,7,WEB_ID,android,1
2024-10-16 13:03:00,82.167.79.0,AAFcvU7LIAoAABO-Xttw5A,7,WEB_ID,android,1
2024-10-16 13:06:00,82.167.79.0,AAFcvU7LIAoAABO-Xttw5A,7,WEB_ID,android,1
2024-10-16 13:08:00,82.167.79.0,AAFcvU7LIAoAABO-Xttw5A,7,WEB_ID,android,1
2024-10-16 13:08:00,82.167.79.0,AAFcvU7LIAoAABO-Xttw5A,7,WEB_ID,android,1
2024-10-16 13:09:00,82.167.79.0,AAFcvU7LIAoAABO-Xttw5A,7,WEB_ID,android,1
2024-10-16 13:12:00,82.167.79.0,AAFcvU7LIAoAABO-Xttw5A,7,WEB_ID,android,1
2024-10-16 13:12:00,82.167.79.0,AAFcvU7LIAoAABO-Xttw5A,7,WEB_ID,android,1
2024-10-16 13:13:00,82.167.79.0,AAFcvU7LIAoAABO-Xttw5A,7,WEB_ID,android,1
2024-10-16 13:16:00,82.167.79.0,AAFcvU7LIAoAABO-Xttw5A,7,WEB_ID,android,1
2024-10-16 13:16:00,82.167.79.0,AAFcvU7LIAoAABO-Xttw5A,7,WEB_ID,android,1
2024-10-16 13:17:00,82.167.79.0,AAFcvU7LIAoAABO-Xttw5A,7,WEB_ID,android,1
2024-10-16 13:18:00,82.167.79.0,AAFcvU7LIAoAABO-Xttw5A,7,WEB_ID,android,1
2024-10-16 13:04:00,82.167.79.0,AAFcvU7LIAoAABO-Xttw5A,7,WEB_ID,android,1
2024-10-16 13:04:00,82.167.79.0,AAFcvU7LIAoAABO-Xttw5A,7,WEB_ID,android,1
2024-10-16 13:08:00,82.167.79.0,AAFcvU7LIAoAABO-Xttw5A,7,WEB_ID,android,1
2024-10-16 13:08:00,82.167.79.0,AAFcvU7LIAoAABO-Xttw5A,7,WEB_ID,android,1
2024-10-16 13:09:00,82.167.79.0,AAFcvU7LIAoAABO-Xttw5A,7,WEB_ID,android,1
2024-10-16 13:09:00,82.167.79.0,AAFcvU7LIAoAABO-Xttw5A,7,WEB_ID,android,1
2024-10-16 13:10:00,82.167.79.0,AAFcvU7LIAoAABO-Xttw5A,7,WEB_ID,android,1
2024-10-16 13:10:00,82.167.79.0,AAFcvU7LIAoAABO-Xttw5A,7,WEB_ID,android,1
2024-10-16 13:12:00,82.167.79.0,AAFcvU7LIAoAABO-Xttw5A,7,WEB_ID,android,1
2024-10-16 13:15:00,82.167.79.0,AAFcvU7LIAoAABO-Xttw5A,7,WEB_ID,android,1
2024-10-16 13:16:00,82.167.79.0,AAFcvU7LIAoAABO-Xttw5A,7,WEB_ID,android,1
2024-10-16 13:18:00,82.167.79.0,AAFcvU7LIAoAABO-Xttw5A,7,WEB_ID,android,1
2024-10-16 13:18:00,82.167.79.0,AAFcvU7LIAoAABO-Xttw5A,7,WEB_ID,android,1
2024-10-16 13:18:00,82.167.79.0,AAFcvU7LIAoAABO-Xttw5A,7,WEB_ID,android,1
2024-10-16 13:18:00,82.167.79.0,AAFcvU7LIAoAABO-Xttw5A,7,WEB_ID,android,1
2024-10-16 13:19:00,82.167.79.0,AAFcvU7LIAoAABO-Xttw5A,7,WEB_ID,android,1
2024-10-16 13:19:00,82.167.79.0,AAFcvU7LIAoAABO-Xttw5A,7,WEB_ID,android,1
2024-10-16 13:21:00,82.167.79.0,AAFcvU7LIAoAABO-Xttw5A,7,WEB_ID,android,1
2024-10-16 13:21:00,82.167.79.0,AAFcvU7LIAoAABO-Xttw5A,7,WEB_ID,android,1
2024-10-16 13:23:00,82.167.79.0,AAFcvU7LIAoAABO-Xttw5A,7,WEB_ID,android,1
2024-10-16 13:24:00,82.167.79.0,AAFcvU7LIAoAABO-Xttw5A,7,WEB_ID,android,1
2024-10-16 13:24:00,82.167.79.0,AAFcvU7LIAoAABO-Xttw5A,7,WEB_ID,android,1
2024-10-16 13:25:00,82.167.79.0,AAFcvU7LIAoAABO-Xttw5A,7,WEB_ID,android,1
2024-10-16 13:26:00,82.167.79.0,AAFcvU7LIAoAABO-Xttw5A,7,WEB_ID,android,1
2024-10-16 13:26:00,2a00:5400:f012::,AAKRGE7P9eIAABxfJkTLVA,7,WEB_ID,android,1
2024-10-16 13:27:00,2a00:5400:f012::,AAKRGE7P9eIAABxfJkTLVA,7,WEB_ID,android,1
2024-10-16 13:27:00,2a00:5400:f012::,AAKRGE7P9eIAABxfJkTLVA,7,WEB_ID,android,1
2024-10-16 13:28:00,82.167.79.0,AAFcvU7LIAoAABO-Xttw5A,7,WEB_ID,android,1
2024-10-16 13:31:00,82.167.79.0,AAFcvU7LIAoAABO-Xttw5A,7,WEB_ID,android,1
2024-10-16 13:31:00,82.167.79.0,AAFcvU7LIAoAABO-Xttw5A,7,WEB_ID,android,1
2024-10-16 13:32:00,82.167.79.0,AAFcvU7LIAoAABO-Xttw5A,7,WEB_ID,android,1
2024-10-16 13:32:00,82.167.79.0,AAFcvU7LIAoAABO-Xttw5A,7,WEB_ID,android,1
2024-10-16 13:32:00,82.167.79.0,AAFcvU7LIAoAABO-Xttw5A,7,WEB_ID,android,1
2024-10-16 13:34:00,82.167.79.0,AAFcvU7LIAoAABO-Xttw5A,7,WEB_ID,android,1
2024-10-16 13:42:00,2001:16a4:290::,AAA7PE7OD50AABQ_9xhR4Q,7,WEB_ID,android,1
2024-10-16 16:36:00,2001:16a4:290::,AAA7PE7OD50AABQ_9xhR4Q,7,WEB_ID,android,1
2024-10-16 18:13:00,82.167.79.0,AAFcvU7LIAoAABO-Xttw5A,7,WEB_ID,android,1
2024-10-16 18:13:00,82.167.79.0,AAFcvU7LIAoAABO-Xttw5A,7,WEB_ID,android,1
2024-10-16 18:13:00,82.167.79.0,AAFcvU7LIAoAABO-Xttw5A,7,WEB_ID,android,1
2024-10-16 18:14:00,82.167.79.0,AAFcvU7LIAoAABO-Xttw5A,7,WEB_ID,android,1
2024-10-16 18:16:00,82.167.79.0,AAFcvU7LIAoAABO-Xttw5A,7,WEB_ID,android,1
2024-10-16 18:16:00,82.167.79.0,AAFcvU7LIAoAABO-Xttw5A,7,WEB_ID,android,1
2024-10-16 18:17:00,82.167.79.0,AAFcvU7LIAoAABO-Xttw5A,7,WEB_ID,android,1
2024-10-16 18:20:00,82.167.79.0,AAFcvU7LIAoAABO-Xttw5A,7,WEB_ID,android,1
2024-10-16 18:21:00,82.167.79.0,AAFcvU7LIAoAABO-Xttw5A,7,WEB_ID,android,1
2024-10-16 18:22:00,82.167.79.0,AAFcvU7LIAoAABO-Xttw5A,7,WEB_ID,android,1
2024-10-16 18:22:00,82.167.79.0,AAFcvU7LIAoAABO-Xttw5A,7,WEB_ID,android,1
2024-10-16 18:22:00,82.167.79.0,AAFcvU7LIAoAABO-Xttw5A,7,WEB_ID,android,1
2024-10-16 18:23:00,82.167.79.0,AAFcvU7LIAoAABO-Xttw5A,7,WEB_ID,android,1
2024-10-16 18:23:00,82.167.79.0,AAFcvU7LIAoAABO-Xttw5A,7,WEB_ID,android,1
2024-10-16 18:23:00,82.167.79.0,AAFcvU7LIAoAABO-Xttw5A,7,WEB_ID,android,1
2024-10-16 18:23:00,82.167.79.0,AAFcvU7LIAoAABO-Xttw5A,7,WEB_ID,android,1
2024-10-16 18:23:00,82.167.79.0,AAFcvU7LIAoAABO-Xttw5A,7,WEB_ID,android,1
2024-10-16 18:26:00,82.167.79.0,AAFcvU7LIAoAABO-Xttw5A,7,WEB_ID,android,1
2024-10-16 18:27:00,82.167.79.0,AAFcvU7LIAoAABO-Xttw5A,7,WEB_ID,android,1
2024-10-16 18:27:00,82.167.79.0,AAFcvU7LIAoAABO-Xttw5A,7,WEB_ID,android,1
2024-10-16 18:28:00,82.167.79.0,AAFcvU7LIAoAABO-Xttw5A,7,WEB_ID,android,1
2024-10-16 18:29:00,82.167.79.0,AAFcvU7LIAoAABO-Xttw5A,7,WEB_ID,android,1
2024-10-16 18:29:00,82.167.79.0,AAFcvU7LIAoAABO-Xttw5A,7,WEB_ID,android,1
2024-10-16 18:30:00,82.167.79.0,AAFcvU7LIAoAABO-Xttw5A,7,WEB_ID,android,1
2024-10-16 18:31:00,82.167.79.0,AAFcvU7LIAoAABO-Xttw5A,7,WEB_ID,android,1
2024-10-16 18:31:00,82.167.79.0,AAFcvU7LIAoAABO-Xttw5A,7,WEB_ID,android,1
2024-10-16 18:31:00,82.167.79.0,AAFcvU7LIAoAABO-Xttw5A,7,WEB_ID,android,1
2024-10-16 18:32:00,82.167.79.0,AAFcvU7LIAoAABO-Xttw5A,7,WEB_ID,android,1
2024-10-16 18:32:00,82.167.79.0,AAFcvU7LIAoAABO-Xttw5A,7,WEB_ID,android,1
2024-10-16 18:32:00,82.167.79.0,AAFcvU7LIAoAABO-Xttw5A,7,WEB_ID,android,1
2024-10-16 18:33:00,82.167.79.0,AAFcvU7LIAoAABO-Xttw5A,7,WEB_ID,android,1
2024-10-16 18:33:00,82.167.79.0,AAFcvU7LIAoAABO-Xttw5A,7,WEB_ID,android,1
2024-10-16 18:33:00,82.167.79.0,AAFcvU7LIAoAABO-Xttw5A,7,WEB_ID,android,1
2024-10-16 18:35:00,82.167.79.0,AAFcvU7LIAoAABO-Xttw5A,7,WEB_ID,android,1
2024-10-16 18:35:00,82.167.79.0,AAFcvU7LIAoAABO-Xttw5A,7,WEB_ID,android,1
2024-10-16 18:36:00,82.167.79.0,AAFcvU7LIAoAABO-Xttw5A,7,WEB_ID,android,1
2024-10-16 18:37:00,82.167.79.0,AAFcvU7LIAoAABO-Xttw5A,7,WEB_ID,android,1
2024-10-16 18:37:00,82.167.79.0,AAFcvU7LIAoAABO-Xttw5A,7,WEB_ID,android,1
2024-10-16 18:40:00,82.167.79.0,AAFcvU7LIAoAABO-Xttw5A,7,WEB_ID,android,1
2024-10-16 18:41:00,82.167.79.0,AAFcvU7LIAoAABO-Xttw5A,7,WEB_ID,android,1
2024-10-16 18:44:00,82.167.79.0,AAFcvU7LIAoAABO-Xttw5A,7,WEB_ID,android,1
2024-10-16 18:44:00,82.167.79.0,AAFcvU7LIAoAABO-Xttw5A,7,WEB_ID,android,1
2024-10-16 18:45:00,82.167.79.0,AAFcvU7LIAoAABO-Xttw5A,7,WEB_ID,android,1
2024-10-16 18:45:00,82.167.79.0,AAFcvU7LIAoAABO-Xttw5A,7,WEB_ID,android,1
2024-10-16 18:46:00,82.167.79.0,AAFcvU7LIAoAABO-Xttw5A,7,WEB_ID,android,1
2024-10-16 18:46:00,82.167.79.0,AAFcvU7LIAoAABO-Xttw5A,7,WEB_ID,android,1
2024-10-16 18:47:00,82.167.79.0,AAFcvU7LIAoAABO-Xttw5A,7,WEB_ID,android,1
2024-10-16 18:48:00,82.167.79.0,AAFcvU7LIAoAABO-Xttw5A,7,WEB_ID,android,1
2024-10-16 18:48:00,82.167.79.0,AAFcvU7LIAoAABO-Xttw5A,7,WEB_ID,android,1
2024-10-16 18:48:00,82.167.79.0,AAFcvU7LIAoAABO-Xttw5A,7,WEB_ID,android,1
2024-10-16 18:49:00,82.167.79.0,AAFcvU7LIAoAABO-Xttw5A,7,WEB_ID,android,1
2024-10-16 18:19:00,2a00:5400:f012::,AAKRGE7P9eIAABxfJkTLVA,7,WEB_ID,android,1
2024-10-16 18:19:00,2a00:5400:f012::,AAKRGE7P9eIAABxfJkTLVA,7,WEB_ID,android,1
2024-10-16 18:21:00,2a00:5400:f012::,AAKRGE7P9eIAABxfJkTLVA,7,WEB_ID,android,1
2024-10-16 18:24:00,2a00:5400:f012::,AAKRGE7P9eIAABxfJkTLVA,7,WEB_ID,android,1
2024-10-16 18:28:00,2a00:5400:f012::,AAKRGE7P9eIAABxfJkTLVA,7,WEB_ID,android,1
2024-10-16 18:29:00,2a00:5400:f012::,AAKRGE7P9eIAABxfJkTLVA,7,WEB_ID,android,1
2024-10-16 18:33:00,2a00:5400:f012::,AAKRGE7P9eIAABxfJkTLVA,7,WEB_ID,android,1
2024-10-16 18:34:00,2a00:5400:f012::,AAKRGE7P9eIAABxfJkTLVA,7,WEB_ID,android,1
2024-10-16 18:36:00,2a00:5400:f012::,AAKRGE7P9eIAABxfJkTLVA,7,WEB_ID,android,1
2024-10-16 18:36:00,2a00:5400:f012::,AAKRGE7P9eIAABxfJkTLVA,7,WEB_ID,android,1
2024-10-16 18:37:00,2a00:5400:f012::,AAKRGE7P9eIAABxfJkTLVA,7,WEB_ID,android,1
2024-10-16 18:40:00,2a00:5400:f012::,AAKRGE7P9eIAABxfJkTLVA,7,WEB_ID,android,1
2024-10-16 18:42:00,2a00:5400:f012::,AAKRGE7P9eIAABxfJkTLVA,7,WEB_ID,android,1
2024-10-16 18:42:00,2a00:5400:f012::,AAKRGE7P9eIAABxfJkTLVA,7,WEB_ID,android,1
2024-10-16 18:43:00,2a00:5400:f012::,AAKRGE7P9eIAABxfJkTLVA,7,WEB_ID,android,1
2024-10-16 18:45:00,2a00:5400:f012::,AAKRGE7P9eIAABxfJkTLVA,7,WEB_ID,android,1
2024-10-16 18:47:00,2a00:5400:f012::,AAKRGE7P9eIAABxfJkTLVA,7,WEB_ID,android,1
2024-10-16 18:32:00,2a00:5400:f012::,AAKRGE7P9eIAABxfJkTLVA,7,WEB_ID,android,1
2024-10-16 18:33:00,2a00:5400:f012::,AAKRGE7P9eIAABxfJkTLVA,7,WEB_ID,android,1
2024-10-16 18:34:00,2a00:5400:f012::,AAKRGE7P9eIAABxfJkTLVA,7,WEB_ID,android,1
2024-10-16 18:34:00,2a00:5400:f012::,AAKRGE7P9eIAABxfJkTLVA,7,WEB_ID,android,1
2024-10-16 18:37:00,2a00:5400:f012::,AAKRGE7P9eIAABxfJkTLVA,7,WEB_ID,android,1
2024-10-16 18:39:00,2a00:5400:f012::,AAKRGE7P9eIAABxfJkTLVA,7,WEB_ID,android,1
2024-10-16 18:40:00,2a00:5400:f012::,AAKRGE7P9eIAABxfJkTLVA,7,WEB_ID,android,1
2024-10-16 18:40:00,2a00:5400:f012::,AAKRGE7P9eIAABxfJkTLVA,7,WEB_ID,android,1
2024-10-16 18:41:00,2a00:5400:f012::,AAKRGE7P9eIAABxfJkTLVA,7,WEB_ID,android,1
2024-10-16 19:26:00,2a00:5400:f012::,AAKRGE7P9eIAABxfJkTLVA,7,WEB_ID,android,1
2024-10-16 20:08:00,2a00:5400:f012::,AAKRGE7P9eIAABxfJkTLVA,7,WEB_ID,android,1
2024-10-16 20:12:00,2a00:5400:f012::,AAKRGE7P9eIAABxfJkTLVA,7,WEB_ID,android,1
2024-10-16 20:12:00,2a00:5400:f012::,AAKRGE7P9eIAABxfJkTLVA,7,WEB_ID,android,1
2024-10-16 20:13:00,2a00:5400:f012::,AAKRGE7P9eIAABxfJkTLVA,7,WEB_ID,android,1
2024-10-16 20:13:00,2a00:5400:f012::,AAKRGE7P9eIAABxfJkTLVA,7,WEB_ID,android,1
2024-10-16 20:14:00,2a00:5400:f012::,AAKRGE7P9eIAABxfJkTLVA,7,WEB_ID,android,1
2024-10-16 20:17:00,2a00:5400:f012::,AAKRGE7P9eIAABxfJkTLVA,7,WEB_ID,android,1
2024-10-16 20:18:00,2a00:5400:f012::,AAKRGE7P9eIAABxfJkTLVA,7,WEB_ID,android,1
2024-10-16 20:19:00,2a00:5400:f012::,AAKRGE7P9eIAABxfJkTLVA,7,WEB_ID,android,1
2024-10-16 20:23:00,2a00:5400:f012::,AAKRGE7P9eIAABxfJkTLVA,7,WEB_ID,android,1
2024-10-16 20:24:00,2a00:5400:f012::,AAKRGE7P9eIAABxfJkTLVA,7,WEB_ID,android,1
2024-10-16 20:27:00,2a00:5400:f012::,AAKRGE7P9eIAABxfJkTLVA,7,WEB_ID,android,1
2024-10-16 20:28:00,2a00:5400:f012::,AAKRGE7P9eIAABxfJkTLVA,7,WEB_ID,android,1
2024-10-16 20:30:00,2a00:5400:f012::,AAKRGE7P9eIAABxfJkTLVA,7,WEB_ID,android,1
2024-10-16 20:32:00,2a00:5400:f012::,AAKRGE7P9eIAABxfJkTLVA,7,WEB_ID,android,1
2024-10-16 20:34:00,2a00:5400:f012::,AAKRGE7P9eIAABxfJkTLVA,7,WEB_ID,android,1
2024-10-16 20:34:00,2a00:5400:f012::,AAKRGE7P9eIAABxfJkTLVA,7,WEB_ID,android,1
2024-10-16 20:37:00,2a00:5400:f012::,AAKRGE7P9eIAABxfJkTLVA,7,WEB_ID,android,1
2024-10-16 20:39:00,2a00:5400:f012::,AAKRGE7P9eIAABxfJkTLVA,7,WEB_ID,android,1
2024-10-16 20:58:00,2a00:5400:f012::,AAKRGE7P9eIAABxfJkTLVA,7,WEB_ID,android,1
2024-10-16 21:02:00,2a00:5400:f012::,AAKRGE7P9eIAABxfJkTLVA,7,WEB_ID,android,1
2024-10-16 21:04:00,2a00:5400:f012::,AAKRGE7P9eIAABxfJkTLVA,7,WEB_ID,android,1
2024-10-17 08:41:00,82.167.79.0,AAFcvU7LIAoAABO-Xttw5A,7,WEB_ID,android,1
2024-10-17 08:41:00,82.167.79.0,AAFcvU7LIAoAABO-Xttw5A,7,WEB_ID,android,1
2024-10-17 08:43:00,82.167.79.0,AAFcvU7LIAoAABO-Xttw5A,7,WEB_ID,android,1
2024-10-17 08:50:00,82.167.79.0,AAFcvU7LIAoAABO-Xttw5A,7,WEB_ID,android,1
2024-10-17 08:52:00,82.167.79.0,AAFcvU7LIAoAABO-Xttw5A,7,WEB_ID,android,1
2024-10-17 08:55:00,82.167.79.0,AAFcvU7LIAoAABO-Xttw5A,7,WEB_ID,android,1
2024-10-17 08:56:00,82.167.79.0,AAFcvU7LIAoAABO-Xttw5A,7,WEB_ID,android,1
2024-10-17 08:56:00,82.167.79.0,AAFcvU7LIAoAABO-Xttw5A,7,WEB_ID,android,1
2024-10-17 08:57:00,82.167.79.0,AAFcvU7LIAoAABO-Xttw5A,7,WEB_ID,android,1
2024-10-17 08:57:00,82.167.79.0,AAFcvU7LIAoAABO-Xttw5A,7,WEB_ID,android,1
2024-10-17 08:57:00,82.167.79.0,AAFcvU7LIAoAABO-Xttw5A,7,WEB_ID,android,1
2024-10-17 09:03:00,82.167.79.0,AAFcvU7LIAoAABO-Xttw5A,7,WEB_ID,android,1
2024-10-17 09:05:00,82.167.79.0,AAFcvU7LIAoAABO-Xttw5A,7,WEB_ID,android,1
2024-10-17 09:09:00,82.167.79.0,AAFcvU7LIAoAABO-Xttw5A,7,WEB_ID,android,1
2024-10-17 09:10:00,82.167.79.0,AAFcvU7LIAoAABO-Xttw5A,7,WEB_ID,android,1
2024-10-17 09:14:00,82.167.79.0,AAFcvU7LIAoAABO-Xttw5A,7,WEB_ID,android,1
2024-10-17 09:17:00,82.167.79.0,AAFcvU7LIAoAABO-Xttw5A,7,WEB_ID,android,1
2024-10-17 09:20:00,82.167.79.0,AAFcvU7LIAoAABO-Xttw5A,7,WEB_ID,android,1
2024-10-17 09:21:00,82.167.79.0,AAFcvU7LIAoAABO-Xttw5A,7,WEB_ID,android,1
2024-10-17 09:23:00,82.167.79.0,AAFcvU7LIAoAABO-Xttw5A,7,WEB_ID,android,1
2024-10-17 09:24:00,82.167.79.0,AAFcvU7LIAoAABO-Xttw5A,7,WEB_ID,android,1
2024-10-17 09:24:00,82.167.79.0,AAFcvU7LIAoAABO-Xttw5A,7,WEB_ID,android,1
2024-10-17 09:25:00,82.167.79.0,AAFcvU7LIAoAABO-Xttw5A,7,WEB_ID,android,1
2024-10-17 09:25:00,82.167.79.0,AAFcvU7LIAoAABO-Xttw5A,7,WEB_ID,android,1
2024-10-17 09:25:00,82.167.79.0,AAFcvU7LIAoAABO-Xttw5A,7,WEB_ID,android,1
2024-10-17 09:26:00,82.167.79.0,AAFcvU7LIAoAABO-Xttw5A,7,WEB_ID,android,1
2024-10-17 09:26:00,82.167.79.0,AAFcvU7LIAoAABO-Xttw5A,7,WEB_ID,android,1
2024-10-17 09:26:00,82.167.79.0,AAFcvU7LIAoAABO-Xttw5A,7,WEB_ID,android,1
2024-10-17 09:46:00,2a00:5400:f012::,AAKRGE7P9eIAABxfJkTLVA,7,WEB_ID,android,1
2024-10-17 10:06:00,2a00:5400:f012::,AAKRGE7P9eIAABxfJkTLVA,7,WEB_ID,android,1
2024-10-17 10:09:00,2a00:5400:f012::,AAKRGE7P9eIAABxfJkTLVA,7,WEB_ID,android,1
2024-10-17 10:17:00,2a00:5400:f012::,AAKRGE7P9eIAABxfJkTLVA,7,WEB_ID,android,1
2024-10-17 10:24:00,2a00:5400:f012::,AAKRGE7P9eIAABxfJkTLVA,7,WEB_ID,android,1
2024-10-17 10:27:00,2a00:5400:f012::,AAKRGE7P9eIAABxfJkTLVA,7,WEB_ID,android,1
2024-10-17 10:41:00,2a00:5400:f012::,AAKRGE7P9eIAABxfJkTLVA,7,WEB_ID,android,1
2024-10-17 10:45:00,2a00:5400:f012::,AAKRGE7P9eIAABxfJkTLVA,7,WEB_ID,android,1
2024-10-17 10:32:00,2a00:5400:f012::,AAKRGE7P9eIAABxfJkTLVA,7,WEB_ID,android,1
2024-10-17 10:37:00,2a00:5400:f012::,AAKRGE7P9eIAABxfJkTLVA,7,WEB_ID,android,1
2024-10-17 10:40:00,2a00:5400:f012::,AAKRGE7P9eIAABxfJkTLVA,7,WEB_ID,android,1
2024-10-17 10:41:00,46.143.162.0,AAKRGE7P9eIAABxfJkTLVA,7,WEB_ID,android,1
2024-10-17 10:46:00,2a00:5400:f012::,AAKRGE7P9eIAABxfJkTLVA,7,WEB_ID,android,1
2024-10-17 10:46:00,2a00:5400:f012::,AAKRGE7P9eIAABxfJkTLVA,7,WEB_ID,android,1
2024-10-17 10:46:00,2a00:5400:f012::,AAKRGE7P9eIAABxfJkTLVA,7,WEB_ID,android,1
2024-10-17 10:48:00,2a00:5400:f012::,AAKRGE7P9eIAABxfJkTLVA,7,WEB_ID,android,1
2024-10-17 10:53:00,46.143.162.0,AAKRGE7P9eIAABxfJkTLVA,7,WEB_ID,android,1
2024-10-17 10:55:00,2a00:5400:f012::,AAKRGE7P9eIAABxfJkTLVA,7,WEB_ID,android,1
2024-10-17 11:00:00,2a00:5400:f012::,AAKRGE7P9eIAABxfJkTLVA,7,WEB_ID,android,1
2024-10-17 11:05:00,2a00:5400:f012::,AAKRGE7P9eIAABxfJkTLVA,7,WEB_ID,android,1
2024-10-17 16:16:00,82.167.79.0,AAFcvU7LIAoAABO-Xttw5A,7,WEB_ID,android,1
2024-10-17 16:21:00,82.167.79.0,AAFcvU7LIAoAABO-Xttw5A,7,WEB_ID,android,1
2024-10-17 16:21:00,82.167.79.0,AAFcvU7LIAoAABO-Xttw5A,7,WEB_ID,android,1
2024-10-17 16:21:00,82.167.79.0,AAFcvU7LIAoAABO-Xttw5A,7,WEB_ID,android,1
2024-10-17 16:22:00,82.167.79.0,AAFcvU7LIAoAABO-Xttw5A,7,WEB_ID,android,1
2024-10-17 16:22:00,82.167.79.0,AAFcvU7LIAoAABO-Xttw5A,7,WEB_ID,android,1
2024-10-17 16:23:00,82.167.79.0,AAFcvU7LIAoAABO-Xttw5A,7,WEB_ID,android,1
2024-10-17 16:23:00,82.167.79.0,AAFcvU7LIAoAABO-Xttw5A,7,WEB_ID,android,1
2024-10-17 16:25:00,82.167.79.0,AAFcvU7LIAoAABO-Xttw5A,7,WEB_ID,android,1
2024-10-17 16:25:00,82.167.79.0,AAFcvU7LIAoAABO-Xttw5A,7,WEB_ID,android,1
2024-10-17 16:26:00,82.167.79.0,AAFcvU7LIAoAABO-Xttw5A,7,WEB_ID,android,1
2024-10-17 16:26:00,82.167.79.0,AAFcvU7LIAoAABO-Xttw5A,7,WEB_ID,android,1
2024-10-17 16:29:00,82.167.79.0,AAFcvU7LIAoAABO-Xttw5A,7,WEB_ID,android,1
2024-10-17 16:35:00,82.167.79.0,AAFcvU7LIAoAABO-Xttw5A,7,WEB_ID,android,1
2024-10-17 16:35:00,82.167.79.0,AAFcvU7LIAoAABO-Xttw5A,7,WEB_ID,android,1
2024-10-17 16:35:00,82.167.79.0,AAFcvU7LIAoAABO-Xttw5A,7,WEB_ID,android,1
2024-10-17 16:35:00,82.167.79.0,AAFcvU7LIAoAABO-Xttw5A,7,WEB_ID,android,1
2024-10-17 16:36:00,82.167.79.0,AAFcvU7LIAoAABO-Xttw5A,7,WEB_ID,android,1
2024-10-17 16:36:00,82.167.79.0,AAFcvU7LIAoAABO-Xttw5A,7,WEB_ID,android,1
2024-10-17 16:36:00,82.167.79.0,AAFcvU7LIAoAABO-Xttw5A,7,WEB_ID,android,1
2024-10-17 16:37:00,82.167.79.0,AAFcvU7LIAoAABO-Xttw5A,7,WEB_ID,android,1
2024-10-17 16:37:00,82.167.79.0,AAFcvU7LIAoAABO-Xttw5A,7,WEB_ID,android,1
2024-10-17 16:38:00,82.167.79.0,AAFcvU7LIAoAABO-Xttw5A,7,WEB_ID,android,1
2024-10-17 16:42:00,82.167.79.0,AAFcvU7LIAoAABO-Xttw5A,7,WEB_ID,android,1
2024-10-17 18:04:00,82.167.79.0,AAFcvU7LIAoAABO-Xttw5A,7,WEB_ID,android,1
2024-10-17 18:04:00,2a00:5400:f012::,AAKRGE7P9eIAABxfJkTLVA,7,WEB_ID,android,1
2024-10-17 18:07:00,2a00:5400:f012::,AAKRGE7P9eIAABxfJkTLVA,7,WEB_ID,android,1
2024-10-17 18:07:00,2a00:5400:f012::,AAKRGE7P9eIAABxfJkTLVA,7,WEB_ID,android,1
2024-10-17 18:07:00,2a00:5400:f012::,AAKRGE7P9eIAABxfJkTLVA,7,WEB_ID,android,1
2024-10-17 18:13:00,2a00:5400:f012::,AAKRGE7P9eIAABxfJkTLVA,7,WEB_ID,android,1
2024-10-17 18:20:00,2a00:5400:f012::,AAKRGE7P9eIAABxfJkTLVA,7,WEB_ID,android,1
2024-10-17 18:24:00,82.167.79.0,AAFcvU7LIAoAABO-Xttw5A,7,WEB_ID,android,1
2024-10-17 18:26:00,82.167.79.0,AAFcvU7LIAoAABO-Xttw5A,7,WEB_ID,android,1
2024-10-17 18:27:00,82.167.79.0,AAFcvU7LIAoAABO-Xttw5A,7,WEB_ID,android,1
2024-10-17 18:35:00,2a00:5400:f012::,AAKRGE7P9eIAABxfJkTLVA,7,WEB_ID,android,1
2024-10-18 08:07:00,82.167.79.0,AAFcvU7LIAoAABO-Xttw5A,7,WEB_ID,android,1
2024-10-18 08:07:00,82.167.79.0,AAFcvU7LIAoAABO-Xttw5A,7,WEB_ID,android,1
2024-10-18 08:30:00,2a00:5400:f012::,AAKRGE7P9eIAABxfJkTLVA,7,WEB_ID,android,1
2024-10-18 08:38:00,2a00:5400:f012::,AAKRGE7P9eIAABxfJkTLVA,7,WEB_ID,android,1
2024-10-18 09:15:00,82.167.79.0,AAFcvU7LIAoAABO-Xttw5A,7,WEB_ID,android,1
2024-10-18 09:17:00,82.167.79.0,AAFcvU7LIAoAABO-Xttw5A,7,WEB_ID,android,1
2024-10-18 09:17:00,82.167.79.40,AAFcvU7LIAoAABO-Xttw5A,7,WEB_ID,android,1
2024-10-18 09:17:00,82.167.79.40,AAFcvU7LIAoAABO-Xttw5A,7,WEB_ID,android,1
2024-10-18 09:17:00,82.167.79.40,AAFcvU7LIAoAABO-Xttw5A,7,WEB_ID,android,1
2024-10-18 09:19:00,82.167.79.40,AAFcvU7LIAoAABO-Xttw5A,7,WEB_ID,android,1
2024-10-18 09:19:00,82.167.79.40,AAFcvU7LIAoAABO-Xttw5A,7,WEB_ID,android,1
2024-10-18 09:19:00,82.167.79.40,AAFcvU7LIAoAABO-Xttw5A,7,WEB_ID,android,1
2024-10-18 09:19:00,82.167.79.40,AAFcvU7LIAoAABO-Xttw5A,7,WEB_ID,android,1
2024-10-18 09:21:00,82.167.79.40,AAFcvU7LIAoAABO-Xttw5A,7,WEB_ID,android,1
2024-10-18 09:22:00,82.167.79.40,AAFcvU7LIAoAABO-Xttw5A,7,WEB_ID,android,1
2024-10-18 09:23:00,82.167.79.40,AAFcvU7LIAoAABO-Xttw5A,7,WEB_ID,android,1
2024-10-18 09:23:00,82.167.79.40,AAFcvU7LIAoAABO-Xttw5A,7,WEB_ID,android,1
2024-10-18 09:24:00,82.167.79.40,AAFcvU7LIAoAABO-Xttw5A,7,WEB_ID,android,1
2024-10-18 09:24:00,82.167.79.40,AAFcvU7LIAoAABO-Xttw5A,7,WEB_ID,android,1
2024-10-18 09:24:00,82.167.79.40,AAFcvU7LIAoAABO-Xttw5A,7,WEB_ID,android,1
2024-10-18 09:29:00,82.167.79.40,AAFcvU7LIAoAABO-Xttw5A,7,WEB_ID,android,1
2024-10-18 09:30:00,82.167.79.40,AAFcvU7LIAoAABO-Xttw5A,7,WEB_ID,android,1
2024-10-18 09:31:00,82.167.79.40,AAFcvU7LIAoAABO-Xttw5A,7,WEB_ID,android,1
2024-10-18 09:45:00,2a00:5400:f012::,AAKRGE7P9eIAABxfJkTLVA,7,WEB_ID,android,1
2024-10-18 09:47:00,2a00:5400:f012::,AAKRGE7P9eIAABxfJkTLVA,7,WEB_ID,android,1
2024-10-18 09:50:00,2a00:5400:f012::,AAKRGE7P9eIAABxfJkTLVA,7,WEB_ID,android,1
2024-10-18 09:52:00,2a00:5400:f012::,AAKRGE7P9eIAABxfJkTLVA,7,WEB_ID,android,1
2024-10-18 09:54:00,2a00:5400:f012::,AAKRGE7P9eIAABxfJkTLVA,7,WEB_ID,android,1
2024-10-18 09:55:00,2a00:5400:f012::,AAKRGE7P9eIAABxfJkTLVA,7,WEB_ID,android,1
2024-10-18 09:56:00,2a00:5400:f012::,AAKRGE7P9eIAABxfJkTLVA,7,WEB_ID,android,1
2024-10-18 09:56:00,2a00:5400:f012::,AAKRGE7P9eIAABxfJkTLVA,7,WEB_ID,android,1
2024-10-18 09:56:00,2a00:5400:f012::,AAKRGE7P9eIAABxfJkTLVA,7,WEB_ID,android,1
2024-10-18 10:01:00,2a00:5400:f012::,AAKRGE7P9eIAABxfJkTLVA,7,WEB_ID,android,1
2024-10-18 10:02:00,2a00:5400:f012::,AAKRGE7P9eIAABxfJkTLVA,7,WEB_ID,android,1
2024-10-18 10:03:00,2a00:5400:f012::,AAKRGE7P9eIAABxfJkTLVA,7,WEB_ID,android,1
2024-10-18 10:04:00,2a00:5400:f012::,AAKRGE7P9eIAABxfJkTLVA,7,WEB_ID,android,1
2024-10-18 10:11:00,2a00:5400:f012::,AAKRGE7P9eIAABxfJkTLVA,7,WEB_ID,android,1
2024-10-18 10:13:00,2a00:5400:f012::,AAKRGE7P9eIAABxfJkTLVA,7,WEB_ID,android,1
2024-10-18 10:13:00,2a00:5400:f012::,AAKRGE7P9eIAABxfJkTLVA,7,WEB_ID,android,1
2024-10-18 10:53:00,2a00:5400:f012::,AAKRGE7P9eIAABxfJkTLVA,7,WEB_ID,android,1
2024-10-18 10:55:00,2a00:5400:f012::,AAKRGE7P9eIAABxfJkTLVA,7,WEB_ID,android,1
2024-10-18 11:24:00,82.167.79.40,AAFcvU7LIAoAABO-Xttw5A,7,WEB_ID,android,1
2024-10-18 11:27:00,82.167.79.40,AAFcvU7LIAoAABO-Xttw5A,7,WEB_ID,android,1
2024-10-18 11:30:00,82.167.79.40,AAFcvU7LIAoAABO-Xttw5A,7,WEB_ID,android,1
2024-10-18 11:31:00,82.167.79.40,AAFcvU7LIAoAABO-Xttw5A,7,WEB_ID,android,1
2024-10-18 11:32:00,82.167.79.40,AAFcvU7LIAoAABO-Xttw5A,7,WEB_ID,android,1
2024-10-18 11:33:00,82.167.79.40,AAFcvU7LIAoAABO-Xttw5A,7,WEB_ID,android,1
2024-10-18 11:34:00,82.167.79.40,AAFcvU7LIAoAABO-Xttw5A,7,WEB_ID,android,1
2024-10-18 11:34:00,82.167.79.40,AAFcvU7LIAoAABO-Xttw5A,7,WEB_ID,android,1
2024-10-18 11:36:00,82.167.79.40,AAFcvU7LIAoAABO-Xttw5A,7,WEB_ID,android,1
2024-10-18 11:37:00,82.167.79.40,AAFcvU7LIAoAABO-Xttw5A,7,WEB_ID,android,1
2024-10-18 11:38:00,82.167.79.40,AAFcvU7LIAoAABO-Xttw5A,7,WEB_ID,android,1
2024-10-18 11:39:00,82.167.79.40,AAFcvU7LIAoAABO-Xttw5A,7,WEB_ID,android,1
2024-10-18 11:39:00,82.167.79.40,AAFcvU7LIAoAABO-Xttw5A,7,WEB_ID,android,1
2024-10-18 11:39:00,82.167.79.40,AAFcvU7LIAoAABO-Xttw5A,7,WEB_ID,android,1
2024-10-18 11:40:00,82.167.79.40,AAFcvU7LIAoAABO-Xttw5A,7,WEB_ID,android,1
2024-10-18 11:40:00,82.167.79.40,AAFcvU7LIAoAABO-Xttw5A,7,WEB_ID,android,1
2024-10-18 11:41:00,82.167.79.40,AAFcvU7LIAoAABO-Xttw5A,7,WEB_ID,android,1
2024-10-18 11:41:00,82.167.79.40,AAFcvU7LIAoAABO-Xttw5A,7,WEB_ID,android,1
2024-10-18 11:41:00,82.167.79.40,AAFcvU7LIAoAABO-Xttw5A,7,WEB_ID,android,1
2024-10-18 11:42:00,82.167.79.40,AAFcvU7LIAoAABO-Xttw5A,7,WEB_ID,android,1
2024-10-18 11:43:00,82.167.79.40,AAFcvU7LIAoAABO-Xttw5A,7,WEB_ID,android,1
2024-10-18 11:44:00,82.167.79.40,AAFcvU7LIAoAABO-Xttw5A,7,WEB_ID,android,1
2024-10-18 11:44:00,82.167.79.40,AAFcvU7LIAoAABO-Xttw5A,7,WEB_ID,android,1
2024-10-18 11:45:00,82.167.79.40,AAFcvU7LIAoAABO-Xttw5A,7,WEB_ID,android,1
2024-10-18 11:46:00,82.167.79.40,AAFcvU7LIAoAABO-Xttw5A,7,WEB_ID,android,1
2024-10-18 11:46:00,82.167.79.40,AAFcvU7LIAoAABO-Xttw5A,7,WEB_ID,android,1
2024-10-18 11:46:00,82.167.79.40,AAFcvU7LIAoAABO-Xttw5A,7,WEB_ID,android,1
2024-10-18 11:47:00,82.167.79.40,AAFcvU7LIAoAABO-Xttw5A,7,WEB_ID,android,1
2024-10-18 11:47:00,82.167.79.40,AAFcvU7LIAoAABO-Xttw5A,7,WEB_ID,android,1
2024-10-18 11:47:00,82.167.79.40,AAFcvU7LIAoAABO-Xttw5A,7,WEB_ID,android,1
2024-10-18 11:47:00,82.167.79.40,AAFcvU7LIAoAABO-Xttw5A,7,WEB_ID,android,1
2024-10-18 11:48:00,82.167.79.40,AAFcvU7LIAoAABO-Xttw5A,7,WEB_ID,android,1
2024-10-18 11:48:00,82.167.79.40,AAFcvU7LIAoAABO-Xttw5A,7,WEB_ID,android,1
2024-10-18 11:48:00,82.167.79.40,AAFcvU7LIAoAABO-Xttw5A,7,WEB_ID,android,1
2024-10-18 11:49:00,82.167.79.40,AAFcvU7LIAoAABO-Xttw5A,7,WEB_ID,android,1
2024-10-18 11:49:00,82.167.79.40,AAFcvU7LIAoAABO-Xttw5A,7,WEB_ID,android,1
2024-10-18 11:50:00,82.167.79.40,AAFcvU7LIAoAABO-Xttw5A,7,WEB_ID,android,1
2024-10-18 11:50:00,82.167.79.40,AAFcvU7LIAoAABO-Xttw5A,7,WEB_ID,android,1
2024-10-18 11:52:00,82.167.79.40,AAFcvU7LIAoAABO-Xttw5A,7,WEB_ID,android,1
2024-10-18 11:53:00,82.167.79.40,AAFcvU7LIAoAABO-Xttw5A,7,WEB_ID,android,1
2024-10-18 16:25:00,82.167.79.40,AAFcvU7LIAoAABO-Xttw5A,7,WEB_ID,android,1
2024-10-18 16:27:00,82.167.79.40,AAFcvU7LIAoAABO-Xttw5A,7,WEB_ID,android,1
2024-10-18 16:27:00,82.167.79.40,AAFcvU7LIAoAABO-Xttw5A,7,WEB_ID,android,1
2024-10-18 16:44:00,2a00:5400:f012::,AAKRGE7P9eIAABxfJkTLVA,7,WEB_ID,android,1
2024-10-18 17:04:00,2a00:5400:f012::,AAKRGE7P9eIAABxfJkTLVA,7,WEB_ID,android,1
2024-10-18 17:07:00,2a00:5400:f012::,AAKRGE7P9eIAABxfJkTLVA,7,WEB_ID,android,1
2024-10-18 17:09:00,2a00:5400:f012::,AAKRGE7P9eIAABxfJkTLVA,7,WEB_ID,android,1
2024-10-18 17:10:00,2a00:5400:f012::,AAKRGE7P9eIAABxfJkTLVA,7,WEB_ID,android,1
2024-10-18 17:13:00,2a00:5400:f012::,AAKRGE7P9eIAABxfJkTLVA,7,WEB_ID,android,1
2024-10-18 17:15:00,2a00:5400:f012::,AAKRGE7P9eIAABxfJkTLVA,7,WEB_ID,android,1
2024-10-18 17:16:00,2a00:5400:f012::,AAKRGE7P9eIAABxfJkTLVA,7,WEB_ID,android,1
2024-10-18 17:18:00,2a00:5400:f012::,AAKRGE7P9eIAABxfJkTLVA,7,WEB_ID,android,1
2024-10-19 11:57:00,82.167.79.40,AAFcvU7LIAoAABO-Xttw5A,7,WEB_ID,android,1
2024-10-19 12:04:00,82.167.79.40,AAFcvU7LIAoAABO-Xttw5A,7,WEB_ID,android,1
2024-10-19 12:05:00,82.167.79.40,AAFcvU7LIAoAABO-Xttw5A,7,WEB_ID,android,1
2024-10-19 12:07:00,82.167.79.40,AAFcvU7LIAoAABO-Xttw5A,7,WEB_ID,android,1
2024-10-19 12:09:00,82.167.79.40,AAFcvU7LIAoAABO-Xttw5A,7,WEB_ID,android,1
2024-10-19 12:13:00,82.167.79.40,AAFcvU7LIAoAABO-Xttw5A,7,WEB_ID,android,1
2024-10-19 15:42:00,82.167.79.40,AAFcvU7LIAoAABO-Xttw5A,7,WEB_ID,android,1
2024-10-19 15:43:00,82.167.79.40,AAFcvU7LIAoAABO-Xttw5A,7,WEB_ID,android,1
2024-10-19 15:43:00,82.167.79.40,AAFcvU7LIAoAABO-Xttw5A,7,WEB_ID,android,1
2024-10-19 15:44:00,82.167.79.40,AAFcvU7LIAoAABO-Xttw5A,7,WEB_ID,android,1
2024-10-19 15:48:00,82.167.79.40,AAFcvU7LIAoAABO-Xttw5A,7,WEB_ID,android,1
2024-10-19 15:50:00,82.167.79.40,AAFcvU7LIAoAABO-Xttw5A,7,WEB_ID,android,1
2024-10-19 15:52:00,82.167.79.40,AAFcvU7LIAoAABO-Xttw5A,7,WEB_ID,android,1
2024-10-19 15:54:00,82.167.79.40,AAFcvU7LIAoAABO-Xttw5A,7,WEB_ID,android,1
2024-10-19 15:54:00,82.167.79.40,AAFcvU7LIAoAABO-Xttw5A,7,WEB_ID,android,1
2024-10-19 15:56:00,82.167.79.40,AAFcvU7LIAoAABO-Xttw5A,7,WEB_ID,android,1
2024-10-19 15:58:00,82.167.79.40,AAFcvU7LIAoAABO-Xttw5A,7,WEB_ID,android,1
2024-10-19 16:01:00,82.167.79.40,AAFcvU7LIAoAABO-Xttw5A,7,WEB_ID,android,1
2024-10-19 15:54:00,2a00:5400:f012::,AAKRGE7P9eIAABxfJkTLVA,7,WEB_ID,android,1
2024-10-19 15:57:00,2a00:5400:f012::,AAKRGE7P9eIAABxfJkTLVA,7,WEB_ID,android,1
2024-10-19 16:00:00,2a00:5400:f012::,AAKRGE7P9eIAABxfJkTLVA,7,WEB_ID,android,1
2024-10-19 16:02:00,2a00:5400:f012::,AAKRGE7P9eIAABxfJkTLVA,7,WEB_ID,android,1
2024-10-19 16:03:00,2a00:5400:f012::,AAKRGE7P9eIAABxfJkTLVA,7,WEB_ID,android,1
2024-10-19 16:05:00,2a00:5400:f012::,AAKRGE7P9eIAABxfJkTLVA,7,WEB_ID,android,1
2024-10-19 16:14:00,2a00:5400:f012::,AAKRGE7P9eIAABxfJkTLVA,7,WEB_ID,android,1
2024-10-19 16:18:00,2a00:5400:f012::,AAKRGE7P9eIAABxfJkTLVA,7,WEB_ID,android,1
2024-10-19 16:19:00,2a00:5400:f012::,AAKRGE7P9eIAABxfJkTLVA,7,WEB_ID,android,1
2024-10-19 16:20:00,2a00:5400:f012::,AAKRGE7P9eIAABxfJkTLVA,7,WEB_ID,android,1
2024-10-19 16:21:00,2a00:5400:f012::,AAKRGE7P9eIAABxfJkTLVA,7,WEB_ID,android,1
2024-10-19 16:21:00,2a00:5400:f012::,AAKRGE7P9eIAABxfJkTLVA,7,WEB_ID,android,1
2024-10-19 16:23:00,2a00:5400:f012::,AAKRGE7P9eIAABxfJkTLVA,7,WEB_ID,android,1
2024-10-19 16:24:00,2a00:5400:f012::,AAKRGE7P9eIAABxfJkTLVA,7,WEB_ID,android,1
2024-10-19 16:32:00,82.167.79.40,AAFcvU7LIAoAABO-Xttw5A,7,WEB_ID,android,1
2024-10-19 17:23:00,2a00:5400:f012::,AAKRGE7P9eIAABxfJkTLVA,7,WEB_ID,android,1
2024-10-19 17:26:00,2a00:5400:f012::,AAKRGE7P9eIAABxfJkTLVA,7,WEB_ID,android,1
2024-10-19 17:28:00,2a00:5400:f012::,AAKRGE7P9eIAABxfJkTLVA,7,WEB_ID,android,1
2024-10-19 17:31:00,2a00:5400:f012::,AAKRGE7P9eIAABxfJkTLVA,7,WEB_ID,android,1
2024-10-19 17:33:00,2a00:5400:f012::,AAKRGE7P9eIAABxfJkTLVA,7,WEB_ID,android,1
2024-10-19 17:35:00,2a00:5400:f012::,AAKRGE7P9eIAABxfJkTLVA,7,WEB_ID,android,1
2024-10-19 17:53:00,2a00:5400:f012::,AAKRGE7P9eIAABxfJkTLVA,7,WEB_ID,android,1
2024-10-19 17:54:00,2a00:5400:f012::,AAKRGE7P9eIAABxfJkTLVA,7,WEB_ID,android,1
2024-10-19 17:54:00,2a00:5400:f012::,AAKRGE7P9eIAABxfJkTLVA,7,WEB_ID,android,1
2024-10-19 18:00:00,2a00:5400:f012::,AAKRGE7P9eIAABxfJkTLVA,7,WEB_ID,android,1
2024-10-19 18:01:00,2a00:5400:f012::,AAKRGE7P9eIAABxfJkTLVA,7,WEB_ID,android,1
2024-10-19 18:02:00,2a00:5400:f012::,AAKRGE7P9eIAABxfJkTLVA,7,WEB_ID,android,1
2024-10-19 18:03:00,2a00:5400:f012::,AAKRGE7P9eIAABxfJkTLVA,7,WEB_ID,android,1
2024-10-19 19:00:00,2a00:5400:f012::,AAKRGE7P9eIAABxfJkTLVA,7,WEB_ID,android,1
2024-10-19 19:01:00,2a00:5400:f012::,AAKRGE7P9eIAABxfJkTLVA,7,WEB_ID,android,1
2024-10-19 19:02:00,2a00:5400:f012::,AAKRGE7P9eIAABxfJkTLVA,7,WEB_ID,android,1
2024-10-19 19:05:00,2a00:5400:f012::,AAKRGE7P9eIAABxfJkTLVA,7,WEB_ID,android,1
2024-10-19 19:05:00,2a00:5400:f012::,AAKRGE7P9eIAABxfJkTLVA,7,WEB_ID,android,1
2024-10-19 19:26:00,82.167.79.40,AAFcvU7LIAoAABO-Xttw5A,7,WEB_ID,android,1
2024-10-19 19:28:00,82.167.79.40,AAFcvU7LIAoAABO-Xttw5A,7,WEB_ID,android,1
2024-10-19 19:28:00,82.167.79.40,AAFcvU7LIAoAABO-Xttw5A,7,WEB_ID,android,1
2024-10-19 19:28:00,82.167.79.40,AAFcvU7LIAoAABO-Xttw5A,7,WEB_ID,android,1
2024-10-19 19:29:00,82.167.79.40,AAFcvU7LIAoAABO-Xttw5A,7,WEB_ID,android,1
2024-10-19 19:30:00,82.167.79.40,AAFcvU7LIAoAABO-Xttw5A,7,WEB_ID,android,1
2024-10-19 19:31:00,82.167.79.40,AAFcvU7LIAoAABO-Xttw5A,7,WEB_ID,android,1
2024-10-19 19:32:00,82.167.79.40,AAFcvU7LIAoAABO-Xttw5A,7,WEB_ID,android,1
2024-10-19 19:34:00,82.167.79.40,AAFcvU7LIAoAABO-Xttw5A,7,WEB_ID,android,1
2024-10-19 19:34:00,82.167.79.40,AAFcvU7LIAoAABO-Xttw5A,7,WEB_ID,android,1
2024-10-19 19:35:00,82.167.79.40,AAFcvU7LIAoAABO-Xttw5A,7,WEB_ID,android,1
2024-10-19 19:37:00,82.167.79.40,AAFcvU7LIAoAABO-Xttw5A,7,WEB_ID,android,1
2024-10-19 19:38:00,82.167.79.40,AAFcvU7LIAoAABO-Xttw5A,7,WEB_ID,android,1
2024-10-19 19:39:00,82.167.79.40,AAFcvU7LIAoAABO-Xttw5A,7,WEB_ID,android,1
2024-10-19 19:40:00,82.167.79.40,AAFcvU7LIAoAABO-Xttw5A,7,WEB_ID,android,1
2024-10-19 19:40:00,82.167.79.40,AAFcvU7LIAoAABO-Xttw5A,7,WEB_ID,android,1
2024-10-19 19:41:00,82.167.79.40,AAFcvU7LIAoAABO-Xttw5A,7,WEB_ID,android,1
2024-10-19 19:42:00,82.167.79.40,AAFcvU7LIAoAABO-Xttw5A,7,WEB_ID,android,1
2024-10-19 19:43:00,82.167.79.40,AAFcvU7LIAoAABO-Xttw5A,7,WEB_ID,android,1
2024-10-19 19:45:00,82.167.79.40,AAFcvU7LIAoAABO-Xttw5A,7,WEB_ID,android,1
2024-10-19 19:45:00,82.167.79.40,AAFcvU7LIAoAABO-Xttw5A,7,WEB_ID,android,1
2024-10-19 19:45:00,82.167.79.40,AAFcvU7LIAoAABO-Xttw5A,7,WEB_ID,android,1
2024-10-19 19:46:00,82.167.79.40,AAFcvU7LIAoAABO-Xttw5A,7,WEB_ID,android,1
2024-10-19 19:47:00,82.167.79.40,AAFcvU7LIAoAABO-Xttw5A,7,WEB_ID,android,1
2024-10-19 19:47:00,82.167.79.40,AAFcvU7LIAoAABO-Xttw5A,7,WEB_ID,android,1
2024-10-19 19:48:00,82.167.79.40,AAFcvU7LIAoAABO-Xttw5A,7,WEB_ID,android,1
2024-10-19 19:50:00,82.167.79.40,AAFcvU7LIAoAABO-Xttw5A,7,WEB_ID,android,1
2024-10-19 19:51:00,82.167.79.40,AAFcvU7LIAoAABO-Xttw5A,7,WEB_ID,android,1
2024-10-19 19:54:00,82.167.79.40,AAFcvU7LIAoAABO-Xttw5A,7,WEB_ID,android,1
2024-10-19 19:54:00,82.167.79.40,AAFcvU7LIAoAABO-Xttw5A,7,WEB_ID,android,1
2024-10-19 19:55:00,82.167.79.40,AAFcvU7LIAoAABO-Xttw5A,7,WEB_ID,android,1
2024-10-19 19:55:00,82.167.79.40,AAFcvU7LIAoAABO-Xttw5A,7,WEB_ID,android,1
2024-10-19 19:56:00,82.167.79.40,AAFcvU7LIAoAABO-Xttw5A,7,WEB_ID,android,1
2024-10-19 19:56:00,82.167.79.40,AAFcvU7LIAoAABO-Xttw5A,7,WEB_ID,android,1
2024-10-19 20:06:00,82.167.79.40,AAFcvU7LIAoAABO-Xttw5A,7,WEB_ID,android,1
2024-10-19 20:06:00,82.167.79.40,AAFcvU7LIAoAABO-Xttw5A,7,WEB_ID,android,1
2024-10-19 20:09:00,82.167.79.40,AAFcvU7LIAoAABO-Xttw5A,7,WEB_ID,android,1
2024-10-19 20:10:00,82.167.79.40,AAFcvU7LIAoAABO-Xttw5A,7,WEB_ID,android,1
2024-10-19 20:11:00,82.167.79.40,AAFcvU7LIAoAABO-Xttw5A,7,WEB_ID,android,1
2024-10-19 20:11:00,82.167.79.40,AAFcvU7LIAoAABO-Xttw5A,7,WEB_ID,android,1
2024-10-19 20:12:00,82.167.79.40,AAFcvU7LIAoAABO-Xttw5A,7,WEB_ID,android,1
2024-10-19 20:13:00,82.167.79.40,AAFcvU7LIAoAABO-Xttw5A,7,WEB_ID,android,1
2024-10-19 20:14:00,82.167.79.40,AAFcvU7LIAoAABO-Xttw5A,7,WEB_ID,android,1
2024-10-19 20:15:00,82.167.79.40,AAFcvU7LIAoAABO-Xttw5A,7,WEB_ID,android,1
2024-10-19 20:16:00,82.167.79.40,AAFcvU7LIAoAABO-Xttw5A,7,WEB_ID,android,1
2024-10-19 20:17:00,82.167.79.40,AAFcvU7LIAoAABO-Xttw5A,7,WEB_ID,android,1
2024-10-19 20:18:00,82.167.79.40,AAFcvU7LIAoAABO-Xttw5A,7,WEB_ID,android,1
2024-10-19 20:20:00,2001:16a2:c054::,AAFcvU7LIAoAABO-Xttw5A,7,WEB_ID,android,1
2024-10-19 20:21:00,2001:16a2:c054::,AAFcvU7LIAoAABO-Xttw5A,7,WEB_ID,android,1
2024-10-19 20:21:00,51.252.171.0,AAFcvU7LIAoAABO-Xttw5A,7,WEB_ID,android,1
2024-10-20 13:13:00,2001:16a2:c054::,AAFcvU7LIAoAABO-Xttw5A,7,WEB_ID,android,1
2024-10-20 13:13:00,2001:16a2:c054::,AAFcvU7LIAoAABO-Xttw5A,7,WEB_ID,android,1
2024-10-20 13:14:00,82.167.79.40,AAFcvU7LIAoAABO-Xttw5A,7,WEB_ID,android,1
2024-10-20 13:16:00,82.167.79.40,AAFcvU7LIAoAABO-Xttw5A,7,WEB_ID,android,1
2024-10-20 13:17:00,82.167.79.40,AAFcvU7LIAoAABO-Xttw5A,7,WEB_ID,android,1
2024-10-20 13:19:00,82.167.79.40,AAFcvU7LIAoAABO-Xttw5A,7,WEB_ID,android,1
2024-10-20 13:20:00,82.167.79.40,AAFcvU7LIAoAABO-Xttw5A,7,WEB_ID,android,1
2024-10-20 13:20:00,82.167.79.40,AAFcvU7LIAoAABO-Xttw5A,7,WEB_ID,android,1
2024-10-20 13:21:00,82.167.79.40,AAFcvU7LIAoAABO-Xttw5A,7,WEB_ID,android,1
2024-10-20 13:22:00,82.167.79.40,AAFcvU7LIAoAABO-Xttw5A,7,WEB_ID,android,1
2024-10-20 13:24:00,82.167.79.40,AAFcvU7LIAoAABO-Xttw5A,7,WEB_ID,android,1
2024-10-20 13:53:00,2a00:5400:f012::,AAKRGE7P9eIAABxfJkTLVA,7,WEB_ID,android,1
2024-10-20 14:38:00,82.167.79.40,AAFcvU7LIAoAABO-Xttw5A,7,WEB_ID,android,1
2024-10-20 14:41:00,82.167.79.40,AAFcvU7LIAoAABO-Xttw5A,7,WEB_ID,android,1
2024-10-20 14:41:00,82.167.79.40,AAFcvU7LIAoAABO-Xttw5A,7,WEB_ID,android,1
2024-10-20 14:42:00,82.167.79.40,AAFcvU7LIAoAABO-Xttw5A,7,WEB_ID,android,1
2024-10-20 14:43:00,82.167.79.40,AAFcvU7LIAoAABO-Xttw5A,7,WEB_ID,android,1
2024-10-20 14:50:00,82.167.79.40,AAFcvU7LIAoAABO-Xttw5A,7,WEB_ID,android,1
2024-10-20 14:51:00,82.167.79.40,AAFcvU7LIAoAABO-Xttw5A,7,WEB_ID,android,1
2024-10-20 14:52:00,82.167.79.40,AAFcvU7LIAoAABO-Xttw5A,7,WEB_ID,android,1
2024-10-20 15:24:00,82.167.79.40,AAFcvU7LIAoAABO-Xttw5A,7,WEB_ID,android,1
2024-10-20 15:24:00,82.167.79.40,AAFcvU7LIAoAABO-Xttw5A,7,WEB_ID,android,1
2024-10-20 15:15:00,82.167.79.40,AAFcvU7LIAoAABO-Xttw5A,7,WEB_ID,android,1
2024-10-20 15:22:00,82.167.79.40,AAFcvU7LIAoAABO-Xttw5A,7,WEB_ID,android,1
2024-10-20 15:23:00,82.167.79.40,AAFcvU7LIAoAABO-Xttw5A,7,WEB_ID,android,1
2024-10-20 15:27:00,82.167.79.40,AAFcvU7LIAoAABO-Xttw5A,7,WEB_ID,android,1
2024-10-20 15:36:00,82.167.79.40,AAFcvU7LIAoAABO-Xttw5A,7,WEB_ID,android,1
2024-10-20 15:47:00,82.167.79.40,AAFcvU7LIAoAABO-Xttw5A,7,WEB_ID,android,1
2024-10-20 15:50:00,82.167.79.40,AAFcvU7LIAoAABO-Xttw5A,7,WEB_ID,android,1
2024-10-20 15:52:00,82.167.79.40,AAFcvU7LIAoAABO-Xttw5A,7,WEB_ID,android,1
2024-10-20 15:58:00,82.167.79.40,AAFcvU7LIAoAABO-Xttw5A,7,WEB_ID,android,1
2024-10-20 15:59:00,82.167.79.40,AAFcvU7LIAoAABO-Xttw5A,7,WEB_ID,android,1
2024-10-20 16:08:00,82.167.79.40,AAFcvU7LIAoAABO-Xttw5A,7,WEB_ID,android,1
2024-10-20 15:23:00,82.167.79.40,AAFcvU7LIAoAABO-Xttw5A,7,WEB_ID,android,1
2024-10-20 16:10:00,2a00:5400:f012::,AAKRGE7P9eIAABxfJkTLVA,7,WEB_ID,android,1
2024-10-20 16:15:00,2a00:5400:f012::,AAKRGE7P9eIAABxfJkTLVA,7,WEB_ID,android,1
2024-10-20 16:17:00,2a00:5400:f012::,AAKRGE7P9eIAABxfJkTLVA,7,WEB_ID,android,1
2024-10-20 16:18:00,2a00:5400:f012::,AAKRGE7P9eIAABxfJkTLVA,7,WEB_ID,android,1
2024-10-20 16:19:00,2a00:5400:f012::,AAKRGE7P9eIAABxfJkTLVA,7,WEB_ID,android,1
2024-10-20 16:21:00,2a00:5400:f012::,AAKRGE7P9eIAABxfJkTLVA,7,WEB_ID,android,1
2024-10-20 16:38:00,2a00:5400:f012::,AAKRGE7P9eIAABxfJkTLVA,7,WEB_ID,android,1
2024-10-20 16:40:00,2a00:5400:f012::,AAKRGE7P9eIAABxfJkTLVA,7,WEB_ID,android,1
2024-10-20 16:42:00,2a00:5400:f012::,AAKRGE7P9eIAABxfJkTLVA,7,WEB_ID,android,1
2024-10-20 16:42:00,2a00:5400:f012::,AAKRGE7P9eIAABxfJkTLVA,7,WEB_ID,android,1
2024-10-20 16:43:00,2a00:5400:f012::,AAKRGE7P9eIAABxfJkTLVA,7,WEB_ID,android,1
2024-10-20 16:46:00,2a00:5400:f012::,AAKRGE7P9eIAABxfJkTLVA,7,WEB_ID,android,1
2024-10-20 16:46:00,2a00:5400:f012::,AAKRGE7P9eIAABxfJkTLVA,7,WEB_ID,android,1
2024-10-20 19:37:00,82.167.79.40,AAFcvU7LIAoAABO-Xttw5A,7,WEB_ID,android,1
2024-10-20 19:38:00,82.167.79.40,AAFcvU7LIAoAABO-Xttw5A,7,WEB_ID,android,1
2024-10-20 19:39:00,82.167.79.40,AAFcvU7LIAoAABO-Xttw5A,7,WEB_ID,android,1
2024-10-20 20:00:00,82.167.79.40,AAFcvU7LIAoAABO-Xttw5A,7,WEB_ID,android,1
2024-10-20 20:01:00,82.167.79.40,AAFcvU7LIAoAABO-Xttw5A,7,WEB_ID,android,1
2024-10-20 20:02:00,82.167.79.40,AAFcvU7LIAoAABO-Xttw5A,7,WEB_ID,android,1
2024-10-20 20:03:00,82.167.79.40,AAFcvU7LIAoAABO-Xttw5A,7,WEB_ID,android,1
2024-10-20 20:04:00,82.167.79.40,AAFcvU7LIAoAABO-Xttw5A,7,WEB_ID,android,1
2024-10-20 20:05:00,82.167.79.40,AAFcvU7LIAoAABO-Xttw5A,7,WEB_ID,android,1
2024-10-20 20:05:00,82.167.79.40,AAFcvU7LIAoAABO-Xttw5A,7,WEB_ID,android,1
2024-10-20 20:06:00,82.167.79.40,AAFcvU7LIAoAABO-Xttw5A,7,WEB_ID,android,1
2024-10-20 20:07:00,82.167.79.40,AAFcvU7LIAoAABO-Xttw5A,7,WEB_ID,android,1
2024-10-20 20:07:00,82.167.79.40,AAFcvU7LIAoAABO-Xttw5A,7,WEB_ID,android,1
2024-10-20 20:10:00,82.167.79.40,AAFcvU7LIAoAABO-Xttw5A,7,WEB_ID,android,1
2024-10-20 20:12:00,82.167.79.40,AAFcvU7LIAoAABO-Xttw5A,7,WEB_ID,android,1
2024-10-20 20:13:00,82.167.79.40,AAFcvU7LIAoAABO-Xttw5A,7,WEB_ID,android,1
2024-10-20 20:20:00,82.167.79.40,AAFcvU7LIAoAABO-Xttw5A,7,WEB_ID,android,1
2024-10-20 20:43:00,82.167.79.40,AAFcvU7LIAoAABO-Xttw5A,7,WEB_ID,android,1
2024-10-20 20:46:00,82.167.79.40,AAFcvU7LIAoAABO-Xttw5A,7,WEB_ID,android,1
2024-10-20 20:53:00,82.167.79.40,AAFcvU7LIAoAABO-Xttw5A,7,WEB_ID,android,1
2024-10-20 20:54:00,82.167.79.40,AAFcvU7LIAoAABO-Xttw5A,7,WEB_ID,android,1
2024-10-20 20:59:00,82.167.79.40,AAFcvU7LIAoAABO-Xttw5A,7,WEB_ID,android,1
2024-10-20 20:59:00,82.167.79.40,AAFcvU7LIAoAABO-Xttw5A,7,WEB_ID,android,1
2024-10-20 21:01:00,82.167.79.40,AAFcvU7LIAoAABO-Xttw5A,7,WEB_ID,android,1
2024-10-21 09:01:00,82.167.79.40,AAFcvU7LIAoAABO-Xttw5A,7,WEB_ID,android,1
2024-10-21 09:01:00,82.167.79.40,AAFcvU7LIAoAABO-Xttw5A,7,WEB_ID,android,1
2024-10-21 09:01:00,82.167.79.40,AAFcvU7LIAoAABO-Xttw5A,7,WEB_ID,android,1
2024-10-21 09:11:00,82.167.79.40,AAFcvU7LIAoAABO-Xttw5A,7,WEB_ID,android,1
2024-10-21 09:11:00,82.167.79.40,AAFcvU7LIAoAABO-Xttw5A,7,WEB_ID,android,1
2024-10-21 09:12:00,82.167.79.40,AAFcvU7LIAoAABO-Xttw5A,7,WEB_ID,android,1
2024-10-21 09:13:00,82.167.79.40,AAFcvU7LIAoAABO-Xttw5A,7,WEB_ID,android,1
2024-10-21 09:17:00,82.167.79.40,AAFcvU7LIAoAABO-Xttw5A,7,WEB_ID,android,1
2024-10-21 09:26:00,2a00:5400:f011::,AAKRGE7P9eIAABxfJkTLVA,7,WEB_ID,android,1
2024-10-21 09:27:00,2a00:5400:f011::,AAKRGE7P9eIAABxfJkTLVA,7,WEB_ID,android,1
2024-10-21 09:19:00,2a00:5400:f011::,AAKRGE7P9eIAABxfJkTLVA,7,WEB_ID,android,1
2024-10-21 09:23:00,2a00:5400:f011::,AAKRGE7P9eIAABxfJkTLVA,7,WEB_ID,android,1
2024-10-21 09:23:00,2a00:5400:f011::,AAKRGE7P9eIAABxfJkTLVA,7,WEB_ID,android,1
2024-10-21 09:26:00,2a00:5400:f011::,AAKRGE7P9eIAABxfJkTLVA,7,WEB_ID,android,1
2024-10-21 15:19:00,82.167.79.40,AAFcvU7LIAoAABO-Xttw5A,7,WEB_ID,android,1
2024-10-21 15:22:00,2001:16a4:6d::,AAFcvU7LIAoAABO-Xttw5A,7,WEB_ID,android,1
2024-10-21 15:34:00,82.167.79.40,AAFcvU7LIAoAABO-Xttw5A,7,WEB_ID,android,1
2024-10-21 15:35:00,82.167.79.40,AAFcvU7LIAoAABO-Xttw5A,7,WEB_ID,android,1
2024-10-21 15:35:00,82.167.79.40,AAFcvU7LIAoAABO-Xttw5A,7,WEB_ID,android,1
2024-10-21 15:43:00,82.167.79.40,AAFcvU7LIAoAABO-Xttw5A,7,WEB_ID,android,1
2024-10-21 15:43:00,82.167.79.40,AAFcvU7LIAoAABO-Xttw5A,7,WEB_ID,android,1
2024-10-21 15:44:00,82.167.79.40,AAFcvU7LIAoAABO-Xttw5A,7,WEB_ID,android,1
2024-10-21 15:45:00,82.167.79.40,AAFcvU7LIAoAABO-Xttw5A,7,WEB_ID,android,1
2024-10-21 15:45:00,82.167.79.40,AAFcvU7LIAoAABO-Xttw5A,7,WEB_ID,android,1
2024-10-21 15:48:00,82.167.79.40,AAFcvU7LIAoAABO-Xttw5A,7,WEB_ID,android,1
2024-10-21 15:49:00,82.167.79.40,AAFcvU7LIAoAABO-Xttw5A,7,WEB_ID,android,1
2024-10-21 15:49:00,82.167.79.40,AAFcvU7LIAoAABO-Xttw5A,7,WEB_ID,android,1
2024-10-21 15:51:00,82.167.79.40,AAFcvU7LIAoAABO-Xttw5A,7,WEB_ID,android,1
2024-10-21 15:52:00,82.167.79.40,AAFcvU7LIAoAABO-Xttw5A,7,WEB_ID,android,1
2024-10-21 15:53:00,82.167.79.40,AAFcvU7LIAoAABO-Xttw5A,7,WEB_ID,android,1
2024-10-21 15:53:00,82.167.79.40,AAFcvU7LIAoAABO-Xttw5A,7,WEB_ID,android,1
2024-10-21 15:53:00,82.167.79.40,AAFcvU7LIAoAABO-Xttw5A,7,WEB_ID,android,1
2024-10-21 15:55:00,82.167.79.40,AAFcvU7LIAoAABO-Xttw5A,7,WEB_ID,android,1
2024-10-21 15:56:00,82.167.79.40,AAFcvU7LIAoAABO-Xttw5A,7,WEB_ID,android,1
2024-10-21 15:57:00,82.167.79.40,AAFcvU7LIAoAABO-Xttw5A,7,WEB_ID,android,1
2024-10-21 16:00:00,82.167.79.40,AAFcvU7LIAoAABO-Xttw5A,7,WEB_ID,android,1
2024-10-21 16:02:00,82.167.79.40,AAFcvU7LIAoAABO-Xttw5A,7,WEB_ID,android,1
2024-10-21 16:03:00,82.167.79.40,AAFcvU7LIAoAABO-Xttw5A,7,WEB_ID,android,1
2024-10-21 16:05:00,82.167.79.40,AAFcvU7LIAoAABO-Xttw5A,7,WEB_ID,android,1
2024-10-21 16:06:00,82.167.79.40,AAFcvU7LIAoAABO-Xttw5A,7,WEB_ID,android,1
2024-10-21 16:09:00,82.167.79.40,AAFcvU7LIAoAABO-Xttw5A,7,WEB_ID,android,1
2024-10-21 16:09:00,82.167.79.40,AAFcvU7LIAoAABO-Xttw5A,7,WEB_ID,android,1
2024-10-21 16:12:00,2001:16a4:6d::,AAFcvU7LIAoAABO-Xttw5A,7,WEB_ID,android,1
2024-10-21 16:12:00,82.167.79.40,AAFcvU7LIAoAABO-Xttw5A,7,WEB_ID,android,1
2024-10-21 16:27:00,82.167.79.40,AAFcvU7LIAoAABO-Xttw5A,7,WEB_ID,android,1
2024-10-21 16:28:00,82.167.79.40,AAFcvU7LIAoAABO-Xttw5A,7,WEB_ID,android,1
2024-10-21 16:29:00,82.167.79.40,AAFcvU7LIAoAABO-Xttw5A,7,WEB_ID,android,1
2024-10-21 16:31:00,82.167.79.40,AAFcvU7LIAoAABO-Xttw5A,7,WEB_ID,android,1
2024-10-21 16:31:00,82.167.79.40,AAFcvU7LIAoAABO-Xttw5A,7,WEB_ID,android,1
2024-10-21 16:35:00,82.167.79.40,AAFcvU7LIAoAABO-Xttw5A,7,WEB_ID,android,1
2024-10-21 16:36:00,82.167.79.40,AAFcvU7LIAoAABO-Xttw5A,7,WEB_ID,android,1
2024-10-21 16:37:00,82.167.79.40,AAFcvU7LIAoAABO-Xttw5A,7,WEB_ID,android,1
2024-10-21 16:38:00,82.167.79.40,AAFcvU7LIAoAABO-Xttw5A,7,WEB_ID,android,1
2024-10-21 16:39:00,82.167.79.40,AAFcvU7LIAoAABO-Xttw5A,7,WEB_ID,android,1
2024-10-21 16:41:00,82.167.79.40,AAFcvU7LIAoAABO-Xttw5A,7,WEB_ID,android,1
2024-10-21 16:44:00,82.167.79.40,AAFcvU7LIAoAABO-Xttw5A,7,WEB_ID,android,1
2024-10-21 16:46:00,82.167.79.40,AAFcvU7LIAoAABO-Xttw5A,7,WEB_ID,android,1
2024-10-21 16:50:00,82.167.79.40,AAFcvU7LIAoAABO-Xttw5A,7,WEB_ID,android,1
2024-10-21 16:56:00,82.167.79.40,AAFcvU7LIAoAABO-Xttw5A,7,WEB_ID,android,1
2024-10-21 16:57:00,82.167.79.40,AAFcvU7LIAoAABO-Xttw5A,7,WEB_ID,android,1
2024-10-21 16:59:00,82.167.79.40,AAFcvU7LIAoAABO-Xttw5A,7,WEB_ID,android,1
2024-10-21 17:00:00,82.167.79.40,AAFcvU7LIAoAABO-Xttw5A,7,WEB_ID,android,1
2024-10-21 17:05:00,82.167.79.40,AAFcvU7LIAoAABO-Xttw5A,7,WEB_ID,android,1
2024-10-21 17:08:00,82.167.79.40,AAFcvU7LIAoAABO-Xttw5A,7,WEB_ID,android,1
2024-10-21 17:09:00,82.167.79.40,AAFcvU7LIAoAABO-Xttw5A,7,WEB_ID,android,1
2024-10-21 17:11:00,82.167.79.40,AAFcvU7LIAoAABO-Xttw5A,7,WEB_ID,android,1
2024-10-21 17:12:00,82.167.79.40,AAFcvU7LIAoAABO-Xttw5A,7,WEB_ID,android,1
2024-10-21 17:13:00,82.167.79.40,AAFcvU7LIAoAABO-Xttw5A,7,WEB_ID,android,1
2024-10-21 17:16:00,82.167.79.40,AAFcvU7LIAoAABO-Xttw5A,7,WEB_ID,android,1
2024-10-21 17:17:00,82.167.79.40,AAFcvU7LIAoAABO-Xttw5A,7,WEB_ID,android,1
2024-10-21 17:20:00,82.167.79.40,AAFcvU7LIAoAABO-Xttw5A,7,WEB_ID,android,1
2024-10-21 17:21:00,82.167.79.40,AAFcvU7LIAoAABO-Xttw5A,7,WEB_ID,android,1
2024-10-22 08:30:00,82.167.79.40,AAFcvU7LIAoAABO-Xttw5A,7,WEB_ID,android,1
2024-10-22 08:48:00,82.167.79.40,AAFcvU7LIAoAABO-Xttw5A,7,WEB_ID,android,1
2024-10-22 09:01:00,82.167.79.40,AAFcvU7LIAoAABO-Xttw5A,7,WEB_ID,android,1
2024-10-22 09:01:00,82.167.79.40,AAFcvU7LIAoAABO-Xttw5A,7,WEB_ID,android,1
2024-10-22 10:01:00,82.167.79.40,AAFcvU7LIAoAABO-Xttw5A,7,WEB_ID,android,1
2024-10-22 10:06:00,82.167.79.40,AAFcvU7LIAoAABO-Xttw5A,7,WEB_ID,android,1
2024-10-22 10:07:00,82.167.79.40,AAFcvU7LIAoAABO-Xttw5A,7,WEB_ID,android,1
2024-10-22 10:07:00,82.167.79.40,AAFcvU7LIAoAABO-Xttw5A,7,WEB_ID,android,1
2024-10-22 10:08:00,82.167.79.40,AAFcvU7LIAoAABO-Xttw5A,7,WEB_ID,android,1
2024-10-22 10:09:00,82.167.79.40,AAFcvU7LIAoAABO-Xttw5A,7,WEB_ID,android,1
2024-10-22 10:09:00,82.167.79.40,AAFcvU7LIAoAABO-Xttw5A,7,WEB_ID,android,1
2024-10-22 10:09:00,82.167.79.40,AAFcvU7LIAoAABO-Xttw5A,7,WEB_ID,android,1
2024-10-22 10:10:00,82.167.79.40,AAFcvU7LIAoAABO-Xttw5A,7,WEB_ID,android,1
2024-10-22 10:10:00,82.167.79.40,AAFcvU7LIAoAABO-Xttw5A,7,WEB_ID,android,1
2024-10-22 10:10:00,82.167.79.40,AAFcvU7LIAoAABO-Xttw5A,7,WEB_ID,android,1
2024-10-22 10:12:00,2a00:5400:f011::,AAKRGE7P9eIAABxfJkTLVA,7,WEB_ID,android,1
2024-10-22 10:15:00,2a00:5400:f011::,AAKRGE7P9eIAABxfJkTLVA,7,WEB_ID,android,1
2024-10-22 10:16:00,2a00:5400:f011::,AAKRGE7P9eIAABxfJkTLVA,7,WEB_ID,android,1
2024-10-22 10:17:00,2a00:5400:f011::,AAKRGE7P9eIAABxfJkTLVA,7,WEB_ID,android,1
2024-10-22 10:17:00,2a00:5400:f011::,AAKRGE7P9eIAABxfJkTLVA,7,WEB_ID,android,1
2024-10-22 10:18:00,2a00:5400:f011::,AAKRGE7P9eIAABxfJkTLVA,7,WEB_ID,android,1
2024-10-22 10:22:00,46.143.156.0,AAKRGE7P9eIAABxfJkTLVA,7,WEB_ID,android,1
2024-10-22 10:23:00,2a00:5400:f011::,AAKRGE7P9eIAABxfJkTLVA,7,WEB_ID,android,1
2024-10-22 10:24:00,2a00:5400:f011::,AAKRGE7P9eIAABxfJkTLVA,7,WEB_ID,android,1
2024-10-03 08:51:00,2a00:5400:e053:631e::,AAKT707IOKgAAB_bLwHDew,6,WEB_ID,ios,1
2024-10-22 10:22:00,2001:16a2:c1c3::,AAA7PE7OD50AABQ_9xhR4Q,7,WEB_ID,android,1
2024-10-22 10:23:00,2001:16a2:c1c3::,AAA7PE7OD50AABQ_9xhR4Q,7,WEB_ID,android,1
2024-10-22 10:58:00,82.167.79.40,AAFcvU7LIAoAABO-Xttw5A,7,WEB_ID,android,1
2024-10-22 10:59:00,82.167.79.40,AAFcvU7LIAoAABO-Xttw5A,7,WEB_ID,android,1
2024-10-22 10:59:00,82.167.79.40,AAFcvU7LIAoAABO-Xttw5A,7,WEB_ID,android,1
2024-10-22 10:59:00,82.167.79.40,AAFcvU7LIAoAABO-Xttw5A,7,WEB_ID,android,1
2024-10-22 10:59:00,82.167.79.40,AAFcvU7LIAoAABO-Xttw5A,7,WEB_ID,android,1
2024-10-22 11:00:00,82.167.79.40,AAFcvU7LIAoAABO-Xttw5A,7,WEB_ID,android,1
2024-10-22 11:02:00,82.167.79.40,AAFcvU7LIAoAABO-Xttw5A,7,WEB_ID,android,1
2024-10-22 11:04:00,82.167.79.40,AAFcvU7LIAoAABO-Xttw5A,7,WEB_ID,android,1
2024-10-22 11:05:00,82.167.79.40,AAFcvU7LIAoAABO-Xttw5A,7,WEB_ID,android,1
2024-10-22 11:05:00,82.167.79.40,AAFcvU7LIAoAABO-Xttw5A,7,WEB_ID,android,1
2024-10-22 11:06:00,82.167.79.40,AAFcvU7LIAoAABO-Xttw5A,7,WEB_ID,android,1
2024-10-22 11:07:00,82.167.79.40,AAFcvU7LIAoAABO-Xttw5A,7,WEB_ID,android,1
2024-10-22 11:07:00,82.167.79.40,AAFcvU7LIAoAABO-Xttw5A,7,WEB_ID,android,1
2024-10-22 11:08:00,82.167.79.40,AAFcvU7LIAoAABO-Xttw5A,7,WEB_ID,android,1
2024-10-22 11:08:00,82.167.79.40,AAFcvU7LIAoAABO-Xttw5A,7,WEB_ID,android,1
2024-10-22 11:09:00,82.167.79.40,AAFcvU7LIAoAABO-Xttw5A,7,WEB_ID,android,1
2024-10-22 11:09:00,82.167.79.40,AAFcvU7LIAoAABO-Xttw5A,7,WEB_ID,android,1
2024-10-22 11:10:00,82.167.79.40,AAFcvU7LIAoAABO-Xttw5A,7,WEB_ID,android,1
2024-10-22 11:10:00,82.167.79.40,AAFcvU7LIAoAABO-Xttw5A,7,WEB_ID,android,1
2024-10-22 11:10:00,82.167.79.40,AAFcvU7LIAoAABO-Xttw5A,7,WEB_ID,android,1
2024-10-22 13:03:00,82.167.79.40,AAFcvU7LIAoAABO-Xttw5A,7,WEB_ID,android,1
2024-10-22 13:03:00,82.167.79.40,AAFcvU7LIAoAABO-Xttw5A,7,WEB_ID,android,1
2024-10-22 13:03:00,82.167.79.40,AAFcvU7LIAoAABO-Xttw5A,7,WEB_ID,android,1
2024-10-22 13:03:00,82.167.79.40,AAFcvU7LIAoAABO-Xttw5A,7,WEB_ID,android,1
2024-10-22 13:04:00,82.167.79.40,AAFcvU7LIAoAABO-Xttw5A,7,WEB_ID,android,1
2024-10-22 13:04:00,82.167.79.40,AAFcvU7LIAoAABO-Xttw5A,7,WEB_ID,android,1
2024-10-22 13:05:00,82.167.79.40,AAFcvU7LIAoAABO-Xttw5A,7,WEB_ID,android,1
2024-10-22 13:05:00,82.167.79.40,AAFcvU7LIAoAABO-Xttw5A,7,WEB_ID,android,1
2024-10-22 13:10:00,82.167.79.40,AAFcvU7LIAoAABO-Xttw5A,7,WEB_ID,android,1
2024-10-22 13:10:00,82.167.79.40,AAFcvU7LIAoAABO-Xttw5A,7,WEB_ID,android,1
2024-10-22 13:10:00,82.167.79.40,AAFcvU7LIAoAABO-Xttw5A,7,WEB_ID,android,1
2024-10-22 13:11:00,82.167.79.40,AAFcvU7LIAoAABO-Xttw5A,7,WEB_ID,android,1
2024-10-22 13:11:00,82.167.79.40,AAFcvU7LIAoAABO-Xttw5A,7,WEB_ID,android,1
2024-10-22 13:12:00,82.167.79.40,AAFcvU7LIAoAABO-Xttw5A,7,WEB_ID,android,1
2024-10-22 13:12:00,82.167.79.40,AAFcvU7LIAoAABO-Xttw5A,7,WEB_ID,android,1
2024-10-22 13:13:00,82.167.79.40,AAFcvU7LIAoAABO-Xttw5A,7,WEB_ID,android,1
2024-10-22 13:13:00,82.167.79.40,AAFcvU7LIAoAABO-Xttw5A,7,WEB_ID,android,1
2024-10-22 13:13:00,82.167.79.40,AAFcvU7LIAoAABO-Xttw5A,7,WEB_ID,android,1
2024-10-22 13:14:00,82.167.79.40,AAFcvU7LIAoAABO-Xttw5A,7,WEB_ID,android,1
2024-10-22 13:15:00,82.167.79.40,AAFcvU7LIAoAABO-Xttw5A,7,WEB_ID,android,1
2024-10-22 13:16:00,82.167.79.40,AAFcvU7LIAoAABO-Xttw5A,7,WEB_ID,android,1
2024-10-22 13:16:00,82.167.79.40,AAFcvU7LIAoAABO-Xttw5A,7,WEB_ID,android,1
2024-10-22 13:17:00,82.167.79.40,AAFcvU7LIAoAABO-Xttw5A,7,WEB_ID,android,1
2024-10-22 13:18:00,82.167.79.40,AAFcvU7LIAoAABO-Xttw5A,7,WEB_ID,android,1
2024-10-22 13:20:00,82.167.79.40,AAFcvU7LIAoAABO-Xttw5A,7,WEB_ID,android,1
2024-10-22 13:21:00,82.167.79.40,AAFcvU7LIAoAABO-Xttw5A,7,WEB_ID,android,1
2024-10-22 13:21:00,82.167.79.40,AAFcvU7LIAoAABO-Xttw5A,7,WEB_ID,android,1
2024-10-22 13:21:00,82.167.79.40,AAFcvU7LIAoAABO-Xttw5A,7,WEB_ID,android,1
2024-10-22 13:25:00,82.167.79.40,AAFcvU7LIAoAABO-Xttw5A,7,WEB_ID,android,1
2024-10-22 13:26:00,82.167.79.40,AAFcvU7LIAoAABO-Xttw5A,7,WEB_ID,android,1
2024-10-22 13:29:00,82.167.79.40,AAFcvU7LIAoAABO-Xttw5A,7,WEB_ID,android,1
2024-10-22 13:31:00,82.167.79.40,AAFcvU7LIAoAABO-Xttw5A,7,WEB_ID,android,1
2024-10-22 13:32:00,82.167.79.40,AAFcvU7LIAoAABO-Xttw5A,7,WEB_ID,android,1
2024-10-22 13:33:00,82.167.79.40,AAFcvU7LIAoAABO-Xttw5A,7,WEB_ID,android,1
2024-10-22 13:33:00,82.167.79.40,AAFcvU7LIAoAABO-Xttw5A,7,WEB_ID,android,1
2024-10-22 13:35:00,82.167.79.40,AAFcvU7LIAoAABO-Xttw5A,7,WEB_ID,android,1
2024-10-22 13:36:00,82.167.79.40,AAFcvU7LIAoAABO-Xttw5A,7,WEB_ID,android,1
2024-10-22 13:36:00,82.167.79.40,AAFcvU7LIAoAABO-Xttw5A,7,WEB_ID,android,1
2024-10-22 13:38:00,82.167.79.40,AAFcvU7LIAoAABO-Xttw5A,7,WEB_ID,android,1
2024-10-22 13:38:00,82.167.79.40,AAFcvU7LIAoAABO-Xttw5A,7,WEB_ID,android,1
2024-10-22 13:39:00,82.167.79.40,AAFcvU7LIAoAABO-Xttw5A,7,WEB_ID,android,1
2024-10-22 13:39:00,82.167.79.40,AAFcvU7LIAoAABO-Xttw5A,7,WEB_ID,android,1
2024-10-22 13:40:00,82.167.79.40,AAFcvU7LIAoAABO-Xttw5A,7,WEB_ID,android,1
2024-10-22 14:02:00,2a00:5400:f011::,AAKRGE7P9eIAABxfJkTLVA,7,WEB_ID,android,1
2024-10-23 11:48:00,2a00:5400:f011::,AAKRGE7P9eIAABxfJkTLVA,7,WEB_ID,android,1
2024-10-23 11:50:00,2a00:5400:f011::,AAKRGE7P9eIAABxfJkTLVA,7,WEB_ID,android,1
2024-10-23 13:33:00,2a00:5400:f011::,AAKRGE7P9eIAABxfJkTLVA,7,WEB_ID,android,1
2024-10-23 13:43:00,2a00:5400:f011::,AAKRGE7P9eIAABxfJkTLVA,7,WEB_ID,android,1
2024-10-23 13:45:00,2a00:5400:f011::,AAKRGE7P9eIAABxfJkTLVA,7,WEB_ID,android,1
2024-10-23 13:45:00,2a00:5400:f011::,AAKRGE7P9eIAABxfJkTLVA,7,WEB_ID,android,1
2024-10-03 09:30:00,2a00:5400:e053:631e::,AAKT707IOKgAAB_bLwHDew,6,WEB_ID,ios,1
2024-10-23 14:14:00,2a00:5400:f011::,AAKRGE7P9eIAABxfJkTLVA,7,WEB_ID,android,1
2024-10-23 14:15:00,2a00:5400:f011::,AAKRGE7P9eIAABxfJkTLVA,7,WEB_ID,android,1
2024-10-23 14:15:00,2a00:5400:f011::,AAKRGE7P9eIAABxfJkTLVA,7,WEB_ID,android,1
2024-10-23 19:40:00,82.167.79.40,AAFcvU7LIAoAABO-Xttw5A,7,WEB_ID,android,1
2024-10-23 19:40:00,82.167.79.40,AAFcvU7LIAoAABO-Xttw5A,7,WEB_ID,android,1
2024-10-23 19:40:00,82.167.79.40,AAFcvU7LIAoAABO-Xttw5A,7,WEB_ID,android,1
2024-10-23 19:54:00,82.167.79.40,AAFcvU7LIAoAABO-Xttw5A,7,WEB_ID,android,1
2024-10-23 19:55:00,82.167.79.40,AAFcvU7LIAoAABO-Xttw5A,7,WEB_ID,android,1
2024-10-23 19:58:00,82.167.79.40,AAFcvU7LIAoAABO-Xttw5A,7,WEB_ID,android,1
2024-10-23 20:04:00,82.167.79.40,AAFcvU7LIAoAABO-Xttw5A,7,WEB_ID,android,1
2024-10-23 20:09:00,82.167.79.40,AAFcvU7LIAoAABO-Xttw5A,7,WEB_ID,android,1
2024-10-23 20:13:00,82.167.79.40,AAFcvU7LIAoAABO-Xttw5A,7,WEB_ID,android,1
2024-10-24 10:56:00,82.167.79.40,AAFcvU7LIAoAABO-Xttw5A,7,WEB_ID,android,1
2024-10-24 10:59:00,82.167.79.40,AAFcvU7LIAoAABO-Xttw5A,7,WEB_ID,android,1
2024-10-24 11:18:00,82.167.79.40,AAFcvU7LIAoAABO-Xttw5A,7,WEB_ID,android,1
2024-10-24 11:20:00,82.167.79.40,AAFcvU7LIAoAABO-Xttw5A,7,WEB_ID,android,1
2024-10-24 13:11:00,2a00:5400:f011::,AAKRGE7P9eIAABxfJkTLVA,7,WEB_ID,android,1
2024-10-24 13:12:00,2a00:5400:f011::,AAKRGE7P9eIAABxfJkTLVA,7,WEB_ID,android,1
2024-10-24 13:13:00,2a00:5400:f011::,AAKRGE7P9eIAABxfJkTLVA,7,WEB_ID,android,1
2024-10-24 13:42:00,2a00:5400:f011::,AAKRGE7P9eIAABxfJkTLVA,7,WEB_ID,android,1
2024-10-24 15:58:00,2a00:5400:f011::,AAKRGE7P9eIAABxfJkTLVA,7,WEB_ID,android,1
2024-10-24 15:58:00,2a00:5400:f011::,AAKRGE7P9eIAABxfJkTLVA,7,WEB_ID,android,1
2024-10-24 16:26:00,82.167.79.40,AAFcvU7LIAoAABO-Xttw5A,7,WEB_ID,android,1
2024-10-24 16:44:00,82.167.79.40,AAFcvU7LIAoAABO-Xttw5A,7,WEB_ID,android,1
2024-10-24 16:44:00,82.167.79.40,AAFcvU7LIAoAABO-Xttw5A,7,WEB_ID,android,1
2024-10-24 16:45:00,82.167.79.40,AAFcvU7LIAoAABO-Xttw5A,7,WEB_ID,android,1
2024-10-24 16:47:00,82.167.79.40,AAFcvU7LIAoAABO-Xttw5A,7,WEB_ID,android,1
2024-10-24 16:47:00,82.167.79.40,AAFcvU7LIAoAABO-Xttw5A,7,WEB_ID,android,1
2024-10-24 16:48:00,82.167.79.40,AAFcvU7LIAoAABO-Xttw5A,7,WEB_ID,android,1
2024-10-24 16:49:00,82.167.79.40,AAFcvU7LIAoAABO-Xttw5A,7,WEB_ID,android,1
2024-10-24 16:52:00,82.167.79.40,AAFcvU7LIAoAABO-Xttw5A,7,WEB_ID,android,1
2024-10-25 09:45:00,82.167.79.40,AAFcvU7LIAoAABO-Xttw5A,7,WEB_ID,android,1
2024-10-25 09:45:00,82.167.79.40,AAFcvU7LIAoAABO-Xttw5A,7,WEB_ID,android,1
2024-10-25 09:46:00,82.167.79.40,AAFcvU7LIAoAABO-Xttw5A,7,WEB_ID,android,1
2024-10-25 09:56:00,82.167.79.40,AAFcvU7LIAoAABO-Xttw5A,7,WEB_ID,android,1
2024-10-25 09:56:00,82.167.79.40,AAFcvU7LIAoAABO-Xttw5A,7,WEB_ID,android,1
2024-10-25 09:57:00,82.167.79.40,AAFcvU7LIAoAABO-Xttw5A,7,WEB_ID,android,1
2024-10-25 09:57:00,82.167.79.40,AAFcvU7LIAoAABO-Xttw5A,7,WEB_ID,android,1
2024-10-25 09:58:00,82.167.79.40,AAFcvU7LIAoAABO-Xttw5A,7,WEB_ID,android,1
2024-10-25 09:59:00,82.167.79.40,AAFcvU7LIAoAABO-Xttw5A,7,WEB_ID,android,1
2024-10-25 10:02:00,82.167.79.40,AAFcvU7LIAoAABO-Xttw5A,7,WEB_ID,android,1
2024-10-25 10:02:00,82.167.79.40,AAFcvU7LIAoAABO-Xttw5A,7,WEB_ID,android,1
2024-10-25 10:03:00,82.167.79.40,AAFcvU7LIAoAABO-Xttw5A,7,WEB_ID,android,1
2024-10-25 10:03:00,82.167.79.40,AAFcvU7LIAoAABO-Xttw5A,7,WEB_ID,android,1
2024-10-25 10:04:00,82.167.79.40,AAFcvU7LIAoAABO-Xttw5A,7,WEB_ID,android,1
2024-10-25 10:04:00,82.167.79.40,AAFcvU7LIAoAABO-Xttw5A,7,WEB_ID,android,1
2024-10-25 10:05:00,82.167.79.40,AAFcvU7LIAoAABO-Xttw5A,7,WEB_ID,android,1
2024-10-25 10:05:00,82.167.79.40,AAFcvU7LIAoAABO-Xttw5A,7,WEB_ID,android,1
2024-10-25 10:09:00,82.167.79.40,AAFcvU7LIAoAABO-Xttw5A,7,WEB_ID,android,1
2024-10-25 10:09:00,82.167.79.40,AAFcvU7LIAoAABO-Xttw5A,7,WEB_ID,android,1
2024-10-25 10:09:00,82.167.79.40,AAFcvU7LIAoAABO-Xttw5A,7,WEB_ID,android,1
2024-10-25 10:09:00,82.167.79.40,AAFcvU7LIAoAABO-Xttw5A,7,WEB_ID,android,1
2024-10-25 10:10:00,82.167.79.40,AAFcvU7LIAoAABO-Xttw5A,7,WEB_ID,android,1
2024-10-25 12:54:00,82.167.79.40,AAFcvU7LIAoAABO-Xttw5A,7,WEB_ID,android,1
2024-10-25 13:03:00,82.167.79.40,AAFcvU7LIAoAABO-Xttw5A,7,WEB_ID,android,1
2024-10-25 13:05:00,82.167.79.40,AAFcvU7LIAoAABO-Xttw5A,7,WEB_ID,android,1
2024-10-25 13:26:00,82.167.79.40,AAFcvU7LIAoAABO-Xttw5A,7,WEB_ID,android,1
2024-10-25 13:29:00,82.167.79.40,AAFcvU7LIAoAABO-Xttw5A,7,WEB_ID,android,1
2024-10-25 13:29:00,82.167.79.40,AAFcvU7LIAoAABO-Xttw5A,7,WEB_ID,android,1
2024-10-25 13:29:00,82.167.79.40,AAFcvU7LIAoAABO-Xttw5A,7,WEB_ID,android,1
2024-10-25 13:30:00,82.167.79.40,AAFcvU7LIAoAABO-Xttw5A,7,WEB_ID,android,1
2024-10-25 13:30:00,82.167.79.40,AAFcvU7LIAoAABO-Xttw5A,7,WEB_ID,android,1
2024-10-25 13:31:00,82.167.79.40,AAFcvU7LIAoAABO-Xttw5A,7,WEB_ID,android,1
2024-10-25 13:03:00,82.167.79.40,AAFcvU7LIAoAABO-Xttw5A,7,WEB_ID,android,1
2024-10-25 13:03:00,82.167.79.40,AAFcvU7LIAoAABO-Xttw5A,7,WEB_ID,android,1
2024-10-25 13:03:00,82.167.79.40,AAFcvU7LIAoAABO-Xttw5A,7,WEB_ID,android,1
2024-10-25 13:04:00,82.167.79.40,AAFcvU7LIAoAABO-Xttw5A,7,WEB_ID,android,1
2024-10-25 13:04:00,82.167.79.40,AAFcvU7LIAoAABO-Xttw5A,7,WEB_ID,android,1
2024-10-25 13:05:00,82.167.79.40,AAFcvU7LIAoAABO-Xttw5A,7,WEB_ID,android,1
2024-10-25 13:05:00,82.167.79.40,AAFcvU7LIAoAABO-Xttw5A,7,WEB_ID,android,1
2024-10-25 13:06:00,82.167.79.40,AAFcvU7LIAoAABO-Xttw5A,7,WEB_ID,android,1
2024-10-25 13:06:00,82.167.79.40,AAFcvU7LIAoAABO-Xttw5A,7,WEB_ID,android,1
2024-10-25 13:06:00,82.167.79.40,AAFcvU7LIAoAABO-Xttw5A,7,WEB_ID,android,1
2024-10-25 13:07:00,82.167.79.40,AAFcvU7LIAoAABO-Xttw5A,7,WEB_ID,android,1
2024-10-25 13:07:00,82.167.79.40,AAFcvU7LIAoAABO-Xttw5A,7,WEB_ID,android,1
2024-10-25 13:07:00,82.167.79.40,AAFcvU7LIAoAABO-Xttw5A,7,WEB_ID,android,1
2024-10-25 13:07:00,82.167.79.40,AAFcvU7LIAoAABO-Xttw5A,7,WEB_ID,android,1
2024-10-25 13:07:00,82.167.79.40,AAFcvU7LIAoAABO-Xttw5A,7,WEB_ID,android,1
2024-10-25 13:08:00,82.167.79.40,AAFcvU7LIAoAABO-Xttw5A,7,WEB_ID,android,1
2024-10-25 13:08:00,82.167.79.40,AAFcvU7LIAoAABO-Xttw5A,7,WEB_ID,android,1
2024-10-25 13:08:00,82.167.79.40,AAFcvU7LIAoAABO-Xttw5A,7,WEB_ID,android,1
2024-10-25 13:09:00,82.167.79.40,AAFcvU7LIAoAABO-Xttw5A,7,WEB_ID,android,1
2024-10-25 13:09:00,82.167.79.40,AAFcvU7LIAoAABO-Xttw5A,7,WEB_ID,android,1
2024-10-25 13:10:00,82.167.79.40,AAFcvU7LIAoAABO-Xttw5A,7,WEB_ID,android,1
2024-10-25 13:10:00,82.167.79.40,AAFcvU7LIAoAABO-Xttw5A,7,WEB_ID,android,1
2024-10-25 13:11:00,82.167.79.40,AAFcvU7LIAoAABO-Xttw5A,7,WEB_ID,android,1
2024-10-25 13:12:00,82.167.79.40,AAFcvU7LIAoAABO-Xttw5A,7,WEB_ID,android,1
2024-10-25 13:12:00,82.167.79.40,AAFcvU7LIAoAABO-Xttw5A,7,WEB_ID,android,1
2024-10-25 13:12:00,82.167.79.40,AAFcvU7LIAoAABO-Xttw5A,7,WEB_ID,android,1
2024-10-25 13:12:00,82.167.79.40,AAFcvU7LIAoAABO-Xttw5A,7,WEB_ID,android,1
2024-10-25 13:13:00,82.167.79.40,AAFcvU7LIAoAABO-Xttw5A,7,WEB_ID,android,1
2024-10-25 13:14:00,82.167.79.40,AAFcvU7LIAoAABO-Xttw5A,7,WEB_ID,android,1
2024-10-25 13:14:00,82.167.79.40,AAFcvU7LIAoAABO-Xttw5A,7,WEB_ID,android,1
2024-10-25 13:14:00,82.167.79.40,AAFcvU7LIAoAABO-Xttw5A,7,WEB_ID,android,1
2024-10-25 13:15:00,82.167.79.40,AAFcvU7LIAoAABO-Xttw5A,7,WEB_ID,android,1
2024-10-25 13:15:00,82.167.79.40,AAFcvU7LIAoAABO-Xttw5A,7,WEB_ID,android,1
2024-10-25 13:15:00,82.167.79.40,AAFcvU7LIAoAABO-Xttw5A,7,WEB_ID,android,1
2024-10-25 13:15:00,82.167.79.40,AAFcvU7LIAoAABO-Xttw5A,7,WEB_ID,android,1
2024-10-25 13:16:00,82.167.79.40,AAFcvU7LIAoAABO-Xttw5A,7,WEB_ID,android,1
2024-10-25 13:17:00,82.167.79.40,AAFcvU7LIAoAABO-Xttw5A,7,WEB_ID,android,1
2024-10-25 13:17:00,82.167.79.40,AAFcvU7LIAoAABO-Xttw5A,7,WEB_ID,android,1
2024-10-25 13:17:00,82.167.79.40,AAFcvU7LIAoAABO-Xttw5A,7,WEB_ID,android,1
2024-10-25 13:17:00,82.167.79.40,AAFcvU7LIAoAABO-Xttw5A,7,WEB_ID,android,1
2024-10-25 13:18:00,82.167.79.40,AAFcvU7LIAoAABO-Xttw5A,7,WEB_ID,android,1
2024-10-25 13:18:00,82.167.79.40,AAFcvU7LIAoAABO-Xttw5A,7,WEB_ID,android,1
2024-10-25 13:18:00,82.167.79.40,AAFcvU7LIAoAABO-Xttw5A,7,WEB_ID,android,1
2024-10-25 13:19:00,82.167.79.40,AAFcvU7LIAoAABO-Xttw5A,7,WEB_ID,android,1
2024-10-25 13:20:00,82.167.79.40,AAFcvU7LIAoAABO-Xttw5A,7,WEB_ID,android,1
2024-10-25 13:20:00,82.167.79.40,AAFcvU7LIAoAABO-Xttw5A,7,WEB_ID,android,1
2024-10-25 13:21:00,82.167.79.40,AAFcvU7LIAoAABO-Xttw5A,7,WEB_ID,android,1
2024-10-25 13:21:00,82.167.79.40,AAFcvU7LIAoAABO-Xttw5A,7,WEB_ID,android,1
2024-10-25 13:21:00,82.167.79.40,AAFcvU7LIAoAABO-Xttw5A,7,WEB_ID,android,1
2024-10-25 13:21:00,82.167.79.40,AAFcvU7LIAoAABO-Xttw5A,7,WEB_ID,android,1
2024-10-25 13:22:00,82.167.79.40,AAFcvU7LIAoAABO-Xttw5A,7,WEB_ID,android,1
2024-10-25 13:22:00,82.167.79.40,AAFcvU7LIAoAABO-Xttw5A,7,WEB_ID,android,1
2024-10-25 13:23:00,82.167.79.40,AAFcvU7LIAoAABO-Xttw5A,7,WEB_ID,android,1
2024-10-25 13:23:00,82.167.79.40,AAFcvU7LIAoAABO-Xttw5A,7,WEB_ID,android,1
2024-10-25 13:23:00,82.167.79.40,AAFcvU7LIAoAABO-Xttw5A,7,WEB_ID,android,1
2024-10-25 13:23:00,82.167.79.40,AAFcvU7LIAoAABO-Xttw5A,7,WEB_ID,android,1
2024-10-25 13:24:00,82.167.79.40,AAFcvU7LIAoAABO-Xttw5A,7,WEB_ID,android,1
2024-10-25 13:24:00,82.167.79.40,AAFcvU7LIAoAABO-Xttw5A,7,WEB_ID,android,1
2024-10-25 13:25:00,82.167.79.40,AAFcvU7LIAoAABO-Xttw5A,7,WEB_ID,android,1
2024-10-25 13:25:00,82.167.79.40,AAFcvU7LIAoAABO-Xttw5A,7,WEB_ID,android,1
2024-10-25 13:26:00,82.167.79.40,AAFcvU7LIAoAABO-Xttw5A,7,WEB_ID,android,1
2024-10-25 13:26:00,82.167.79.40,AAFcvU7LIAoAABO-Xttw5A,7,WEB_ID,android,1
2024-10-25 13:26:00,82.167.79.40,AAFcvU7LIAoAABO-Xttw5A,7,WEB_ID,android,1
2024-10-25 13:26:00,82.167.79.40,AAFcvU7LIAoAABO-Xttw5A,7,WEB_ID,android,1
2024-10-25 13:39:00,82.167.79.40,AAFcvU7LIAoAABO-Xttw5A,7,WEB_ID,android,1
2024-10-25 16:59:00,82.167.79.40,AAFcvU7LIAoAABO-Xttw5A,7,WEB_ID,android,1
2024-10-25 17:29:00,149.109.95.248,AAA7PE7OD50AABQ_9xhR4Q,7,WEB_ID,android,1
2024-10-25 17:29:00,149.109.95.248,AAA7PE7OD50AABQ_9xhR4Q,7,WEB_ID,android,1
2024-10-25 17:29:00,149.109.95.248,AAA7PE7OD50AABQ_9xhR4Q,7,WEB_ID,android,1
2024-10-25 17:29:00,149.109.95.248,AAA7PE7OD50AABQ_9xhR4Q,7,WEB_ID,android,1
2024-10-25 18:29:00,2a00:5400:f014::,AAKRGE7P9eIAABxfJkTLVA,7,WEB_ID,android,1
2024-10-25 18:30:00,2a00:5400:f014::,AAKRGE7P9eIAABxfJkTLVA,7,WEB_ID,android,1
2024-10-25 18:30:00,2a00:5400:f014::,AAKRGE7P9eIAABxfJkTLVA,7,WEB_ID,android,1
2024-10-25 18:30:00,2a00:5400:f014::,AAKRGE7P9eIAABxfJkTLVA,7,WEB_ID,android,1
2024-10-25 18:31:00,2a00:5400:f014::,AAKRGE7P9eIAABxfJkTLVA,7,WEB_ID,android,1
2024-10-25 18:32:00,2a00:5400:f014::,AAKRGE7P9eIAABxfJkTLVA,7,WEB_ID,android,1
2024-10-25 18:32:00,2a00:5400:f014::,AAKRGE7P9eIAABxfJkTLVA,7,WEB_ID,android,1
2024-10-25 18:33:00,2a00:5400:f014::,AAKRGE7P9eIAABxfJkTLVA,7,WEB_ID,android,1
2024-10-25 18:33:00,2a00:5400:f014::,AAKRGE7P9eIAABxfJkTLVA,7,WEB_ID,android,1
2024-10-25 18:33:00,2a00:5400:f014::,AAKRGE7P9eIAABxfJkTLVA,7,WEB_ID,android,1
2024-10-25 18:34:00,2a00:5400:f014::,AAKRGE7P9eIAABxfJkTLVA,7,WEB_ID,android,1
2024-10-25 18:34:00,2a00:5400:f014::,AAKRGE7P9eIAABxfJkTLVA,7,WEB_ID,android,1
2024-10-25 18:34:00,2a00:5400:f014::,AAKRGE7P9eIAABxfJkTLVA,7,WEB_ID,android,1
2024-10-25 18:34:00,2a00:5400:f014::,AAKRGE7P9eIAABxfJkTLVA,7,WEB_ID,android,1
2024-10-25 18:35:00,2a00:5400:f014::,AAKRGE7P9eIAABxfJkTLVA,7,WEB_ID,android,1
2024-10-25 18:35:00,2a00:5400:f014::,AAKRGE7P9eIAABxfJkTLVA,7,WEB_ID,android,1
2024-10-25 18:36:00,2a00:5400:f014::,AAKRGE7P9eIAABxfJkTLVA,7,WEB_ID,android,1
2024-10-25 18:36:00,2a00:5400:f014::,AAKRGE7P9eIAABxfJkTLVA,7,WEB_ID,android,1
2024-10-25 19:00:00,82.167.79.40,AAFcvU7LIAoAABO-Xttw5A,7,WEB_ID,android,1
2024-10-25 18:50:00,2a00:5400:f014::,AAKRGE7P9eIAABxfJkTLVA,7,WEB_ID,android,1
2024-10-25 18:51:00,2a00:5400:f014::,AAKRGE7P9eIAABxfJkTLVA,7,WEB_ID,android,1
2024-10-25 18:52:00,2a00:5400:f014::,AAKRGE7P9eIAABxfJkTLVA,7,WEB_ID,android,1
2024-10-25 19:00:00,2a00:5400:f014::,AAKRGE7P9eIAABxfJkTLVA,7,WEB_ID,android,1
2024-10-25 19:29:00,82.167.79.40,AAFcvU7LIAoAABO-Xttw5A,7,WEB_ID,android,1
2024-10-25 19:29:00,82.167.79.40,AAFcvU7LIAoAABO-Xttw5A,7,WEB_ID,android,1
2024-10-25 19:30:00,82.167.79.40,AAFcvU7LIAoAABO-Xttw5A,7,WEB_ID,android,1
2024-10-25 19:35:00,2a00:5400:f014::,AAKRGE7P9eIAABxfJkTLVA,7,WEB_ID,android,1
2024-10-25 19:36:00,2a00:5400:f014::,AAKRGE7P9eIAABxfJkTLVA,7,WEB_ID,android,1
2024-10-25 19:37:00,2a00:5400:f014::,AAKRGE7P9eIAABxfJkTLVA,7,WEB_ID,android,1
2024-10-25 19:37:00,2a00:5400:f014::,AAKRGE7P9eIAABxfJkTLVA,7,WEB_ID,android,1
2024-10-25 19:39:00,2a00:5400:f014::,AAKRGE7P9eIAABxfJkTLVA,7,WEB_ID,android,1
2024-10-25 19:41:00,2a00:5400:f014::,AAKRGE7P9eIAABxfJkTLVA,7,WEB_ID,android,1
2024-10-25 19:41:00,2a00:5400:f014::,AAKRGE7P9eIAABxfJkTLVA,7,WEB_ID,android,1
2024-10-25 19:42:00,2a00:5400:f014::,AAKRGE7P9eIAABxfJkTLVA,7,WEB_ID,android,1
2024-10-25 19:42:00,2a00:5400:f014::,AAKRGE7P9eIAABxfJkTLVA,7,WEB_ID,android,1
2024-10-25 19:43:00,2a00:5400:f014::,AAKRGE7P9eIAABxfJkTLVA,7,WEB_ID,android,1
2024-10-25 19:44:00,2a00:5400:f014::,AAKRGE7P9eIAABxfJkTLVA,7,WEB_ID,android,1
2024-10-25 19:46:00,2a00:5400:f014::,AAKRGE7P9eIAABxfJkTLVA,7,WEB_ID,android,1
2024-10-25 19:46:00,2a00:5400:f014::,AAKRGE7P9eIAABxfJkTLVA,7,WEB_ID,android,1
2024-10-25 19:46:00,2a00:5400:f014::,AAKRGE7P9eIAABxfJkTLVA,7,WEB_ID,android,1
2024-10-25 19:47:00,2a00:5400:f014::,AAKRGE7P9eIAABxfJkTLVA,7,WEB_ID,android,1
2024-10-25 19:49:00,2a00:5400:f014::,AAKRGE7P9eIAABxfJkTLVA,7,WEB_ID,android,1
2024-10-26 10:10:00,2a00:5400:f014::,AAKRGE7P9eIAABxfJkTLVA,7,WEB_ID,android,1
2024-10-26 10:11:00,2a00:5400:f014::,AAKRGE7P9eIAABxfJkTLVA,7,WEB_ID,android,1
2024-10-26 10:11:00,2a00:5400:f014::,AAKRGE7P9eIAABxfJkTLVA,7,WEB_ID,android,1
2024-10-26 10:12:00,2a00:5400:f014::,AAKRGE7P9eIAABxfJkTLVA,7,WEB_ID,android,1
2024-10-26 10:18:00,2a00:5400:f014::,AAKRGE7P9eIAABxfJkTLVA,7,WEB_ID,android,1
2024-10-26 10:18:00,2a00:5400:f014::,AAKRGE7P9eIAABxfJkTLVA,7,WEB_ID,android,1
2024-10-26 10:19:00,2a00:5400:f014::,AAKRGE7P9eIAABxfJkTLVA,7,WEB_ID,android,1
2024-10-26 10:20:00,2a00:5400:f014::,AAKRGE7P9eIAABxfJkTLVA,7,WEB_ID,android,1
2024-10-26 10:22:00,2a00:5400:f014::,AAKRGE7P9eIAABxfJkTLVA,7,WEB_ID,android,1
2024-10-26 10:24:00,2a00:5400:f014::,AAKRGE7P9eIAABxfJkTLVA,7,WEB_ID,android,1
2024-10-26 10:25:00,2a00:5400:f014::,AAKRGE7P9eIAABxfJkTLVA,7,WEB_ID,android,1
2024-10-26 10:25:00,2a00:5400:f014::,AAKRGE7P9eIAABxfJkTLVA,7,WEB_ID,android,1
2024-10-26 10:27:00,2a00:5400:f014::,AAKRGE7P9eIAABxfJkTLVA,7,WEB_ID,android,1
2024-10-26 10:28:00,2a00:5400:f014::,AAKRGE7P9eIAABxfJkTLVA,7,WEB_ID,android,1
2024-10-26 10:29:00,2a00:5400:f014::,AAKRGE7P9eIAABxfJkTLVA,7,WEB_ID,android,1
2024-10-26 10:39:00,2001:16a2:45a6::,AAA7PE7OD50AABQ_9xhR4Q,7,WEB_ID,android,1
2024-10-26 10:42:00,2001:16a2:45a6::,AAA7PE7OD50AABQ_9xhR4Q,7,WEB_ID,android,1
2024-10-26 10:47:00,2001:16a2:45a6::,AAA7PE7OD50AABQ_9xhR4Q,7,WEB_ID,android,1
2024-10-26 10:22:00,2001:16a2:45a6::,AAA7PE7OD50AABQ_9xhR4Q,7,WEB_ID,android,1
2024-10-26 11:12:00,82.167.79.40,AAFcvU7LIAoAABO-Xttw5A,7,WEB_ID,android,1
2024-10-26 11:20:00,82.167.79.40,AAFcvU7LIAoAABO-Xttw5A,7,WEB_ID,android,1
2024-10-26 12:26:00,82.167.79.40,AAFcvU7LIAoAABO-Xttw5A,7,WEB_ID,android,1
2024-10-26 12:28:00,82.167.79.40,AAFcvU7LIAoAABO-Xttw5A,7,WEB_ID,android,1
2024-10-26 12:28:00,82.167.79.40,AAFcvU7LIAoAABO-Xttw5A,7,WEB_ID,android,1
2024-10-26 12:34:00,82.167.79.40,AAFcvU7LIAoAABO-Xttw5A,7,WEB_ID,android,1
2024-10-26 12:34:00,82.167.79.40,AAFcvU7LIAoAABO-Xttw5A,7,WEB_ID,android,1
2024-10-26 12:36:00,82.167.79.40,AAFcvU7LIAoAABO-Xttw5A,7,WEB_ID,android,1
2024-10-26 12:38:00,82.167.79.40,AAFcvU7LIAoAABO-Xttw5A,7,WEB_ID,android,1
2024-10-26 12:42:00,82.167.79.40,AAFcvU7LIAoAABO-Xttw5A,7,WEB_ID,android,1
2024-10-26 12:43:00,82.167.79.40,AAFcvU7LIAoAABO-Xttw5A,7,WEB_ID,android,1
2024-10-26 12:46:00,82.167.79.40,AAFcvU7LIAoAABO-Xttw5A,7,WEB_ID,android,1
2024-10-26 12:46:00,82.167.79.40,AAFcvU7LIAoAABO-Xttw5A,7,WEB_ID,android,1
2024-10-26 12:46:00,82.167.79.40,AAFcvU7LIAoAABO-Xttw5A,7,WEB_ID,android,1
2024-10-26 12:47:00,82.167.79.40,AAFcvU7LIAoAABO-Xttw5A,7,WEB_ID,android,1
2024-10-26 12:50:00,82.167.79.40,AAFcvU7LIAoAABO-Xttw5A,7,WEB_ID,android,1
2024-10-26 12:51:00,82.167.79.40,AAFcvU7LIAoAABO-Xttw5A,7,WEB_ID,android,1
2024-10-26 12:53:00,82.167.79.40,AAFcvU7LIAoAABO-Xttw5A,7,WEB_ID,android,1
2024-10-26 12:56:00,82.167.79.40,AAFcvU7LIAoAABO-Xttw5A,7,WEB_ID,android,1
2024-10-26 12:57:00,82.167.79.40,AAFcvU7LIAoAABO-Xttw5A,7,WEB_ID,android,1
2024-10-26 12:52:00,82.167.79.40,AAFcvU7LIAoAABO-Xttw5A,7,WEB_ID,android,1
2024-10-26 12:55:00,82.167.79.40,AAFcvU7LIAoAABO-Xttw5A,7,WEB_ID,android,1
2024-10-26 13:30:00,82.167.79.40,AAFcvU7LIAoAABO-Xttw5A,7,WEB_ID,android,1
2024-10-26 13:30:00,82.167.79.40,AAFcvU7LIAoAABO-Xttw5A,7,WEB_ID,android,1
2024-10-26 13:30:00,82.167.79.40,AAFcvU7LIAoAABO-Xttw5A,7,WEB_ID,android,1
2024-10-26 13:30:00,82.167.79.40,AAFcvU7LIAoAABO-Xttw5A,7,WEB_ID,android,1
2024-10-26 13:32:00,82.167.79.40,AAFcvU7LIAoAABO-Xttw5A,7,WEB_ID,android,1
2024-10-26 13:34:00,82.167.79.40,AAFcvU7LIAoAABO-Xttw5A,7,WEB_ID,android,1
2024-10-26 13:34:00,82.167.79.40,AAFcvU7LIAoAABO-Xttw5A,7,WEB_ID,android,1
2024-10-26 13:35:00,82.167.79.40,AAFcvU7LIAoAABO-Xttw5A,7,WEB_ID,android,1
2024-10-26 13:35:00,82.167.79.40,AAFcvU7LIAoAABO-Xttw5A,7,WEB_ID,android,1
2024-10-26 13:37:00,82.167.79.40,AAFcvU7LIAoAABO-Xttw5A,7,WEB_ID,android,1
2024-10-26 13:37:00,82.167.79.40,AAFcvU7LIAoAABO-Xttw5A,7,WEB_ID,android,1
2024-10-26 13:40:00,82.167.79.40,AAFcvU7LIAoAABO-Xttw5A,7,WEB_ID,android,1
2024-10-26 13:40:00,82.167.79.40,AAFcvU7LIAoAABO-Xttw5A,7,WEB_ID,android,1
2024-10-26 13:41:00,82.167.79.40,AAFcvU7LIAoAABO-Xttw5A,7,WEB_ID,android,1
2024-10-26 13:42:00,82.167.79.40,AAFcvU7LIAoAABO-Xttw5A,7,WEB_ID,android,1
2024-10-26 13:43:00,82.167.79.40,AAFcvU7LIAoAABO-Xttw5A,7,WEB_ID,android,1
2024-10-26 13:45:00,82.167.79.40,AAFcvU7LIAoAABO-Xttw5A,7,WEB_ID,android,1
2024-10-26 13:47:00,82.167.79.40,AAFcvU7LIAoAABO-Xttw5A,7,WEB_ID,android,1
2024-10-26 13:47:00,82.167.79.40,AAFcvU7LIAoAABO-Xttw5A,7,WEB_ID,android,1
2024-10-26 13:58:00,82.167.79.40,AAFcvU7LIAoAABO-Xttw5A,7,WEB_ID,android,1
2024-10-26 13:58:00,82.167.79.40,AAFcvU7LIAoAABO-Xttw5A,7,WEB_ID,android,1
2024-10-26 13:59:00,82.167.79.40,AAFcvU7LIAoAABO-Xttw5A,7,WEB_ID,android,1
2024-10-26 14:00:00,82.167.79.40,AAFcvU7LIAoAABO-Xttw5A,7,WEB_ID,android,1
2024-10-26 14:01:00,82.167.79.40,AAFcvU7LIAoAABO-Xttw5A,7,WEB_ID,android,1
2024-10-26 14:02:00,82.167.79.40,AAFcvU7LIAoAABO-Xttw5A,7,WEB_ID,android,1
2024-10-26 14:02:00,82.167.79.40,AAFcvU7LIAoAABO-Xttw5A,7,WEB_ID,android,1
2024-10-26 14:04:00,82.167.79.40,AAFcvU7LIAoAABO-Xttw5A,7,WEB_ID,android,1
2024-10-26 14:04:00,82.167.79.40,AAFcvU7LIAoAABO-Xttw5A,7,WEB_ID,android,1
2024-10-26 14:06:00,82.167.79.40,AAFcvU7LIAoAABO-Xttw5A,7,WEB_ID,android,1
2024-10-26 14:06:00,82.167.79.40,AAFcvU7LIAoAABO-Xttw5A,7,WEB_ID,android,1
2024-10-26 14:06:00,82.167.79.40,AAFcvU7LIAoAABO-Xttw5A,7,WEB_ID,android,1
2024-10-26 14:07:00,82.167.79.40,AAFcvU7LIAoAABO-Xttw5A,7,WEB_ID,android,1
2024-10-26 14:07:00,82.167.79.40,AAFcvU7LIAoAABO-Xttw5A,7,WEB_ID,android,1
2024-10-26 14:07:00,82.167.79.40,AAFcvU7LIAoAABO-Xttw5A,7,WEB_ID,android,1
2024-10-26 14:07:00,82.167.79.40,AAFcvU7LIAoAABO-Xttw5A,7,WEB_ID,android,1
2024-10-26 14:07:00,82.167.79.40,AAFcvU7LIAoAABO-Xttw5A,7,WEB_ID,android,1
2024-10-26 14:07:00,82.167.79.40,AAFcvU7LIAoAABO-Xttw5A,7,WEB_ID,android,1
2024-10-26 14:08:00,82.167.79.40,AAFcvU7LIAoAABO-Xttw5A,7,WEB_ID,android,1
2024-10-26 14:08:00,82.167.79.40,AAFcvU7LIAoAABO-Xttw5A,7,WEB_ID,android,1
2024-10-26 14:08:00,82.167.79.40,AAFcvU7LIAoAABO-Xttw5A,7,WEB_ID,android,1
2024-10-26 14:08:00,82.167.79.40,AAFcvU7LIAoAABO-Xttw5A,7,WEB_ID,android,1
2024-10-26 14:09:00,82.167.79.40,AAFcvU7LIAoAABO-Xttw5A,7,WEB_ID,android,1
2024-10-26 14:09:00,82.167.79.40,AAFcvU7LIAoAABO-Xttw5A,7,WEB_ID,android,1
2024-10-26 14:10:00,82.167.79.40,AAFcvU7LIAoAABO-Xttw5A,7,WEB_ID,android,1
2024-10-26 14:10:00,82.167.79.40,AAFcvU7LIAoAABO-Xttw5A,7,WEB_ID,android,1
2024-10-26 14:12:00,82.167.79.40,AAFcvU7LIAoAABO-Xttw5A,7,WEB_ID,android,1
2024-10-26 14:12:00,82.167.79.40,AAFcvU7LIAoAABO-Xttw5A,7,WEB_ID,android,1
2024-10-26 14:12:00,82.167.79.40,AAFcvU7LIAoAABO-Xttw5A,7,WEB_ID,android,1
2024-10-26 14:12:00,82.167.79.40,AAFcvU7LIAoAABO-Xttw5A,7,WEB_ID,android,1
2024-10-26 14:13:00,82.167.79.40,AAFcvU7LIAoAABO-Xttw5A,7,WEB_ID,android,1
2024-10-26 14:13:00,82.167.79.40,AAFcvU7LIAoAABO-Xttw5A,7,WEB_ID,android,1
2024-10-26 14:14:00,82.167.79.40,AAFcvU7LIAoAABO-Xttw5A,7,WEB_ID,android,1
2024-10-26 14:15:00,82.167.79.40,AAFcvU7LIAoAABO-Xttw5A,7,WEB_ID,android,1
2024-10-26 14:15:00,82.167.79.40,AAFcvU7LIAoAABO-Xttw5A,7,WEB_ID,android,1
2024-10-26 14:15:00,82.167.79.40,AAFcvU7LIAoAABO-Xttw5A,7,WEB_ID,android,1
2024-10-26 14:15:00,82.167.79.40,AAFcvU7LIAoAABO-Xttw5A,7,WEB_ID,android,1
2024-10-26 14:15:00,82.167.79.40,AAFcvU7LIAoAABO-Xttw5A,7,WEB_ID,android,1
2024-10-26 14:16:00,82.167.79.40,AAFcvU7LIAoAABO-Xttw5A,7,WEB_ID,android,1
2024-10-26 14:16:00,82.167.79.40,AAFcvU7LIAoAABO-Xttw5A,7,WEB_ID,android,1
2024-10-26 14:16:00,82.167.79.40,AAFcvU7LIAoAABO-Xttw5A,7,WEB_ID,android,1
2024-10-26 14:33:00,2001:16a2:c373::,AAA7PE7OD50AABQ_9xhR4Q,7,WEB_ID,android,1
2024-10-26 14:35:00,82.167.79.40,AAFcvU7LIAoAABO-Xttw5A,7,WEB_ID,android,1
2024-10-26 14:38:00,82.167.79.40,AAFcvU7LIAoAABO-Xttw5A,7,WEB_ID,android,1
2024-10-26 14:40:00,82.167.79.40,AAFcvU7LIAoAABO-Xttw5A,7,WEB_ID,android,1
2024-10-26 14:44:00,82.167.79.40,AAFcvU7LIAoAABO-Xttw5A,7,WEB_ID,android,1
2024-10-26 14:44:00,82.167.79.40,AAFcvU7LIAoAABO-Xttw5A,7,WEB_ID,android,1
2024-10-26 14:46:00,82.167.79.40,AAFcvU7LIAoAABO-Xttw5A,7,WEB_ID,android,1
2024-10-26 14:56:00,2001:16a2:c1c8::,AAA7PE7OD50AABQ_9xhR4Q,7,WEB_ID,android,1
2024-10-27 12:00:00,82.167.79.40,AAFcvU7LIAoAABO-Xttw5A,7,WEB_ID,android,1
2024-10-27 12:00:00,82.167.79.40,AAFcvU7LIAoAABO-Xttw5A,7,WEB_ID,android,1
2024-10-27 12:02:00,82.167.79.40,AAFcvU7LIAoAABO-Xttw5A,7,WEB_ID,android,1
2024-10-27 12:15:00,82.167.79.40,AAFcvU7LIAoAABO-Xttw5A,7,WEB_ID,android,1
2024-10-27 12:16:00,82.167.79.40,AAFcvU7LIAoAABO-Xttw5A,7,WEB_ID,android,1
2024-10-27 12:16:00,82.167.79.40,AAFcvU7LIAoAABO-Xttw5A,7,WEB_ID,android,1
2024-10-27 12:19:00,82.167.79.40,AAFcvU7LIAoAABO-Xttw5A,7,WEB_ID,android,1
2024-10-27 19:58:00,2a00:5400:e337::,AAA7PE7OD50AABQ_9xhR4Q,7,WEB_ID,android,1
2024-10-28 08:01:00,2a00:5400:e337::,AAA7PE7OD50AABQ_9xhR4Q,7,WEB_ID,android,1
2024-10-28 08:17:00,2a00:5400:f014::,AAKRGE7P9eIAABxfJkTLVA,7,WEB_ID,android,1
2024-10-28 08:20:00,2a00:5400:f014::,AAKRGE7P9eIAABxfJkTLVA,7,WEB_ID,android,1
2024-10-28 08:20:00,2a00:5400:f014::,AAKRGE7P9eIAABxfJkTLVA,7,WEB_ID,android,1
2024-10-28 08:21:00,2a00:5400:f014::,AAKRGE7P9eIAABxfJkTLVA,7,WEB_ID,android,1
2024-10-28 08:22:00,2a00:5400:f014::,AAKRGE7P9eIAABxfJkTLVA,7,WEB_ID,android,1
2024-10-28 08:24:00,2a00:5400:f014::,AAKRGE7P9eIAABxfJkTLVA,7,WEB_ID,android,1
2024-10-28 08:34:00,2a00:5400:f010::,AAKRGE7P9eIAABxfJkTLVA,7,WEB_ID,android,1
2024-10-28 08:35:00,2a00:5400:f010::,AAKRGE7P9eIAABxfJkTLVA,7,WEB_ID,android,1
2024-10-28 08:36:00,2a00:5400:f010::,AAKRGE7P9eIAABxfJkTLVA,7,WEB_ID,android,1
2024-10-28 08:42:00,2a00:5400:f010::,AAKRGE7P9eIAABxfJkTLVA,7,WEB_ID,android,1
2024-10-28 08:42:00,2a00:5400:f010::,AAKRGE7P9eIAABxfJkTLVA,7,WEB_ID,android,1
2024-10-28 08:43:00,2a00:5400:f010::,AAKRGE7P9eIAABxfJkTLVA,7,WEB_ID,android,1
2024-10-28 08:51:00,2a00:5400:f010::,AAKRGE7P9eIAABxfJkTLVA,7,WEB_ID,android,1
2024-10-28 09:20:00,2001:16a2:c026::,AAFcvU7LIAoAABO-Xttw5A,7,WEB_ID,android,1
2024-10-28 09:21:00,2001:16a2:c026::,AAFcvU7LIAoAABO-Xttw5A,7,WEB_ID,android,1
2024-10-28 09:21:00,2001:16a2:c026::,AAFcvU7LIAoAABO-Xttw5A,7,WEB_ID,android,1
2024-10-28 09:21:00,2001:16a2:c026::,AAFcvU7LIAoAABO-Xttw5A,7,WEB_ID,android,1
2024-10-28 09:23:00,2001:16a2:c026::,AAFcvU7LIAoAABO-Xttw5A,7,WEB_ID,android,1
2024-10-28 09:23:00,2001:16a2:c026::,AAFcvU7LIAoAABO-Xttw5A,7,WEB_ID,android,1
2024-10-28 09:23:00,2001:16a2:c026::,AAFcvU7LIAoAABO-Xttw5A,7,WEB_ID,android,1
2024-10-28 09:23:00,2001:16a2:c026::,AAFcvU7LIAoAABO-Xttw5A,7,WEB_ID,android,1
2024-10-28 09:24:00,2001:16a2:c026::,AAFcvU7LIAoAABO-Xttw5A,7,WEB_ID,android,1
2024-10-28 09:24:00,2001:16a2:c026::,AAFcvU7LIAoAABO-Xttw5A,7,WEB_ID,android,1
2024-10-28 09:24:00,2001:16a2:c026::,AAFcvU7LIAoAABO-Xttw5A,7,WEB_ID,android,1
2024-10-28 09:26:00,2001:16a2:c026::,AAFcvU7LIAoAABO-Xttw5A,7,WEB_ID,android,1
2024-10-28 09:27:00,2001:16a2:c026::,AAFcvU7LIAoAABO-Xttw5A,7,WEB_ID,android,1
2024-10-28 09:27:00,2001:16a2:c026::,AAFcvU7LIAoAABO-Xttw5A,7,WEB_ID,android,1
2024-10-28 09:27:00,2001:16a2:c026::,AAFcvU7LIAoAABO-Xttw5A,7,WEB_ID,android,1
2024-10-28 09:28:00,2001:16a2:c026::,AAFcvU7LIAoAABO-Xttw5A,7,WEB_ID,android,1
2024-10-28 09:28:00,2001:16a2:c026::,AAFcvU7LIAoAABO-Xttw5A,7,WEB_ID,android,1
2024-10-28 09:31:00,2001:16a2:c026::,AAFcvU7LIAoAABO-Xttw5A,7,WEB_ID,android,1
2024-10-28 09:31:00,2001:16a2:c026::,AAFcvU7LIAoAABO-Xttw5A,7,WEB_ID,android,1
2024-10-28 09:31:00,2001:16a2:c026::,AAFcvU7LIAoAABO-Xttw5A,7,WEB_ID,android,1
2024-10-28 09:31:00,2001:16a2:c026::,AAFcvU7LIAoAABO-Xttw5A,7,WEB_ID,android,1
2024-10-28 09:34:00,2001:16a2:c026::,AAFcvU7LIAoAABO-Xttw5A,7,WEB_ID,android,1
2024-10-28 09:34:00,2001:16a2:c026::,AAFcvU7LIAoAABO-Xttw5A,7,WEB_ID,android,1
2024-10-28 09:16:00,2001:16a2:c026::,AAFcvU7LIAoAABO-Xttw5A,7,WEB_ID,android,1
2024-10-28 09:16:00,2001:16a2:c026::,AAFcvU7LIAoAABO-Xttw5A,7,WEB_ID,android,1
2024-10-28 09:16:00,2001:16a2:c026::,AAFcvU7LIAoAABO-Xttw5A,7,WEB_ID,android,1
2024-10-28 09:18:00,2001:16a2:c026::,AAFcvU7LIAoAABO-Xttw5A,7,WEB_ID,android,1
2024-10-28 09:19:00,2001:16a2:c026::,AAFcvU7LIAoAABO-Xttw5A,7,WEB_ID,android,1
2024-10-28 09:20:00,2001:16a2:c026::,AAFcvU7LIAoAABO-Xttw5A,7,WEB_ID,android,1
2024-10-28 09:21:00,2001:16a2:c026::,AAFcvU7LIAoAABO-Xttw5A,7,WEB_ID,android,1
2024-10-28 09:22:00,2001:16a2:c026::,AAFcvU7LIAoAABO-Xttw5A,7,WEB_ID,android,1
2024-10-28 09:22:00,2001:16a2:c026::,AAFcvU7LIAoAABO-Xttw5A,7,WEB_ID,android,1
2024-10-28 09:27:00,2a00:5400:e337::,AAA7PE7OD50AABQ_9xhR4Q,7,WEB_ID,android,1
2024-10-28 11:20:00,2a00:5400:e337::,AAA7PE7OD50AABQ_9xhR4Q,7,WEB_ID,android,1
2024-10-28 12:14:00,82.167.67.118,AAFcvU7LIAoAABO-Xttw5A,7,WEB_ID,android,1
2024-10-28 12:14:00,82.167.67.118,AAFcvU7LIAoAABO-Xttw5A,7,WEB_ID,android,1
2024-10-28 12:14:00,82.167.67.118,AAFcvU7LIAoAABO-Xttw5A,7,WEB_ID,android,1
2024-10-28 11:51:00,82.167.67.118,AAFcvU7LIAoAABO-Xttw5A,7,WEB_ID,android,1
2024-10-28 11:53:00,82.167.67.118,AAFcvU7LIAoAABO-Xttw5A,7,WEB_ID,android,1
2024-10-28 11:55:00,82.167.67.118,AAFcvU7LIAoAABO-Xttw5A,7,WEB_ID,android,1
2024-10-28 11:55:00,82.167.67.118,AAFcvU7LIAoAABO-Xttw5A,7,WEB_ID,android,1
2024-10-28 11:57:00,82.167.67.118,AAFcvU7LIAoAABO-Xttw5A,7,WEB_ID,android,1
2024-10-28 11:57:00,82.167.67.118,AAFcvU7LIAoAABO-Xttw5A,7,WEB_ID,android,1
2024-10-28 12:00:00,82.167.67.118,AAFcvU7LIAoAABO-Xttw5A,7,WEB_ID,android,1
2024-10-28 12:01:00,82.167.67.118,AAFcvU7LIAoAABO-Xttw5A,7,WEB_ID,android,1
2024-10-28 12:12:00,82.167.67.118,AAFcvU7LIAoAABO-Xttw5A,7,WEB_ID,android,1
2024-10-28 12:15:00,82.167.67.118,AAFcvU7LIAoAABO-Xttw5A,7,WEB_ID,android,1
2024-10-28 12:15:00,82.167.67.118,AAFcvU7LIAoAABO-Xttw5A,7,WEB_ID,android,1
2024-10-28 12:16:00,82.167.67.118,AAFcvU7LIAoAABO-Xttw5A,7,WEB_ID,android,1
2024-10-28 12:23:00,82.167.67.118,AAFcvU7LIAoAABO-Xttw5A,7,WEB_ID,android,1
2024-10-28 12:23:00,82.167.67.118,AAFcvU7LIAoAABO-Xttw5A,7,WEB_ID,android,1
2024-10-28 12:24:00,82.167.67.118,AAFcvU7LIAoAABO-Xttw5A,7,WEB_ID,android,1
2024-10-28 12:27:00,82.167.67.118,AAFcvU7LIAoAABO-Xttw5A,7,WEB_ID,android,1
2024-10-28 12:28:00,82.167.67.118,AAFcvU7LIAoAABO-Xttw5A,7,WEB_ID,android,1
2024-10-28 12:28:00,82.167.67.118,AAFcvU7LIAoAABO-Xttw5A,7,WEB_ID,android,1
2024-10-28 12:29:00,82.167.67.118,AAFcvU7LIAoAABO-Xttw5A,7,WEB_ID,android,1
2024-10-28 12:29:00,82.167.67.118,AAFcvU7LIAoAABO-Xttw5A,7,WEB_ID,android,1
2024-10-28 13:02:00,82.167.67.118,AAFcvU7LIAoAABO-Xttw5A,7,WEB_ID,android,1
2024-10-28 13:06:00,82.167.67.118,AAFcvU7LIAoAABO-Xttw5A,7,WEB_ID,android,1
2024-10-28 13:06:00,82.167.67.118,AAFcvU7LIAoAABO-Xttw5A,7,WEB_ID,android,1
2024-10-28 13:07:00,82.167.67.118,AAFcvU7LIAoAABO-Xttw5A,7,WEB_ID,android,1
2024-10-28 13:08:00,82.167.67.118,AAFcvU7LIAoAABO-Xttw5A,7,WEB_ID,android,1
2024-10-28 14:17:00,82.167.67.118,AAFcvU7LIAoAABO-Xttw5A,7,WEB_ID,android,1
2024-10-28 14:17:00,82.167.67.118,AAFcvU7LIAoAABO-Xttw5A,7,WEB_ID,android,1
2024-10-28 14:18:00,82.167.67.118,AAFcvU7LIAoAABO-Xttw5A,7,WEB_ID,android,1
2024-10-28 14:18:00,82.167.67.118,AAFcvU7LIAoAABO-Xttw5A,7,WEB_ID,android,1
2024-10-28 14:19:00,82.167.67.118,AAFcvU7LIAoAABO-Xttw5A,7,WEB_ID,android,1
2024-10-28 14:20:00,82.167.67.118,AAFcvU7LIAoAABO-Xttw5A,7,WEB_ID,android,1
2024-10-28 14:20:00,82.167.67.118,AAFcvU7LIAoAABO-Xttw5A,7,WEB_ID,android,1
2024-10-28 14:20:00,82.167.67.118,AAFcvU7LIAoAABO-Xttw5A,7,WEB_ID,android,1
2024-10-28 14:21:00,82.167.67.118,AAFcvU7LIAoAABO-Xttw5A,7,WEB_ID,android,1
2024-10-28 14:21:00,82.167.67.118,AAFcvU7LIAoAABO-Xttw5A,7,WEB_ID,android,1
2024-10-28 14:21:00,82.167.67.118,AAFcvU7LIAoAABO-Xttw5A,7,WEB_ID,android,1
2024-10-28 14:22:00,82.167.67.118,AAFcvU7LIAoAABO-Xttw5A,7,WEB_ID,android,1
2024-10-28 14:22:00,82.167.67.118,AAFcvU7LIAoAABO-Xttw5A,7,WEB_ID,android,1
2024-10-28 14:22:00,82.167.67.118,AAFcvU7LIAoAABO-Xttw5A,7,WEB_ID,android,1
2024-10-28 14:23:00,82.167.67.118,AAFcvU7LIAoAABO-Xttw5A,7,WEB_ID,android,1
2024-10-28 14:23:00,82.167.67.118,AAFcvU7LIAoAABO-Xttw5A,7,WEB_ID,android,1
2024-10-28 14:27:00,82.167.67.118,AAFcvU7LIAoAABO-Xttw5A,7,WEB_ID,android,1
2024-10-28 14:27:00,82.167.67.118,AAFcvU7LIAoAABO-Xttw5A,7,WEB_ID,android,1
2024-10-28 14:27:00,82.167.67.118,AAFcvU7LIAoAABO-Xttw5A,7,WEB_ID,android,1
2024-10-28 14:28:00,82.167.67.118,AAFcvU7LIAoAABO-Xttw5A,7,WEB_ID,android,1
2024-10-28 14:29:00,82.167.67.118,AAFcvU7LIAoAABO-Xttw5A,7,WEB_ID,android,1
2024-10-28 14:29:00,82.167.67.118,AAFcvU7LIAoAABO-Xttw5A,7,WEB_ID,android,1
2024-10-28 14:29:00,82.167.67.118,AAFcvU7LIAoAABO-Xttw5A,7,WEB_ID,android,1
2024-10-28 14:30:00,82.167.67.118,AAFcvU7LIAoAABO-Xttw5A,7,WEB_ID,android,1
2024-10-28 14:33:00,82.167.67.118,AAFcvU7LIAoAABO-Xttw5A,7,WEB_ID,android,1
2024-10-28 14:34:00,82.167.67.118,AAFcvU7LIAoAABO-Xttw5A,7,WEB_ID,android,1
2024-10-28 14:38:00,82.167.67.118,AAFcvU7LIAoAABO-Xttw5A,7,WEB_ID,android,1
2024-10-28 14:43:00,82.167.67.118,AAFcvU7LIAoAABO-Xttw5A,7,WEB_ID,android,1
2024-10-28 14:44:00,82.167.67.118,AAFcvU7LIAoAABO-Xttw5A,7,WEB_ID,android,1
2024-10-28 14:59:00,82.167.67.118,AAFcvU7LIAoAABO-Xttw5A,7,WEB_ID,android,1
2024-10-28 14:59:00,82.167.67.118,AAFcvU7LIAoAABO-Xttw5A,7,WEB_ID,android,1
2024-10-28 14:59:00,82.167.67.118,AAFcvU7LIAoAABO-Xttw5A,7,WEB_ID,android,1
2024-10-28 15:00:00,82.167.67.118,AAFcvU7LIAoAABO-Xttw5A,7,WEB_ID,android,1
2024-10-28 15:00:00,82.167.67.118,AAFcvU7LIAoAABO-Xttw5A,7,WEB_ID,android,1
2024-10-28 15:02:00,82.167.67.118,AAFcvU7LIAoAABO-Xttw5A,7,WEB_ID,android,1
2024-10-28 15:02:00,82.167.67.118,AAFcvU7LIAoAABO-Xttw5A,7,WEB_ID,android,1
2024-10-28 15:03:00,82.167.67.118,AAFcvU7LIAoAABO-Xttw5A,7,WEB_ID,android,1
2024-10-28 15:03:00,82.167.67.118,AAFcvU7LIAoAABO-Xttw5A,7,WEB_ID,android,1
2024-10-28 15:04:00,82.167.67.118,AAFcvU7LIAoAABO-Xttw5A,7,WEB_ID,android,1
2024-10-28 15:04:00,82.167.67.118,AAFcvU7LIAoAABO-Xttw5A,7,WEB_ID,android,1
2024-10-28 15:08:00,82.167.67.118,AAFcvU7LIAoAABO-Xttw5A,7,WEB_ID,android,1
2024-10-28 15:11:00,82.167.67.118,AAFcvU7LIAoAABO-Xttw5A,7,WEB_ID,android,1
2024-10-28 15:12:00,82.167.67.118,AAFcvU7LIAoAABO-Xttw5A,7,WEB_ID,android,1
2024-10-28 14:26:00,82.167.67.118,AAFcvU7LIAoAABO-Xttw5A,7,WEB_ID,android,1
2024-10-28 14:27:00,82.167.67.118,AAFcvU7LIAoAABO-Xttw5A,7,WEB_ID,android,1
2024-10-28 14:30:00,82.167.67.118,AAFcvU7LIAoAABO-Xttw5A,7,WEB_ID,android,1
2024-10-28 14:30:00,82.167.67.118,AAFcvU7LIAoAABO-Xttw5A,7,WEB_ID,android,1
2024-10-28 14:31:00,82.167.67.118,AAFcvU7LIAoAABO-Xttw5A,7,WEB_ID,android,1
2024-10-28 14:31:00,82.167.67.118,AAFcvU7LIAoAABO-Xttw5A,7,WEB_ID,android,1
2024-10-28 14:31:00,82.167.67.118,AAFcvU7LIAoAABO-Xttw5A,7,WEB_ID,android,1
2024-10-28 14:34:00,82.167.67.118,AAFcvU7LIAoAABO-Xttw5A,7,WEB_ID,android,1
2024-10-28 14:34:00,82.167.67.118,AAFcvU7LIAoAABO-Xttw5A,7,WEB_ID,android,1
2024-10-28 14:34:00,82.167.67.118,AAFcvU7LIAoAABO-Xttw5A,7,WEB_ID,android,1
2024-10-28 14:35:00,82.167.67.118,AAFcvU7LIAoAABO-Xttw5A,7,WEB_ID,android,1
2024-10-28 14:39:00,82.167.67.118,AAFcvU7LIAoAABO-Xttw5A,7,WEB_ID,android,1
2024-10-28 14:40:00,82.167.67.118,AAFcvU7LIAoAABO-Xttw5A,7,WEB_ID,android,1
2024-10-28 14:56:00,82.167.67.118,AAFcvU7LIAoAABO-Xttw5A,7,WEB_ID,android,1
2024-10-28 14:56:00,82.167.67.118,AAFcvU7LIAoAABO-Xttw5A,7,WEB_ID,android,1
2024-10-28 14:57:00,82.167.67.118,AAFcvU7LIAoAABO-Xttw5A,7,WEB_ID,android,1
2024-10-28 14:58:00,82.167.67.118,AAFcvU7LIAoAABO-Xttw5A,7,WEB_ID,android,1
2024-10-28 14:58:00,82.167.67.118,AAFcvU7LIAoAABO-Xttw5A,7,WEB_ID,android,1
2024-10-28 15:00:00,82.167.67.118,AAFcvU7LIAoAABO-Xttw5A,7,WEB_ID,android,1
2024-10-28 15:01:00,82.167.67.118,AAFcvU7LIAoAABO-Xttw5A,7,WEB_ID,android,1
2024-10-28 15:04:00,82.167.67.118,AAFcvU7LIAoAABO-Xttw5A,7,WEB_ID,android,1
2024-10-28 15:05:00,82.167.67.118,AAFcvU7LIAoAABO-Xttw5A,7,WEB_ID,android,1
2024-10-28 15:11:00,82.167.67.118,AAFcvU7LIAoAABO-Xttw5A,7,WEB_ID,android,1
2024-10-28 15:13:00,82.167.67.118,AAFcvU7LIAoAABO-Xttw5A,7,WEB_ID,android,1
2024-10-28 15:14:00,82.167.67.118,AAFcvU7LIAoAABO-Xttw5A,7,WEB_ID,android,1
2024-10-28 15:20:00,2a00:5400:f010::,AAKRGE7P9eIAABxfJkTLVA,7,WEB_ID,android,1
2024-10-28 15:20:00,2a00:5400:f010::,AAKRGE7P9eIAABxfJkTLVA,7,WEB_ID,android,1
2024-10-28 15:21:00,2a00:5400:f010::,AAKRGE7P9eIAABxfJkTLVA,7,WEB_ID,android,1
2024-10-28 15:21:00,2a00:5400:f010::,AAKRGE7P9eIAABxfJkTLVA,7,WEB_ID,android,1
2024-10-28 15:21:00,2a00:5400:f010::,AAKRGE7P9eIAABxfJkTLVA,7,WEB_ID,android,1
2024-10-28 15:29:00,2a00:5400:f010::,AAKRGE7P9eIAABxfJkTLVA,7,WEB_ID,android,1
2024-10-28 15:29:00,2a00:5400:f010::,AAKRGE7P9eIAABxfJkTLVA,7,WEB_ID,android,1
2024-10-28 15:38:00,2a00:5400:f010::,AAKRGE7P9eIAABxfJkTLVA,7,WEB_ID,android,1
2024-10-28 15:40:00,2a00:5400:f010::,AAKRGE7P9eIAABxfJkTLVA,7,WEB_ID,android,1
2024-10-28 16:17:00,2a00:5400:f010::,AAKRGE7P9eIAABxfJkTLVA,7,WEB_ID,android,1
2024-10-28 16:20:00,2a00:5400:f010::,AAKRGE7P9eIAABxfJkTLVA,7,WEB_ID,android,1
2024-10-28 18:12:00,82.167.67.118,AAFcvU7LIAoAABO-Xttw5A,7,WEB_ID,android,1
2024-10-28 18:13:00,82.167.67.118,AAFcvU7LIAoAABO-Xttw5A,7,WEB_ID,android,1
2024-10-28 18:18:00,82.167.67.118,AAFcvU7LIAoAABO-Xttw5A,7,WEB_ID,android,1
2024-10-28 18:18:00,82.167.67.118,AAFcvU7LIAoAABO-Xttw5A,7,WEB_ID,android,1
2024-10-28 18:23:00,82.167.67.118,AAFcvU7LIAoAABO-Xttw5A,7,WEB_ID,android,1
2024-10-28 18:23:00,82.167.67.118,AAFcvU7LIAoAABO-Xttw5A,7,WEB_ID,android,1
2024-10-28 18:27:00,82.167.67.118,AAFcvU7LIAoAABO-Xttw5A,7,WEB_ID,android,1
2024-10-28 18:28:00,82.167.67.118,AAFcvU7LIAoAABO-Xttw5A,7,WEB_ID,android,1
2024-10-28 18:30:00,82.167.67.118,AAFcvU7LIAoAABO-Xttw5A,7,WEB_ID,android,1
2024-10-28 18:37:00,82.167.67.118,AAFcvU7LIAoAABO-Xttw5A,7,WEB_ID,android,1
2024-10-28 18:38:00,82.167.67.118,AAFcvU7LIAoAABO-Xttw5A,7,WEB_ID,android,1
2024-10-28 18:38:00,82.167.67.118,AAFcvU7LIAoAABO-Xttw5A,7,WEB_ID,android,1
2024-10-28 19:06:00,2a00:5400:f010::,AAKRGE7P9eIAABxfJkTLVA,7,WEB_ID,android,1
2024-10-28 19:06:00,2a00:5400:f010::,AAKRGE7P9eIAABxfJkTLVA,7,WEB_ID,android,1
2024-10-28 19:09:00,2a00:5400:f010::,AAKRGE7P9eIAABxfJkTLVA,7,WEB_ID,android,1
2024-10-28 19:10:00,2a00:5400:f010::,AAKRGE7P9eIAABxfJkTLVA,7,WEB_ID,android,1
2024-10-28 19:14:00,2a00:5400:f010::,AAKRGE7P9eIAABxfJkTLVA,7,WEB_ID,android,1
2024-10-28 19:16:00,2a00:5400:f010::,AAKRGE7P9eIAABxfJkTLVA,7,WEB_ID,android,1
2024-10-28 19:18:00,2a00:5400:f010::,AAKRGE7P9eIAABxfJkTLVA,7,WEB_ID,android,1
2024-10-28 19:20:00,2a00:5400:f010::,AAKRGE7P9eIAABxfJkTLVA,7,WEB_ID,android,1
2024-10-28 19:21:00,2a00:5400:f010::,AAKRGE7P9eIAABxfJkTLVA,7,WEB_ID,android,1
2024-10-28 18:51:00,82.167.67.118,AAFcvU7LIAoAABO-Xttw5A,7,WEB_ID,android,1
2024-10-28 18:53:00,82.167.67.118,AAFcvU7LIAoAABO-Xttw5A,7,WEB_ID,android,1
2024-10-28 18:53:00,82.167.67.118,AAFcvU7LIAoAABO-Xttw5A,7,WEB_ID,android,1
2024-10-28 18:53:00,82.167.67.118,AAFcvU7LIAoAABO-Xttw5A,7,WEB_ID,android,1
2024-10-28 18:54:00,82.167.67.118,AAFcvU7LIAoAABO-Xttw5A,7,WEB_ID,android,1
2024-10-28 18:55:00,82.167.67.118,AAFcvU7LIAoAABO-Xttw5A,7,WEB_ID,android,1
2024-10-28 18:55:00,82.167.67.118,AAFcvU7LIAoAABO-Xttw5A,7,WEB_ID,android,1
2024-10-28 18:57:00,82.167.67.118,AAFcvU7LIAoAABO-Xttw5A,7,WEB_ID,android,1
2024-10-28 18:58:00,82.167.67.118,AAFcvU7LIAoAABO-Xttw5A,7,WEB_ID,android,1
2024-10-28 18:59:00,82.167.67.118,AAFcvU7LIAoAABO-Xttw5A,7,WEB_ID,android,1
2024-10-28 19:06:00,82.167.67.118,AAFcvU7LIAoAABO-Xttw5A,7,WEB_ID,android,1
2024-10-28 19:08:00,82.167.67.118,AAFcvU7LIAoAABO-Xttw5A,7,WEB_ID,android,1
2024-10-28 19:09:00,82.167.67.118,AAFcvU7LIAoAABO-Xttw5A,7,WEB_ID,android,1
2024-10-28 19:09:00,82.167.67.118,AAFcvU7LIAoAABO-Xttw5A,7,WEB_ID,android,1
2024-10-28 19:10:00,82.167.67.118,AAFcvU7LIAoAABO-Xttw5A,7,WEB_ID,android,1
2024-10-28 19:11:00,82.167.67.118,AAFcvU7LIAoAABO-Xttw5A,7,WEB_ID,android,1
2024-10-28 19:16:00,82.167.67.118,AAFcvU7LIAoAABO-Xttw5A,7,WEB_ID,android,1
2024-10-28 19:16:00,82.167.67.118,AAFcvU7LIAoAABO-Xttw5A,7,WEB_ID,android,1
2024-10-28 19:18:00,82.167.67.118,AAFcvU7LIAoAABO-Xttw5A,7,WEB_ID,android,1
2024-10-28 19:20:00,82.167.67.118,AAFcvU7LIAoAABO-Xttw5A,7,WEB_ID,android,1
2024-10-28 19:02:00,2a00:5400:f010::,AAKRGE7P9eIAABxfJkTLVA,7,WEB_ID,android,1
2024-10-28 19:02:00,2a00:5400:f010::,AAKRGE7P9eIAABxfJkTLVA,7,WEB_ID,android,1
2024-10-28 19:10:00,2a00:5400:f010::,AAKRGE7P9eIAABxfJkTLVA,7,WEB_ID,android,1
2024-10-28 19:14:00,2a00:5400:f010::,AAKRGE7P9eIAABxfJkTLVA,7,WEB_ID,android,1
2024-10-28 19:21:00,2a00:5400:f010::,AAKRGE7P9eIAABxfJkTLVA,7,WEB_ID,android,1
2024-10-28 19:22:00,2a00:5400:f010::,AAKRGE7P9eIAABxfJkTLVA,7,WEB_ID,android,1
2024-10-28 19:23:00,2a00:5400:f010::,AAKRGE7P9eIAABxfJkTLVA,7,WEB_ID,android,1
2024-10-28 19:24:00,2a00:5400:f010::,AAKRGE7P9eIAABxfJkTLVA,7,WEB_ID,android,1
2024-10-29 10:12:00,2a00:5400:f010::,AAKRGE7P9eIAABxfJkTLVA,7,WEB_ID,android,1
2024-10-29 10:13:00,2a00:5400:f010::,AAKRGE7P9eIAABxfJkTLVA,7,WEB_ID,android,1
2024-10-29 10:15:00,2a00:5400:f010::,AAKRGE7P9eIAABxfJkTLVA,7,WEB_ID,android,1
2024-10-29 10:33:00,2a00:5400:f010::,AAKRGE7P9eIAABxfJkTLVA,7,WEB_ID,android,1
2024-10-29 10:38:00,2a00:5400:f010::,AAKRGE7P9eIAABxfJkTLVA,7,WEB_ID,android,1
2024-10-29 10:39:00,2a00:5400:f010::,AAKRGE7P9eIAABxfJkTLVA,7,WEB_ID,android,1
2024-10-29 10:40:00,2a00:5400:f010::,AAKRGE7P9eIAABxfJkTLVA,7,WEB_ID,android,1
2024-10-29 10:41:00,2a00:5400:f010::,AAKRGE7P9eIAABxfJkTLVA,7,WEB_ID,android,1
2024-10-29 10:42:00,2a00:5400:f010::,AAKRGE7P9eIAABxfJkTLVA,7,WEB_ID,android,1
2024-10-29 10:42:00,2a00:5400:f010::,AAKRGE7P9eIAABxfJkTLVA,7,WEB_ID,android,1
2024-10-29 10:43:00,2a00:5400:f010::,AAKRGE7P9eIAABxfJkTLVA,7,WEB_ID,android,1
2024-10-29 10:48:00,2a00:5400:f010::,AAKRGE7P9eIAABxfJkTLVA,7,WEB_ID,android,1
2024-10-29 11:01:00,82.167.67.118,AAFcvU7LIAoAABO-Xttw5A,7,WEB_ID,android,1
2024-10-29 16:02:00,82.167.67.118,AAFcvU7LIAoAABO-Xttw5A,7,WEB_ID,android,1
2024-10-29 16:03:00,82.167.67.118,AAFcvU7LIAoAABO-Xttw5A,7,WEB_ID,android,1
2024-10-29 16:04:00,82.167.67.118,AAFcvU7LIAoAABO-Xttw5A,7,WEB_ID,android,1
2024-10-29 16:06:00,82.167.67.118,AAFcvU7LIAoAABO-Xttw5A,7,WEB_ID,android,1
2024-10-29 16:09:00,82.167.67.118,AAFcvU7LIAoAABO-Xttw5A,7,WEB_ID,android,1
2024-10-29 16:11:00,82.167.67.118,AAFcvU7LIAoAABO-Xttw5A,7,WEB_ID,android,1
2024-10-29 16:15:00,82.167.67.118,AAFcvU7LIAoAABO-Xttw5A,7,WEB_ID,android,1
2024-10-29 16:24:00,82.167.67.118,AAFcvU7LIAoAABO-Xttw5A,7,WEB_ID,android,1
2024-10-29 16:26:00,82.167.67.118,AAFcvU7LIAoAABO-Xttw5A,7,WEB_ID,android,1
2024-10-29 16:26:00,82.167.67.118,AAFcvU7LIAoAABO-Xttw5A,7,WEB_ID,android,1
2024-10-29 16:27:00,82.167.67.118,AAFcvU7LIAoAABO-Xttw5A,7,WEB_ID,android,1
2024-10-29 16:27:00,82.167.67.118,AAFcvU7LIAoAABO-Xttw5A,7,WEB_ID,android,1
2024-10-29 16:29:00,82.167.67.118,AAFcvU7LIAoAABO-Xttw5A,7,WEB_ID,android,1
2024-10-29 16:29:00,82.167.67.118,AAFcvU7LIAoAABO-Xttw5A,7,WEB_ID,android,1
2024-10-29 16:29:00,82.167.67.118,AAFcvU7LIAoAABO-Xttw5A,7,WEB_ID,android,1
2024-10-29 16:30:00,82.167.67.118,AAFcvU7LIAoAABO-Xttw5A,7,WEB_ID,android,1
2024-10-29 16:31:00,82.167.67.118,AAFcvU7LIAoAABO-Xttw5A,7,WEB_ID,android,1
2024-10-29 16:32:00,82.167.67.118,AAFcvU7LIAoAABO-Xttw5A,7,WEB_ID,android,1
2024-10-29 16:32:00,82.167.67.118,AAFcvU7LIAoAABO-Xttw5A,7,WEB_ID,android,1
2024-10-29 16:32:00,82.167.67.118,AAFcvU7LIAoAABO-Xttw5A,7,WEB_ID,android,1
2024-10-29 16:33:00,82.167.67.118,AAFcvU7LIAoAABO-Xttw5A,7,WEB_ID,android,1
2024-10-29 16:33:00,82.167.67.118,AAFcvU7LIAoAABO-Xttw5A,7,WEB_ID,android,1
2024-10-29 16:33:00,82.167.67.118,AAFcvU7LIAoAABO-Xttw5A,7,WEB_ID,android,1
2024-10-29 16:33:00,82.167.67.118,AAFcvU7LIAoAABO-Xttw5A,7,WEB_ID,android,1
2024-10-29 16:34:00,82.167.67.118,AAFcvU7LIAoAABO-Xttw5A,7,WEB_ID,android,1
2024-10-29 16:35:00,82.167.67.118,AAFcvU7LIAoAABO-Xttw5A,7,WEB_ID,android,1
2024-10-29 16:35:00,82.167.67.118,AAFcvU7LIAoAABO-Xttw5A,7,WEB_ID,android,1
2024-10-29 16:36:00,82.167.67.118,AAFcvU7LIAoAABO-Xttw5A,7,WEB_ID,android,1
2024-10-29 18:01:00,2a00:5400:f010::,AAKRGE7P9eIAABxfJkTLVA,7,WEB_ID,android,1
2024-10-29 18:03:00,2a00:5400:f010::,AAKRGE7P9eIAABxfJkTLVA,7,WEB_ID,android,1
2024-10-29 18:05:00,2a00:5400:f010::,AAKRGE7P9eIAABxfJkTLVA,7,WEB_ID,android,1
2024-10-29 18:07:00,2a00:5400:f010::,AAKRGE7P9eIAABxfJkTLVA,7,WEB_ID,android,1
2024-10-29 18:08:00,2a00:5400:f010::,AAKRGE7P9eIAABxfJkTLVA,7,WEB_ID,android,1
2024-10-29 18:10:00,2a00:5400:f010::,AAKRGE7P9eIAABxfJkTLVA,7,WEB_ID,android,1
2024-10-29 18:11:00,2a00:5400:f010::,AAKRGE7P9eIAABxfJkTLVA,7,WEB_ID,android,1
2024-10-29 18:14:00,2a00:5400:f010::,AAKRGE7P9eIAABxfJkTLVA,7,WEB_ID,android,1
2024-10-29 18:43:00,2a00:5400:f010::,AAKRGE7P9eIAABxfJkTLVA,7,WEB_ID,android,1
2024-10-29 18:45:00,2a00:5400:f010::,AAKRGE7P9eIAABxfJkTLVA,7,WEB_ID,android,1
2024-10-29 18:45:00,2a00:5400:f010::,AAKRGE7P9eIAABxfJkTLVA,7,WEB_ID,android,1
2024-10-29 18:46:00,2a00:5400:f010::,AAKRGE7P9eIAABxfJkTLVA,7,WEB_ID,android,1
2024-10-29 18:47:00,2a00:5400:f010::,AAKRGE7P9eIAABxfJkTLVA,7,WEB_ID,android,1
2024-10-29 18:51:00,2a00:5400:f010::,AAKRGE7P9eIAABxfJkTLVA,7,WEB_ID,android,1
2024-10-29 18:54:00,2a00:5400:f010::,AAKRGE7P9eIAABxfJkTLVA,7,WEB_ID,android,1
2024-10-29 18:55:00,2a00:5400:f010::,AAKRGE7P9eIAABxfJkTLVA,7,WEB_ID,android,1
2024-10-30 08:59:00,82.167.67.118,AAFcvU7LIAoAABO-Xttw5A,7,WEB_ID,android,1
2024-10-30 08:59:00,82.167.67.118,AAFcvU7LIAoAABO-Xttw5A,7,WEB_ID,android,1
2024-10-30 09:03:00,82.167.67.118,AAFcvU7LIAoAABO-Xttw5A,7,WEB_ID,android,1
2024-10-30 09:03:00,82.167.67.118,AAFcvU7LIAoAABO-Xttw5A,7,WEB_ID,android,1
2024-10-30 09:04:00,82.167.67.118,AAFcvU7LIAoAABO-Xttw5A,7,WEB_ID,android,1
2024-10-30 09:05:00,82.167.67.118,AAFcvU7LIAoAABO-Xttw5A,7,WEB_ID,android,1
2024-10-30 09:07:00,82.167.67.118,AAFcvU7LIAoAABO-Xttw5A,7,WEB_ID,android,1
2024-10-30 09:08:00,82.167.67.118,AAFcvU7LIAoAABO-Xttw5A,7,WEB_ID,android,1
2024-10-30 09:09:00,82.167.67.118,AAFcvU7LIAoAABO-Xttw5A,7,WEB_ID,android,1
2024-10-30 09:11:00,82.167.67.118,AAFcvU7LIAoAABO-Xttw5A,7,WEB_ID,android,1
2024-10-30 09:13:00,82.167.67.118,AAFcvU7LIAoAABO-Xttw5A,7,WEB_ID,android,1
2024-10-30 09:14:00,82.167.67.118,AAFcvU7LIAoAABO-Xttw5A,7,WEB_ID,android,1
2024-10-30 09:15:00,82.167.67.118,AAFcvU7LIAoAABO-Xttw5A,7,WEB_ID,android,1
2024-10-30 09:20:00,82.167.67.118,AAFcvU7LIAoAABO-Xttw5A,7,WEB_ID,android,1
2024-10-30 09:21:00,82.167.67.118,AAFcvU7LIAoAABO-Xttw5A,7,WEB_ID,android,1
2024-10-30 09:23:00,82.167.67.118,AAFcvU7LIAoAABO-Xttw5A,7,WEB_ID,android,1
2024-10-30 09:24:00,82.167.67.118,AAFcvU7LIAoAABO-Xttw5A,7,WEB_ID,android,1
2024-10-30 09:24:00,82.167.67.118,AAFcvU7LIAoAABO-Xttw5A,7,WEB_ID,android,1
2024-10-30 09:25:00,82.167.67.118,AAFcvU7LIAoAABO-Xttw5A,7,WEB_ID,android,1
2024-10-30 09:25:00,82.167.67.118,AAFcvU7LIAoAABO-Xttw5A,7,WEB_ID,android,1
2024-10-30 09:25:00,82.167.67.118,AAFcvU7LIAoAABO-Xttw5A,7,WEB_ID,android,1
2024-10-30 09:27:00,82.167.67.118,AAFcvU7LIAoAABO-Xttw5A,7,WEB_ID,android,1
2024-10-30 09:28:00,82.167.67.118,AAFcvU7LIAoAABO-Xttw5A,7,WEB_ID,android,1
2024-10-30 09:30:00,82.167.67.118,AAFcvU7LIAoAABO-Xttw5A,7,WEB_ID,android,1
2024-10-30 09:31:00,82.167.67.118,AAFcvU7LIAoAABO-Xttw5A,7,WEB_ID,android,1
2024-10-30 10:25:00,82.167.67.118,AAFcvU7LIAoAABO-Xttw5A,7,WEB_ID,android,1
2024-10-30 10:27:00,82.167.67.118,AAFcvU7LIAoAABO-Xttw5A,7,WEB_ID,android,1
2024-10-30 10:27:00,82.167.67.118,AAFcvU7LIAoAABO-Xttw5A,7,WEB_ID,android,1
2024-10-30 10:30:00,82.167.67.118,AAFcvU7LIAoAABO-Xttw5A,7,WEB_ID,android,1
2024-10-30 10:32:00,82.167.67.118,AAFcvU7LIAoAABO-Xttw5A,7,WEB_ID,android,1
2024-10-30 10:33:00,82.167.67.118,AAFcvU7LIAoAABO-Xttw5A,7,WEB_ID,android,1
2024-10-30 10:34:00,82.167.67.118,AAFcvU7LIAoAABO-Xttw5A,7,WEB_ID,android,1
2024-10-30 10:35:00,82.167.67.118,AAFcvU7LIAoAABO-Xttw5A,7,WEB_ID,android,1
2024-10-30 10:35:00,82.167.67.118,AAFcvU7LIAoAABO-Xttw5A,7,WEB_ID,android,1
2024-10-30 10:37:00,82.167.67.118,AAFcvU7LIAoAABO-Xttw5A,7,WEB_ID,android,1
2024-10-30 10:37:00,82.167.67.118,AAFcvU7LIAoAABO-Xttw5A,7,WEB_ID,android,1
2024-10-30 10:38:00,82.167.67.118,AAFcvU7LIAoAABO-Xttw5A,7,WEB_ID,android,1
2024-10-30 10:44:00,82.167.67.118,AAFcvU7LIAoAABO-Xttw5A,7,WEB_ID,android,1
2024-10-30 10:46:00,82.167.67.118,AAFcvU7LIAoAABO-Xttw5A,7,WEB_ID,android,1
2024-10-30 10:46:00,82.167.67.118,AAFcvU7LIAoAABO-Xttw5A,7,WEB_ID,android,1
2024-10-30 10:50:00,82.167.67.118,AAFcvU7LIAoAABO-Xttw5A,7,WEB_ID,android,1
2024-10-30 10:51:00,82.167.67.118,AAFcvU7LIAoAABO-Xttw5A,7,WEB_ID,android,1
2024-10-30 10:51:00,82.167.67.118,AAFcvU7LIAoAABO-Xttw5A,7,WEB_ID,android,1
2024-10-30 10:52:00,82.167.67.118,AAFcvU7LIAoAABO-Xttw5A,7,WEB_ID,android,1
2024-10-30 10:53:00,82.167.67.118,AAFcvU7LIAoAABO-Xttw5A,7,WEB_ID,android,1
2024-10-30 10:58:00,82.167.67.118,AAFcvU7LIAoAABO-Xttw5A,7,WEB_ID,android,1
2024-10-30 11:02:00,82.167.67.118,AAFcvU7LIAoAABO-Xttw5A,7,WEB_ID,android,1
2024-10-30 11:03:00,82.167.67.118,AAFcvU7LIAoAABO-Xttw5A,7,WEB_ID,android,1
2024-10-30 11:06:00,82.167.67.118,AAFcvU7LIAoAABO-Xttw5A,7,WEB_ID,android,1
2024-10-30 11:07:00,82.167.67.118,AAFcvU7LIAoAABO-Xttw5A,7,WEB_ID,android,1
2024-10-30 11:07:00,82.167.67.118,AAFcvU7LIAoAABO-Xttw5A,7,WEB_ID,android,1
2024-10-30 10:36:00,2a00:5400:f010::,AAKRGE7P9eIAABxfJkTLVA,7,WEB_ID,android,1
2024-10-30 15:32:00,82.167.67.118,AAFcvU7LIAoAABO-Xttw5A,7,WEB_ID,android,1
2024-10-30 15:40:00,82.167.67.118,AAFcvU7LIAoAABO-Xttw5A,7,WEB_ID,android,1
2024-10-30 15:40:00,82.167.67.118,AAFcvU7LIAoAABO-Xttw5A,7,WEB_ID,android,1
2024-10-30 15:47:00,82.167.67.118,AAFcvU7LIAoAABO-Xttw5A,7,WEB_ID,android,1
2024-10-30 15:50:00,82.167.67.118,AAFcvU7LIAoAABO-Xttw5A,7,WEB_ID,android,1
2024-10-30 15:50:00,82.167.67.118,AAFcvU7LIAoAABO-Xttw5A,7,WEB_ID,android,1
2024-10-30 15:53:00,82.167.67.118,AAFcvU7LIAoAABO-Xttw5A,7,WEB_ID,android,1
2024-10-30 15:59:00,82.167.67.118,AAFcvU7LIAoAABO-Xttw5A,7,WEB_ID,android,1
2024-10-30 16:02:00,82.167.67.118,AAFcvU7LIAoAABO-Xttw5A,7,WEB_ID,android,1
2024-10-30 16:02:00,82.167.67.118,AAFcvU7LIAoAABO-Xttw5A,7,WEB_ID,android,1
2024-10-30 16:04:00,82.167.67.118,AAFcvU7LIAoAABO-Xttw5A,7,WEB_ID,android,1
2024-10-30 16:06:00,82.167.67.118,AAFcvU7LIAoAABO-Xttw5A,7,WEB_ID,android,1
2024-10-30 16:07:00,82.167.67.118,AAFcvU7LIAoAABO-Xttw5A,7,WEB_ID,android,1
2024-10-30 16:08:00,82.167.67.118,AAFcvU7LIAoAABO-Xttw5A,7,WEB_ID,android,1
2024-10-30 16:09:00,82.167.67.118,AAFcvU7LIAoAABO-Xttw5A,7,WEB_ID,android,1
2024-10-30 16:16:00,82.167.67.118,AAFcvU7LIAoAABO-Xttw5A,7,WEB_ID,android,1
2024-10-30 16:19:00,82.167.67.118,AAFcvU7LIAoAABO-Xttw5A,7,WEB_ID,android,1
2024-10-30 17:37:00,82.167.67.118,AAFcvU7LIAoAABO-Xttw5A,7,WEB_ID,android,1
2024-10-30 17:39:00,82.167.67.118,AAFcvU7LIAoAABO-Xttw5A,7,WEB_ID,android,1
2024-10-30 17:39:00,82.167.67.118,AAFcvU7LIAoAABO-Xttw5A,7,WEB_ID,android,1
2024-10-30 17:39:00,82.167.67.118,AAFcvU7LIAoAABO-Xttw5A,7,WEB_ID,android,1
2024-10-30 17:40:00,82.167.67.118,AAFcvU7LIAoAABO-Xttw5A,7,WEB_ID,android,1
2024-10-30 17:40:00,82.167.67.118,AAFcvU7LIAoAABO-Xttw5A,7,WEB_ID,android,1
2024-10-30 17:40:00,82.167.67.118,AAFcvU7LIAoAABO-Xttw5A,7,WEB_ID,android,1
2024-10-30 17:40:00,82.167.67.118,AAFcvU7LIAoAABO-Xttw5A,7,WEB_ID,android,1
2024-10-30 17:42:00,82.167.67.118,AAFcvU7LIAoAABO-Xttw5A,7,WEB_ID,android,1
2024-10-30 17:42:00,82.167.67.118,AAFcvU7LIAoAABO-Xttw5A,7,WEB_ID,android,1
2024-10-30 17:43:00,82.167.67.118,AAFcvU7LIAoAABO-Xttw5A,7,WEB_ID,android,1
2024-10-30 17:43:00,82.167.67.118,AAFcvU7LIAoAABO-Xttw5A,7,WEB_ID,android,1
2024-10-30 17:44:00,82.167.67.118,AAFcvU7LIAoAABO-Xttw5A,7,WEB_ID,android,1
2024-10-30 17:44:00,82.167.67.118,AAFcvU7LIAoAABO-Xttw5A,7,WEB_ID,android,1
2024-10-30 17:44:00,82.167.67.118,AAFcvU7LIAoAABO-Xttw5A,7,WEB_ID,android,1
2024-10-30 17:45:00,82.167.67.118,AAFcvU7LIAoAABO-Xttw5A,7,WEB_ID,android,1
2024-10-30 17:45:00,82.167.67.118,AAFcvU7LIAoAABO-Xttw5A,7,WEB_ID,android,1
2024-10-30 17:46:00,82.167.67.118,AAFcvU7LIAoAABO-Xttw5A,7,WEB_ID,android,1
2024-10-30 17:46:00,82.167.67.118,AAFcvU7LIAoAABO-Xttw5A,7,WEB_ID,android,1
2024-10-30 17:47:00,82.167.67.118,AAFcvU7LIAoAABO-Xttw5A,7,WEB_ID,android,1
2024-10-30 17:47:00,82.167.67.118,AAFcvU7LIAoAABO-Xttw5A,7,WEB_ID,android,1
2024-10-30 17:48:00,82.167.67.118,AAFcvU7LIAoAABO-Xttw5A,7,WEB_ID,android,1
2024-10-30 17:48:00,82.167.67.118,AAFcvU7LIAoAABO-Xttw5A,7,WEB_ID,android,1
2024-10-30 17:48:00,82.167.67.118,AAFcvU7LIAoAABO-Xttw5A,7,WEB_ID,android,1
2024-10-30 17:48:00,82.167.67.118,AAFcvU7LIAoAABO-Xttw5A,7,WEB_ID,android,1
2024-10-30 17:48:00,82.167.67.118,AAFcvU7LIAoAABO-Xttw5A,7,WEB_ID,android,1
2024-10-30 17:49:00,82.167.67.118,AAFcvU7LIAoAABO-Xttw5A,7,WEB_ID,android,1
2024-10-30 17:49:00,82.167.67.118,AAFcvU7LIAoAABO-Xttw5A,7,WEB_ID,android,1
2024-10-30 17:49:00,82.167.67.118,AAFcvU7LIAoAABO-Xttw5A,7,WEB_ID,android,1
2024-10-30 17:50:00,82.167.67.118,AAFcvU7LIAoAABO-Xttw5A,7,WEB_ID,android,1
2024-10-30 17:50:00,82.167.67.118,AAFcvU7LIAoAABO-Xttw5A,7,WEB_ID,android,1
2024-10-30 17:50:00,82.167.67.118,AAFcvU7LIAoAABO-Xttw5A,7,WEB_ID,android,1
2024-10-30 17:51:00,82.167.67.118,AAFcvU7LIAoAABO-Xttw5A,7,WEB_ID,android,1
2024-10-30 17:51:00,82.167.67.118,AAFcvU7LIAoAABO-Xttw5A,7,WEB_ID,android,1
2024-10-30 17:52:00,82.167.67.118,AAFcvU7LIAoAABO-Xttw5A,7,WEB_ID,android,1
2024-10-30 17:52:00,82.167.67.118,AAFcvU7LIAoAABO-Xttw5A,7,WEB_ID,android,1
2024-10-30 17:52:00,82.167.67.118,AAFcvU7LIAoAABO-Xttw5A,7,WEB_ID,android,1
2024-10-30 17:55:00,82.167.67.118,AAFcvU7LIAoAABO-Xttw5A,7,WEB_ID,android,1
2024-10-30 17:55:00,82.167.67.118,AAFcvU7LIAoAABO-Xttw5A,7,WEB_ID,android,1
2024-10-30 17:55:00,82.167.67.118,AAFcvU7LIAoAABO-Xttw5A,7,WEB_ID,android,1
2024-10-30 17:56:00,82.167.67.118,AAFcvU7LIAoAABO-Xttw5A,7,WEB_ID,android,1
2024-10-30 17:56:00,82.167.67.118,AAFcvU7LIAoAABO-Xttw5A,7,WEB_ID,android,1
2024-10-30 17:56:00,82.167.67.118,AAFcvU7LIAoAABO-Xttw5A,7,WEB_ID,android,1
2024-10-30 17:57:00,82.167.67.118,AAFcvU7LIAoAABO-Xttw5A,7,WEB_ID,android,1
2024-10-30 17:57:00,82.167.67.118,AAFcvU7LIAoAABO-Xttw5A,7,WEB_ID,android,1
2024-10-30 17:57:00,82.167.67.118,AAFcvU7LIAoAABO-Xttw5A,7,WEB_ID,android,1
2024-10-30 17:57:00,82.167.67.118,AAFcvU7LIAoAABO-Xttw5A,7,WEB_ID,android,1
2024-10-30 17:58:00,82.167.67.118,AAFcvU7LIAoAABO-Xttw5A,7,WEB_ID,android,1
2024-10-30 17:58:00,82.167.67.118,AAFcvU7LIAoAABO-Xttw5A,7,WEB_ID,android,1
2024-10-30 18:27:00,82.167.67.118,AAFcvU7LIAoAABO-Xttw5A,7,WEB_ID,android,1
2024-10-30 18:27:00,82.167.67.118,AAFcvU7LIAoAABO-Xttw5A,7,WEB_ID,android,1
2024-10-30 18:28:00,82.167.67.118,AAFcvU7LIAoAABO-Xttw5A,7,WEB_ID,android,1
2024-10-30 18:29:00,82.167.67.118,AAFcvU7LIAoAABO-Xttw5A,7,WEB_ID,android,1
2024-10-30 18:29:00,82.167.67.118,AAFcvU7LIAoAABO-Xttw5A,7,WEB_ID,android,1
2024-10-30 18:30:00,82.167.67.118,AAFcvU7LIAoAABO-Xttw5A,7,WEB_ID,android,1
2024-10-30 18:30:00,82.167.67.118,AAFcvU7LIAoAABO-Xttw5A,7,WEB_ID,android,1
2024-10-30 18:32:00,82.167.67.118,AAFcvU7LIAoAABO-Xttw5A,7,WEB_ID,android,1
2024-10-30 18:33:00,82.167.67.118,AAFcvU7LIAoAABO-Xttw5A,7,WEB_ID,android,1
2024-10-30 19:34:00,82.167.67.118,AAFcvU7LIAoAABO-Xttw5A,7,WEB_ID,android,1
2024-10-30 19:34:00,82.167.67.118,AAFcvU7LIAoAABO-Xttw5A,7,WEB_ID,android,1
2024-10-30 19:35:00,82.167.67.118,AAFcvU7LIAoAABO-Xttw5A,7,WEB_ID,android,1
2024-10-30 19:35:00,82.167.67.118,AAFcvU7LIAoAABO-Xttw5A,7,WEB_ID,android,1
2024-10-30 19:35:00,82.167.67.118,AAFcvU7LIAoAABO-Xttw5A,7,WEB_ID,android,1
2024-10-30 19:36:00,82.167.67.118,AAFcvU7LIAoAABO-Xttw5A,7,WEB_ID,android,1
2024-10-30 19:36:00,82.167.67.118,AAFcvU7LIAoAABO-Xttw5A,7,WEB_ID,android,1
2024-10-30 19:36:00,82.167.67.118,AAFcvU7LIAoAABO-Xttw5A,7,WEB_ID,android,1
2024-10-30 19:37:00,82.167.67.118,AAFcvU7LIAoAABO-Xttw5A,7,WEB_ID,android,1
2024-10-30 19:37:00,82.167.67.118,AAFcvU7LIAoAABO-Xttw5A,7,WEB_ID,android,1
2024-10-30 19:38:00,82.167.67.118,AAFcvU7LIAoAABO-Xttw5A,7,WEB_ID,android,1
2024-10-30 19:38:00,82.167.67.118,AAFcvU7LIAoAABO-Xttw5A,7,WEB_ID,android,1
2024-10-30 19:39:00,82.167.67.118,AAFcvU7LIAoAABO-Xttw5A,7,WEB_ID,android,1
2024-10-30 19:39:00,82.167.67.118,AAFcvU7LIAoAABO-Xttw5A,7,WEB_ID,android,1
2024-10-30 19:40:00,82.167.67.118,AAFcvU7LIAoAABO-Xttw5A,7,WEB_ID,android,1
2024-10-30 19:45:00,82.167.67.118,AAFcvU7LIAoAABO-Xttw5A,7,WEB_ID,android,1
2024-10-31 18:00:00,2a00:5400:f010::,AAKRGE7P9eIAABxfJkTLVA,7,WEB_ID,android,1
2024-10-31 18:02:00,2a00:5400:f010::,AAKRGE7P9eIAABxfJkTLVA,7,WEB_ID,android,1
2024-10-31 18:04:00,2a00:5400:f010::,AAKRGE7P9eIAABxfJkTLVA,7,WEB_ID,android,1
2024-10-31 18:04:00,2a00:5400:f010::,AAKRGE7P9eIAABxfJkTLVA,7,WEB_ID,android,1
2024-10-31 19:07:00,2a00:5400:f010::,AAKRGE7P9eIAABxfJkTLVA,7,WEB_ID,android,1
2024-10-31 19:08:00,2a00:5400:f010::,AAKRGE7P9eIAABxfJkTLVA,7,WEB_ID,android,1
2024-10-31 19:09:00,2a00:5400:f010::,AAKRGE7P9eIAABxfJkTLVA,7,WEB_ID,android,1
2024-10-31 19:09:00,2a00:5400:f010::,AAKRGE7P9eIAABxfJkTLVA,7,WEB_ID,android,1
2024-10-31 19:13:00,2a00:5400:f010::,AAKRGE7P9eIAABxfJkTLVA,7,WEB_ID,android,1
2024-10-31 19:13:00,2a00:5400:f010::,AAKRGE7P9eIAABxfJkTLVA,7,WEB_ID,android,1
2024-10-31 19:15:00,2a00:5400:f010::,AAKRGE7P9eIAABxfJkTLVA,7,WEB_ID,android,1
2024-10-31 19:16:00,2a00:5400:f010::,AAKRGE7P9eIAABxfJkTLVA,7,WEB_ID,android,1
2024-10-31 19:16:00,2a00:5400:f010::,AAKRGE7P9eIAABxfJkTLVA,7,WEB_ID,android,1
2024-10-31 19:17:00,2a00:5400:f010::,AAKRGE7P9eIAABxfJkTLVA,7,WEB_ID,android,1
2024-10-31 19:18:00,2a00:5400:f010::,AAKRGE7P9eIAABxfJkTLVA,7,WEB_ID,android,1
2024-10-31 19:24:00,2a00:5400:f010::,AAKRGE7P9eIAABxfJkTLVA,7,WEB_ID,android,1
2024-10-31 19:25:00,2a00:5400:f010::,AAKRGE7P9eIAABxfJkTLVA,7,WEB_ID,android,1
2024-10-31 19:27:00,2a00:5400:f010::,AAKRGE7P9eIAABxfJkTLVA,7,WEB_ID,android,1
2024-10-31 19:27:00,2a00:5400:f010::,AAKRGE7P9eIAABxfJkTLVA,7,WEB_ID,android,1
2024-10-31 19:42:00,82.167.67.118,AAFcvU7LIAoAABO-Xttw5A,7,WEB_ID,android,1
2024-10-31 19:55:00,82.167.67.118,AAFcvU7LIAoAABO-Xttw5A,7,WEB_ID,android,1
2024-10-31 20:06:00,82.167.67.118,AAFcvU7LIAoAABO-Xttw5A,7,WEB_ID,android,1
2024-11-01 08:21:00,82.167.67.118,AAFcvU7LIAoAABO-Xttw5A,7,WEB_ID,android,1
2024-11-01 08:22:00,82.167.67.118,AAFcvU7LIAoAABO-Xttw5A,7,WEB_ID,android,1
2024-11-01 08:22:00,82.167.67.118,AAFcvU7LIAoAABO-Xttw5A,7,WEB_ID,android,1
2024-11-01 08:24:00,82.167.67.118,AAFcvU7LIAoAABO-Xttw5A,7,WEB_ID,android,1
2024-11-01 08:25:00,82.167.67.118,AAFcvU7LIAoAABO-Xttw5A,7,WEB_ID,android,1
2024-11-01 08:26:00,82.167.67.118,AAFcvU7LIAoAABO-Xttw5A,7,WEB_ID,android,1
2024-11-01 08:27:00,82.167.67.118,AAFcvU7LIAoAABO-Xttw5A,7,WEB_ID,android,1
2024-11-01 08:28:00,82.167.67.118,AAFcvU7LIAoAABO-Xttw5A,7,WEB_ID,android,1
2024-11-01 08:47:00,82.167.67.118,AAFcvU7LIAoAABO-Xttw5A,7,WEB_ID,android,1
2024-11-01 09:11:00,82.167.67.118,AAFcvU7LIAoAABO-Xttw5A,7,WEB_ID,android,1
2024-11-01 15:12:00,82.167.67.118,AAFcvU7LIAoAABO-Xttw5A,7,WEB_ID,android,1
2024-11-01 15:12:00,82.167.67.118,AAFcvU7LIAoAABO-Xttw5A,7,WEB_ID,android,1
2024-11-01 15:43:00,2a00:5400:f010::,AAKRGE7P9eIAABxfJkTLVA,7,WEB_ID,android,1
2024-11-01 15:43:00,2a00:5400:f010::,AAKRGE7P9eIAABxfJkTLVA,7,WEB_ID,android,1
2024-11-01 15:44:00,2a00:5400:f010::,AAKRGE7P9eIAABxfJkTLVA,7,WEB_ID,android,1
2024-11-01 15:46:00,2a00:5400:f010::,AAKRGE7P9eIAABxfJkTLVA,7,WEB_ID,android,1
2024-11-01 15:46:00,2a00:5400:f010::,AAKRGE7P9eIAABxfJkTLVA,7,WEB_ID,android,1
2024-11-01 15:47:00,2a00:5400:f010::,AAKRGE7P9eIAABxfJkTLVA,7,WEB_ID,android,1
2024-11-01 15:47:00,2a00:5400:f010::,AAKRGE7P9eIAABxfJkTLVA,7,WEB_ID,android,1
2024-11-01 15:49:00,2a00:5400:f010::,AAKRGE7P9eIAABxfJkTLVA,7,WEB_ID,android,1
2024-11-01 15:50:00,2a00:5400:f010::,AAKRGE7P9eIAABxfJkTLVA,7,WEB_ID,android,1
2024-11-01 15:50:00,2a00:5400:f010::,AAKRGE7P9eIAABxfJkTLVA,7,WEB_ID,android,1
2024-11-01 15:53:00,2a00:5400:f010::,AAKRGE7P9eIAABxfJkTLVA,7,WEB_ID,android,1
2024-11-01 15:54:00,2a00:5400:f010::,AAKRGE7P9eIAABxfJkTLVA,7,WEB_ID,android,1
2024-11-01 15:55:00,2a00:5400:f010::,AAKRGE7P9eIAABxfJkTLVA,7,WEB_ID,android,1
2024-11-01 15:55:00,2a00:5400:f010::,AAKRGE7P9eIAABxfJkTLVA,7,WEB_ID,android,1
2024-11-01 15:55:00,2a00:5400:f010::,AAKRGE7P9eIAABxfJkTLVA,7,WEB_ID,android,1
2024-11-01 15:56:00,2a00:5400:f010::,AAKRGE7P9eIAABxfJkTLVA,7,WEB_ID,android,1
2024-11-01 15:56:00,2a00:5400:f010::,AAKRGE7P9eIAABxfJkTLVA,7,WEB_ID,android,1
2024-11-01 16:45:00,2a00:5400:f010::,AAKRGE7P9eIAABxfJkTLVA,7,WEB_ID,android,1
2024-11-02 09:27:00,82.167.67.118,AAFcvU7LIAoAABO-Xttw5A,7,WEB_ID,android,1
2024-11-02 09:27:00,82.167.67.118,AAFcvU7LIAoAABO-Xttw5A,7,WEB_ID,android,1
2024-11-02 09:28:00,82.167.67.118,AAFcvU7LIAoAABO-Xttw5A,7,WEB_ID,android,1
2024-11-02 09:42:00,82.167.67.118,AAFcvU7LIAoAABO-Xttw5A,7,WEB_ID,android,1
2024-11-02 09:44:00,82.167.67.118,AAFcvU7LIAoAABO-Xttw5A,7,WEB_ID,android,1
2024-11-02 09:47:00,82.167.67.118,AAFcvU7LIAoAABO-Xttw5A,7,WEB_ID,android,1
2024-11-02 09:48:00,82.167.67.118,AAFcvU7LIAoAABO-Xttw5A,7,WEB_ID,android,1
2024-11-02 09:49:00,82.167.67.118,AAFcvU7LIAoAABO-Xttw5A,7,WEB_ID,android,1
2024-11-02 09:51:00,82.167.67.118,AAFcvU7LIAoAABO-Xttw5A,7,WEB_ID,android,1
2024-11-02 09:52:00,82.167.67.118,AAFcvU7LIAoAABO-Xttw5A,7,WEB_ID,android,1
2024-11-02 09:55:00,82.167.67.118,AAFcvU7LIAoAABO-Xttw5A,7,WEB_ID,android,1
2024-11-02 09:56:00,82.167.67.118,AAFcvU7LIAoAABO-Xttw5A,7,WEB_ID,android,1
2024-11-02 09:58:00,82.167.67.118,AAFcvU7LIAoAABO-Xttw5A,7,WEB_ID,android,1
2024-11-02 10:06:00,82.167.67.118,AAFcvU7LIAoAABO-Xttw5A,7,WEB_ID,android,1
2024-11-02 10:59:00,82.167.67.118,AAFcvU7LIAoAABO-Xttw5A,7,WEB_ID,android,1
2024-11-02 11:00:00,82.167.67.118,AAFcvU7LIAoAABO-Xttw5A,7,WEB_ID,android,1
2024-11-02 11:03:00,82.167.67.118,AAFcvU7LIAoAABO-Xttw5A,7,WEB_ID,android,1
2024-11-02 11:15:00,82.167.67.118,AAFcvU7LIAoAABO-Xttw5A,7,WEB_ID,android,1
2024-11-02 11:15:00,82.167.67.118,AAFcvU7LIAoAABO-Xttw5A,7,WEB_ID,android,1
2024-11-02 11:21:00,82.167.67.118,AAFcvU7LIAoAABO-Xttw5A,7,WEB_ID,android,1
2024-11-02 11:56:00,82.167.67.118,AAFcvU7LIAoAABO-Xttw5A,7,WEB_ID,android,1
2024-11-02 12:02:00,82.167.67.118,AAFcvU7LIAoAABO-Xttw5A,7,WEB_ID,android,1
2024-11-02 12:04:00,82.167.67.118,AAFcvU7LIAoAABO-Xttw5A,7,WEB_ID,android,1
2024-11-02 12:05:00,82.167.67.118,AAFcvU7LIAoAABO-Xttw5A,7,WEB_ID,android,1
2024-11-02 12:10:00,82.167.67.118,AAFcvU7LIAoAABO-Xttw5A,7,WEB_ID,android,1
2024-11-02 12:10:00,82.167.67.118,AAFcvU7LIAoAABO-Xttw5A,7,WEB_ID,android,1
2024-11-02 12:49:00,82.167.67.118,AAFcvU7LIAoAABO-Xttw5A,7,WEB_ID,android,1
2024-11-02 12:50:00,82.167.67.118,AAFcvU7LIAoAABO-Xttw5A,7,WEB_ID,android,1
2024-11-02 12:57:00,82.167.67.118,AAFcvU7LIAoAABO-Xttw5A,7,WEB_ID,android,1
2024-11-02 12:58:00,82.167.67.118,AAFcvU7LIAoAABO-Xttw5A,7,WEB_ID,android,1
2024-11-02 12:59:00,82.167.67.118,AAFcvU7LIAoAABO-Xttw5A,7,WEB_ID,android,1
2024-11-02 13:19:00,82.167.67.118,AAFcvU7LIAoAABO-Xttw5A,7,WEB_ID,android,1
2024-11-02 13:21:00,82.167.67.118,AAFcvU7LIAoAABO-Xttw5A,7,WEB_ID,android,1
2024-11-02 13:22:00,82.167.67.118,AAFcvU7LIAoAABO-Xttw5A,7,WEB_ID,android,1
2024-11-02 13:22:00,82.167.67.118,AAFcvU7LIAoAABO-Xttw5A,7,WEB_ID,android,1
2024-11-02 13:22:00,82.167.67.118,AAFcvU7LIAoAABO-Xttw5A,7,WEB_ID,android,1
2024-11-02 13:23:00,82.167.67.118,AAFcvU7LIAoAABO-Xttw5A,7,WEB_ID,android,1
2024-11-02 13:25:00,82.167.67.118,AAFcvU7LIAoAABO-Xttw5A,7,WEB_ID,android,1
2024-11-02 13:27:00,82.167.67.118,AAFcvU7LIAoAABO-Xttw5A,7,WEB_ID,android,1
2024-11-02 13:43:00,82.167.67.118,AAFcvU7LIAoAABO-Xttw5A,7,WEB_ID,android,1
2024-11-02 13:37:00,2a00:5400:f010::,AAKRGE7P9eIAABxfJkTLVA,7,WEB_ID,android,1
2024-11-02 13:38:00,2a00:5400:f010::,AAKRGE7P9eIAABxfJkTLVA,7,WEB_ID,android,1
2024-11-02 13:41:00,2a00:5400:f010::,AAKRGE7P9eIAABxfJkTLVA,7,WEB_ID,android,1
2024-11-02 13:41:00,2a00:5400:f010::,AAKRGE7P9eIAABxfJkTLVA,7,WEB_ID,android,1
2024-11-02 13:45:00,2a00:5400:f010::,AAKRGE7P9eIAABxfJkTLVA,7,WEB_ID,android,1
2024-11-02 13:57:00,2a00:5400:f010::,AAKRGE7P9eIAABxfJkTLVA,7,WEB_ID,android,1
2024-11-02 14:00:00,2a00:5400:f010::,AAKRGE7P9eIAABxfJkTLVA,7,WEB_ID,android,1
2024-11-02 15:16:00,2a00:5400:f010::,AAKRGE7P9eIAABxfJkTLVA,7,WEB_ID,android,1
2024-11-02 16:13:00,2a00:5400:f010::,AAKRGE7P9eIAABxfJkTLVA,7,WEB_ID,android,1
2024-11-02 16:36:00,2a00:5400:f010::,AAKRGE7P9eIAABxfJkTLVA,7,WEB_ID,android,1
2024-11-02 16:37:00,2a00:5400:f010::,AAKRGE7P9eIAABxfJkTLVA,7,WEB_ID,android,1
2024-11-02 16:38:00,2a00:5400:f010::,AAKRGE7P9eIAABxfJkTLVA,7,WEB_ID,android,1
2024-11-02 16:53:00,2a00:5400:f010::,AAKRGE7P9eIAABxfJkTLVA,7,WEB_ID,android,1
2024-11-02 17:16:00,82.167.67.118,AAFcvU7LIAoAABO-Xttw5A,7,WEB_ID,android,1
2024-10-04 11:45:00,82.167.71.123,AAKT707IOKgAAB_bLwHDew,6,WEB_ID,ios,1
2024-10-04 11:48:00,2a00:5400:e053:631e::,AAKT707IOKgAAB_bLwHDew,6,WEB_ID,ios,1
2024-10-04 11:52:00,2a00:5400:e053:631e::,AAKT707IOKgAAB_bLwHDew,6,WEB_ID,ios,1
2024-10-04 12:03:00,82.167.71.123,AAKT707IOKgAAB_bLwHDew,6,WEB_ID,ios,1
2024-10-04 12:06:00,2a00:5400:e053:631e::,AAKT707IOKgAAB_bLwHDew,6,WEB_ID,ios,1
2024-10-04 12:07:00,82.167.71.123,AAKT707IOKgAAB_bLwHDew,6,WEB_ID,ios,1
2024-10-04 12:10:00,2a00:5400:e053:631e:1ed:cc0f:8a46:f8d9,AAKT707IOKgAAB_bLwHDew,6,WEB_ID,ios,1
2024-10-04 12:11:00,2a00:5400:e053:631e::,AAKT707IOKgAAB_bLwHDew,6,WEB_ID,ios,1
2024-10-04 12:13:00,82.167.71.123,AAKT707IOKgAAB_bLwHDew,6,WEB_ID,ios,1
2024-10-04 12:13:00,82.167.71.123,AAKT707IOKgAAB_bLwHDew,6,WEB_ID,ios,1
2024-10-04 12:13:00,82.167.71.123,AAKT707IOKgAAB_bLwHDew,6,WEB_ID,ios,1
2024-10-04 12:17:00,2a00:5400:e053:631e::,AAKT707IOKgAAB_bLwHDew,6,WEB_ID,ios,1
2024-10-04 12:17:00,2a00:5400:e053:631e::,AAKT707IOKgAAB_bLwHDew,6,WEB_ID,ios,1
2024-10-04 12:18:00,2a00:5400:e053:631e:1ed:cc0f:8a46:f8d9,AAKT707IOKgAAB_bLwHDew,6,WEB_ID,ios,1
2024-10-04 12:18:00,82.167.71.123,AAKT707IOKgAAB_bLwHDew,6,WEB_ID,ios,1
2024-10-04 12:20:00,2a00:5400:e053:631e:1ed:cc0f:8a46:f8d9,AAKT707IOKgAAB_bLwHDew,6,WEB_ID,ios,1
2024-10-04 12:21:00,2a00:5400:e053:631e:1ed:cc0f:8a46:f8d9,AAKT707IOKgAAB_bLwHDew,6,WEB_ID,ios,1
2024-10-04 12:23:00,2a00:5400:e053:631e::,AAKT707IOKgAAB_bLwHDew,6,WEB_ID,ios,1
2024-10-04 12:23:00,82.167.71.123,AAKT707IOKgAAB_bLwHDew,6,WEB_ID,ios,1
2024-10-04 12:25:00,2a00:5400:e053:631e::,AAKT707IOKgAAB_bLwHDew,6,WEB_ID,ios,1
2024-10-04 12:28:00,2a00:5400:e053:631e:1ed:cc0f:8a46:f8d9,AAKT707IOKgAAB_bLwHDew,6,WEB_ID,ios,1
2024-10-04 12:28:00,82.167.71.123,AAKT707IOKgAAB_bLwHDew,6,WEB_ID,ios,1
2024-10-04 14:22:00,2a00:5400:e053:631e::,AAKT707IOKgAAB_bLwHDew,6,WEB_ID,ios,1
2024-10-04 14:24:00,2a00:5400:e053:631e:1ed:cc0f:8a46:f8d9,AAKT707IOKgAAB_bLwHDew,6,WEB_ID,ios,1
2024-10-04 14:24:00,82.167.71.123,AAKT707IOKgAAB_bLwHDew,6,WEB_ID,ios,1
2024-10-04 14:25:00,82.167.71.123,AAKT707IOKgAAB_bLwHDew,6,WEB_ID,ios,1
2024-10-04 14:25:00,2a00:5400:e053:631e:1ed:cc0f:8a46:f8d9,AAKT707IOKgAAB_bLwHDew,6,WEB_ID,ios,1
2024-10-04 14:25:00,2a00:5400:e053:631e::,AAKT707IOKgAAB_bLwHDew,6,WEB_ID,ios,1
2024-10-04 14:27:00,82.167.71.123,AAKT707IOKgAAB_bLwHDew,6,WEB_ID,ios,1
2024-10-04 14:29:00,2a00:5400:e053:631e::,AAKT707IOKgAAB_bLwHDew,6,WEB_ID,ios,1
2024-10-04 14:30:00,2a00:5400:e053:631e:1ed:cc0f:8a46:f8d9,AAKT707IOKgAAB_bLwHDew,6,WEB_ID,ios,1
2024-10-04 14:52:00,82.167.71.123,AAKT707IOKgAAB_bLwHDew,6,WEB_ID,ios,1
2024-10-04 14:53:00,2a00:5400:e053:631e:1ed:cc0f:8a46:f8d9,AAKT707IOKgAAB_bLwHDew,6,WEB_ID,ios,1
2024-10-04 14:54:00,2a00:5400:e053:631e:1ed:cc0f:8a46:f8d9,AAKT707IOKgAAB_bLwHDew,6,WEB_ID,ios,1
2024-10-04 14:54:00,2a00:5400:e053:631e::,AAKT707IOKgAAB_bLwHDew,6,WEB_ID,ios,1
2024-10-04 14:58:00,82.167.71.123,AAKT707IOKgAAB_bLwHDew,6,WEB_ID,ios,1
2024-10-04 14:59:00,2a00:5400:e053:631e:1ed:cc0f:8a46:f8d9,AAKT707IOKgAAB_bLwHDew,6,WEB_ID,ios,1
2024-10-04 15:04:00,2a00:5400:e053:631e:1ed:cc0f:8a46:f8d9,AAKT707IOKgAAB_bLwHDew,6,WEB_ID,ios,1
2024-10-05 18:46:00,2a00:5400:e053:631e::,AAKT707IOKgAAB_bLwHDew,6,WEB_ID,ios,1
2024-10-05 18:48:00,82.167.71.123,AAKT707IOKgAAB_bLwHDew,6,WEB_ID,ios,1
2024-10-05 18:48:00,2a00:5400:e053:631e::,AAKT707IOKgAAB_bLwHDew,6,WEB_ID,ios,1
2024-10-05 18:53:00,2a00:5400:e053:631e::,AAKT707IOKgAAB_bLwHDew,6,WEB_ID,ios,1
2024-10-05 18:53:00,82.167.71.123,AAKT707IOKgAAB_bLwHDew,6,WEB_ID,ios,1
2024-10-05 18:54:00,2a00:5400:e053:631e::,AAKT707IOKgAAB_bLwHDew,6,WEB_ID,ios,1
2024-10-05 18:58:00,82.167.71.123,AAKT707IOKgAAB_bLwHDew,6,WEB_ID,ios,1
2024-10-05 19:01:00,82.167.71.123,AAKT707IOKgAAB_bLwHDew,6,WEB_ID,ios,1
2024-10-05 19:06:00,2a00:5400:e053:631e::,AAKT707IOKgAAB_bLwHDew,6,WEB_ID,ios,1
2024-10-05 19:06:00,2a00:5400:e053:631e::,AAKT707IOKgAAB_bLwHDew,6,WEB_ID,ios,1
2024-10-05 19:08:00,82.167.71.123,AAKT707IOKgAAB_bLwHDew,6,WEB_ID,ios,1
2024-10-05 19:11:00,2a00:5400:e053:631e:1ed:cc0f:8a46:f8d9,AAKT707IOKgAAB_bLwHDew,6,WEB_ID,ios,1
2024-10-05 19:12:00,2a00:5400:e053:631e::,AAKT707IOKgAAB_bLwHDew,6,WEB_ID,ios,1
2024-10-05 19:13:00,82.167.71.123,AAKT707IOKgAAB_bLwHDew,6,WEB_ID,ios,1
2024-10-05 19:51:00,82.167.71.123,AAKT707IOKgAAB_bLwHDew,6,WEB_ID,ios,1
2024-10-05 19:52:00,2a00:5400:e053:631e::,AAKT707IOKgAAB_bLwHDew,6,WEB_ID,ios,1
2024-10-05 20:23:00,82.167.71.123,AAKT707IOKgAAB_bLwHDew,6,WEB_ID,ios,1
2024-10-05 20:23:00,2a00:5400:e053:631e::,AAKT707IOKgAAB_bLwHDew,6,WEB_ID,ios,1
2024-10-05 20:23:00,82.167.71.123,AAKT707IOKgAAB_bLwHDew,6,WEB_ID,ios,1
2024-11-02 17:39:00,82.167.67.118,AAFcvU7LIAoAABO-Xttw5A,7,WEB_ID,android,1
2024-11-02 17:40:00,82.167.67.118,AAFcvU7LIAoAABO-Xttw5A,7,WEB_ID,android,1
2024-11-02 17:40:00,82.167.67.118,AAFcvU7LIAoAABO-Xttw5A,7,WEB_ID,android,1
2024-11-02 17:41:00,82.167.67.118,AAFcvU7LIAoAABO-Xttw5A,7,WEB_ID,android,1
2024-11-02 17:42:00,82.167.67.118,AAFcvU7LIAoAABO-Xttw5A,7,WEB_ID,android,1
2024-11-02 16:59:00,82.167.67.118,AAFcvU7LIAoAABO-Xttw5A,7,WEB_ID,android,1
2024-10-02 09:39:00,2405:8180:201:716c:40c3:1d57:1732:458e,04de0e1c-de2f-4515-8423-ae3083e4acee,2,IDFV,ios,1
2024-10-02 09:40:00,103.121.171.96,04de0e1c-de2f-4515-8423-ae3083e4acee,2,IDFV,ios,1
2024-10-02 09:43:00,103.121.171.96,04de0e1c-de2f-4515-8423-ae3083e4acee,2,IDFV,ios,1
2024-11-02 17:40:00,82.167.67.118,AAFcvU7LIAoAABO-Xttw5A,7,WEB_ID,android,1
2024-10-03 08:59:00,103.121.136.88,1a6196f1-7953-4e5a-8449-780be167de51,2,IDFV,ios,1
2024-10-03 12:12:00,103.121.110.55,1a6196f1-7953-4e5a-8449-780be167de51,2,IDFV,ios,1
2024-10-03 12:17:00,103.121.110.55,1a6196f1-7953-4e5a-8449-780be167de51,2,IDFV,ios,1
2024-10-03 12:23:00,103.121.110.55,1a6196f1-7953-4e5a-8449-780be167de51,2,IDFV,ios,1
2024-10-03 12:33:00,103.121.110.55,1a6196f1-7953-4e5a-8449-780be167de51,2,IDFV,ios,1
2024-10-03 12:36:00,103.121.110.55,1a6196f1-7953-4e5a-8449-780be167de51,2,IDFV,ios,1
2024-10-03 12:47:00,103.121.110.55,1a6196f1-7953-4e5a-8449-780be167de51,2,IDFV,ios,1
2024-10-03 12:49:00,103.121.110.55,1a6196f1-7953-4e5a-8449-780be167de51,2,IDFV,ios,1
2024-10-03 12:53:00,182.2.141.76,686931a4-abd8-46e6-b0e3-78e57c0c620c,2,IDFV,ios,1
2024-10-06 10:31:00,2a00:5400:e053:631e:4434:7042:bf5:942,AAKT707IOKgAAB_bLwHDew,6,WEB_ID,ios,1
2024-10-06 10:34:00,2a00:5400:e053:631e:4434:7042:bf5:942,AAKT707IOKgAAB_bLwHDew,6,WEB_ID,ios,1
2024-10-06 10:37:00,82.167.71.123,AAKT707IOKgAAB_bLwHDew,6,WEB_ID,ios,1
2024-10-06 10:43:00,82.167.71.123,AAKT707IOKgAAB_bLwHDew,6,WEB_ID,ios,1
2024-10-06 10:46:00,82.167.71.123,AAKT707IOKgAAB_bLwHDew,6,WEB_ID,ios,1
2024-10-06 10:50:00,82.167.71.123,AAKT707IOKgAAB_bLwHDew,6,WEB_ID,ios,1
2024-10-06 10:57:00,82.167.71.123,AAKT707IOKgAAB_bLwHDew,6,WEB_ID,ios,1
2024-10-06 11:03:00,82.167.71.123,AAKT707IOKgAAB_bLwHDew,6,WEB_ID,ios,1
2024-10-06 11:08:00,82.167.71.123,AAKT707IOKgAAB_bLwHDew,6,WEB_ID,ios,1
2024-10-06 11:09:00,82.167.71.123,AAKT707IOKgAAB_bLwHDew,6,WEB_ID,ios,1
2024-10-06 19:42:00,82.167.71.123,AAKT707IOKgAAB_bLwHDew,6,WEB_ID,ios,1
2024-10-06 19:44:00,82.167.71.123,AAKT707IOKgAAB_bLwHDew,6,WEB_ID,ios,1
2024-10-06 19:49:00,82.167.71.123,AAKT707IOKgAAB_bLwHDew,6,WEB_ID,ios,1
2024-10-06 19:54:00,82.167.71.123,AAKT707IOKgAAB_bLwHDew,6,WEB_ID,ios,1
2024-10-06 20:01:00,2a00:5400:e053:631e:4434:7042:bf5:942,AAKT707IOKgAAB_bLwHDew,6,WEB_ID,ios,1
2024-10-06 20:01:00,2a00:5400:e053:631e::,AAKT707IOKgAAB_bLwHDew,6,WEB_ID,ios,1
2024-10-06 20:04:00,82.167.71.123,AAKT707IOKgAAB_bLwHDew,6,WEB_ID,ios,1
2024-10-06 20:08:00,2a00:5400:e053:631e:4434:7042:bf5:942,AAKT707IOKgAAB_bLwHDew,6,WEB_ID,ios,1
2024-10-06 20:08:00,82.167.71.123,AAKT707IOKgAAB_bLwHDew,6,WEB_ID,ios,1
2024-10-06 20:14:00,82.167.71.123,AAKT707IOKgAAB_bLwHDew,6,WEB_ID,ios,1
2024-10-06 20:16:00,82.167.71.123,AAKT707IOKgAAB_bLwHDew,6,WEB_ID,ios,1
2024-10-06 20:17:00,2a00:5400:e053:631e:4434:7042:bf5:942,AAKT707IOKgAAB_bLwHDew,6,WEB_ID,ios,1
2024-10-03 15:51:00,103.121.110.55,1a6196f1-7953-4e5a-8449-780be167de51,2,IDFV,ios,1
2024-10-03 15:53:00,103.121.110.55,1a6196f1-7953-4e5a-8449-780be167de51,2,IDFV,ios,1
2024-10-03 15:58:00,103.121.110.55,1a6196f1-7953-4e5a-8449-780be167de51,2,IDFV,ios,1
2024-10-03 16:03:00,103.121.110.55,1a6196f1-7953-4e5a-8449-780be167de51,2,IDFV,ios,1
2024-10-03 16:08:00,103.121.110.55,1a6196f1-7953-4e5a-8449-780be167de51,2,IDFV,ios,1
2024-10-03 16:10:00,103.121.110.55,1a6196f1-7953-4e5a-8449-780be167de51,2,IDFV,ios,1
2024-10-04 10:45:00,103.121.110.55,1a6196f1-7953-4e5a-8449-780be167de51,2,IDFV,ios,1
2024-11-02 18:10:00,82.167.67.118,AAFcvU7LIAoAABO-Xttw5A,7,WEB_ID,android,1
2024-11-02 18:14:00,82.167.67.118,AAFcvU7LIAoAABO-Xttw5A,7,WEB_ID,android,1
2024-11-02 18:57:00,82.167.67.118,AAFcvU7LIAoAABO-Xttw5A,7,WEB_ID,android,1
2024-11-02 18:57:00,82.167.67.118,AAFcvU7LIAoAABO-Xttw5A,7,WEB_ID,android,1
2024-11-02 18:58:00,82.167.67.118,AAFcvU7LIAoAABO-Xttw5A,7,WEB_ID,android,1
2024-11-02 18:58:00,82.167.67.118,AAFcvU7LIAoAABO-Xttw5A,7,WEB_ID,android,1
2024-11-02 18:59:00,82.167.67.118,AAFcvU7LIAoAABO-Xttw5A,7,WEB_ID,android,1
2024-11-02 18:59:00,82.167.67.118,AAFcvU7LIAoAABO-Xttw5A,7,WEB_ID,android,1
2024-11-02 19:01:00,82.167.67.118,AAFcvU7LIAoAABO-Xttw5A,7,WEB_ID,android,1
2024-11-02 19:01:00,82.167.67.118,AAFcvU7LIAoAABO-Xttw5A,7,WEB_ID,android,1
2024-11-02 19:01:00,82.167.67.118,AAFcvU7LIAoAABO-Xttw5A,7,WEB_ID,android,1
2024-11-02 19:01:00,82.167.67.118,AAFcvU7LIAoAABO-Xttw5A,7,WEB_ID,android,1
2024-11-02 19:01:00,82.167.67.118,AAFcvU7LIAoAABO-Xttw5A,7,WEB_ID,android,1
2024-11-02 19:01:00,82.167.67.118,AAFcvU7LIAoAABO-Xttw5A,7,WEB_ID,android,1
2024-11-02 19:01:00,82.167.67.118,AAFcvU7LIAoAABO-Xttw5A,7,WEB_ID,android,1
2024-11-02 19:01:00,82.167.67.118,AAFcvU7LIAoAABO-Xttw5A,7,WEB_ID,android,1
2024-11-02 19:05:00,82.167.67.118,AAFcvU7LIAoAABO-Xttw5A,7,WEB_ID,android,1
2024-11-02 19:19:00,46.143.134.0,AAKRGE7P9eIAABxfJkTLVA,7,WEB_ID,android,1
2024-11-02 19:27:00,46.143.134.0,AAKRGE7P9eIAABxfJkTLVA,7,WEB_ID,android,1
2024-11-02 19:32:00,46.143.134.0,AAKRGE7P9eIAABxfJkTLVA,7,WEB_ID,android,1
2024-11-02 19:35:00,46.143.134.0,AAKRGE7P9eIAABxfJkTLVA,7,WEB_ID,android,1
2024-11-02 19:36:00,46.143.134.0,AAKRGE7P9eIAABxfJkTLVA,7,WEB_ID,android,1
2024-11-02 19:39:00,46.143.134.0,AAKRGE7P9eIAABxfJkTLVA,7,WEB_ID,android,1
2024-11-02 19:40:00,46.143.134.0,AAKRGE7P9eIAABxfJkTLVA,7,WEB_ID,android,1
2024-11-02 19:41:00,46.143.134.0,AAKRGE7P9eIAABxfJkTLVA,7,WEB_ID,android,1
2024-11-03 08:08:00,46.143.134.0,AAKRGE7P9eIAABxfJkTLVA,7,WEB_ID,android,1
2024-11-03 08:09:00,46.143.134.0,AAKRGE7P9eIAABxfJkTLVA,7,WEB_ID,android,1
2024-11-03 08:19:00,46.143.134.0,AAKRGE7P9eIAABxfJkTLVA,7,WEB_ID,android,1
2024-11-03 08:21:00,46.143.134.0,AAKRGE7P9eIAABxfJkTLVA,7,WEB_ID,android,1
2024-11-03 08:22:00,46.143.134.0,AAKRGE7P9eIAABxfJkTLVA,7,WEB_ID,android,1
2024-11-03 08:22:00,46.143.134.0,AAKRGE7P9eIAABxfJkTLVA,7,WEB_ID,android,1
2024-11-03 08:22:00,46.143.134.0,AAKRGE7P9eIAABxfJkTLVA,7,WEB_ID,android,1
2024-11-03 08:23:00,46.143.134.0,AAKRGE7P9eIAABxfJkTLVA,7,WEB_ID,android,1
2024-11-03 08:25:00,46.143.134.0,AAKRGE7P9eIAABxfJkTLVA,7,WEB_ID,android,1
2024-11-03 08:25:00,46.143.134.0,AAKRGE7P9eIAABxfJkTLVA,7,WEB_ID,android,1
2024-11-03 08:25:00,46.143.134.0,AAKRGE7P9eIAABxfJkTLVA,7,WEB_ID,android,1
2024-11-03 08:26:00,46.143.134.0,AAKRGE7P9eIAABxfJkTLVA,7,WEB_ID,android,1
2024-11-03 08:27:00,46.143.134.0,AAKRGE7P9eIAABxfJkTLVA,7,WEB_ID,android,1
2024-11-03 08:27:00,46.143.134.0,AAKRGE7P9eIAABxfJkTLVA,7,WEB_ID,android,1
2024-11-03 08:30:00,46.143.134.0,AAKRGE7P9eIAABxfJkTLVA,7,WEB_ID,android,1
2024-11-03 08:36:00,46.143.134.0,AAKRGE7P9eIAABxfJkTLVA,7,WEB_ID,android,1
2024-11-03 08:37:00,46.143.134.0,AAKRGE7P9eIAABxfJkTLVA,7,WEB_ID,android,1
2024-10-04 11:19:00,103.121.138.23,1a6196f1-7953-4e5a-8449-780be167de51,2,IDFV,ios,1
2024-10-04 19:05:00,103.121.138.23,1a6196f1-7953-4e5a-8449-780be167de51,2,IDFV,ios,1
2024-10-04 19:17:00,103.121.138.23,1a6196f1-7953-4e5a-8449-780be167de51,2,IDFV,ios,1
2024-10-04 19:24:00,103.121.138.23,1a6196f1-7953-4e5a-8449-780be167de51,2,IDFV,ios,1
2024-10-04 19:32:00,103.121.138.23,1a6196f1-7953-4e5a-8449-780be167de51,2,IDFV,ios,1
2024-10-04 19:36:00,103.121.138.23,1a6196f1-7953-4e5a-8449-780be167de51,2,IDFV,ios,1
2024-11-03 13:45:00,82.167.67.118,AAFcvU7LIAoAABO-Xttw5A,7,WEB_ID,android,1
2024-11-03 13:47:00,82.167.67.118,AAFcvU7LIAoAABO-Xttw5A,7,WEB_ID,android,1
2024-11-03 13:48:00,82.167.67.118,AAFcvU7LIAoAABO-Xttw5A,7,WEB_ID,android,1
2024-11-03 13:49:00,82.167.67.118,AAFcvU7LIAoAABO-Xttw5A,7,WEB_ID,android,1
2024-11-03 13:49:00,82.167.67.118,AAFcvU7LIAoAABO-Xttw5A,7,WEB_ID,android,1
2024-11-03 13:50:00,82.167.67.118,AAFcvU7LIAoAABO-Xttw5A,7,WEB_ID,android,1
2024-11-03 13:51:00,82.167.67.118,AAFcvU7LIAoAABO-Xttw5A,7,WEB_ID,android,1
2024-11-03 13:51:00,82.167.67.118,AAFcvU7LIAoAABO-Xttw5A,7,WEB_ID,android,1
2024-11-03 13:51:00,82.167.67.118,AAFcvU7LIAoAABO-Xttw5A,7,WEB_ID,android,1
2024-11-03 13:54:00,82.167.67.118,AAFcvU7LIAoAABO-Xttw5A,7,WEB_ID,android,1
2024-11-03 13:55:00,82.167.67.118,AAFcvU7LIAoAABO-Xttw5A,7,WEB_ID,android,1
2024-11-03 13:55:00,82.167.67.118,AAFcvU7LIAoAABO-Xttw5A,7,WEB_ID,android,1
2024-11-03 13:55:00,82.167.67.118,AAFcvU7LIAoAABO-Xttw5A,7,WEB_ID,android,1
2024-11-03 13:55:00,82.167.67.118,AAFcvU7LIAoAABO-Xttw5A,7,WEB_ID,android,1
2024-11-03 14:02:00,82.167.67.118,AAFcvU7LIAoAABO-Xttw5A,7,WEB_ID,android,1
2024-11-03 16:27:00,82.167.67.118,AAFcvU7LIAoAABO-Xttw5A,7,WEB_ID,android,1
2024-11-03 16:31:00,82.167.67.118,AAFcvU7LIAoAABO-Xttw5A,7,WEB_ID,android,1
2024-10-05 09:05:00,103.121.138.23,1a6196f1-7953-4e5a-8449-780be167de51,2,IDFV,ios,1
2024-10-05 09:05:00,103.121.138.23,1a6196f1-7953-4e5a-8449-780be167de51,2,IDFV,ios,1
2024-10-05 09:06:00,103.121.138.23,1a6196f1-7953-4e5a-8449-780be167de51,2,IDFV,ios,1
2024-10-05 09:12:00,103.121.138.23,1a6196f1-7953-4e5a-8449-780be167de51,2,IDFV,ios,1
2024-10-05 09:14:00,103.121.138.23,1a6196f1-7953-4e5a-8449-780be167de51,2,IDFV,ios,1
2024-10-05 09:21:00,103.121.138.23,1a6196f1-7953-4e5a-8449-780be167de51,2,IDFV,ios,1
2024-10-05 09:24:00,103.121.138.23,1a6196f1-7953-4e5a-8449-780be167de51,2,IDFV,ios,1
2024-11-03 16:58:00,2a00:5400:f010::,AAKRGE7P9eIAABxfJkTLVA,7,WEB_ID,android,1
2024-11-03 17:02:00,2a00:5400:f010::,AAKRGE7P9eIAABxfJkTLVA,7,WEB_ID,android,1
2024-11-03 17:13:00,82.167.67.118,AAFcvU7LIAoAABO-Xttw5A,7,WEB_ID,android,1
2024-11-03 17:48:00,82.167.67.118,AAFcvU7LIAoAABO-Xttw5A,7,WEB_ID,android,1
2024-11-03 17:49:00,82.167.67.118,AAFcvU7LIAoAABO-Xttw5A,7,WEB_ID,android,1
2024-11-03 17:50:00,82.167.67.118,AAFcvU7LIAoAABO-Xttw5A,7,WEB_ID,android,1
2024-11-03 17:50:00,82.167.67.118,AAFcvU7LIAoAABO-Xttw5A,7,WEB_ID,android,1
2024-11-03 17:51:00,82.167.67.118,AAFcvU7LIAoAABO-Xttw5A,7,WEB_ID,android,1
2024-11-03 17:51:00,82.167.67.118,AAFcvU7LIAoAABO-Xttw5A,7,WEB_ID,android,1
2024-11-03 17:53:00,82.167.67.118,AAFcvU7LIAoAABO-Xttw5A,7,WEB_ID,android,1
2024-11-03 18:03:00,82.167.67.118,AAFcvU7LIAoAABO-Xttw5A,7,WEB_ID,android,1
2024-11-03 18:03:00,82.167.67.118,AAFcvU7LIAoAABO-Xttw5A,7,WEB_ID,android,1
2024-11-03 18:04:00,82.167.67.118,AAFcvU7LIAoAABO-Xttw5A,7,WEB_ID,android,1
2024-11-03 18:05:00,82.167.67.118,AAFcvU7LIAoAABO-Xttw5A,7,WEB_ID,android,1
2024-11-03 18:05:00,82.167.67.118,AAFcvU7LIAoAABO-Xttw5A,7,WEB_ID,android,1
2024-11-03 18:06:00,82.167.67.118,AAFcvU7LIAoAABO-Xttw5A,7,WEB_ID,android,1
2024-11-03 18:08:00,82.167.67.118,AAFcvU7LIAoAABO-Xttw5A,7,WEB_ID,android,1
2024-11-03 18:10:00,82.167.67.118,AAFcvU7LIAoAABO-Xttw5A,7,WEB_ID,android,1
2024-11-03 18:10:00,82.167.67.118,AAFcvU7LIAoAABO-Xttw5A,7,WEB_ID,android,1
2024-11-03 18:10:00,82.167.67.118,AAFcvU7LIAoAABO-Xttw5A,7,WEB_ID,android,1
2024-11-03 18:12:00,82.167.67.118,AAFcvU7LIAoAABO-Xttw5A,7,WEB_ID,android,1
2024-11-03 18:12:00,82.167.67.118,AAFcvU7LIAoAABO-Xttw5A,7,WEB_ID,android,1
2024-11-03 18:13:00,82.167.67.118,AAFcvU7LIAoAABO-Xttw5A,7,WEB_ID,android,1
2024-11-03 18:14:00,82.167.67.118,AAFcvU7LIAoAABO-Xttw5A,7,WEB_ID,android,1
2024-11-03 18:15:00,82.167.67.118,AAFcvU7LIAoAABO-Xttw5A,7,WEB_ID,android,1
2024-11-03 18:16:00,82.167.67.118,AAFcvU7LIAoAABO-Xttw5A,7,WEB_ID,android,1
2024-11-03 18:17:00,82.167.67.118,AAFcvU7LIAoAABO-Xttw5A,7,WEB_ID,android,1
2024-11-03 18:17:00,82.167.67.118,AAFcvU7LIAoAABO-Xttw5A,7,WEB_ID,android,1
2024-11-03 18:18:00,82.167.67.118,AAFcvU7LIAoAABO-Xttw5A,7,WEB_ID,android,1
2024-11-03 18:18:00,82.167.67.118,AAFcvU7LIAoAABO-Xttw5A,7,WEB_ID,android,1
2024-11-03 18:19:00,82.167.67.118,AAFcvU7LIAoAABO-Xttw5A,7,WEB_ID,android,1
2024-11-03 18:19:00,82.167.67.118,AAFcvU7LIAoAABO-Xttw5A,7,WEB_ID,android,1
2024-11-03 18:19:00,82.167.67.118,AAFcvU7LIAoAABO-Xttw5A,7,WEB_ID,android,1
2024-11-03 19:02:00,46.143.150.0,AAKRGE7P9eIAABxfJkTLVA,7,WEB_ID,android,1
2024-11-03 19:03:00,46.143.150.0,AAKRGE7P9eIAABxfJkTLVA,7,WEB_ID,android,1
2024-11-03 19:03:00,46.143.150.0,AAKRGE7P9eIAABxfJkTLVA,7,WEB_ID,android,1
2024-11-03 19:03:00,46.143.150.0,AAKRGE7P9eIAABxfJkTLVA,7,WEB_ID,android,1
2024-11-03 19:03:00,46.143.150.0,AAKRGE7P9eIAABxfJkTLVA,7,WEB_ID,android,1
2024-11-03 19:04:00,46.143.150.0,AAKRGE7P9eIAABxfJkTLVA,7,WEB_ID,android,1
2024-11-03 19:04:00,46.143.150.0,AAKRGE7P9eIAABxfJkTLVA,7,WEB_ID,android,1
2024-11-03 19:05:00,46.143.150.0,AAKRGE7P9eIAABxfJkTLVA,7,WEB_ID,android,1
2024-11-03 19:05:00,46.143.150.0,AAKRGE7P9eIAABxfJkTLVA,7,WEB_ID,android,1
2024-11-03 19:16:00,2a00:5400:f010::,AAKRGE7P9eIAABxfJkTLVA,7,WEB_ID,android,1
2024-11-03 19:19:00,2a00:5400:f010::,AAKRGE7P9eIAABxfJkTLVA,7,WEB_ID,android,1
2024-11-03 19:23:00,2a00:5400:f010::,AAKRGE7P9eIAABxfJkTLVA,7,WEB_ID,android,1
2024-11-03 19:24:00,2a00:5400:f010::,AAKRGE7P9eIAABxfJkTLVA,7,WEB_ID,android,1
2024-11-04 08:39:00,2a00:5400:f010::,AAKRGE7P9eIAABxfJkTLVA,7,WEB_ID,android,1
2024-11-04 08:39:00,2a00:5400:f010::,AAKRGE7P9eIAABxfJkTLVA,7,WEB_ID,android,1
2024-11-04 08:42:00,2a00:5400:f010::,AAKRGE7P9eIAABxfJkTLVA,7,WEB_ID,android,1
2024-11-04 08:46:00,2a00:5400:f010::,AAKRGE7P9eIAABxfJkTLVA,7,WEB_ID,android,1
2024-11-04 08:49:00,2a00:5400:f010::,AAKRGE7P9eIAABxfJkTLVA,7,WEB_ID,android,1
2024-11-04 08:49:00,2a00:5400:f010::,AAKRGE7P9eIAABxfJkTLVA,7,WEB_ID,android,1
2024-11-04 08:51:00,2a00:5400:f010::,AAKRGE7P9eIAABxfJkTLVA,7,WEB_ID,android,1
2024-11-04 08:52:00,2a00:5400:f010::,AAKRGE7P9eIAABxfJkTLVA,7,WEB_ID,android,1
2024-11-04 08:53:00,2a00:5400:f010::,AAKRGE7P9eIAABxfJkTLVA,7,WEB_ID,android,1
2024-11-04 08:53:00,2a00:5400:f010::,AAKRGE7P9eIAABxfJkTLVA,7,WEB_ID,android,1
2024-11-04 08:59:00,2a00:5400:f010::,AAKRGE7P9eIAABxfJkTLVA,7,WEB_ID,android,1
2024-11-04 09:00:00,2a00:5400:f010::,AAKRGE7P9eIAABxfJkTLVA,7,WEB_ID,android,1
2024-11-04 09:04:00,2a00:5400:f010::,AAKRGE7P9eIAABxfJkTLVA,7,WEB_ID,android,1
2024-11-04 09:04:00,2a00:5400:f010::,AAKRGE7P9eIAABxfJkTLVA,7,WEB_ID,android,1
2024-11-04 09:20:00,82.167.67.118,AAFcvU7LIAoAABO-Xttw5A,7,WEB_ID,android,1
2024-10-05 09:52:00,182.3.43.56,686931a4-abd8-46e6-b0e3-78e57c0c620c,2,IDFV,ios,1
2024-10-07 15:53:00,82.167.71.123,AAKT707IOKgAAB_bLwHDew,6,WEB_ID,ios,1
2024-10-07 15:53:00,2a00:5400:e053:631e:4434:7042:bf5:942,AAKT707IOKgAAB_bLwHDew,6,WEB_ID,ios,1
2024-10-07 15:59:00,82.167.71.123,AAKT707IOKgAAB_bLwHDew,6,WEB_ID,ios,1
2024-10-07 16:05:00,82.167.71.123,AAKT707IOKgAAB_bLwHDew,6,WEB_ID,ios,1
2024-10-07 16:05:00,2a00:5400:e053:631e::,AAKT707IOKgAAB_bLwHDew,6,WEB_ID,ios,1
2024-10-07 16:10:00,82.167.71.123,AAKT707IOKgAAB_bLwHDew,6,WEB_ID,ios,1
2024-10-07 16:10:00,2a00:5400:e053:631e::,AAKT707IOKgAAB_bLwHDew,6,WEB_ID,ios,1
2024-10-07 16:15:00,2a00:5400:e053:631e::,AAKT707IOKgAAB_bLwHDew,6,WEB_ID,ios,1
2024-10-07 16:15:00,82.167.71.123,AAKT707IOKgAAB_bLwHDew,6,WEB_ID,ios,1
2024-10-07 16:20:00,2a00:5400:e053:631e::,AAKT707IOKgAAB_bLwHDew,6,WEB_ID,ios,1
2024-10-07 16:20:00,82.167.71.123,AAKT707IOKgAAB_bLwHDew,6,WEB_ID,ios,1
2024-10-07 16:22:00,82.167.71.123,AAKT707IOKgAAB_bLwHDew,6,WEB_ID,ios,1
2024-10-07 16:23:00,2a00:5400:e053:631e::,AAKT707IOKgAAB_bLwHDew,6,WEB_ID,ios,1
2024-10-07 16:24:00,2a00:5400:e053:631e::,AAKT707IOKgAAB_bLwHDew,6,WEB_ID,ios,1
2024-10-05 18:30:00,182.3.43.128,686931a4-abd8-46e6-b0e3-78e57c0c620c,2,IDFV,ios,1
2024-10-05 18:31:00,182.3.43.128,686931a4-abd8-46e6-b0e3-78e57c0c620c,2,IDFV,ios,1
2024-10-05 18:39:00,182.3.43.128,686931a4-abd8-46e6-b0e3-78e57c0c620c,2,IDFV,ios,1
2024-10-05 18:44:00,182.3.43.128,686931a4-abd8-46e6-b0e3-78e57c0c620c,2,IDFV,ios,1
2024-10-05 20:30:00,202.165.46.250,686931a4-abd8-46e6-b0e3-78e57c0c620c,2,IDFV,ios,1
2024-10-05 20:36:00,202.165.46.250,686931a4-abd8-46e6-b0e3-78e57c0c620c,2,IDFV,ios,1
2024-10-06 10:51:00,103.121.171.96,04de0e1c-de2f-4515-8423-ae3083e4acee,2,IDFV,ios,1
2024-10-06 10:55:00,103.121.171.96,04de0e1c-de2f-4515-8423-ae3083e4acee,2,IDFV,ios,1
2024-10-06 10:58:00,103.121.171.96,04de0e1c-de2f-4515-8423-ae3083e4acee,2,IDFV,ios,1
2024-11-04 10:16:00,2a00:5400:f013::,AAKRGE7P9eIAABxfJkTLVA,7,WEB_ID,android,1
2024-11-04 10:16:00,2a00:5400:f013::,AAKRGE7P9eIAABxfJkTLVA,7,WEB_ID,android,1
2024-10-06 11:16:00,103.121.110.251,1a6196f1-7953-4e5a-8449-780be167de51,2,IDFV,ios,1
2024-10-06 11:26:00,103.121.110.251,1a6196f1-7953-4e5a-8449-780be167de51,2,IDFV,ios,1
2024-10-06 11:29:00,103.121.110.251,1a6196f1-7953-4e5a-8449-780be167de51,2,IDFV,ios,1
2024-11-04 10:33:00,82.167.67.118,AAFcvU7LIAoAABO-Xttw5A,7,WEB_ID,android,1
2024-11-04 10:34:00,82.167.67.118,AAFcvU7LIAoAABO-Xttw5A,7,WEB_ID,android,1
2024-11-04 10:35:00,82.167.67.118,AAFcvU7LIAoAABO-Xttw5A,7,WEB_ID,android,1
2024-11-04 11:52:00,82.167.67.118,AAFcvU7LIAoAABO-Xttw5A,7,WEB_ID,android,1
2024-11-04 12:17:00,82.167.67.118,AAFcvU7LIAoAABO-Xttw5A,7,WEB_ID,android,1
2024-11-04 12:17:00,82.167.67.118,AAFcvU7LIAoAABO-Xttw5A,7,WEB_ID,android,1
2024-11-04 12:18:00,82.167.67.118,AAFcvU7LIAoAABO-Xttw5A,7,WEB_ID,android,1
2024-11-04 12:18:00,82.167.67.118,AAFcvU7LIAoAABO-Xttw5A,7,WEB_ID,android,1
2024-11-04 12:18:00,82.167.67.118,AAFcvU7LIAoAABO-Xttw5A,7,WEB_ID,android,1
2024-11-04 12:19:00,82.167.67.118,AAFcvU7LIAoAABO-Xttw5A,7,WEB_ID,android,1
2024-11-04 12:19:00,82.167.67.118,AAFcvU7LIAoAABO-Xttw5A,7,WEB_ID,android,1
2024-11-04 12:20:00,82.167.67.118,AAFcvU7LIAoAABO-Xttw5A,7,WEB_ID,android,1
2024-11-04 12:21:00,82.167.67.118,AAFcvU7LIAoAABO-Xttw5A,7,WEB_ID,android,1
2024-11-04 12:21:00,2a00:5400:f013::,AAKRGE7P9eIAABxfJkTLVA,7,WEB_ID,android,1
2024-10-08 18:16:00,82.167.117.251,AAKT707IOKgAAB_bLwHDew,6,WEB_ID,ios,1
2024-11-04 12:46:00,82.167.67.118,AAFcvU7LIAoAABO-Xttw5A,7,WEB_ID,android,1
2024-11-04 12:47:00,82.167.67.118,AAFcvU7LIAoAABO-Xttw5A,7,WEB_ID,android,1
2024-11-04 13:18:00,2a00:5400:f013::,AAKRGE7P9eIAABxfJkTLVA,7,WEB_ID,android,1
2024-11-04 13:25:00,2a00:5400:f013::,AAKRGE7P9eIAABxfJkTLVA,7,WEB_ID,android,1
2024-11-04 13:25:00,2a00:5400:f013::,AAKRGE7P9eIAABxfJkTLVA,7,WEB_ID,android,1
2024-11-04 13:26:00,2a00:5400:f013::,AAKRGE7P9eIAABxfJkTLVA,7,WEB_ID,android,1
2024-11-04 17:39:00,82.167.67.118,AAFcvU7LIAoAABO-Xttw5A,7,WEB_ID,android,1
2024-11-04 17:39:00,82.167.67.118,AAFcvU7LIAoAABO-Xttw5A,7,WEB_ID,android,1
2024-11-04 17:45:00,82.167.67.118,AAFcvU7LIAoAABO-Xttw5A,7,WEB_ID,android,1
2024-11-05 08:00:00,82.167.67.118,AAFcvU7LIAoAABO-Xttw5A,7,WEB_ID,android,1
2024-11-05 08:01:00,82.167.67.118,AAFcvU7LIAoAABO-Xttw5A,7,WEB_ID,android,1
2024-11-05 08:02:00,82.167.67.118,AAFcvU7LIAoAABO-Xttw5A,7,WEB_ID,android,1
2024-11-05 08:03:00,82.167.67.118,AAFcvU7LIAoAABO-Xttw5A,7,WEB_ID,android,1
2024-11-05 08:07:00,82.167.67.118,AAFcvU7LIAoAABO-Xttw5A,7,WEB_ID,android,1
2024-11-05 08:08:00,82.167.67.118,AAFcvU7LIAoAABO-Xttw5A,7,WEB_ID,android,1
2024-11-05 08:08:00,82.167.67.118,AAFcvU7LIAoAABO-Xttw5A,7,WEB_ID,android,1
2024-11-05 08:09:00,82.167.67.118,AAFcvU7LIAoAABO-Xttw5A,7,WEB_ID,android,1
2024-11-05 08:10:00,82.167.67.118,AAFcvU7LIAoAABO-Xttw5A,7,WEB_ID,android,1
2024-11-05 08:13:00,82.167.67.118,AAFcvU7LIAoAABO-Xttw5A,7,WEB_ID,android,1
2024-11-05 08:17:00,82.167.67.118,AAFcvU7LIAoAABO-Xttw5A,7,WEB_ID,android,1
2024-11-05 08:18:00,82.167.67.118,AAFcvU7LIAoAABO-Xttw5A,7,WEB_ID,android,1
2024-11-05 08:19:00,82.167.67.118,AAFcvU7LIAoAABO-Xttw5A,7,WEB_ID,android,1
2024-11-05 08:20:00,82.167.67.118,AAFcvU7LIAoAABO-Xttw5A,7,WEB_ID,android,1
2024-11-05 08:21:00,82.167.67.118,AAFcvU7LIAoAABO-Xttw5A,7,WEB_ID,android,1
2024-11-05 08:23:00,82.167.67.118,AAFcvU7LIAoAABO-Xttw5A,7,WEB_ID,android,1
2024-11-05 08:26:00,82.167.67.118,AAFcvU7LIAoAABO-Xttw5A,7,WEB_ID,android,1
2024-11-05 08:26:00,82.167.67.118,AAFcvU7LIAoAABO-Xttw5A,7,WEB_ID,android,1
2024-11-05 08:27:00,82.167.67.118,AAFcvU7LIAoAABO-Xttw5A,7,WEB_ID,android,1
2024-11-05 08:28:00,82.167.67.118,AAFcvU7LIAoAABO-Xttw5A,7,WEB_ID,android,1
2024-11-05 08:28:00,82.167.67.118,AAFcvU7LIAoAABO-Xttw5A,7,WEB_ID,android,1
2024-11-05 08:30:00,82.167.67.118,AAFcvU7LIAoAABO-Xttw5A,7,WEB_ID,android,1
2024-11-05 08:34:00,82.167.67.118,AAFcvU7LIAoAABO-Xttw5A,7,WEB_ID,android,1
2024-11-05 08:37:00,82.167.67.118,AAFcvU7LIAoAABO-Xttw5A,7,WEB_ID,android,1
2024-11-05 08:38:00,82.167.67.118,AAFcvU7LIAoAABO-Xttw5A,7,WEB_ID,android,1
2024-11-05 08:38:00,82.167.67.118,AAFcvU7LIAoAABO-Xttw5A,7,WEB_ID,android,1
2024-11-05 08:38:00,82.167.67.118,AAFcvU7LIAoAABO-Xttw5A,7,WEB_ID,android,1
2024-10-06 13:21:00,202.165.46.250,686931a4-abd8-46e6-b0e3-78e57c0c620c,2,IDFV,ios,1
2024-10-06 13:34:00,103.121.110.251,1a6196f1-7953-4e5a-8449-780be167de51,2,IDFV,ios,1
2024-10-06 13:38:00,103.121.110.251,1a6196f1-7953-4e5a-8449-780be167de51,2,IDFV,ios,1
2024-10-06 13:40:00,103.121.110.251,1a6196f1-7953-4e5a-8449-780be167de51,2,IDFV,ios,1
2024-11-05 10:19:00,82.167.67.118,AAFcvU7LIAoAABO-Xttw5A,7,WEB_ID,android,1
2024-11-05 10:32:00,82.167.67.118,AAFcvU7LIAoAABO-Xttw5A,7,WEB_ID,android,1
2024-11-05 12:11:00,82.167.67.118,AAFcvU7LIAoAABO-Xttw5A,7,WEB_ID,android,1
2024-11-05 12:11:00,82.167.67.118,AAFcvU7LIAoAABO-Xttw5A,7,WEB_ID,android,1
2024-11-05 12:12:00,82.167.67.118,AAFcvU7LIAoAABO-Xttw5A,7,WEB_ID,android,1
2024-11-05 12:13:00,82.167.67.118,AAFcvU7LIAoAABO-Xttw5A,7,WEB_ID,android,1
2024-11-05 12:13:00,82.167.67.118,AAFcvU7LIAoAABO-Xttw5A,7,WEB_ID,android,1
2024-11-05 12:14:00,82.167.67.118,AAFcvU7LIAoAABO-Xttw5A,7,WEB_ID,android,1
2024-11-05 12:15:00,82.167.67.118,AAFcvU7LIAoAABO-Xttw5A,7,WEB_ID,android,1
2024-11-05 12:16:00,82.167.67.118,AAFcvU7LIAoAABO-Xttw5A,7,WEB_ID,android,1
2024-11-05 12:16:00,82.167.67.118,AAFcvU7LIAoAABO-Xttw5A,7,WEB_ID,android,1
2024-11-05 12:17:00,82.167.67.118,AAFcvU7LIAoAABO-Xttw5A,7,WEB_ID,android,1
2024-11-05 12:20:00,82.167.67.118,AAFcvU7LIAoAABO-Xttw5A,7,WEB_ID,android,1
2024-11-05 12:20:00,82.167.67.118,AAFcvU7LIAoAABO-Xttw5A,7,WEB_ID,android,1
2024-11-05 12:21:00,82.167.67.118,AAFcvU7LIAoAABO-Xttw5A,7,WEB_ID,android,1
2024-11-05 12:21:00,82.167.67.118,AAFcvU7LIAoAABO-Xttw5A,7,WEB_ID,android,1
2024-11-05 12:22:00,82.167.67.118,AAFcvU7LIAoAABO-Xttw5A,7,WEB_ID,android,1
2024-11-05 12:22:00,82.167.67.118,AAFcvU7LIAoAABO-Xttw5A,7,WEB_ID,android,1
2024-11-05 12:23:00,82.167.67.118,AAFcvU7LIAoAABO-Xttw5A,7,WEB_ID,android,1
2024-11-05 12:23:00,82.167.67.118,AAFcvU7LIAoAABO-Xttw5A,7,WEB_ID,android,1
2024-11-05 12:23:00,82.167.67.118,AAFcvU7LIAoAABO-Xttw5A,7,WEB_ID,android,1
2024-11-05 12:23:00,82.167.67.118,AAFcvU7LIAoAABO-Xttw5A,7,WEB_ID,android,1
2024-11-05 12:24:00,82.167.67.118,AAFcvU7LIAoAABO-Xttw5A,7,WEB_ID,android,1
2024-11-05 12:24:00,82.167.67.118,AAFcvU7LIAoAABO-Xttw5A,7,WEB_ID,android,1
2024-11-05 12:25:00,82.167.67.118,AAFcvU7LIAoAABO-Xttw5A,7,WEB_ID,android,1
2024-11-05 12:25:00,82.167.67.118,AAFcvU7LIAoAABO-Xttw5A,7,WEB_ID,android,1
2024-11-05 12:25:00,82.167.67.118,AAFcvU7LIAoAABO-Xttw5A,7,WEB_ID,android,1
2024-11-05 12:27:00,2a00:5400:f013::,AAKRGE7P9eIAABxfJkTLVA,7,WEB_ID,android,1
2024-11-05 20:50:00,2a00:5400:f013::,AAKRGE7P9eIAABxfJkTLVA,7,WEB_ID,android,1
2024-11-05 20:51:00,2a00:5400:f013::,AAKRGE7P9eIAABxfJkTLVA,7,WEB_ID,android,1
2024-11-05 20:51:00,2a00:5400:f013::,AAKRGE7P9eIAABxfJkTLVA,7,WEB_ID,android,1
2024-11-05 20:51:00,2a00:5400:f013::,AAKRGE7P9eIAABxfJkTLVA,7,WEB_ID,android,1
2024-11-05 20:52:00,2a00:5400:f013::,AAKRGE7P9eIAABxfJkTLVA,7,WEB_ID,android,1
2024-11-06 11:30:00,2a00:5400:f013::,AAKRGE7P9eIAABxfJkTLVA,7,WEB_ID,android,1
2024-11-06 11:30:00,2a00:5400:f013::,AAKRGE7P9eIAABxfJkTLVA,7,WEB_ID,android,1
2024-11-06 11:31:00,2a00:5400:f013::,AAKRGE7P9eIAABxfJkTLVA,7,WEB_ID,android,1
2024-11-06 11:31:00,2a00:5400:f013::,AAKRGE7P9eIAABxfJkTLVA,7,WEB_ID,android,1
2024-11-06 11:32:00,2a00:5400:f013::,AAKRGE7P9eIAABxfJkTLVA,7,WEB_ID,android,1
2024-11-06 11:33:00,2a00:5400:f013::,AAKRGE7P9eIAABxfJkTLVA,7,WEB_ID,android,1
2024-11-06 11:33:00,2a00:5400:f013::,AAKRGE7P9eIAABxfJkTLVA,7,WEB_ID,android,1
2024-11-06 11:33:00,2a00:5400:f013::,AAKRGE7P9eIAABxfJkTLVA,7,WEB_ID,android,1
2024-11-06 11:34:00,46.143.167.0,AAKRGE7P9eIAABxfJkTLVA,7,WEB_ID,android,1
2024-11-06 11:36:00,2a00:5400:f013::,AAKRGE7P9eIAABxfJkTLVA,7,WEB_ID,android,1
2024-11-06 11:37:00,2a00:5400:f013::,AAKRGE7P9eIAABxfJkTLVA,7,WEB_ID,android,1
2024-11-06 11:38:00,2a00:5400:f013::,AAKRGE7P9eIAABxfJkTLVA,7,WEB_ID,android,1
2024-11-06 11:42:00,2a00:5400:f013::,AAKRGE7P9eIAABxfJkTLVA,7,WEB_ID,android,1
2024-11-06 11:44:00,2a00:5400:f013::,AAKRGE7P9eIAABxfJkTLVA,7,WEB_ID,android,1
2024-11-06 11:46:00,2a00:5400:f013::,AAKRGE7P9eIAABxfJkTLVA,7,WEB_ID,android,1
2024-10-06 16:33:00,103.121.180.126,686931a4-abd8-46e6-b0e3-78e57c0c620c,2,IDFV,ios,1
2024-11-06 11:58:00,2a00:5400:f013::,AAKRGE7P9eIAABxfJkTLVA,7,WEB_ID,android,1
2024-11-06 11:59:00,2a00:5400:f013::,AAKRGE7P9eIAABxfJkTLVA,7,WEB_ID,android,1
2024-11-06 11:32:00,82.167.67.118,AAFcvU7LIAoAABO-Xttw5A,7,WEB_ID,android,1
2024-10-06 17:03:00,103.121.110.184,1a6196f1-7953-4e5a-8449-780be167de51,2,IDFV,ios,1
2024-10-06 17:09:00,103.121.110.184,1a6196f1-7953-4e5a-8449-780be167de51,2,IDFV,ios,1
2024-10-06 17:14:00,103.121.110.184,1a6196f1-7953-4e5a-8449-780be167de51,2,IDFV,ios,1
2024-10-06 18:53:00,103.121.110.184,1a6196f1-7953-4e5a-8449-780be167de51,2,IDFV,ios,1
2024-10-06 19:01:00,103.121.110.184,1a6196f1-7953-4e5a-8449-780be167de51,2,IDFV,ios,1
2024-10-06 19:15:00,103.121.171.87,04de0e1c-de2f-4515-8423-ae3083e4acee,2,IDFV,ios,1
2024-10-10 12:12:00,2a00:5400:e053:631e::,AAKT707IOKgAAB_bLwHDew,6,WEB_ID,ios,1
2024-10-10 12:15:00,82.167.117.251,AAKT707IOKgAAB_bLwHDew,6,WEB_ID,ios,1
2024-10-10 12:15:00,2a00:5400:e053:631e::,AAKT707IOKgAAB_bLwHDew,6,WEB_ID,ios,1
2024-10-10 12:16:00,2a00:5400:e053:631e::,AAKT707IOKgAAB_bLwHDew,6,WEB_ID,ios,1
2024-10-10 12:20:00,2a00:5400:e053:631e::,AAKT707IOKgAAB_bLwHDew,6,WEB_ID,ios,1
2024-10-10 12:21:00,82.167.117.251,AAKT707IOKgAAB_bLwHDew,6,WEB_ID,ios,1
2024-10-10 12:32:00,82.167.117.251,AAKT707IOKgAAB_bLwHDew,6,WEB_ID,ios,1
2024-10-10 20:51:00,82.167.117.251,AAKT707IOKgAAB_bLwHDew,6,WEB_ID,ios,1
2024-10-10 20:57:00,82.167.117.251,AAKT707IOKgAAB_bLwHDew,6,WEB_ID,ios,1
2024-10-10 21:02:00,82.167.117.251,AAKT707IOKgAAB_bLwHDew,6,WEB_ID,ios,1
2024-10-10 21:05:00,82.167.117.251,AAKT707IOKgAAB_bLwHDew,6,WEB_ID,ios,1
2024-10-10 21:12:00,2a00:5400:e053:631e::,AAKT707IOKgAAB_bLwHDew,6,WEB_ID,ios,1
2024-10-10 21:12:00,82.167.117.251,AAKT707IOKgAAB_bLwHDew,6,WEB_ID,ios,1
2024-10-06 19:33:00,103.121.138.180,686931a4-abd8-46e6-b0e3-78e57c0c620c,2,IDFV,ios,1
2024-10-06 19:44:00,103.121.138.180,686931a4-abd8-46e6-b0e3-78e57c0c620c,2,IDFV,ios,1
2024-10-07 08:13:00,103.121.110.184,1a6196f1-7953-4e5a-8449-780be167de51,2,IDFV,ios,1
2024-10-07 08:18:00,103.121.110.184,1a6196f1-7953-4e5a-8449-780be167de51,2,IDFV,ios,1
2024-10-07 08:22:00,103.121.110.184,1a6196f1-7953-4e5a-8449-780be167de51,2,IDFV,ios,1
2024-10-07 08:28:00,103.121.110.184,1a6196f1-7953-4e5a-8449-780be167de51,2,IDFV,ios,1
2024-11-06 16:36:00,82.167.67.118,AAFcvU7LIAoAABO-Xttw5A,7,WEB_ID,android,1
2024-11-06 16:37:00,82.167.67.118,AAFcvU7LIAoAABO-Xttw5A,7,WEB_ID,android,1
2024-11-06 16:44:00,82.167.67.118,AAFcvU7LIAoAABO-Xttw5A,7,WEB_ID,android,1
2024-11-06 16:44:00,82.167.67.118,AAFcvU7LIAoAABO-Xttw5A,7,WEB_ID,android,1
2024-11-06 16:44:00,82.167.67.118,AAFcvU7LIAoAABO-Xttw5A,7,WEB_ID,android,1
2024-11-06 16:45:00,82.167.67.118,AAFcvU7LIAoAABO-Xttw5A,7,WEB_ID,android,1
2024-11-06 16:46:00,82.167.67.118,AAFcvU7LIAoAABO-Xttw5A,7,WEB_ID,android,1
2024-11-06 16:50:00,82.167.67.118,AAFcvU7LIAoAABO-Xttw5A,7,WEB_ID,android,1
2024-11-06 16:50:00,82.167.67.118,AAFcvU7LIAoAABO-Xttw5A,7,WEB_ID,android,1
2024-11-06 16:52:00,82.167.67.118,AAFcvU7LIAoAABO-Xttw5A,7,WEB_ID,android,1
2024-11-06 16:53:00,82.167.67.118,AAFcvU7LIAoAABO-Xttw5A,7,WEB_ID,android,1
2024-11-06 16:54:00,82.167.67.118,AAFcvU7LIAoAABO-Xttw5A,7,WEB_ID,android,1
2024-11-06 16:54:00,82.167.67.118,AAFcvU7LIAoAABO-Xttw5A,7,WEB_ID,android,1
2024-11-06 16:55:00,82.167.67.118,AAFcvU7LIAoAABO-Xttw5A,7,WEB_ID,android,1
2024-11-06 16:56:00,82.167.67.118,AAFcvU7LIAoAABO-Xttw5A,7,WEB_ID,android,1
2024-11-06 16:59:00,82.167.67.118,AAFcvU7LIAoAABO-Xttw5A,7,WEB_ID,android,1
2024-11-06 17:00:00,82.167.67.118,AAFcvU7LIAoAABO-Xttw5A,7,WEB_ID,android,1
2024-11-06 17:02:00,82.167.67.118,AAFcvU7LIAoAABO-Xttw5A,7,WEB_ID,android,1
2024-11-06 17:03:00,82.167.67.118,AAFcvU7LIAoAABO-Xttw5A,7,WEB_ID,android,1
2024-11-06 17:05:00,82.167.67.118,AAFcvU7LIAoAABO-Xttw5A,7,WEB_ID,android,1
2024-11-06 17:05:00,82.167.67.118,AAFcvU7LIAoAABO-Xttw5A,7,WEB_ID,android,1
2024-11-06 17:06:00,82.167.67.118,AAFcvU7LIAoAABO-Xttw5A,7,WEB_ID,android,1
2024-11-06 17:06:00,82.167.67.118,AAFcvU7LIAoAABO-Xttw5A,7,WEB_ID,android,1
2024-10-11 19:01:00,2a00:5400:e053:631e::,AAKT707IOKgAAB_bLwHDew,6,WEB_ID,ios,1
2024-10-11 19:03:00,2a00:5400:e053:631e:995a:cf87:f563:3246,AAKT707IOKgAAB_bLwHDew,6,WEB_ID,ios,1
2024-10-11 19:03:00,2a00:5400:e053:631e::,AAKT707IOKgAAB_bLwHDew,6,WEB_ID,ios,1
2024-10-11 19:04:00,82.167.117.251,AAKT707IOKgAAB_bLwHDew,6,WEB_ID,ios,1
2024-11-07 12:00:00,82.167.67.118,AAFcvU7LIAoAABO-Xttw5A,7,WEB_ID,android,1
2024-11-07 12:04:00,82.167.67.118,AAFcvU7LIAoAABO-Xttw5A,7,WEB_ID,android,1
2024-11-07 12:14:00,82.167.67.118,AAFcvU7LIAoAABO-Xttw5A,7,WEB_ID,android,1
2024-11-07 12:14:00,82.167.67.118,AAFcvU7LIAoAABO-Xttw5A,7,WEB_ID,android,1
2024-11-07 12:17:00,82.167.67.118,AAFcvU7LIAoAABO-Xttw5A,7,WEB_ID,android,1
2024-11-07 12:18:00,82.167.67.118,AAFcvU7LIAoAABO-Xttw5A,7,WEB_ID,android,1
2024-11-07 12:23:00,82.167.67.118,AAFcvU7LIAoAABO-Xttw5A,7,WEB_ID,android,1
2024-11-07 12:27:00,82.167.67.118,AAFcvU7LIAoAABO-Xttw5A,7,WEB_ID,android,1
2024-11-07 12:28:00,82.167.67.118,AAFcvU7LIAoAABO-Xttw5A,7,WEB_ID,android,1
2024-11-07 12:30:00,82.167.67.118,AAFcvU7LIAoAABO-Xttw5A,7,WEB_ID,android,1
2024-11-07 16:40:00,82.167.67.118,AAFcvU7LIAoAABO-Xttw5A,7,WEB_ID,android,1
2024-11-07 16:40:00,82.167.67.118,AAFcvU7LIAoAABO-Xttw5A,7,WEB_ID,android,1
2024-11-07 16:40:00,82.167.67.118,AAFcvU7LIAoAABO-Xttw5A,7,WEB_ID,android,1
2024-11-07 16:41:00,82.167.67.118,AAFcvU7LIAoAABO-Xttw5A,7,WEB_ID,android,1
2024-11-07 16:42:00,82.167.67.118,AAFcvU7LIAoAABO-Xttw5A,7,WEB_ID,android,1
2024-11-07 16:44:00,82.167.67.118,AAFcvU7LIAoAABO-Xttw5A,7,WEB_ID,android,1
2024-11-07 16:45:00,82.167.67.118,AAFcvU7LIAoAABO-Xttw5A,7,WEB_ID,android,1
2024-11-07 16:45:00,82.167.67.118,AAFcvU7LIAoAABO-Xttw5A,7,WEB_ID,android,1
2024-11-07 16:46:00,82.167.67.118,AAFcvU7LIAoAABO-Xttw5A,7,WEB_ID,android,1
2024-11-07 16:47:00,82.167.67.118,AAFcvU7LIAoAABO-Xttw5A,7,WEB_ID,android,1
2024-11-07 16:48:00,82.167.67.118,AAFcvU7LIAoAABO-Xttw5A,7,WEB_ID,android,1
2024-11-07 16:48:00,82.167.67.118,AAFcvU7LIAoAABO-Xttw5A,7,WEB_ID,android,1
2024-11-07 16:49:00,82.167.67.118,AAFcvU7LIAoAABO-Xttw5A,7,WEB_ID,android,1
2024-11-07 16:49:00,82.167.67.118,AAFcvU7LIAoAABO-Xttw5A,7,WEB_ID,android,1
2024-11-07 16:50:00,82.167.67.118,AAFcvU7LIAoAABO-Xttw5A,7,WEB_ID,android,1
2024-11-07 16:50:00,82.167.67.118,AAFcvU7LIAoAABO-Xttw5A,7,WEB_ID,android,1
2024-11-07 16:53:00,82.167.67.118,AAFcvU7LIAoAABO-Xttw5A,7,WEB_ID,android,1
2024-11-07 16:54:00,82.167.67.118,AAFcvU7LIAoAABO-Xttw5A,7,WEB_ID,android,1
2024-11-07 16:56:00,82.167.67.118,AAFcvU7LIAoAABO-Xttw5A,7,WEB_ID,android,1
2024-11-07 16:57:00,82.167.67.118,AAFcvU7LIAoAABO-Xttw5A,7,WEB_ID,android,1
2024-10-11 19:38:00,82.167.117.251,AAKT707IOKgAAB_bLwHDew,6,WEB_ID,ios,1
2024-10-11 19:40:00,2a00:5400:e053:631e::,AAKT707IOKgAAB_bLwHDew,6,WEB_ID,ios,1
2024-10-11 19:44:00,2a00:5400:e053:631e::,AAKT707IOKgAAB_bLwHDew,6,WEB_ID,ios,1
2024-10-11 19:45:00,2a00:5400:e053:631e::,AAKT707IOKgAAB_bLwHDew,6,WEB_ID,ios,1
2024-10-11 19:47:00,82.167.117.251,AAKT707IOKgAAB_bLwHDew,6,WEB_ID,ios,1
2024-10-11 19:51:00,2a00:5400:e053:631e::,AAKT707IOKgAAB_bLwHDew,6,WEB_ID,ios,1
2024-10-11 19:51:00,82.167.117.251,AAKT707IOKgAAB_bLwHDew,6,WEB_ID,ios,1
2024-10-11 19:51:00,82.167.117.251,AAKT707IOKgAAB_bLwHDew,6,WEB_ID,ios,1
2024-10-11 19:54:00,82.167.117.251,AAKT707IOKgAAB_bLwHDew,6,WEB_ID,ios,1
2024-10-11 19:55:00,82.167.117.251,AAKT707IOKgAAB_bLwHDew,6,WEB_ID,ios,1
2024-10-11 19:55:00,2a00:5400:e053:631e::,AAKT707IOKgAAB_bLwHDew,6,WEB_ID,ios,1
2024-10-12 08:54:00,82.167.117.251,AAKT707IOKgAAB_bLwHDew,6,WEB_ID,ios,1
2024-10-12 09:03:00,2a00:5400:e053:631e::,AAKT707IOKgAAB_bLwHDew,6,WEB_ID,ios,1
2024-10-12 09:11:00,2a00:5400:e053:631e::,AAKT707IOKgAAB_bLwHDew,6,WEB_ID,ios,1
2024-10-12 09:33:00,82.167.117.251,AAKT707IOKgAAB_bLwHDew,6,WEB_ID,ios,1
2024-10-12 09:39:00,82.167.117.251,AAKT707IOKgAAB_bLwHDew,6,WEB_ID,ios,1
2024-10-12 16:52:00,82.167.117.251,AAKT707IOKgAAB_bLwHDew,6,WEB_ID,ios,1
2024-10-12 17:00:00,82.167.117.251,AAKT707IOKgAAB_bLwHDew,6,WEB_ID,ios,1
2024-10-12 17:03:00,2a00:5400:e053:631e::,AAKT707IOKgAAB_bLwHDew,6,WEB_ID,ios,1
2024-10-12 17:04:00,82.167.117.251,AAKT707IOKgAAB_bLwHDew,6,WEB_ID,ios,1
2024-11-07 17:07:00,2a00:5400:f013::,AAKRGE7P9eIAABxfJkTLVA,7,WEB_ID,android,1
2024-11-07 17:10:00,2a00:5400:f013::,AAKRGE7P9eIAABxfJkTLVA,7,WEB_ID,android,1
2024-11-07 17:13:00,46.143.135.0,AAKRGE7P9eIAABxfJkTLVA,7,WEB_ID,android,1
2024-11-07 17:14:00,2a00:5400:f013::,AAKRGE7P9eIAABxfJkTLVA,7,WEB_ID,android,1
2024-11-07 17:17:00,2a00:5400:f013::,AAKRGE7P9eIAABxfJkTLVA,7,WEB_ID,android,1
2024-11-07 17:17:00,2a00:5400:f013::,AAKRGE7P9eIAABxfJkTLVA,7,WEB_ID,android,1
2024-11-07 18:03:00,2a00:5400:f013::,AAKRGE7P9eIAABxfJkTLVA,7,WEB_ID,android,1
2024-11-07 18:06:00,2a00:5400:f013::,AAKRGE7P9eIAABxfJkTLVA,7,WEB_ID,android,1
2024-11-07 18:08:00,2a00:5400:f013::,AAKRGE7P9eIAABxfJkTLVA,7,WEB_ID,android,1
2024-11-07 18:09:00,2a00:5400:f013::,AAKRGE7P9eIAABxfJkTLVA,7,WEB_ID,android,1
2024-11-07 18:09:00,2a00:5400:f013::,AAKRGE7P9eIAABxfJkTLVA,7,WEB_ID,android,1
2024-10-07 11:32:00,103.121.110.184,1a6196f1-7953-4e5a-8449-780be167de51,2,IDFV,ios,1
2024-11-07 18:19:00,82.167.67.118,AAFcvU7LIAoAABO-Xttw5A,7,WEB_ID,android,1
2024-11-07 18:53:00,82.167.67.118,AAFcvU7LIAoAABO-Xttw5A,7,WEB_ID,android,1
2024-11-07 18:17:00,82.167.67.118,AAFcvU7LIAoAABO-Xttw5A,7,WEB_ID,android,1
2024-10-08 09:11:00,111.94.180.201,1a6196f1-7953-4e5a-8449-780be167de51,2,IDFV,ios,1
2024-11-07 18:41:00,2a00:5400:f013::,AAKRGE7P9eIAABxfJkTLVA,7,WEB_ID,android,1
2024-11-07 18:46:00,2a00:5400:f013::,AAKRGE7P9eIAABxfJkTLVA,7,WEB_ID,android,1
2024-11-07 18:52:00,2a00:5400:f013::,AAKRGE7P9eIAABxfJkTLVA,7,WEB_ID,android,1
2024-11-07 18:58:00,2a00:5400:f013::,AAKRGE7P9eIAABxfJkTLVA,7,WEB_ID,android,1
2024-11-07 19:00:00,2a00:5400:f013::,AAKRGE7P9eIAABxfJkTLVA,7,WEB_ID,android,1
2024-11-07 19:01:00,2a00:5400:f013::,AAKRGE7P9eIAABxfJkTLVA,7,WEB_ID,android,1
2024-10-08 09:30:00,103.121.138.180,686931a4-abd8-46e6-b0e3-78e57c0c620c,2,IDFV,ios,1
2024-10-08 09:31:00,103.121.138.180,686931a4-abd8-46e6-b0e3-78e57c0c620c,2,IDFV,ios,1
2024-10-08 09:42:00,103.121.138.180,686931a4-abd8-46e6-b0e3-78e57c0c620c,2,IDFV,ios,1
2024-10-08 09:43:00,103.121.171.87,04de0e1c-de2f-4515-8423-ae3083e4acee,2,IDFV,ios,1
2024-10-08 09:49:00,103.121.171.87,04de0e1c-de2f-4515-8423-ae3083e4acee,2,IDFV,ios,1
2024-10-08 09:52:00,103.121.171.87,04de0e1c-de2f-4515-8423-ae3083e4acee,2,IDFV,ios,1
2024-10-08 09:56:00,103.121.171.87,04de0e1c-de2f-4515-8423-ae3083e4acee,2,IDFV,ios,1
2024-10-08 11:30:00,103.121.171.87,04de0e1c-de2f-4515-8423-ae3083e4acee,2,IDFV,ios,1
2024-10-08 11:36:00,2405:8180:201:716c:907f:f5cc:bf76:2a3d,04de0e1c-de2f-4515-8423-ae3083e4acee,2,IDFV,ios,1
2024-10-08 11:41:00,103.121.171.87,04de0e1c-de2f-4515-8423-ae3083e4acee,2,IDFV,ios,1
2024-10-08 11:41:00,103.121.171.87,04de0e1c-de2f-4515-8423-ae3083e4acee,2,IDFV,ios,1
2024-10-08 11:47:00,103.121.110.223,1a6196f1-7953-4e5a-8449-780be167de51,2,IDFV,ios,1
2024-10-08 11:59:00,103.121.110.223,1a6196f1-7953-4e5a-8449-780be167de51,2,IDFV,ios,1
2024-10-08 12:02:00,103.121.110.223,1a6196f1-7953-4e5a-8449-780be167de51,2,IDFV,ios,1
2024-10-08 12:08:00,103.121.110.223,1a6196f1-7953-4e5a-8449-780be167de51,2,IDFV,ios,1
2024-10-08 12:14:00,103.121.110.223,1a6196f1-7953-4e5a-8449-780be167de51,2,IDFV,ios,1
2024-10-08 12:18:00,103.121.110.223,1a6196f1-7953-4e5a-8449-780be167de51,2,IDFV,ios,1
2024-11-07 19:04:00,82.167.67.118,AAFcvU7LIAoAABO-Xttw5A,7,WEB_ID,android,1
2024-10-08 12:25:00,103.121.110.223,1a6196f1-7953-4e5a-8449-780be167de51,2,IDFV,ios,1
2024-10-09 12:59:00,103.121.110.223,1a6196f1-7953-4e5a-8449-780be167de51,2,IDFV,ios,1
2024-11-08 08:43:00,82.167.67.118,AAFcvU7LIAoAABO-Xttw5A,7,WEB_ID,android,1
2024-10-09 13:12:00,114.4.79.50,1a6196f1-7953-4e5a-8449-780be167de51,2,IDFV,ios,1
2024-10-09 13:18:00,114.4.79.50,1a6196f1-7953-4e5a-8449-780be167de51,2,IDFV,ios,1
2024-10-09 13:19:00,114.4.79.50,1a6196f1-7953-4e5a-8449-780be167de51,2,IDFV,ios,1
2024-11-08 08:55:00,82.167.67.118,AAFcvU7LIAoAABO-Xttw5A,7,WEB_ID,android,1
2024-11-08 08:56:00,82.167.67.118,AAFcvU7LIAoAABO-Xttw5A,7,WEB_ID,android,1
2024-11-08 08:57:00,82.167.67.118,AAFcvU7LIAoAABO-Xttw5A,7,WEB_ID,android,1
2024-11-08 08:58:00,82.167.67.118,AAFcvU7LIAoAABO-Xttw5A,7,WEB_ID,android,1
2024-10-09 13:23:00,103.121.110.223,1a6196f1-7953-4e5a-8449-780be167de51,2,IDFV,ios,1
2024-11-08 08:59:00,82.167.67.118,AAFcvU7LIAoAABO-Xttw5A,7,WEB_ID,android,1
2024-11-08 09:04:00,82.167.67.118,AAFcvU7LIAoAABO-Xttw5A,7,WEB_ID,android,1
2024-11-08 09:05:00,82.167.67.118,AAFcvU7LIAoAABO-Xttw5A,7,WEB_ID,android,1
2024-11-08 09:25:00,2a00:5400:f013::,AAKRGE7P9eIAABxfJkTLVA,7,WEB_ID,android,1
2024-11-08 09:28:00,2a00:5400:f013::,AAKRGE7P9eIAABxfJkTLVA,7,WEB_ID,android,1
2024-10-12 17:09:00,2a00:5400:e053:631e:8c4:a691:16eb:7be3,AAKT707IOKgAAB_bLwHDew,6,WEB_ID,ios,1
2024-10-12 17:10:00,2a00:5400:e053:631e::,AAKT707IOKgAAB_bLwHDew,6,WEB_ID,ios,1
2024-10-12 17:17:00,82.167.121.73,AAKT707IOKgAAB_bLwHDew,6,WEB_ID,ios,1
2024-10-12 17:20:00,2a00:5400:e053:631e:8c4:a691:16eb:7be3,AAKT707IOKgAAB_bLwHDew,6,WEB_ID,ios,1
2024-10-12 17:24:00,2a00:5400:e053:631e::,AAKT707IOKgAAB_bLwHDew,6,WEB_ID,ios,1
2024-10-12 17:26:00,82.167.121.73,AAKT707IOKgAAB_bLwHDew,6,WEB_ID,ios,1
2024-10-12 17:31:00,82.167.121.73,AAKT707IOKgAAB_bLwHDew,6,WEB_ID,ios,1
2024-10-12 17:35:00,82.167.121.73,AAKT707IOKgAAB_bLwHDew,6,WEB_ID,ios,1
2024-10-12 17:38:00,2a00:5400:e053:631e:8c4:a691:16eb:7be3,AAKT707IOKgAAB_bLwHDew,6,WEB_ID,ios,1
2024-10-12 17:39:00,82.167.121.73,AAKT707IOKgAAB_bLwHDew,6,WEB_ID,ios,1
2024-10-14 09:10:00,82.167.121.73,AAKT707IOKgAAB_bLwHDew,6,WEB_ID,ios,1
2024-10-14 09:21:00,82.167.121.73,AAKT707IOKgAAB_bLwHDew,6,WEB_ID,ios,1
2024-10-14 09:31:00,82.167.121.73,AAKT707IOKgAAB_bLwHDew,6,WEB_ID,ios,1
2024-10-09 13:30:00,202.165.46.250,686931a4-abd8-46e6-b0e3-78e57c0c620c,2,IDFV,ios,1
2024-10-09 13:34:00,202.165.46.250,686931a4-abd8-46e6-b0e3-78e57c0c620c,2,IDFV,ios,1
2024-10-09 13:41:00,202.165.46.250,686931a4-abd8-46e6-b0e3-78e57c0c620c,2,IDFV,ios,1
2024-10-09 13:58:00,103.121.110.223,1a6196f1-7953-4e5a-8449-780be167de51,2,IDFV,ios,1
2024-10-10 18:14:00,103.121.110.223,1a6196f1-7953-4e5a-8449-780be167de51,2,IDFV,ios,1
2024-10-10 18:20:00,103.121.110.223,1a6196f1-7953-4e5a-8449-780be167de51,2,IDFV,ios,1
2024-10-10 18:27:00,103.121.110.223,1a6196f1-7953-4e5a-8449-780be167de51,2,IDFV,ios,1
2024-11-08 12:48:00,82.167.67.118,AAFcvU7LIAoAABO-Xttw5A,7,WEB_ID,android,1
2024-11-08 12:49:00,82.167.67.118,AAFcvU7LIAoAABO-Xttw5A,7,WEB_ID,android,1
2024-11-08 12:50:00,82.167.67.118,AAFcvU7LIAoAABO-Xttw5A,7,WEB_ID,android,1
2024-11-08 13:06:00,82.167.67.118,AAFcvU7LIAoAABO-Xttw5A,7,WEB_ID,android,1
2024-11-08 13:07:00,82.167.67.118,AAFcvU7LIAoAABO-Xttw5A,7,WEB_ID,android,1
2024-11-08 13:08:00,82.167.67.118,AAFcvU7LIAoAABO-Xttw5A,7,WEB_ID,android,1
2024-11-08 13:08:00,82.167.67.118,AAFcvU7LIAoAABO-Xttw5A,7,WEB_ID,android,1
2024-11-08 13:19:00,82.167.67.118,AAFcvU7LIAoAABO-Xttw5A,7,WEB_ID,android,1
2024-11-08 13:19:00,82.167.67.118,AAFcvU7LIAoAABO-Xttw5A,7,WEB_ID,android,1
2024-11-08 13:23:00,82.167.67.118,AAFcvU7LIAoAABO-Xttw5A,7,WEB_ID,android,1
2024-11-08 13:23:00,82.167.67.118,AAFcvU7LIAoAABO-Xttw5A,7,WEB_ID,android,1
2024-11-08 13:25:00,82.167.67.118,AAFcvU7LIAoAABO-Xttw5A,7,WEB_ID,android,1
2024-11-08 13:27:00,82.167.67.118,AAFcvU7LIAoAABO-Xttw5A,7,WEB_ID,android,1
2024-11-08 13:30:00,82.167.67.118,AAFcvU7LIAoAABO-Xttw5A,7,WEB_ID,android,1
2024-11-08 13:30:00,82.167.67.118,AAFcvU7LIAoAABO-Xttw5A,7,WEB_ID,android,1
2024-11-08 13:31:00,82.167.67.118,AAFcvU7LIAoAABO-Xttw5A,7,WEB_ID,android,1
2024-11-08 13:31:00,82.167.67.118,AAFcvU7LIAoAABO-Xttw5A,7,WEB_ID,android,1
2024-11-08 13:32:00,82.167.67.118,AAFcvU7LIAoAABO-Xttw5A,7,WEB_ID,android,1
2024-11-08 13:32:00,82.167.67.118,AAFcvU7LIAoAABO-Xttw5A,7,WEB_ID,android,1
2024-11-08 13:38:00,82.167.67.118,AAFcvU7LIAoAABO-Xttw5A,7,WEB_ID,android,1
2024-11-08 13:40:00,82.167.67.118,AAFcvU7LIAoAABO-Xttw5A,7,WEB_ID,android,1
2024-11-08 13:54:00,82.167.67.118,AAFcvU7LIAoAABO-Xttw5A,7,WEB_ID,android,1
2024-11-08 13:55:00,82.167.67.118,AAFcvU7LIAoAABO-Xttw5A,7,WEB_ID,android,1
2024-11-08 13:56:00,82.167.67.118,AAFcvU7LIAoAABO-Xttw5A,7,WEB_ID,android,1
2024-11-08 13:59:00,82.167.67.118,AAFcvU7LIAoAABO-Xttw5A,7,WEB_ID,android,1
2024-11-08 14:00:00,82.167.67.118,AAFcvU7LIAoAABO-Xttw5A,7,WEB_ID,android,1
2024-11-08 14:00:00,82.167.67.118,AAFcvU7LIAoAABO-Xttw5A,7,WEB_ID,android,1
2024-11-08 14:06:00,82.167.67.118,AAFcvU7LIAoAABO-Xttw5A,7,WEB_ID,android,1
2024-11-08 14:07:00,82.167.67.118,AAFcvU7LIAoAABO-Xttw5A,7,WEB_ID,android,1
2024-11-08 14:07:00,82.167.67.118,AAFcvU7LIAoAABO-Xttw5A,7,WEB_ID,android,1
2024-11-08 14:12:00,82.167.67.118,AAFcvU7LIAoAABO-Xttw5A,7,WEB_ID,android,1
2024-11-08 14:12:00,82.167.67.118,AAFcvU7LIAoAABO-Xttw5A,7,WEB_ID,android,1
2024-11-08 14:12:00,82.167.67.118,AAFcvU7LIAoAABO-Xttw5A,7,WEB_ID,android,1
2024-11-08 14:14:00,82.167.67.118,AAFcvU7LIAoAABO-Xttw5A,7,WEB_ID,android,1
2024-11-08 14:16:00,82.167.67.118,AAFcvU7LIAoAABO-Xttw5A,7,WEB_ID,android,1
2024-11-08 14:16:00,82.167.67.118,AAFcvU7LIAoAABO-Xttw5A,7,WEB_ID,android,1
2024-11-08 19:33:00,2a00:5400:f013::,AAKRGE7P9eIAABxfJkTLVA,7,WEB_ID,android,1
2024-11-08 19:38:00,2a00:5400:f013::,AAKRGE7P9eIAABxfJkTLVA,7,WEB_ID,android,1
2024-11-08 19:43:00,2a00:5400:f013::,AAKRGE7P9eIAABxfJkTLVA,7,WEB_ID,android,1
2024-11-08 19:44:00,2a00:5400:f013::,AAKRGE7P9eIAABxfJkTLVA,7,WEB_ID,android,1
2024-11-08 19:44:00,2a00:5400:f013::,AAKRGE7P9eIAABxfJkTLVA,7,WEB_ID,android,1
2024-11-08 19:45:00,2a00:5400:f013::,AAKRGE7P9eIAABxfJkTLVA,7,WEB_ID,android,1
2024-11-08 19:46:00,2a00:5400:f013::,AAKRGE7P9eIAABxfJkTLVA,7,WEB_ID,android,1
2024-11-08 19:47:00,2a00:5400:f013::,AAKRGE7P9eIAABxfJkTLVA,7,WEB_ID,android,1
2024-11-08 19:48:00,2a00:5400:f013::,AAKRGE7P9eIAABxfJkTLVA,7,WEB_ID,android,1
2024-11-08 19:49:00,2a00:5400:f013::,AAKRGE7P9eIAABxfJkTLVA,7,WEB_ID,android,1
2024-11-08 19:50:00,2a00:5400:f013::,AAKRGE7P9eIAABxfJkTLVA,7,WEB_ID,android,1
2024-11-08 19:59:00,2a00:5400:f013::,AAKRGE7P9eIAABxfJkTLVA,7,WEB_ID,android,1
2024-10-14 09:38:00,82.167.121.73,AAKT707IOKgAAB_bLwHDew,6,WEB_ID,ios,1
2024-10-14 09:50:00,2a00:5400:e053:631e::,AAKT707IOKgAAB_bLwHDew,6,WEB_ID,ios,1
2024-10-14 09:59:00,82.167.121.73,AAKT707IOKgAAB_bLwHDew,6,WEB_ID,ios,1
2024-10-14 10:05:00,82.167.121.73,AAKT707IOKgAAB_bLwHDew,6,WEB_ID,ios,1
2024-10-14 14:27:00,2a00:5400:e053:631e:8c4:a691:16eb:7be3,AAKT707IOKgAAB_bLwHDew,6,WEB_ID,ios,1
2024-10-14 14:40:00,82.167.121.73,AAKT707IOKgAAB_bLwHDew,6,WEB_ID,ios,1
2024-10-14 14:48:00,82.167.121.73,AAKT707IOKgAAB_bLwHDew,6,WEB_ID,ios,1
2024-10-14 14:49:00,82.167.121.73,AAKT707IOKgAAB_bLwHDew,6,WEB_ID,ios,1
2024-10-14 14:56:00,82.167.121.73,AAKT707IOKgAAB_bLwHDew,6,WEB_ID,ios,1
2024-10-14 15:08:00,82.167.121.73,AAKT707IOKgAAB_bLwHDew,6,WEB_ID,ios,1
2024-10-14 15:14:00,82.167.121.73,AAKT707IOKgAAB_bLwHDew,6,WEB_ID,ios,1
2024-10-14 15:15:00,2a00:5400:e053:631e::,AAKT707IOKgAAB_bLwHDew,6,WEB_ID,ios,1
2024-10-14 16:27:00,82.167.121.73,AAKT707IOKgAAB_bLwHDew,6,WEB_ID,ios,1
2024-10-14 16:35:00,2a00:5400:e053:631e::,AAKT707IOKgAAB_bLwHDew,6,WEB_ID,ios,1
2024-10-14 16:36:00,82.167.121.73,AAKT707IOKgAAB_bLwHDew,6,WEB_ID,ios,1
2024-10-14 16:44:00,82.167.121.73,AAKT707IOKgAAB_bLwHDew,6,WEB_ID,ios,1
2024-10-15 19:50:00,2a00:5400:e053:631e::,AAKT707IOKgAAB_bLwHDew,6,WEB_ID,ios,1
2024-10-15 20:00:00,2a00:5400:e053:631e:8c4:a691:16eb:7be3,AAKT707IOKgAAB_bLwHDew,6,WEB_ID,ios,1
2024-10-15 20:00:00,82.167.121.73,AAKT707IOKgAAB_bLwHDew,6,WEB_ID,ios,1
2024-10-15 20:05:00,2a00:5400:e053:631e::,AAKT707IOKgAAB_bLwHDew,6,WEB_ID,ios,1
2024-10-15 20:29:00,82.167.121.73,AAKT707IOKgAAB_bLwHDew,6,WEB_ID,ios,1
2024-10-15 20:32:00,2a00:5400:e053:631e::,AAKT707IOKgAAB_bLwHDew,6,WEB_ID,ios,1
2024-10-15 20:33:00,82.167.121.73,AAKT707IOKgAAB_bLwHDew,6,WEB_ID,ios,1
2024-10-15 20:37:00,2a00:5400:e053:631e::,AAKT707IOKgAAB_bLwHDew,6,WEB_ID,ios,1
2024-10-15 20:42:00,82.167.121.73,AAKT707IOKgAAB_bLwHDew,6,WEB_ID,ios,1
2024-10-15 20:42:00,2a00:5400:e053:631e::,AAKT707IOKgAAB_bLwHDew,6,WEB_ID,ios,1
2024-10-15 20:46:00,82.167.121.73,AAKT707IOKgAAB_bLwHDew,6,WEB_ID,ios,1
2024-10-15 20:47:00,2a00:5400:e053:631e::,AAKT707IOKgAAB_bLwHDew,6,WEB_ID,ios,1
2024-10-16 09:51:00,2a00:5400:e053:631e::,AAKT707IOKgAAB_bLwHDew,6,WEB_ID,ios,1
2024-10-16 09:53:00,2a00:5400:e053:631e::,AAKT707IOKgAAB_bLwHDew,6,WEB_ID,ios,1
2024-10-16 10:28:00,82.167.121.73,AAKT707IOKgAAB_bLwHDew,6,WEB_ID,ios,1
2024-10-16 10:30:00,82.167.121.73,AAKT707IOKgAAB_bLwHDew,6,WEB_ID,ios,1
2024-10-16 10:33:00,2a00:5400:e053:631e::,AAKT707IOKgAAB_bLwHDew,6,WEB_ID,ios,1
2024-10-16 10:39:00,2a00:5400:e053:631e::,AAKT707IOKgAAB_bLwHDew,6,WEB_ID,ios,1
2024-10-16 10:41:00,82.167.121.73,AAKT707IOKgAAB_bLwHDew,6,WEB_ID,ios,1
2024-10-16 10:41:00,2a00:5400:e053:631e::,AAKT707IOKgAAB_bLwHDew,6,WEB_ID,ios,1
2024-10-16 10:48:00,2a00:5400:e053:631e::,AAKT707IOKgAAB_bLwHDew,6,WEB_ID,ios,1
2024-10-16 10:49:00,82.167.121.73,AAKT707IOKgAAB_bLwHDew,6,WEB_ID,ios,1
2024-10-16 10:17:00,2a00:5400:e053:631e::,AAKT707IOKgAAB_bLwHDew,6,WEB_ID,ios,1
2024-10-16 10:19:00,2a00:5400:e053:631e::,AAKT707IOKgAAB_bLwHDew,6,WEB_ID,ios,1
2024-10-16 10:19:00,82.167.121.73,AAKT707IOKgAAB_bLwHDew,6,WEB_ID,ios,1
2024-10-16 10:25:00,2a00:5400:e053:631e::,AAKT707IOKgAAB_bLwHDew,6,WEB_ID,ios,1
2024-10-16 10:25:00,82.167.121.73,AAKT707IOKgAAB_bLwHDew,6,WEB_ID,ios,1
2024-10-16 10:30:00,2a00:5400:e053:631e::,AAKT707IOKgAAB_bLwHDew,6,WEB_ID,ios,1
2024-10-16 10:30:00,82.167.121.73,AAKT707IOKgAAB_bLwHDew,6,WEB_ID,ios,1
2024-10-16 10:32:00,82.167.121.73,AAKT707IOKgAAB_bLwHDew,6,WEB_ID,ios,1
2024-10-16 10:35:00,2a00:5400:e053:631e::,AAKT707IOKgAAB_bLwHDew,6,WEB_ID,ios,1
2024-10-16 10:38:00,2a00:5400:e053:631e::,AAKT707IOKgAAB_bLwHDew,6,WEB_ID,ios,1
2024-10-16 10:40:00,82.167.121.73,AAKT707IOKgAAB_bLwHDew,6,WEB_ID,ios,1
2024-10-16 10:42:00,2a00:5400:e053:631e::,AAKT707IOKgAAB_bLwHDew,6,WEB_ID,ios,1
2024-10-16 10:43:00,82.167.121.73,AAKT707IOKgAAB_bLwHDew,6,WEB_ID,ios,1
2024-10-16 11:04:00,2a00:5400:e053:631e::,AAKT707IOKgAAB_bLwHDew,6,WEB_ID,ios,1
2024-10-16 11:04:00,82.167.121.73,AAKT707IOKgAAB_bLwHDew,6,WEB_ID,ios,1
2024-10-16 11:08:00,82.167.121.73,AAKT707IOKgAAB_bLwHDew,6,WEB_ID,ios,1
2024-10-16 11:10:00,2a00:5400:e053:631e::,AAKT707IOKgAAB_bLwHDew,6,WEB_ID,ios,1
2024-10-16 11:15:00,2a00:5400:e053:631e::,AAKT707IOKgAAB_bLwHDew,6,WEB_ID,ios,1
2024-10-16 11:15:00,82.167.121.73,AAKT707IOKgAAB_bLwHDew,6,WEB_ID,ios,1
2024-10-16 11:37:00,2a00:5400:e053:631e::,AAKT707IOKgAAB_bLwHDew,6,WEB_ID,ios,1
2024-10-16 11:38:00,2a00:5400:e053:631e:8c4:a691:16eb:7be3,AAKT707IOKgAAB_bLwHDew,6,WEB_ID,ios,1
2024-10-16 11:39:00,82.167.121.73,AAKT707IOKgAAB_bLwHDew,6,WEB_ID,ios,1
2024-10-16 11:39:00,82.167.121.73,AAKT707IOKgAAB_bLwHDew,6,WEB_ID,ios,1
2024-10-16 11:39:00,2a00:5400:e053:631e::,AAKT707IOKgAAB_bLwHDew,6,WEB_ID,ios,1
2024-10-16 11:43:00,2a00:5400:e053:631e::,AAKT707IOKgAAB_bLwHDew,6,WEB_ID,ios,1
2024-10-16 11:44:00,82.167.121.73,AAKT707IOKgAAB_bLwHDew,6,WEB_ID,ios,1
2024-10-16 11:45:00,82.167.121.73,AAKT707IOKgAAB_bLwHDew,6,WEB_ID,ios,1
2024-10-11 08:02:00,103.121.110.223,1a6196f1-7953-4e5a-8449-780be167de51,2,IDFV,ios,1
2024-10-11 08:06:00,103.121.110.223,1a6196f1-7953-4e5a-8449-780be167de51,2,IDFV,ios,1
2024-10-11 08:15:00,103.121.110.223,1a6196f1-7953-4e5a-8449-780be167de51,2,IDFV,ios,1
2024-10-11 08:19:00,103.121.110.223,1a6196f1-7953-4e5a-8449-780be167de51,2,IDFV,ios,1
2024-10-11 08:31:00,103.121.110.223,1a6196f1-7953-4e5a-8449-780be167de51,2,IDFV,ios,1
2024-10-11 08:33:00,103.121.110.223,1a6196f1-7953-4e5a-8449-780be167de51,2,IDFV,ios,1
2024-11-08 19:55:00,82.167.67.118,AAFcvU7LIAoAABO-Xttw5A,7,WEB_ID,android,1
2024-11-08 19:59:00,82.167.67.118,AAFcvU7LIAoAABO-Xttw5A,7,WEB_ID,android,1
2024-11-08 20:01:00,82.167.67.118,AAFcvU7LIAoAABO-Xttw5A,7,WEB_ID,android,1
2024-11-08 20:01:00,82.167.67.118,AAFcvU7LIAoAABO-Xttw5A,7,WEB_ID,android,1
2024-11-08 20:02:00,82.167.67.118,AAFcvU7LIAoAABO-Xttw5A,7,WEB_ID,android,1
2024-11-08 20:02:00,82.167.67.118,AAFcvU7LIAoAABO-Xttw5A,7,WEB_ID,android,1
2024-10-16 11:57:00,2a00:5400:e053:631e:8c4:a691:16eb:7be3,AAKT707IOKgAAB_bLwHDew,6,WEB_ID,ios,1
2024-10-16 11:59:00,2a00:5400:e053:631e::,AAKT707IOKgAAB_bLwHDew,6,WEB_ID,ios,1
2024-10-16 12:03:00,2a00:5400:e053:631e::,AAKT707IOKgAAB_bLwHDew,6,WEB_ID,ios,1
2024-10-16 12:03:00,2a00:5400:e053:631e:8c4:a691:16eb:7be3,AAKT707IOKgAAB_bLwHDew,6,WEB_ID,ios,1
2024-10-16 12:04:00,82.167.121.73,AAKT707IOKgAAB_bLwHDew,6,WEB_ID,ios,1
2024-10-16 12:04:00,82.167.121.73,AAKT707IOKgAAB_bLwHDew,6,WEB_ID,ios,1
2024-10-16 12:04:00,82.167.121.73,AAKT707IOKgAAB_bLwHDew,6,WEB_ID,ios,1
2024-10-16 12:04:00,82.167.121.73,AAKT707IOKgAAB_bLwHDew,6,WEB_ID,ios,1
2024-10-16 12:04:00,82.167.121.73,AAKT707IOKgAAB_bLwHDew,6,WEB_ID,ios,1
2024-10-16 12:04:00,2a00:5400:e053:631e::,AAKT707IOKgAAB_bLwHDew,6,WEB_ID,ios,1
2024-10-16 12:07:00,2a00:5400:e053:631e::,AAKT707IOKgAAB_bLwHDew,6,WEB_ID,ios,1
2024-10-16 12:09:00,2a00:5400:e053:631e::,AAKT707IOKgAAB_bLwHDew,6,WEB_ID,ios,1
2024-10-16 12:09:00,82.167.121.73,AAKT707IOKgAAB_bLwHDew,6,WEB_ID,ios,1
2024-10-16 12:10:00,2a00:5400:e053:631e::,AAKT707IOKgAAB_bLwHDew,6,WEB_ID,ios,1
2024-10-11 13:35:00,103.121.110.223,1a6196f1-7953-4e5a-8449-780be167de51,2,IDFV,ios,1
2024-10-16 12:33:00,82.167.121.73,AAKT707IOKgAAB_bLwHDew,6,WEB_ID,ios,1
2024-10-16 12:56:00,82.167.121.73,AAKT707IOKgAAB_bLwHDew,6,WEB_ID,ios,1
2024-10-11 14:07:00,103.121.110.223,1a6196f1-7953-4e5a-8449-780be167de51,2,IDFV,ios,1
2024-10-11 14:07:00,202.165.46.250,686931a4-abd8-46e6-b0e3-78e57c0c620c,2,IDFV,ios,1
2024-10-12 08:56:00,103.121.110.223,1a6196f1-7953-4e5a-8449-780be167de51,2,IDFV,ios,1
2024-10-12 09:02:00,103.121.110.223,1a6196f1-7953-4e5a-8449-780be167de51,2,IDFV,ios,1
2024-10-16 12:58:00,2001:16a2:c85c:2500::,AAKT707IOKgAAB_bLwHDew,6,WEB_ID,ios,1
2024-10-16 13:03:00,2001:16a2:c85c:2500::,AAKT707IOKgAAB_bLwHDew,6,WEB_ID,ios,1
2024-10-16 13:05:00,2001:16a2:c85c:2500::,AAKT707IOKgAAB_bLwHDew,6,WEB_ID,ios,1
2024-10-12 09:19:00,103.121.110.223,1a6196f1-7953-4e5a-8449-780be167de51,2,IDFV,ios,1
2024-10-16 12:59:00,129.208.101.0,AAKT707IOKgAAB_bLwHDew,6,WEB_ID,ios,1
2024-10-16 13:22:00,129.208.101.0,AAKT707IOKgAAB_bLwHDew,6,WEB_ID,ios,1
2024-10-12 11:29:00,103.121.171.103,95d9aeb3-c446-4b44-b165-8f617e14955e,2,IDFV,ios,1
2024-10-12 18:39:00,103.121.110.223,1a6196f1-7953-4e5a-8449-780be167de51,2,IDFV,ios,1
2024-10-12 18:44:00,103.121.110.223,1a6196f1-7953-4e5a-8449-780be167de51,2,IDFV,ios,1
2024-11-08 20:28:00,2a00:5400:f014::,AAKRGE7P9eIAABxfJkTLVA,7,WEB_ID,android,1
2024-10-12 19:15:00,103.121.244.17,1a6196f1-7953-4e5a-8449-780be167de51,2,IDFV,ios,1
2024-10-12 19:19:00,103.121.244.17,1a6196f1-7953-4e5a-8449-780be167de51,2,IDFV,ios,1
2024-10-12 19:20:00,103.121.244.17,1a6196f1-7953-4e5a-8449-780be167de51,2,IDFV,ios,1
2024-10-12 19:21:00,103.121.244.17,1a6196f1-7953-4e5a-8449-780be167de51,2,IDFV,ios,1
2024-10-12 19:22:00,103.121.244.17,1a6196f1-7953-4e5a-8449-780be167de51,2,IDFV,ios,1
2024-10-12 19:29:00,103.121.244.17,1a6196f1-7953-4e5a-8449-780be167de51,2,IDFV,ios,1
2024-10-16 13:37:00,82.167.121.73,AAKT707IOKgAAB_bLwHDew,6,WEB_ID,ios,1
2024-10-16 13:40:00,82.167.121.73,AAKT707IOKgAAB_bLwHDew,6,WEB_ID,ios,1
2024-10-16 13:45:00,82.167.121.73,AAKT707IOKgAAB_bLwHDew,6,WEB_ID,ios,1
2024-10-16 16:27:00,2a00:5400:e053:631e::,AAKT707IOKgAAB_bLwHDew,6,WEB_ID,ios,1
2024-10-16 16:32:00,82.167.121.73,AAKT707IOKgAAB_bLwHDew,6,WEB_ID,ios,1
2024-10-16 16:33:00,2a00:5400:e053:631e::,AAKT707IOKgAAB_bLwHDew,6,WEB_ID,ios,1
2024-10-16 16:43:00,82.167.121.73,AAKT707IOKgAAB_bLwHDew,6,WEB_ID,ios,1
2024-10-16 17:03:00,82.167.121.73,AAKT707IOKgAAB_bLwHDew,6,WEB_ID,ios,1
2024-10-16 17:18:00,82.167.121.73,AAKT707IOKgAAB_bLwHDew,6,WEB_ID,ios,1
2024-10-16 17:19:00,82.167.121.73,AAKT707IOKgAAB_bLwHDew,6,WEB_ID,ios,1
2024-10-16 17:20:00,82.167.121.73,AAKT707IOKgAAB_bLwHDew,6,WEB_ID,ios,1
2024-10-12 19:30:00,182.3.53.192,686931a4-abd8-46e6-b0e3-78e57c0c620c,2,IDFV,ios,1
2024-10-14 16:48:00,182.3.38.236,686931a4-abd8-46e6-b0e3-78e57c0c620c,2,IDFV,ios,1
2024-10-14 16:49:00,182.3.38.236,686931a4-abd8-46e6-b0e3-78e57c0c620c,2,IDFV,ios,1
2024-10-17 09:29:00,2a00:5400:e053:631e:f4f6:91bb:5daa:9204,AAKT707IOKgAAB_bLwHDew,6,WEB_ID,ios,1
2024-10-17 09:34:00,82.167.121.73,AAKT707IOKgAAB_bLwHDew,6,WEB_ID,ios,1
2024-10-17 09:39:00,82.167.121.73,AAKT707IOKgAAB_bLwHDew,6,WEB_ID,ios,1
2024-10-17 09:44:00,82.167.121.73,AAKT707IOKgAAB_bLwHDew,6,WEB_ID,ios,1
2024-10-17 09:46:00,82.167.121.73,AAKT707IOKgAAB_bLwHDew,6,WEB_ID,ios,1
2024-10-17 09:51:00,82.167.121.73,AAKT707IOKgAAB_bLwHDew,6,WEB_ID,ios,1
2024-10-17 09:59:00,82.167.121.73,AAKT707IOKgAAB_bLwHDew,6,WEB_ID,ios,1
2024-10-17 10:04:00,82.167.121.73,AAKT707IOKgAAB_bLwHDew,6,WEB_ID,ios,1
2024-10-17 10:08:00,82.167.121.73,AAKT707IOKgAAB_bLwHDew,6,WEB_ID,ios,1
2024-10-17 10:11:00,82.167.121.73,AAKT707IOKgAAB_bLwHDew,6,WEB_ID,ios,1
2024-10-17 10:19:00,82.167.121.73,AAKT707IOKgAAB_bLwHDew,6,WEB_ID,ios,1
2024-10-17 14:54:00,82.167.121.73,AAKT707IOKgAAB_bLwHDew,6,WEB_ID,ios,1
2024-10-17 15:01:00,82.167.121.73,AAKT707IOKgAAB_bLwHDew,6,WEB_ID,ios,1
2024-10-17 15:04:00,82.167.121.73,AAKT707IOKgAAB_bLwHDew,6,WEB_ID,ios,1
2024-10-17 15:11:00,82.167.121.73,AAKT707IOKgAAB_bLwHDew,6,WEB_ID,ios,1
2024-10-17 15:15:00,82.167.121.73,AAKT707IOKgAAB_bLwHDew,6,WEB_ID,ios,1
2024-10-17 15:20:00,82.167.121.73,AAKT707IOKgAAB_bLwHDew,6,WEB_ID,ios,1
2024-10-18 13:52:00,82.167.121.73,AAKT707IOKgAAB_bLwHDew,6,WEB_ID,ios,1
2024-10-18 13:58:00,82.167.121.73,AAKT707IOKgAAB_bLwHDew,6,WEB_ID,ios,1
2024-10-18 14:00:00,82.167.121.73,AAKT707IOKgAAB_bLwHDew,6,WEB_ID,ios,1
2024-10-18 14:05:00,2a00:5400:e053:631e::,AAKT707IOKgAAB_bLwHDew,6,WEB_ID,ios,1
2024-10-14 17:14:00,103.121.244.17,1a6196f1-7953-4e5a-8449-780be167de51,2,IDFV,ios,1
2024-10-14 17:19:00,103.121.244.17,1a6196f1-7953-4e5a-8449-780be167de51,2,IDFV,ios,1
2024-10-14 17:23:00,103.121.244.17,1a6196f1-7953-4e5a-8449-780be167de51,2,IDFV,ios,1
2024-10-14 17:26:00,103.121.244.17,1a6196f1-7953-4e5a-8449-780be167de51,2,IDFV,ios,1
2024-10-14 17:33:00,103.121.244.17,1a6196f1-7953-4e5a-8449-780be167de51,2,IDFV,ios,1
2024-10-14 17:39:00,103.121.244.17,1a6196f1-7953-4e5a-8449-780be167de51,2,IDFV,ios,1
2024-10-15 12:48:00,103.121.244.17,1a6196f1-7953-4e5a-8449-780be167de51,2,IDFV,ios,1
2024-11-08 20:28:00,2001:16a4:1e::,AAFcvU7LIAoAABO-Xttw5A,7,WEB_ID,android,1
2024-11-08 20:28:00,2001:16a4:1e::,AAFcvU7LIAoAABO-Xttw5A,7,WEB_ID,android,1
2024-11-08 20:28:00,2001:16a4:1e::,AAFcvU7LIAoAABO-Xttw5A,7,WEB_ID,android,1
2024-11-08 20:28:00,2001:16a4:1e::,AAFcvU7LIAoAABO-Xttw5A,7,WEB_ID,android,1
2024-11-08 20:30:00,2001:16a4:1e::,AAFcvU7LIAoAABO-Xttw5A,7,WEB_ID,android,1
2024-11-09 09:29:00,2001:16a4:1e::,AAFcvU7LIAoAABO-Xttw5A,7,WEB_ID,android,1
2024-11-09 09:31:00,2001:16a4:1e::,AAFcvU7LIAoAABO-Xttw5A,7,WEB_ID,android,1
2024-10-15 13:25:00,103.121.138.180,686931a4-abd8-46e6-b0e3-78e57c0c620c,2,IDFV,ios,1
2024-10-15 13:33:00,103.121.138.180,686931a4-abd8-46e6-b0e3-78e57c0c620c,2,IDFV,ios,1
2024-10-15 13:34:00,103.121.138.180,686931a4-abd8-46e6-b0e3-78e57c0c620c,2,IDFV,ios,1
2024-10-15 13:37:00,103.121.138.180,686931a4-abd8-46e6-b0e3-78e57c0c620c,2,IDFV,ios,1
2024-10-15 13:39:00,103.121.138.180,686931a4-abd8-46e6-b0e3-78e57c0c620c,2,IDFV,ios,1
2024-10-15 13:42:00,103.121.138.180,686931a4-abd8-46e6-b0e3-78e57c0c620c,2,IDFV,ios,1
2024-10-18 14:40:00,2a00:5400:e053:631e:f4f6:91bb:5daa:9204,AAKT707IOKgAAB_bLwHDew,6,WEB_ID,ios,1
2024-10-18 14:41:00,2a00:5400:e053:631e::,AAKT707IOKgAAB_bLwHDew,6,WEB_ID,ios,1
2024-10-18 15:40:00,2a00:5400:e053:631e::,AAKT707IOKgAAB_bLwHDew,6,WEB_ID,ios,1
2024-10-18 16:00:00,2a00:5400:e053:631e::,AAKT707IOKgAAB_bLwHDew,6,WEB_ID,ios,1
2024-10-18 15:56:00,82.167.121.73,AAKT707IOKgAAB_bLwHDew,6,WEB_ID,ios,1
2024-10-18 15:59:00,2a00:5400:e053:631e::,AAKT707IOKgAAB_bLwHDew,6,WEB_ID,ios,1
2024-10-18 16:06:00,82.167.121.73,AAKT707IOKgAAB_bLwHDew,6,WEB_ID,ios,1
2024-10-18 16:10:00,82.167.121.73,AAKT707IOKgAAB_bLwHDew,6,WEB_ID,ios,1
2024-10-18 16:24:00,2a00:5400:e053:631e:f4f6:91bb:5daa:9204,AAKT707IOKgAAB_bLwHDew,6,WEB_ID,ios,1
2024-10-18 16:30:00,82.167.121.73,AAKT707IOKgAAB_bLwHDew,6,WEB_ID,ios,1
2024-10-18 16:35:00,2a00:5400:e053:631e:f4f6:91bb:5daa:9204,AAKT707IOKgAAB_bLwHDew,6,WEB_ID,ios,1
2024-10-18 16:35:00,82.167.121.73,AAKT707IOKgAAB_bLwHDew,6,WEB_ID,ios,1
2024-10-18 16:40:00,2a00:5400:e053:631e:f4f6:91bb:5daa:9204,AAKT707IOKgAAB_bLwHDew,6,WEB_ID,ios,1
2024-10-18 16:42:00,82.167.121.73,AAKT707IOKgAAB_bLwHDew,6,WEB_ID,ios,1
2024-10-15 15:21:00,103.121.244.17,1a6196f1-7953-4e5a-8449-780be167de51,2,IDFV,ios,1
2024-10-15 15:21:00,103.121.244.17,1a6196f1-7953-4e5a-8449-780be167de51,2,IDFV,ios,1
2024-10-15 15:26:00,103.121.244.17,1a6196f1-7953-4e5a-8449-780be167de51,2,IDFV,ios,1
2024-10-15 15:28:00,103.121.244.17,1a6196f1-7953-4e5a-8449-780be167de51,2,IDFV,ios,1
2024-10-15 15:35:00,103.121.244.17,1a6196f1-7953-4e5a-8449-780be167de51,2,IDFV,ios,1
2024-10-15 17:30:00,103.121.244.17,1a6196f1-7953-4e5a-8449-780be167de51,2,IDFV,ios,1
2024-10-15 17:35:00,103.121.244.17,1a6196f1-7953-4e5a-8449-780be167de51,2,IDFV,ios,1
2024-10-15 17:37:00,103.121.244.17,1a6196f1-7953-4e5a-8449-780be167de51,2,IDFV,ios,1
2024-10-15 17:46:00,103.121.244.17,1a6196f1-7953-4e5a-8449-780be167de51,2,IDFV,ios,1
2024-10-15 17:48:00,103.121.244.17,1a6196f1-7953-4e5a-8449-780be167de51,2,IDFV,ios,1
2024-10-15 17:56:00,103.121.244.17,1a6196f1-7953-4e5a-8449-780be167de51,2,IDFV,ios,1
2024-10-15 18:02:00,103.121.244.17,1a6196f1-7953-4e5a-8449-780be167de51,2,IDFV,ios,1
2024-10-18 16:12:00,82.167.73.137,AAKT707IOKgAAB_bLwHDew,6,WEB_ID,ios,1
2024-10-15 18:23:00,182.2.142.229,686931a4-abd8-46e6-b0e3-78e57c0c620c,2,IDFV,ios,1
2024-10-18 17:29:00,2a00:5400:e053:631e:f4f6:91bb:5daa:9204,AAKT707IOKgAAB_bLwHDew,6,WEB_ID,ios,1
2024-10-20 09:58:00,82.167.73.137,AAKT707IOKgAAB_bLwHDew,6,WEB_ID,ios,1
2024-10-20 10:10:00,82.167.73.137,AAKT707IOKgAAB_bLwHDew,6,WEB_ID,ios,1
2024-10-20 10:14:00,82.167.73.137,AAKT707IOKgAAB_bLwHDew,6,WEB_ID,ios,1
2024-10-20 10:21:00,82.167.73.137,AAKT707IOKgAAB_bLwHDew,6,WEB_ID,ios,1
2024-10-20 10:22:00,82.167.73.137,AAKT707IOKgAAB_bLwHDew,6,WEB_ID,ios,1
2024-10-20 10:28:00,82.167.73.137,AAKT707IOKgAAB_bLwHDew,6,WEB_ID,ios,1
2024-10-20 10:33:00,82.167.73.137,AAKT707IOKgAAB_bLwHDew,6,WEB_ID,ios,1
2024-10-20 10:40:00,82.167.73.137,AAKT707IOKgAAB_bLwHDew,6,WEB_ID,ios,1
2024-10-15 20:16:00,103.121.244.17,1a6196f1-7953-4e5a-8449-780be167de51,2,IDFV,ios,1
2024-10-15 20:20:00,103.121.244.17,1a6196f1-7953-4e5a-8449-780be167de51,2,IDFV,ios,1
2024-10-15 20:23:00,103.121.244.17,1a6196f1-7953-4e5a-8449-780be167de51,2,IDFV,ios,1
2024-10-15 20:32:00,103.121.244.17,1a6196f1-7953-4e5a-8449-780be167de51,2,IDFV,ios,1
2024-10-15 20:37:00,103.121.244.17,1a6196f1-7953-4e5a-8449-780be167de51,2,IDFV,ios,1
2024-10-15 20:38:00,103.121.244.17,1a6196f1-7953-4e5a-8449-780be167de51,2,IDFV,ios,1
2024-10-15 20:41:00,103.121.244.17,1a6196f1-7953-4e5a-8449-780be167de51,2,IDFV,ios,1
2024-10-15 20:43:00,103.121.244.17,1a6196f1-7953-4e5a-8449-780be167de51,2,IDFV,ios,1
2024-11-09 10:01:00,2a00:5400:e051::,AAFcvU7LIAoAABO-Xttw5A,7,WEB_ID,android,1
2024-11-09 10:04:00,2a00:5400:e051::,AAFcvU7LIAoAABO-Xttw5A,7,WEB_ID,android,1
2024-11-09 10:05:00,2a00:5400:e051::,AAFcvU7LIAoAABO-Xttw5A,7,WEB_ID,android,1
2024-11-09 10:05:00,2a00:5400:e051::,AAFcvU7LIAoAABO-Xttw5A,7,WEB_ID,android,1
2024-11-09 10:06:00,2a00:5400:e051::,AAFcvU7LIAoAABO-Xttw5A,7,WEB_ID,android,1
2024-11-09 10:06:00,2a00:5400:e051::,AAFcvU7LIAoAABO-Xttw5A,7,WEB_ID,android,1
2024-11-09 10:09:00,2a00:5400:e051::,AAFcvU7LIAoAABO-Xttw5A,7,WEB_ID,android,1
2024-11-09 10:09:00,2a00:5400:e051::,AAFcvU7LIAoAABO-Xttw5A,7,WEB_ID,android,1
2024-11-09 10:10:00,2a00:5400:e051::,AAFcvU7LIAoAABO-Xttw5A,7,WEB_ID,android,1
2024-11-09 10:10:00,2a00:5400:e051::,AAFcvU7LIAoAABO-Xttw5A,7,WEB_ID,android,1
2024-11-09 10:10:00,2a00:5400:e051::,AAFcvU7LIAoAABO-Xttw5A,7,WEB_ID,android,1
2024-11-09 10:11:00,2a00:5400:e051::,AAFcvU7LIAoAABO-Xttw5A,7,WEB_ID,android,1
2024-11-09 10:12:00,2a00:5400:e051::,AAFcvU7LIAoAABO-Xttw5A,7,WEB_ID,android,1
2024-11-09 10:12:00,2a00:5400:e051::,AAFcvU7LIAoAABO-Xttw5A,7,WEB_ID,android,1
2024-11-09 10:13:00,2a00:5400:e051::,AAFcvU7LIAoAABO-Xttw5A,7,WEB_ID,android,1
2024-11-09 10:13:00,2a00:5400:e051::,AAFcvU7LIAoAABO-Xttw5A,7,WEB_ID,android,1
2024-11-09 10:14:00,2a00:5400:e051::,AAFcvU7LIAoAABO-Xttw5A,7,WEB_ID,android,1
2024-11-09 10:15:00,2a00:5400:e051::,AAFcvU7LIAoAABO-Xttw5A,7,WEB_ID,android,1
2024-11-09 10:19:00,2a00:5400:e051::,AAFcvU7LIAoAABO-Xttw5A,7,WEB_ID,android,1
2024-11-09 10:19:00,2a00:5400:e051::,AAFcvU7LIAoAABO-Xttw5A,7,WEB_ID,android,1
2024-11-09 10:19:00,2a00:5400:e051::,AAFcvU7LIAoAABO-Xttw5A,7,WEB_ID,android,1
2024-11-09 10:19:00,2a00:5400:e051::,AAFcvU7LIAoAABO-Xttw5A,7,WEB_ID,android,1
2024-11-09 10:20:00,2a00:5400:e051::,AAFcvU7LIAoAABO-Xttw5A,7,WEB_ID,android,1
2024-11-09 10:22:00,2a00:5400:e051::,AAFcvU7LIAoAABO-Xttw5A,7,WEB_ID,android,1
2024-11-09 10:22:00,2a00:5400:e051::,AAFcvU7LIAoAABO-Xttw5A,7,WEB_ID,android,1
2024-11-09 10:23:00,2a00:5400:e051::,AAFcvU7LIAoAABO-Xttw5A,7,WEB_ID,android,1
2024-11-09 10:24:00,2a00:5400:e051::,AAFcvU7LIAoAABO-Xttw5A,7,WEB_ID,android,1
2024-11-09 10:24:00,2a00:5400:e051::,AAFcvU7LIAoAABO-Xttw5A,7,WEB_ID,android,1
2024-11-09 10:24:00,2a00:5400:e051::,AAFcvU7LIAoAABO-Xttw5A,7,WEB_ID,android,1
2024-11-09 10:48:00,2a00:5400:e051::,AAFcvU7LIAoAABO-Xttw5A,7,WEB_ID,android,1
2024-11-09 10:50:00,2a00:5400:e051::,AAFcvU7LIAoAABO-Xttw5A,7,WEB_ID,android,1
2024-11-09 10:50:00,2a00:5400:e051::,AAFcvU7LIAoAABO-Xttw5A,7,WEB_ID,android,1
2024-11-09 10:50:00,2a00:5400:e051::,AAFcvU7LIAoAABO-Xttw5A,7,WEB_ID,android,1
2024-11-09 10:51:00,2a00:5400:e051::,AAFcvU7LIAoAABO-Xttw5A,7,WEB_ID,android,1
2024-11-09 10:51:00,2a00:5400:e051::,AAFcvU7LIAoAABO-Xttw5A,7,WEB_ID,android,1
2024-11-09 10:52:00,2a00:5400:e051::,AAFcvU7LIAoAABO-Xttw5A,7,WEB_ID,android,1
2024-11-09 10:53:00,2a00:5400:e051::,AAFcvU7LIAoAABO-Xttw5A,7,WEB_ID,android,1
2024-11-09 10:53:00,2a00:5400:e051::,AAFcvU7LIAoAABO-Xttw5A,7,WEB_ID,android,1
2024-11-09 11:43:00,2a00:5400:f014::,AAKRGE7P9eIAABxfJkTLVA,7,WEB_ID,android,1
2024-11-09 11:44:00,2a00:5400:f014::,AAKRGE7P9eIAABxfJkTLVA,7,WEB_ID,android,1
2024-11-09 13:42:00,2a00:5400:f014::,AAKRGE7P9eIAABxfJkTLVA,7,WEB_ID,android,1
2024-11-09 14:03:00,2a00:5400:f014::,AAKRGE7P9eIAABxfJkTLVA,7,WEB_ID,android,1
2024-11-09 14:04:00,2a00:5400:f014::,AAKRGE7P9eIAABxfJkTLVA,7,WEB_ID,android,1
2024-11-09 14:05:00,2a00:5400:f014::,AAKRGE7P9eIAABxfJkTLVA,7,WEB_ID,android,1
2024-11-09 14:05:00,2a00:5400:f014::,AAKRGE7P9eIAABxfJkTLVA,7,WEB_ID,android,1
2024-11-09 14:06:00,2a00:5400:f014::,AAKRGE7P9eIAABxfJkTLVA,7,WEB_ID,android,1
2024-11-09 14:12:00,2a00:5400:f014::,AAKRGE7P9eIAABxfJkTLVA,7,WEB_ID,android,1
2024-11-09 14:14:00,2a00:5400:f014::,AAKRGE7P9eIAABxfJkTLVA,7,WEB_ID,android,1
2024-11-09 14:15:00,2a00:5400:f014::,AAKRGE7P9eIAABxfJkTLVA,7,WEB_ID,android,1
2024-11-09 14:21:00,2a00:5400:f014::,AAKRGE7P9eIAABxfJkTLVA,7,WEB_ID,android,1
2024-11-09 14:26:00,2a00:5400:f014::,AAKRGE7P9eIAABxfJkTLVA,7,WEB_ID,android,1
2024-11-09 14:27:00,2a00:5400:f014::,AAKRGE7P9eIAABxfJkTLVA,7,WEB_ID,android,1
2024-11-09 14:27:00,2a00:5400:f014::,AAKRGE7P9eIAABxfJkTLVA,7,WEB_ID,android,1
2024-11-09 14:28:00,2a00:5400:f014::,AAKRGE7P9eIAABxfJkTLVA,7,WEB_ID,android,1
2024-11-09 14:06:00,2a00:5400:f014::,AAKRGE7P9eIAABxfJkTLVA,7,WEB_ID,android,1
2024-11-09 14:18:00,2a00:5400:f014::,AAKRGE7P9eIAABxfJkTLVA,7,WEB_ID,android,1
2024-11-09 14:20:00,2a00:5400:f014::,AAKRGE7P9eIAABxfJkTLVA,7,WEB_ID,android,1
2024-11-09 14:22:00,2a00:5400:f014::,AAKRGE7P9eIAABxfJkTLVA,7,WEB_ID,android,1
2024-11-09 14:25:00,2a00:5400:f014::,AAKRGE7P9eIAABxfJkTLVA,7,WEB_ID,android,1
2024-11-09 14:26:00,2a00:5400:f014::,AAKRGE7P9eIAABxfJkTLVA,7,WEB_ID,android,1
2024-11-09 14:29:00,2a00:5400:f014::,AAKRGE7P9eIAABxfJkTLVA,7,WEB_ID,android,1
2024-10-20 15:05:00,2a00:5400:e053:631e::,AAKT707IOKgAAB_bLwHDew,6,WEB_ID,ios,1
2024-10-20 15:09:00,82.167.99.137,AAKT707IOKgAAB_bLwHDew,6,WEB_ID,ios,1
2024-10-20 15:09:00,2a00:5400:e053:631e::,AAKT707IOKgAAB_bLwHDew,6,WEB_ID,ios,1
2024-10-20 15:10:00,82.167.99.137,AAKT707IOKgAAB_bLwHDew,6,WEB_ID,ios,1
2024-10-20 15:10:00,2a00:5400:e053:631e::,AAKT707IOKgAAB_bLwHDew,6,WEB_ID,ios,1
2024-10-20 15:11:00,82.167.99.137,AAKT707IOKgAAB_bLwHDew,6,WEB_ID,ios,1
2024-10-20 15:11:00,2a00:5400:e053:631e::,AAKT707IOKgAAB_bLwHDew,6,WEB_ID,ios,1
2024-11-09 14:35:00,2a00:5400:f014::,AAKRGE7P9eIAABxfJkTLVA,7,WEB_ID,android,1
2024-11-09 14:37:00,2a00:5400:f014::,AAKRGE7P9eIAABxfJkTLVA,7,WEB_ID,android,1
2024-11-09 14:37:00,2a00:5400:f014::,AAKRGE7P9eIAABxfJkTLVA,7,WEB_ID,android,1
2024-11-09 14:47:00,2a00:5400:f014::,AAKRGE7P9eIAABxfJkTLVA,7,WEB_ID,android,1
2024-11-09 14:54:00,2a00:5400:e337::,AAA7PE7OD50AABQ_9xhR4Q,7,WEB_ID,android,1
2024-11-09 18:14:00,2a00:5400:e051::,AAFcvU7LIAoAABO-Xttw5A,7,WEB_ID,android,1
2024-11-09 18:16:00,2a00:5400:e051::,AAFcvU7LIAoAABO-Xttw5A,7,WEB_ID,android,1
2024-11-09 18:17:00,2a00:5400:e051::,AAFcvU7LIAoAABO-Xttw5A,7,WEB_ID,android,1
2024-11-09 18:17:00,2a00:5400:e051::,AAFcvU7LIAoAABO-Xttw5A,7,WEB_ID,android,1
2024-11-09 18:17:00,2a00:5400:e051::,AAFcvU7LIAoAABO-Xttw5A,7,WEB_ID,android,1
2024-11-09 18:19:00,2a00:5400:e051::,AAFcvU7LIAoAABO-Xttw5A,7,WEB_ID,android,1
2024-11-09 18:20:00,2a00:5400:e051::,AAFcvU7LIAoAABO-Xttw5A,7,WEB_ID,android,1
2024-11-09 18:20:00,2a00:5400:e051::,AAFcvU7LIAoAABO-Xttw5A,7,WEB_ID,android,1
2024-11-09 18:22:00,2a00:5400:e051::,AAFcvU7LIAoAABO-Xttw5A,7,WEB_ID,android,1
2024-11-09 18:23:00,2a00:5400:e051::,AAFcvU7LIAoAABO-Xttw5A,7,WEB_ID,android,1
2024-11-09 18:23:00,2a00:5400:e051::,AAFcvU7LIAoAABO-Xttw5A,7,WEB_ID,android,1
2024-11-09 18:23:00,2a00:5400:e051::,AAFcvU7LIAoAABO-Xttw5A,7,WEB_ID,android,1
2024-11-09 18:24:00,2a00:5400:e051::,AAFcvU7LIAoAABO-Xttw5A,7,WEB_ID,android,1
2024-11-09 18:30:00,2a00:5400:e051::,AAFcvU7LIAoAABO-Xttw5A,7,WEB_ID,android,1
2024-11-09 18:33:00,2a00:5400:e051::,AAFcvU7LIAoAABO-Xttw5A,7,WEB_ID,android,1
2024-11-09 18:33:00,2a00:5400:e051::,AAFcvU7LIAoAABO-Xttw5A,7,WEB_ID,android,1
2024-11-09 18:34:00,2a00:5400:e051::,AAFcvU7LIAoAABO-Xttw5A,7,WEB_ID,android,1
2024-11-09 18:35:00,2a00:5400:e051::,AAFcvU7LIAoAABO-Xttw5A,7,WEB_ID,android,1
2024-11-09 18:21:00,2a00:5400:e051::,AAFcvU7LIAoAABO-Xttw5A,7,WEB_ID,android,1
2024-11-09 18:22:00,2a00:5400:e051::,AAFcvU7LIAoAABO-Xttw5A,7,WEB_ID,android,1
2024-11-09 18:22:00,2a00:5400:e051::,AAFcvU7LIAoAABO-Xttw5A,7,WEB_ID,android,1
2024-11-09 18:23:00,2a00:5400:e051::,AAFcvU7LIAoAABO-Xttw5A,7,WEB_ID,android,1
2024-11-09 18:24:00,2a00:5400:e051::,AAFcvU7LIAoAABO-Xttw5A,7,WEB_ID,android,1
2024-11-09 18:26:00,2a00:5400:e051::,AAFcvU7LIAoAABO-Xttw5A,7,WEB_ID,android,1
2024-11-09 18:26:00,2a00:5400:e051::,AAFcvU7LIAoAABO-Xttw5A,7,WEB_ID,android,1
2024-10-16 10:09:00,103.121.244.17,1a6196f1-7953-4e5a-8449-780be167de51,2,IDFV,ios,1
2024-10-16 10:14:00,103.121.244.17,1a6196f1-7953-4e5a-8449-780be167de51,2,IDFV,ios,1
2024-10-16 10:17:00,103.121.244.17,1a6196f1-7953-4e5a-8449-780be167de51,2,IDFV,ios,1
2024-10-16 10:25:00,103.121.244.17,1a6196f1-7953-4e5a-8449-780be167de51,2,IDFV,ios,1
2024-10-16 10:29:00,103.121.244.17,1a6196f1-7953-4e5a-8449-780be167de51,2,IDFV,ios,1
2024-10-16 10:33:00,103.121.244.17,1a6196f1-7953-4e5a-8449-780be167de51,2,IDFV,ios,1
2024-10-16 11:09:00,103.121.244.17,1a6196f1-7953-4e5a-8449-780be167de51,2,IDFV,ios,1
2024-10-16 11:27:00,103.121.244.17,1a6196f1-7953-4e5a-8449-780be167de51,2,IDFV,ios,1
2024-10-16 11:28:00,103.121.244.17,1a6196f1-7953-4e5a-8449-780be167de51,2,IDFV,ios,1
2024-10-16 11:32:00,103.121.244.17,1a6196f1-7953-4e5a-8449-780be167de51,2,IDFV,ios,1
2024-11-09 18:57:00,2a00:5400:f014::,AAKRGE7P9eIAABxfJkTLVA,7,WEB_ID,android,1
2024-10-16 11:42:00,103.121.244.17,1a6196f1-7953-4e5a-8449-780be167de51,2,IDFV,ios,1
2024-11-09 18:57:00,2a00:5400:f014::,AAKRGE7P9eIAABxfJkTLVA,7,WEB_ID,android,1
2024-11-09 18:58:00,2a00:5400:f014::,AAKRGE7P9eIAABxfJkTLVA,7,WEB_ID,android,1
2024-11-09 18:59:00,2a00:5400:f014::,AAKRGE7P9eIAABxfJkTLVA,7,WEB_ID,android,1
2024-11-09 18:59:00,2a00:5400:f014::,AAKRGE7P9eIAABxfJkTLVA,7,WEB_ID,android,1
2024-11-09 19:00:00,2a00:5400:f014::,AAKRGE7P9eIAABxfJkTLVA,7,WEB_ID,android,1
2024-11-09 19:02:00,2a00:5400:f014::,AAKRGE7P9eIAABxfJkTLVA,7,WEB_ID,android,1
2024-11-09 19:02:00,2a00:5400:f014::,AAKRGE7P9eIAABxfJkTLVA,7,WEB_ID,android,1
2024-11-09 19:02:00,2a00:5400:f014::,AAKRGE7P9eIAABxfJkTLVA,7,WEB_ID,android,1
2024-11-09 19:03:00,2a00:5400:f014::,AAKRGE7P9eIAABxfJkTLVA,7,WEB_ID,android,1
2024-11-09 19:04:00,2a00:5400:f014::,AAKRGE7P9eIAABxfJkTLVA,7,WEB_ID,android,1
2024-11-09 19:04:00,2a00:5400:f014::,AAKRGE7P9eIAABxfJkTLVA,7,WEB_ID,android,1
2024-11-09 19:06:00,2a00:5400:f014::,AAKRGE7P9eIAABxfJkTLVA,7,WEB_ID,android,1
2024-11-09 19:09:00,2a00:5400:f014::,AAKRGE7P9eIAABxfJkTLVA,7,WEB_ID,android,1
2024-11-09 19:13:00,2a00:5400:f014::,AAKRGE7P9eIAABxfJkTLVA,7,WEB_ID,android,1
2024-11-09 19:13:00,2a00:5400:f014::,AAKRGE7P9eIAABxfJkTLVA,7,WEB_ID,android,1
2024-11-09 19:15:00,2a00:5400:f014::,AAKRGE7P9eIAABxfJkTLVA,7,WEB_ID,android,1
2024-11-09 19:15:00,2a00:5400:f014::,AAKRGE7P9eIAABxfJkTLVA,7,WEB_ID,android,1
2024-11-09 19:54:00,2a00:5400:e051::,AAFcvU7LIAoAABO-Xttw5A,7,WEB_ID,android,1
2024-11-09 19:54:00,2a00:5400:e051::,AAFcvU7LIAoAABO-Xttw5A,7,WEB_ID,android,1
2024-11-09 19:56:00,2a00:5400:e051::,AAFcvU7LIAoAABO-Xttw5A,7,WEB_ID,android,1
2024-11-09 19:56:00,2a00:5400:e051::,AAFcvU7LIAoAABO-Xttw5A,7,WEB_ID,android,1
2024-11-09 19:59:00,2a00:5400:e051::,AAFcvU7LIAoAABO-Xttw5A,7,WEB_ID,android,1
2024-11-09 20:01:00,2a00:5400:e051::,AAFcvU7LIAoAABO-Xttw5A,7,WEB_ID,android,1
2024-11-09 20:01:00,2a00:5400:e051::,AAFcvU7LIAoAABO-Xttw5A,7,WEB_ID,android,1
2024-11-09 20:03:00,82.167.78.0,AAFcvU7LIAoAABO-Xttw5A,7,WEB_ID,android,1
2024-11-09 20:03:00,82.167.78.0,AAFcvU7LIAoAABO-Xttw5A,7,WEB_ID,android,1
2024-10-21 11:51:00,82.167.99.137,AAKT707IOKgAAB_bLwHDew,6,WEB_ID,ios,1
2024-10-21 11:53:00,82.167.99.137,AAKT707IOKgAAB_bLwHDew,6,WEB_ID,ios,1
2024-10-21 12:03:00,2a00:5400:e053:631e::,AAKT707IOKgAAB_bLwHDew,6,WEB_ID,ios,1
2024-10-21 12:06:00,82.167.99.137,AAKT707IOKgAAB_bLwHDew,6,WEB_ID,ios,1
2024-10-21 12:12:00,82.167.99.137,AAKT707IOKgAAB_bLwHDew,6,WEB_ID,ios,1
2024-10-21 12:17:00,82.167.99.137,AAKT707IOKgAAB_bLwHDew,6,WEB_ID,ios,1
2024-10-21 12:18:00,82.167.99.137,AAKT707IOKgAAB_bLwHDew,6,WEB_ID,ios,1
2024-11-09 20:05:00,2a00:5400:f014::,AAKRGE7P9eIAABxfJkTLVA,7,WEB_ID,android,1
2024-11-09 20:07:00,2a00:5400:f014::,AAKRGE7P9eIAABxfJkTLVA,7,WEB_ID,android,1
2024-10-16 12:00:00,103.121.244.17,1a6196f1-7953-4e5a-8449-780be167de51,2,IDFV,ios,1
2024-10-16 12:05:00,103.121.244.17,1a6196f1-7953-4e5a-8449-780be167de51,2,IDFV,ios,1
2024-10-17 12:11:00,103.121.244.17,1a6196f1-7953-4e5a-8449-780be167de51,2,IDFV,ios,1
2024-10-17 12:17:00,103.121.244.17,1a6196f1-7953-4e5a-8449-780be167de51,2,IDFV,ios,1
2024-10-17 12:21:00,103.121.244.17,1a6196f1-7953-4e5a-8449-780be167de51,2,IDFV,ios,1
2024-11-09 20:12:00,2a00:5400:f014::,AAKRGE7P9eIAABxfJkTLVA,7,WEB_ID,android,1
2024-11-09 20:21:00,2a00:5400:f014::,AAKRGE7P9eIAABxfJkTLVA,7,WEB_ID,android,1
2024-11-09 20:23:00,2a00:5400:f014::,AAKRGE7P9eIAABxfJkTLVA,7,WEB_ID,android,1
2024-11-09 20:25:00,2a00:5400:f014::,AAKRGE7P9eIAABxfJkTLVA,7,WEB_ID,android,1
2024-11-09 20:26:00,2a00:5400:f014::,AAKRGE7P9eIAABxfJkTLVA,7,WEB_ID,android,1
2024-11-09 20:27:00,2a00:5400:f014::,AAKRGE7P9eIAABxfJkTLVA,7,WEB_ID,android,1
2024-11-09 20:27:00,2a00:5400:f014::,AAKRGE7P9eIAABxfJkTLVA,7,WEB_ID,android,1
2024-11-09 20:30:00,2a00:5400:f014::,AAKRGE7P9eIAABxfJkTLVA,7,WEB_ID,android,1
2024-11-10 10:01:00,2a00:5400:e051::,AAFcvU7LIAoAABO-Xttw5A,7,WEB_ID,android,1
2024-11-10 10:03:00,2a00:5400:e051::,AAFcvU7LIAoAABO-Xttw5A,7,WEB_ID,android,1
2024-11-10 10:03:00,2a00:5400:e051::,AAFcvU7LIAoAABO-Xttw5A,7,WEB_ID,android,1
2024-11-10 10:04:00,2a00:5400:e051::,AAFcvU7LIAoAABO-Xttw5A,7,WEB_ID,android,1
2024-11-10 10:05:00,2a00:5400:e051::,AAFcvU7LIAoAABO-Xttw5A,7,WEB_ID,android,1
2024-11-10 10:08:00,2a00:5400:e051::,AAFcvU7LIAoAABO-Xttw5A,7,WEB_ID,android,1
2024-10-17 12:27:00,103.121.244.17,1a6196f1-7953-4e5a-8449-780be167de51,2,IDFV,ios,1
2024-10-17 12:34:00,103.121.244.17,1a6196f1-7953-4e5a-8449-780be167de51,2,IDFV,ios,1
2024-10-17 12:41:00,103.121.244.17,1a6196f1-7953-4e5a-8449-780be167de51,2,IDFV,ios,1
2024-10-17 12:44:00,103.121.244.17,1a6196f1-7953-4e5a-8449-780be167de51,2,IDFV,ios,1
2024-10-17 12:52:00,103.121.244.17,1a6196f1-7953-4e5a-8449-780be167de51,2,IDFV,ios,1
2024-11-10 10:11:00,2a00:5400:f014::,AAKRGE7P9eIAABxfJkTLVA,7,WEB_ID,android,1
2024-10-17 16:41:00,103.121.244.17,1a6196f1-7953-4e5a-8449-780be167de51,2,IDFV,ios,1
2024-10-17 16:45:00,103.121.244.17,1a6196f1-7953-4e5a-8449-780be167de51,2,IDFV,ios,1
2024-11-10 10:30:00,2a00:5400:e051::,AAFcvU7LIAoAABO-Xttw5A,7,WEB_ID,android,1
2024-11-10 10:31:00,2a00:5400:e051::,AAFcvU7LIAoAABO-Xttw5A,7,WEB_ID,android,1
2024-11-10 10:32:00,2a00:5400:e051::,AAFcvU7LIAoAABO-Xttw5A,7,WEB_ID,android,1
2024-11-10 10:32:00,2a00:5400:e051::,AAFcvU7LIAoAABO-Xttw5A,7,WEB_ID,android,1
2024-11-10 10:32:00,2a00:5400:e051::,AAFcvU7LIAoAABO-Xttw5A,7,WEB_ID,android,1
2024-11-10 10:33:00,2a00:5400:e051::,AAFcvU7LIAoAABO-Xttw5A,7,WEB_ID,android,1
2024-11-10 10:34:00,2a00:5400:e051::,AAFcvU7LIAoAABO-Xttw5A,7,WEB_ID,android,1
2024-11-10 10:34:00,2a00:5400:e051::,AAFcvU7LIAoAABO-Xttw5A,7,WEB_ID,android,1
2024-11-10 10:35:00,2a00:5400:e051::,AAFcvU7LIAoAABO-Xttw5A,7,WEB_ID,android,1
2024-11-10 10:35:00,2a00:5400:e051::,AAFcvU7LIAoAABO-Xttw5A,7,WEB_ID,android,1
2024-11-10 10:35:00,2a00:5400:e051::,AAFcvU7LIAoAABO-Xttw5A,7,WEB_ID,android,1
2024-11-10 10:35:00,2a00:5400:e051::,AAFcvU7LIAoAABO-Xttw5A,7,WEB_ID,android,1
2024-11-10 10:36:00,2a00:5400:e051::,AAFcvU7LIAoAABO-Xttw5A,7,WEB_ID,android,1
2024-11-10 10:36:00,2a00:5400:e051::,AAFcvU7LIAoAABO-Xttw5A,7,WEB_ID,android,1
2024-11-10 10:37:00,2a00:5400:e051::,AAFcvU7LIAoAABO-Xttw5A,7,WEB_ID,android,1
2024-11-10 10:37:00,82.167.78.0,AAFcvU7LIAoAABO-Xttw5A,7,WEB_ID,android,1
2024-11-10 10:37:00,82.167.78.0,AAFcvU7LIAoAABO-Xttw5A,7,WEB_ID,android,1
2024-11-10 12:46:00,2a00:5400:e051::,AAFcvU7LIAoAABO-Xttw5A,7,WEB_ID,android,1
2024-11-10 12:46:00,2a00:5400:e051::,AAFcvU7LIAoAABO-Xttw5A,7,WEB_ID,android,1
2024-11-10 12:46:00,2a00:5400:e051::,AAFcvU7LIAoAABO-Xttw5A,7,WEB_ID,android,1
2024-11-10 12:47:00,2a00:5400:e051::,AAFcvU7LIAoAABO-Xttw5A,7,WEB_ID,android,1
2024-11-10 12:48:00,2a00:5400:e051::,AAFcvU7LIAoAABO-Xttw5A,7,WEB_ID,android,1
2024-11-10 12:49:00,2a00:5400:e051::,AAFcvU7LIAoAABO-Xttw5A,7,WEB_ID,android,1
2024-11-10 12:49:00,2a00:5400:e051::,AAFcvU7LIAoAABO-Xttw5A,7,WEB_ID,android,1
2024-11-10 12:49:00,2a00:5400:e051::,AAFcvU7LIAoAABO-Xttw5A,7,WEB_ID,android,1
2024-10-17 16:46:00,103.121.244.17,1a6196f1-7953-4e5a-8449-780be167de51,2,IDFV,ios,1
2024-10-17 20:01:00,103.121.244.17,1a6196f1-7953-4e5a-8449-780be167de51,2,IDFV,ios,1
2024-10-17 20:06:00,103.121.244.17,1a6196f1-7953-4e5a-8449-780be167de51,2,IDFV,ios,1
2024-11-10 12:48:00,2a00:5400:e051::,AAFcvU7LIAoAABO-Xttw5A,7,WEB_ID,android,1
2024-11-10 12:48:00,2a00:5400:e051::,AAFcvU7LIAoAABO-Xttw5A,7,WEB_ID,android,1
2024-11-10 12:48:00,2a00:5400:e051::,AAFcvU7LIAoAABO-Xttw5A,7,WEB_ID,android,1
2024-11-10 12:49:00,2a00:5400:e051::,AAFcvU7LIAoAABO-Xttw5A,7,WEB_ID,android,1
2024-11-10 12:49:00,2a00:5400:e051::,AAFcvU7LIAoAABO-Xttw5A,7,WEB_ID,android,1
2024-11-10 12:49:00,2a00:5400:e051::,AAFcvU7LIAoAABO-Xttw5A,7,WEB_ID,android,1
2024-11-10 12:55:00,2a00:5400:e051::,AAFcvU7LIAoAABO-Xttw5A,7,WEB_ID,android,1
2024-11-10 12:56:00,2a00:5400:e051::,AAFcvU7LIAoAABO-Xttw5A,7,WEB_ID,android,1
2024-11-10 13:16:00,2a00:5400:f011::,AAKRGE7P9eIAABxfJkTLVA,7,WEB_ID,android,1
2024-11-10 13:18:00,2a00:5400:f011::,AAKRGE7P9eIAABxfJkTLVA,7,WEB_ID,android,1
2024-11-10 13:20:00,2a00:5400:f011::,AAKRGE7P9eIAABxfJkTLVA,7,WEB_ID,android,1
2024-10-17 20:23:00,103.121.245.126,04de0e1c-de2f-4515-8423-ae3083e4acee,2,IDFV,ios,1
2024-10-17 20:27:00,2405:8180:201:716c:10a0:95d8:d83d:2fdf,04de0e1c-de2f-4515-8423-ae3083e4acee,2,IDFV,ios,1
2024-10-17 20:27:00,103.121.245.126,04de0e1c-de2f-4515-8423-ae3083e4acee,2,IDFV,ios,1
2024-10-18 13:34:00,103.121.245.126,04de0e1c-de2f-4515-8423-ae3083e4acee,2,IDFV,ios,1
2024-10-18 13:38:00,103.121.245.126,04de0e1c-de2f-4515-8423-ae3083e4acee,2,IDFV,ios,1
2024-10-18 13:45:00,103.121.245.126,04de0e1c-de2f-4515-8423-ae3083e4acee,2,IDFV,ios,1
2024-11-10 13:30:00,2a00:5400:f013::,AAKRGE7P9eIAABxfJkTLVA,7,WEB_ID,android,1
2024-11-10 13:30:00,2a00:5400:f013::,AAKRGE7P9eIAABxfJkTLVA,7,WEB_ID,android,1
2024-11-10 13:30:00,2a00:5400:f013::,AAKRGE7P9eIAABxfJkTLVA,7,WEB_ID,android,1
2024-11-11 09:17:00,2a00:5400:f013::,AAKRGE7P9eIAABxfJkTLVA,7,WEB_ID,android,1
2024-11-11 09:21:00,2a00:5400:f013::,AAKRGE7P9eIAABxfJkTLVA,7,WEB_ID,android,1
2024-11-11 09:22:00,2a00:5400:f013::,AAKRGE7P9eIAABxfJkTLVA,7,WEB_ID,android,1
2024-11-11 09:22:00,46.143.163.0,AAKRGE7P9eIAABxfJkTLVA,7,WEB_ID,android,1
2024-11-11 09:23:00,46.143.163.0,AAKRGE7P9eIAABxfJkTLVA,7,WEB_ID,android,1
2024-11-11 09:25:00,2a00:5400:f013::,AAKRGE7P9eIAABxfJkTLVA,7,WEB_ID,android,1
2024-11-11 09:26:00,46.143.163.0,AAKRGE7P9eIAABxfJkTLVA,7,WEB_ID,android,1
2024-11-11 09:27:00,46.143.163.0,AAKRGE7P9eIAABxfJkTLVA,7,WEB_ID,android,1
2024-11-11 09:28:00,2a00:5400:f013::,AAKRGE7P9eIAABxfJkTLVA,7,WEB_ID,android,1
2024-11-11 09:29:00,2a00:5400:f013::,AAKRGE7P9eIAABxfJkTLVA,7,WEB_ID,android,1
2024-11-11 09:38:00,2a00:5400:f013::,AAKRGE7P9eIAABxfJkTLVA,7,WEB_ID,android,1
2024-11-11 09:45:00,2a00:5400:f013::,AAKRGE7P9eIAABxfJkTLVA,7,WEB_ID,android,1
2024-11-11 09:50:00,2a00:5400:f013::,AAKRGE7P9eIAABxfJkTLVA,7,WEB_ID,android,1
2024-10-18 14:16:00,103.121.244.17,1a6196f1-7953-4e5a-8449-780be167de51,2,IDFV,ios,1
2024-10-18 14:27:00,103.121.244.17,1a6196f1-7953-4e5a-8449-780be167de51,2,IDFV,ios,1
2024-10-18 18:43:00,103.121.244.17,1a6196f1-7953-4e5a-8449-780be167de51,2,IDFV,ios,1
2024-10-18 18:50:00,103.121.244.17,1a6196f1-7953-4e5a-8449-780be167de51,2,IDFV,ios,1
2024-10-18 18:54:00,103.121.244.17,1a6196f1-7953-4e5a-8449-780be167de51,2,IDFV,ios,1
2024-10-18 19:01:00,103.121.244.17,1a6196f1-7953-4e5a-8449-780be167de51,2,IDFV,ios,1
2024-10-18 19:06:00,103.121.244.17,1a6196f1-7953-4e5a-8449-780be167de51,2,IDFV,ios,1
2024-10-18 19:08:00,103.121.244.17,1a6196f1-7953-4e5a-8449-780be167de51,2,IDFV,ios,1
2024-10-18 19:17:00,103.121.244.17,1a6196f1-7953-4e5a-8449-780be167de51,2,IDFV,ios,1
2024-10-18 19:21:00,103.121.244.17,1a6196f1-7953-4e5a-8449-780be167de51,2,IDFV,ios,1
2024-10-18 19:26:00,103.121.244.17,1a6196f1-7953-4e5a-8449-780be167de51,2,IDFV,ios,1
2024-10-18 19:29:00,103.121.244.17,1a6196f1-7953-4e5a-8449-780be167de51,2,IDFV,ios,1
2024-11-11 09:51:00,2a00:5400:e051::,AAFcvU7LIAoAABO-Xttw5A,7,WEB_ID,android,1
2024-11-11 09:52:00,2a00:5400:e051::,AAFcvU7LIAoAABO-Xttw5A,7,WEB_ID,android,1
2024-11-11 09:56:00,2a00:5400:e051::,AAFcvU7LIAoAABO-Xttw5A,7,WEB_ID,android,1
2024-11-11 09:56:00,2a00:5400:e051::,AAFcvU7LIAoAABO-Xttw5A,7,WEB_ID,android,1
2024-11-11 09:57:00,2a00:5400:e051::,AAFcvU7LIAoAABO-Xttw5A,7,WEB_ID,android,1
2024-11-11 09:57:00,2a00:5400:e051::,AAFcvU7LIAoAABO-Xttw5A,7,WEB_ID,android,1
2024-11-11 09:59:00,2a00:5400:e051::,AAFcvU7LIAoAABO-Xttw5A,7,WEB_ID,android,1
2024-11-11 10:03:00,2a00:5400:e051::,AAFcvU7LIAoAABO-Xttw5A,7,WEB_ID,android,1
2024-11-11 09:47:00,2a00:5400:f013::,AAKRGE7P9eIAABxfJkTLVA,7,WEB_ID,android,1
2024-10-19 12:08:00,103.121.244.17,1a6196f1-7953-4e5a-8449-780be167de51,2,IDFV,ios,1
2024-10-19 12:20:00,103.121.244.17,1a6196f1-7953-4e5a-8449-780be167de51,2,IDFV,ios,1
2024-10-19 12:26:00,103.121.244.17,1a6196f1-7953-4e5a-8449-780be167de51,2,IDFV,ios,1
2024-10-19 12:34:00,103.121.244.17,1a6196f1-7953-4e5a-8449-780be167de51,2,IDFV,ios,1
2024-11-11 10:25:00,2a00:5400:f013::,AAKRGE7P9eIAABxfJkTLVA,7,WEB_ID,android,1
2024-11-11 10:29:00,2a00:5400:f013::,AAKRGE7P9eIAABxfJkTLVA,7,WEB_ID,android,1
2024-11-11 17:50:00,46.143.163.0,AAKRGE7P9eIAABxfJkTLVA,7,WEB_ID,android,1
2024-11-11 17:57:00,2a00:5400:f013::,AAKRGE7P9eIAABxfJkTLVA,7,WEB_ID,android,1
2024-11-11 17:57:00,2a00:5400:f013::,AAKRGE7P9eIAABxfJkTLVA,7,WEB_ID,android,1
2024-11-11 18:19:00,2a00:5400:f013::,AAKRGE7P9eIAABxfJkTLVA,7,WEB_ID,android,1
2024-11-11 18:29:00,2a00:5400:f013::,AAKRGE7P9eIAABxfJkTLVA,7,WEB_ID,android,1
2024-11-12 09:32:00,2a00:5400:f013::,AAKRGE7P9eIAABxfJkTLVA,7,WEB_ID,android,1
2024-11-12 09:33:00,2a00:5400:f013::,AAKRGE7P9eIAABxfJkTLVA,7,WEB_ID,android,1
2024-11-12 09:34:00,2a00:5400:f013::,AAKRGE7P9eIAABxfJkTLVA,7,WEB_ID,android,1
2024-11-12 09:34:00,2a00:5400:f013::,AAKRGE7P9eIAABxfJkTLVA,7,WEB_ID,android,1
2024-10-19 20:03:00,103.121.244.17,1a6196f1-7953-4e5a-8449-780be167de51,2,IDFV,ios,1
2024-10-19 20:05:00,103.121.244.17,1a6196f1-7953-4e5a-8449-780be167de51,2,IDFV,ios,1
2024-10-19 20:08:00,103.121.244.17,1a6196f1-7953-4e5a-8449-780be167de51,2,IDFV,ios,1
2024-10-01 10:37:00,181.196.2.0,944e0661-f7f4-4bca-a831-f9f2231a3575,1,GAID,android,0
2024-10-01 11:03:00,181.196.2.0,944e0661-f7f4-4bca-a831-f9f2231a3575,1,GAID,android,0
2024-10-01 12:48:00,2803:9810:629a::,944e0661-f7f4-4bca-a831-f9f2231a3575,1,GAID,android,0
2024-10-01 13:20:00,2803:9810:629a::,944e0661-f7f4-4bca-a831-f9f2231a3575,1,GAID,android,0
2024-10-01 13:39:00,2803:9810:629a::,944e0661-f7f4-4bca-a831-f9f2231a3575,1,GAID,android,0
2024-10-01 13:46:00,181.196.2.0,944e0661-f7f4-4bca-a831-f9f2231a3575,1,GAID,android,0
2024-10-21 12:37:00,82.167.99.137,AAKT707IOKgAAB_bLwHDew,6,WEB_ID,ios,1
2024-10-21 16:03:00,82.167.99.137,AAKT707IOKgAAB_bLwHDew,6,WEB_ID,ios,1
2024-10-21 16:04:00,2a00:5400:e053:631e:6c64:d64d:c8e5:5536,AAKT707IOKgAAB_bLwHDew,6,WEB_ID,ios,1
2024-10-21 16:08:00,82.167.99.137,AAKT707IOKgAAB_bLwHDew,6,WEB_ID,ios,1
2024-10-01 13:02:00,181.196.2.0,944e0661-f7f4-4bca-a831-f9f2231a3575,1,GAID,android,0
2024-10-21 16:23:00,2a00:5400:e053:631e:50a1:98c8:bb7:4639,AAKT707IOKgAAB_bLwHDew,6,WEB_ID,ios,1
2024-10-01 13:19:00,2803:9810:629a::,944e0661-f7f4-4bca-a831-f9f2231a3575,1,GAID,android,0
2024-10-21 16:44:00,82.167.99.137,AAKT707IOKgAAB_bLwHDew,6,WEB_ID,ios,1
2024-10-01 13:32:00,190.63.102.124,944e0661-f7f4-4bca-a831-f9f2231a3575,1,GAID,android,0
2024-10-21 16:52:00,2a00:5400:e053:631e:50a1:98c8:bb7:4639,AAKT707IOKgAAB_bLwHDew,6,WEB_ID,ios,1
2024-10-01 13:40:00,148.227.93.0,944e0661-f7f4-4bca-a831-f9f2231a3575,1,GAID,android,0
2024-10-01 13:41:00,148.227.93.0,944e0661-f7f4-4bca-a831-f9f2231a3575,1,GAID,android,0
2024-10-01 13:44:00,148.227.93.0,944e0661-f7f4-4bca-a831-f9f2231a3575,1,GAID,android,0
2024-10-01 16:28:00,148.227.93.0,944e0661-f7f4-4bca-a831-f9f2231a3575,1,GAID,android,0
2024-10-01 16:28:00,148.227.93.249,944e0661-f7f4-4bca-a831-f9f2231a3575,1,GAID,android,0
2024-10-01 16:28:00,148.227.93.249,944e0661-f7f4-4bca-a831-f9f2231a3575,1,GAID,android,0
2024-10-01 16:34:00,148.227.93.249,944e0661-f7f4-4bca-a831-f9f2231a3575,1,GAID,android,0
2024-10-01 16:59:00,148.227.93.249,944e0661-f7f4-4bca-a831-f9f2231a3575,1,GAID,android,0
2024-10-01 17:13:00,148.227.93.249,944e0661-f7f4-4bca-a831-f9f2231a3575,1,GAID,android,0
2024-10-01 18:03:00,148.227.93.249,944e0661-f7f4-4bca-a831-f9f2231a3575,1,GAID,android,0
2024-10-01 18:18:00,148.227.93.249,944e0661-f7f4-4bca-a831-f9f2231a3575,1,GAID,android,0
2024-10-22 08:13:00,82.167.99.137,AAKT707IOKgAAB_bLwHDew,6,WEB_ID,ios,1
2024-10-22 08:19:00,82.167.99.137,AAKT707IOKgAAB_bLwHDew,6,WEB_ID,ios,1
2024-10-22 08:23:00,82.167.99.137,AAKT707IOKgAAB_bLwHDew,6,WEB_ID,ios,1
2024-11-12 09:45:00,2a00:5400:f013::,AAKRGE7P9eIAABxfJkTLVA,7,WEB_ID,android,1
2024-10-01 18:30:00,148.227.93.249,944e0661-f7f4-4bca-a831-f9f2231a3575,1,GAID,android,0
2024-10-22 08:29:00,82.167.99.137,AAKT707IOKgAAB_bLwHDew,6,WEB_ID,ios,1
2024-10-22 08:38:00,82.167.99.137,AAKT707IOKgAAB_bLwHDew,6,WEB_ID,ios,1
2024-10-22 08:53:00,2a00:5400:e053:631e:50a1:98c8:bb7:4639,AAKT707IOKgAAB_bLwHDew,6,WEB_ID,ios,1
2024-10-01 19:00:00,148.227.93.249,944e0661-f7f4-4bca-a831-f9f2231a3575,1,GAID,android,0
2024-10-22 09:01:00,2a00:5400:e053:631e:50a1:98c8:bb7:4639,AAKT707IOKgAAB_bLwHDew,6,WEB_ID,ios,1
2024-10-01 19:04:00,148.227.93.249,944e0661-f7f4-4bca-a831-f9f2231a3575,1,GAID,android,0
2024-10-22 09:04:00,82.167.99.137,AAKT707IOKgAAB_bLwHDew,6,WEB_ID,ios,1
2024-10-22 09:07:00,82.167.99.137,AAKT707IOKgAAB_bLwHDew,6,WEB_ID,ios,1
2024-10-22 08:31:00,82.167.99.137,AAKT707IOKgAAB_bLwHDew,6,WEB_ID,ios,1
2024-10-22 08:36:00,82.167.99.137,AAKT707IOKgAAB_bLwHDew,6,WEB_ID,ios,1
2024-10-22 08:40:00,82.167.99.137,AAKT707IOKgAAB_bLwHDew,6,WEB_ID,ios,1
2024-10-02 08:55:00,190.63.102.124,944e0661-f7f4-4bca-a831-f9f2231a3575,1,GAID,android,0
2024-10-02 09:09:00,190.214.77.86,944e0661-f7f4-4bca-a831-f9f2231a3575,1,GAID,android,0
2024-10-02 09:06:00,190.63.102.124,944e0661-f7f4-4bca-a831-f9f2231a3575,1,GAID,android,0
2024-11-12 09:53:00,2a00:5400:f013::,AAKRGE7P9eIAABxfJkTLVA,7,WEB_ID,android,1
2024-11-12 09:53:00,2a00:5400:f013::,AAKRGE7P9eIAABxfJkTLVA,7,WEB_ID,android,1
2024-11-12 09:54:00,2a00:5400:f013::,AAKRGE7P9eIAABxfJkTLVA,7,WEB_ID,android,1
2024-11-12 09:54:00,2a00:5400:f013::,AAKRGE7P9eIAABxfJkTLVA,7,WEB_ID,android,1
2024-11-12 09:58:00,2a00:5400:f013::,AAKRGE7P9eIAABxfJkTLVA,7,WEB_ID,android,1
2024-11-12 09:59:00,2a00:5400:f013::,AAKRGE7P9eIAABxfJkTLVA,7,WEB_ID,android,1
2024-10-02 09:46:00,190.63.102.124,944e0661-f7f4-4bca-a831-f9f2231a3575,1,GAID,android,0
2024-10-02 11:10:00,190.63.102.124,944e0661-f7f4-4bca-a831-f9f2231a3575,1,GAID,android,0
2024-10-02 11:37:00,190.63.102.124,944e0661-f7f4-4bca-a831-f9f2231a3575,1,GAID,android,0
2024-10-19 20:47:00,103.121.244.17,1a6196f1-7953-4e5a-8449-780be167de51,2,IDFV,ios,1
2024-10-19 20:50:00,103.121.244.17,1a6196f1-7953-4e5a-8449-780be167de51,2,IDFV,ios,1
2024-10-02 19:28:00,2803:9810:629a::,944e0661-f7f4-4bca-a831-f9f2231a3575,1,GAID,android,0
2024-10-19 20:59:00,103.121.244.17,1a6196f1-7953-4e5a-8449-780be167de51,2,IDFV,ios,1
2024-10-19 21:04:00,103.121.244.17,1a6196f1-7953-4e5a-8449-780be167de51,2,IDFV,ios,1
2024-10-19 21:06:00,103.121.244.17,1a6196f1-7953-4e5a-8449-780be167de51,2,IDFV,ios,1
2024-10-02 19:51:00,148.227.93.249,944e0661-f7f4-4bca-a831-f9f2231a3575,1,GAID,android,0
2024-10-03 10:17:00,148.227.93.249,944e0661-f7f4-4bca-a831-f9f2231a3575,1,GAID,android,0
2024-10-03 13:32:00,148.227.93.249,944e0661-f7f4-4bca-a831-f9f2231a3575,1,GAID,android,0
2024-10-22 09:23:00,2a00:5400:f022::,AALKVk7RajkAABv5BSiD8w,6,WEB_ID,android,1
2024-10-22 09:23:00,2a00:5400:f022::,AALKVk7RajkAABv5BSiD8w,6,WEB_ID,android,1
2024-10-03 14:10:00,148.227.93.249,944e0661-f7f4-4bca-a831-f9f2231a3575,1,GAID,android,0
2024-10-03 13:47:00,190.63.102.124,944e0661-f7f4-4bca-a831-f9f2231a3575,1,GAID,android,0
2024-10-03 13:54:00,190.63.102.124,944e0661-f7f4-4bca-a831-f9f2231a3575,1,GAID,android,0
2024-10-03 14:04:00,190.63.102.124,944e0661-f7f4-4bca-a831-f9f2231a3575,1,GAID,android,0
2024-10-03 14:08:00,190.63.102.124,944e0661-f7f4-4bca-a831-f9f2231a3575,1,GAID,android,0
2024-10-03 13:54:00,190.63.102.124,944e0661-f7f4-4bca-a831-f9f2231a3575,1,GAID,android,0
2024-10-03 14:33:00,148.227.93.249,944e0661-f7f4-4bca-a831-f9f2231a3575,1,GAID,android,0
2024-10-03 14:36:00,148.227.93.249,944e0661-f7f4-4bca-a831-f9f2231a3575,1,GAID,android,0
2024-10-03 16:16:00,2803:9810:629a::,944e0661-f7f4-4bca-a831-f9f2231a3575,1,GAID,android,0
2024-10-03 16:32:00,148.227.93.249,944e0661-f7f4-4bca-a831-f9f2231a3575,1,GAID,android,0
2024-10-03 16:33:00,148.227.93.249,944e0661-f7f4-4bca-a831-f9f2231a3575,1,GAID,android,0
2024-10-03 18:33:00,2803:9810:629a::,944e0661-f7f4-4bca-a831-f9f2231a3575,1,GAID,android,0
2024-10-19 20:52:00,103.121.169.3,04de0e1c-de2f-4515-8423-ae3083e4acee,2,IDFV,ios,1
2024-10-19 21:04:00,103.121.169.3,04de0e1c-de2f-4515-8423-ae3083e4acee,2,IDFV,ios,1
2024-10-19 21:07:00,103.121.169.3,04de0e1c-de2f-4515-8423-ae3083e4acee,2,IDFV,ios,1
2024-10-03 18:56:00,2803:9810:629a::,944e0661-f7f4-4bca-a831-f9f2231a3575,1,GAID,android,0
2024-10-03 19:14:00,2803:9810:629a::,944e0661-f7f4-4bca-a831-f9f2231a3575,1,GAID,android,0
2024-10-03 19:47:00,190.63.102.124,944e0661-f7f4-4bca-a831-f9f2231a3575,1,GAID,android,0
2024-10-20 08:15:00,202.165.46.191,686931a4-abd8-46e6-b0e3-78e57c0c620c,2,IDFV,ios,1
2024-10-20 08:32:00,202.165.46.191,686931a4-abd8-46e6-b0e3-78e57c0c620c,2,IDFV,ios,1
2024-10-20 08:49:00,202.165.46.191,686931a4-abd8-46e6-b0e3-78e57c0c620c,2,IDFV,ios,1
2024-10-20 09:33:00,202.165.46.191,686931a4-abd8-46e6-b0e3-78e57c0c620c,2,IDFV,ios,1
2024-10-20 09:48:00,202.165.46.191,686931a4-abd8-46e6-b0e3-78e57c0c620c,2,IDFV,ios,1
2024-10-20 09:58:00,202.165.46.191,686931a4-abd8-46e6-b0e3-78e57c0c620c,2,IDFV,ios,1
2024-10-03 19:49:00,148.227.93.249,944e0661-f7f4-4bca-a831-f9f2231a3575,1,GAID,android,0
2024-10-20 10:11:00,202.165.46.191,686931a4-abd8-46e6-b0e3-78e57c0c620c,2,IDFV,ios,1
2024-10-20 10:19:00,202.165.46.191,686931a4-abd8-46e6-b0e3-78e57c0c620c,2,IDFV,ios,1
2024-10-20 10:20:00,202.165.46.191,686931a4-abd8-46e6-b0e3-78e57c0c620c,2,IDFV,ios,1
2024-10-20 10:29:00,202.165.46.191,686931a4-abd8-46e6-b0e3-78e57c0c620c,2,IDFV,ios,1
2024-10-20 18:42:00,202.165.46.191,686931a4-abd8-46e6-b0e3-78e57c0c620c,2,IDFV,ios,1
2024-10-20 18:54:00,202.165.46.191,686931a4-abd8-46e6-b0e3-78e57c0c620c,2,IDFV,ios,1
2024-10-04 11:24:00,190.63.102.124,944e0661-f7f4-4bca-a831-f9f2231a3575,1,GAID,android,0
2024-10-04 11:41:00,190.63.102.124,944e0661-f7f4-4bca-a831-f9f2231a3575,1,GAID,android,0
2024-11-12 10:15:00,2a00:5400:f013::,AAKRGE7P9eIAABxfJkTLVA,7,WEB_ID,android,1
2024-11-12 10:22:00,2a00:5400:f013::,AAKRGE7P9eIAABxfJkTLVA,7,WEB_ID,android,1
2024-11-12 10:16:00,2a00:5400:f013::,AAKRGE7P9eIAABxfJkTLVA,7,WEB_ID,android,1
2024-10-05 09:28:00,190.63.102.124,944e0661-f7f4-4bca-a831-f9f2231a3575,1,GAID,android,0
2024-11-12 10:27:00,2a00:5400:f013::,AAKRGE7P9eIAABxfJkTLVA,7,WEB_ID,android,1
2024-10-05 09:41:00,148.227.93.249,944e0661-f7f4-4bca-a831-f9f2231a3575,1,GAID,android,0
2024-10-05 09:41:00,2803:9810:629a::,944e0661-f7f4-4bca-a831-f9f2231a3575,1,GAID,android,0
2024-11-12 10:48:00,2a00:5400:f013::,AAKRGE7P9eIAABxfJkTLVA,7,WEB_ID,android,1
2024-11-12 10:48:00,2a00:5400:f013::,AAKRGE7P9eIAABxfJkTLVA,7,WEB_ID,android,1
2024-11-12 10:49:00,2a00:5400:f013::,AAKRGE7P9eIAABxfJkTLVA,7,WEB_ID,android,1
2024-11-12 10:49:00,2a00:5400:f013::,AAKRGE7P9eIAABxfJkTLVA,7,WEB_ID,android,1
2024-11-12 10:50:00,2a00:5400:f013::,AAKRGE7P9eIAABxfJkTLVA,7,WEB_ID,android,1
2024-11-12 10:51:00,2a00:5400:f013::,AAKRGE7P9eIAABxfJkTLVA,7,WEB_ID,android,1
2024-11-12 10:52:00,2a00:5400:f013::,AAKRGE7P9eIAABxfJkTLVA,7,WEB_ID,android,1
2024-11-12 10:54:00,2a00:5400:f013::,AAKRGE7P9eIAABxfJkTLVA,7,WEB_ID,android,1
2024-11-12 10:56:00,2a00:5400:f013::,AAKRGE7P9eIAABxfJkTLVA,7,WEB_ID,android,1
2024-11-12 10:57:00,2a00:5400:f013::,AAKRGE7P9eIAABxfJkTLVA,7,WEB_ID,android,1
2024-11-12 10:59:00,2a00:5400:f013::,AAKRGE7P9eIAABxfJkTLVA,7,WEB_ID,android,1
2024-10-05 12:16:00,2803:9810:629a::,944e0661-f7f4-4bca-a831-f9f2231a3575,1,GAID,android,0
2024-10-20 20:05:00,103.121.244.17,1a6196f1-7953-4e5a-8449-780be167de51,2,IDFV,ios,1
2024-10-20 20:08:00,103.121.244.17,1a6196f1-7953-4e5a-8449-780be167de51,2,IDFV,ios,1
2024-10-20 20:11:00,103.121.244.17,1a6196f1-7953-4e5a-8449-780be167de51,2,IDFV,ios,1
2024-10-20 20:18:00,103.121.244.17,1a6196f1-7953-4e5a-8449-780be167de51,2,IDFV,ios,1
2024-10-20 20:25:00,103.121.244.17,1a6196f1-7953-4e5a-8449-780be167de51,2,IDFV,ios,1
2024-10-05 12:40:00,2803:9810:629a::,944e0661-f7f4-4bca-a831-f9f2231a3575,1,GAID,android,0
2024-10-20 20:33:00,103.121.244.17,1a6196f1-7953-4e5a-8449-780be167de51,2,IDFV,ios,1
2024-10-20 20:39:00,103.121.244.17,1a6196f1-7953-4e5a-8449-780be167de51,2,IDFV,ios,1
2024-10-05 12:59:00,2803:9810:629a::,944e0661-f7f4-4bca-a831-f9f2231a3575,1,GAID,android,0
2024-10-22 13:49:00,2a00:5400:f022::,AALKVk7RajkAABv5BSiD8w,6,WEB_ID,android,1
2024-11-12 11:30:00,2a00:5400:e051::,AAFcvU7LIAoAABO-Xttw5A,7,WEB_ID,android,1
2024-11-12 11:48:00,2a00:5400:e051::,AAFcvU7LIAoAABO-Xttw5A,7,WEB_ID,android,1
2024-11-12 12:51:00,82.167.78.0,AAFcvU7LIAoAABO-Xttw5A,7,WEB_ID,android,1
2024-11-12 12:53:00,82.167.78.0,AAFcvU7LIAoAABO-Xttw5A,7,WEB_ID,android,1
2024-11-12 14:00:00,2a00:5400:e051::,AAFcvU7LIAoAABO-Xttw5A,7,WEB_ID,android,1
2024-11-12 14:01:00,2a00:5400:e051::,AAFcvU7LIAoAABO-Xttw5A,7,WEB_ID,android,1
2024-11-12 14:01:00,2a00:5400:e051::,AAFcvU7LIAoAABO-Xttw5A,7,WEB_ID,android,1
2024-11-12 14:02:00,2a00:5400:e051::,AAFcvU7LIAoAABO-Xttw5A,7,WEB_ID,android,1
2024-11-12 14:04:00,2a00:5400:e051::,AAFcvU7LIAoAABO-Xttw5A,7,WEB_ID,android,1
2024-11-12 14:05:00,2a00:5400:e051::,AAFcvU7LIAoAABO-Xttw5A,7,WEB_ID,android,1
2024-11-12 14:05:00,2a00:5400:e051::,AAFcvU7LIAoAABO-Xttw5A,7,WEB_ID,android,1
2024-11-12 14:06:00,2a00:5400:e051::,AAFcvU7LIAoAABO-Xttw5A,7,WEB_ID,android,1
2024-11-12 14:46:00,2a00:5400:f013::,AAKRGE7P9eIAABxfJkTLVA,7,WEB_ID,android,1
2024-11-12 14:49:00,2a00:5400:f013::,AAKRGE7P9eIAABxfJkTLVA,7,WEB_ID,android,1
2024-11-12 14:51:00,2a00:5400:f013::,AAKRGE7P9eIAABxfJkTLVA,7,WEB_ID,android,1
2024-11-12 14:51:00,2a00:5400:f013::,AAKRGE7P9eIAABxfJkTLVA,7,WEB_ID,android,1
2024-11-12 14:53:00,2a00:5400:f013::,AAKRGE7P9eIAABxfJkTLVA,7,WEB_ID,android,1
2024-11-12 14:54:00,2a00:5400:f013::,AAKRGE7P9eIAABxfJkTLVA,7,WEB_ID,android,1
2024-11-12 15:00:00,2a00:5400:f013::,AAKRGE7P9eIAABxfJkTLVA,7,WEB_ID,android,1
2024-11-12 15:02:00,2a00:5400:f013::,AAKRGE7P9eIAABxfJkTLVA,7,WEB_ID,android,1
2024-10-05 19:34:00,2803:9810:629a::,944e0661-f7f4-4bca-a831-f9f2231a3575,1,GAID,android,0
2024-10-06 13:22:00,2803:9810:629a::,944e0661-f7f4-4bca-a831-f9f2231a3575,1,GAID,android,0
2024-10-06 13:45:00,2803:9810:629a::,944e0661-f7f4-4bca-a831-f9f2231a3575,1,GAID,android,0
2024-10-06 14:00:00,2803:9810:629a::,944e0661-f7f4-4bca-a831-f9f2231a3575,1,GAID,android,0
2024-10-06 13:43:00,2803:9810:629a::,944e0661-f7f4-4bca-a831-f9f2231a3575,1,GAID,android,0
2024-10-06 14:11:00,190.63.102.124,944e0661-f7f4-4bca-a831-f9f2231a3575,1,GAID,android,0
2024-10-06 14:29:00,190.63.102.124,944e0661-f7f4-4bca-a831-f9f2231a3575,1,GAID,android,0
2024-10-06 19:05:00,190.63.102.124,944e0661-f7f4-4bca-a831-f9f2231a3575,1,GAID,android,0
2024-10-06 19:30:00,190.63.102.124,944e0661-f7f4-4bca-a831-f9f2231a3575,1,GAID,android,0
2024-10-06 20:03:00,2803:9810:629a::,944e0661-f7f4-4bca-a831-f9f2231a3575,1,GAID,android,0
2024-10-06 20:35:00,181.196.2.0,944e0661-f7f4-4bca-a831-f9f2231a3575,1,GAID,android,0
2024-10-07 12:16:00,190.63.102.124,944e0661-f7f4-4bca-a831-f9f2231a3575,1,GAID,android,0
2024-10-07 12:25:00,190.63.102.124,944e0661-f7f4-4bca-a831-f9f2231a3575,1,GAID,android,0
2024-10-07 12:48:00,190.63.102.124,944e0661-f7f4-4bca-a831-f9f2231a3575,1,GAID,android,0
2024-10-07 12:19:00,190.63.102.124,944e0661-f7f4-4bca-a831-f9f2231a3575,1,GAID,android,0
2024-10-20 20:44:00,103.121.244.17,1a6196f1-7953-4e5a-8449-780be167de51,2,IDFV,ios,1
2024-10-20 20:47:00,103.121.244.17,1a6196f1-7953-4e5a-8449-780be167de51,2,IDFV,ios,1
2024-10-20 20:54:00,103.121.244.17,1a6196f1-7953-4e5a-8449-780be167de51,2,IDFV,ios,1
2024-10-20 20:58:00,103.121.244.17,1a6196f1-7953-4e5a-8449-780be167de51,2,IDFV,ios,1
2024-10-20 21:00:00,103.121.244.17,1a6196f1-7953-4e5a-8449-780be167de51,2,IDFV,ios,1
2024-10-07 16:13:00,2803:9810:629a::,944e0661-f7f4-4bca-a831-f9f2231a3575,1,GAID,android,0
2024-10-22 14:54:00,2a00:5400:f022::,AALKVk7RajkAABv5BSiD8w,6,WEB_ID,android,1
2024-10-22 14:54:00,2a00:5400:f022::,AALKVk7RajkAABv5BSiD8w,6,WEB_ID,android,1
2024-10-07 16:55:00,181.196.2.0,944e0661-f7f4-4bca-a831-f9f2231a3575,1,GAID,android,0
2024-10-07 17:10:00,181.196.2.0,944e0661-f7f4-4bca-a831-f9f2231a3575,1,GAID,android,0
2024-10-07 17:12:00,181.196.2.0,944e0661-f7f4-4bca-a831-f9f2231a3575,1,GAID,android,0
2024-10-07 17:16:00,181.196.2.0,944e0661-f7f4-4bca-a831-f9f2231a3575,1,GAID,android,0
2024-10-07 17:25:00,181.196.2.0,944e0661-f7f4-4bca-a831-f9f2231a3575,1,GAID,android,0
2024-10-07 17:34:00,2803:9810:629a::,944e0661-f7f4-4bca-a831-f9f2231a3575,1,GAID,android,0
2024-10-07 17:34:00,2803:9810:629a::,944e0661-f7f4-4bca-a831-f9f2231a3575,1,GAID,android,0
2024-10-22 15:02:00,82.167.105.200,AAKT707IOKgAAB_bLwHDew,6,WEB_ID,ios,1
2024-10-22 15:03:00,82.167.105.200,AAKT707IOKgAAB_bLwHDew,6,WEB_ID,ios,1
2024-10-22 15:10:00,82.167.105.200,AAKT707IOKgAAB_bLwHDew,6,WEB_ID,ios,1
2024-10-07 18:18:00,190.63.102.124,944e0661-f7f4-4bca-a831-f9f2231a3575,1,GAID,android,0
2024-10-20 21:02:00,202.165.46.191,686931a4-abd8-46e6-b0e3-78e57c0c620c,2,IDFV,ios,1
2024-10-20 21:12:00,202.165.46.191,686931a4-abd8-46e6-b0e3-78e57c0c620c,2,IDFV,ios,1
2024-10-07 20:28:00,181.196.0.0,944e0661-f7f4-4bca-a831-f9f2231a3575,1,GAID,android,0
2024-10-08 15:21:00,181.196.0.0,944e0661-f7f4-4bca-a831-f9f2231a3575,1,GAID,android,0
2024-10-08 15:42:00,181.196.0.0,944e0661-f7f4-4bca-a831-f9f2231a3575,1,GAID,android,0
2024-10-08 16:20:00,181.196.0.0,944e0661-f7f4-4bca-a831-f9f2231a3575,1,GAID,android,0
2024-10-08 20:02:00,148.227.93.249,944e0661-f7f4-4bca-a831-f9f2231a3575,1,GAID,android,0
2024-10-22 17:52:00,82.167.105.200,AAKT707IOKgAAB_bLwHDew,6,WEB_ID,ios,1
2024-10-22 18:07:00,82.167.105.200,AAKT707IOKgAAB_bLwHDew,6,WEB_ID,ios,1
2024-10-22 18:27:00,82.167.105.200,AAKT707IOKgAAB_bLwHDew,6,WEB_ID,ios,1
2024-10-22 18:42:00,82.167.105.200,AAKT707IOKgAAB_bLwHDew,6,WEB_ID,ios,1
2024-10-23 17:41:00,82.167.105.200,AAKT707IOKgAAB_bLwHDew,6,WEB_ID,ios,1
2024-10-23 17:46:00,82.167.105.200,AAKT707IOKgAAB_bLwHDew,6,WEB_ID,ios,1
2024-10-23 18:08:00,2a00:5400:f022::,AALKVk7RajkAABv5BSiD8w,6,WEB_ID,android,1
2024-10-09 08:16:00,190.63.102.124,944e0661-f7f4-4bca-a831-f9f2231a3575,1,GAID,android,0
2024-10-09 08:29:00,2803:9810:629a::,944e0661-f7f4-4bca-a831-f9f2231a3575,1,GAID,android,0
2024-10-09 08:49:00,181.196.0.0,944e0661-f7f4-4bca-a831-f9f2231a3575,1,GAID,android,0
2024-10-09 09:05:00,181.196.0.0,944e0661-f7f4-4bca-a831-f9f2231a3575,1,GAID,android,0
2024-11-12 15:47:00,2a00:5400:f013::,AAKRGE7P9eIAABxfJkTLVA,7,WEB_ID,android,1
2024-11-12 15:48:00,2a00:5400:f013::,AAKRGE7P9eIAABxfJkTLVA,7,WEB_ID,android,1
2024-11-12 15:52:00,2a00:5400:f013::,AAKRGE7P9eIAABxfJkTLVA,7,WEB_ID,android,1
2024-11-12 15:53:00,2a00:5400:f013::,AAKRGE7P9eIAABxfJkTLVA,7,WEB_ID,android,1
2024-11-12 15:26:00,2a00:5400:f013::,AAKRGE7P9eIAABxfJkTLVA,7,WEB_ID,android,1
2024-11-12 15:26:00,2a00:5400:f013::,AAKRGE7P9eIAABxfJkTLVA,7,WEB_ID,android,1
2024-11-12 15:34:00,2a00:5400:f013::,AAKRGE7P9eIAABxfJkTLVA,7,WEB_ID,android,1
2024-11-12 15:39:00,2a00:5400:f013::,AAKRGE7P9eIAABxfJkTLVA,7,WEB_ID,android,1
2024-10-21 10:10:00,103.121.244.17,1a6196f1-7953-4e5a-8449-780be167de51,2,IDFV,ios,1
2024-10-21 10:13:00,103.121.244.17,1a6196f1-7953-4e5a-8449-780be167de51,2,IDFV,ios,1
2024-10-21 10:17:00,103.121.244.17,1a6196f1-7953-4e5a-8449-780be167de51,2,IDFV,ios,1
2024-10-21 10:25:00,103.121.244.17,1a6196f1-7953-4e5a-8449-780be167de51,2,IDFV,ios,1
2024-10-23 18:09:00,2a00:5400:f022::,AALKVk7RajkAABv5BSiD8w,6,WEB_ID,android,1
2024-10-09 13:00:00,2803:9810:629a::,944e0661-f7f4-4bca-a831-f9f2231a3575,1,GAID,android,0
2024-10-09 13:30:00,181.196.0.0,944e0661-f7f4-4bca-a831-f9f2231a3575,1,GAID,android,0
2024-10-09 13:45:00,181.196.0.0,944e0661-f7f4-4bca-a831-f9f2231a3575,1,GAID,android,0
2024-10-09 15:04:00,181.196.0.0,944e0661-f7f4-4bca-a831-f9f2231a3575,1,GAID,android,0
2024-10-09 15:23:00,181.196.0.0,944e0661-f7f4-4bca-a831-f9f2231a3575,1,GAID,android,0
2024-10-09 15:28:00,181.196.0.0,944e0661-f7f4-4bca-a831-f9f2231a3575,1,GAID,android,0
2024-10-09 15:34:00,181.196.0.0,944e0661-f7f4-4bca-a831-f9f2231a3575,1,GAID,android,0
2024-10-09 15:39:00,181.196.0.0,944e0661-f7f4-4bca-a831-f9f2231a3575,1,GAID,android,0
2024-10-09 15:53:00,181.196.0.0,944e0661-f7f4-4bca-a831-f9f2231a3575,1,GAID,android,0
2024-10-09 17:49:00,190.63.102.124,944e0661-f7f4-4bca-a831-f9f2231a3575,1,GAID,android,0
2024-10-24 09:15:00,82.167.83.0,AAKT707IOKgAAB_bLwHDew,6,WEB_ID,ios,1
2024-10-24 09:16:00,2a00:5400:e053:631e:61d8:a44e:bfb:acf1,AAKT707IOKgAAB_bLwHDew,6,WEB_ID,ios,1
2024-10-24 09:20:00,82.167.83.186,AAKT707IOKgAAB_bLwHDew,6,WEB_ID,ios,1
2024-10-24 09:22:00,82.167.83.186,AAKT707IOKgAAB_bLwHDew,6,WEB_ID,ios,1
2024-10-24 09:56:00,82.167.83.186,AAKT707IOKgAAB_bLwHDew,6,WEB_ID,ios,1
2024-10-24 09:56:00,82.167.83.186,AAKT707IOKgAAB_bLwHDew,6,WEB_ID,ios,1
2024-10-24 10:00:00,2a00:5400:e053:631e:61d8:a44e:bfb:acf1,AAKT707IOKgAAB_bLwHDew,6,WEB_ID,ios,1
2024-10-24 10:03:00,2a00:5400:e053:631e:61d8:a44e:bfb:acf1,AAKT707IOKgAAB_bLwHDew,6,WEB_ID,ios,1
2024-10-24 10:05:00,82.167.83.186,AAKT707IOKgAAB_bLwHDew,6,WEB_ID,ios,1
2024-10-24 10:10:00,82.167.83.186,AAKT707IOKgAAB_bLwHDew,6,WEB_ID,ios,1
2024-10-09 17:58:00,190.63.102.124,944e0661-f7f4-4bca-a831-f9f2231a3575,1,GAID,android,0
2024-10-09 18:09:00,190.63.102.124,944e0661-f7f4-4bca-a831-f9f2231a3575,1,GAID,android,0
2024-10-09 18:13:00,190.63.102.124,944e0661-f7f4-4bca-a831-f9f2231a3575,1,GAID,android,0
2024-10-09 17:50:00,181.196.0.0,944e0661-f7f4-4bca-a831-f9f2231a3575,1,GAID,android,0
2024-10-10 09:11:00,190.63.102.124,944e0661-f7f4-4bca-a831-f9f2231a3575,1,GAID,android,0
2024-11-12 16:10:00,2a00:5400:f013::,AAKRGE7P9eIAABxfJkTLVA,7,WEB_ID,android,1
2024-10-10 09:21:00,181.196.0.0,944e0661-f7f4-4bca-a831-f9f2231a3575,1,GAID,android,0
2024-10-10 09:47:00,181.196.0.0,944e0661-f7f4-4bca-a831-f9f2231a3575,1,GAID,android,0
2024-10-21 10:55:00,103.121.244.17,1a6196f1-7953-4e5a-8449-780be167de51,2,IDFV,ios,1
2024-10-10 12:06:00,190.63.102.124,944e0661-f7f4-4bca-a831-f9f2231a3575,1,GAID,android,0
2024-11-12 16:15:00,2a00:5400:e051::,AAFcvU7LIAoAABO-Xttw5A,7,WEB_ID,android,1
2024-11-12 16:16:00,2a00:5400:e051::,AAFcvU7LIAoAABO-Xttw5A,7,WEB_ID,android,1
2024-11-12 16:16:00,2a00:5400:e051::,AAFcvU7LIAoAABO-Xttw5A,7,WEB_ID,android,1
2024-10-10 12:36:00,190.63.102.124,944e0661-f7f4-4bca-a831-f9f2231a3575,1,GAID,android,0
2024-11-12 16:20:00,2a00:5400:e051::,AAFcvU7LIAoAABO-Xttw5A,7,WEB_ID,android,1
2024-10-10 12:13:00,190.63.102.124,944e0661-f7f4-4bca-a831-f9f2231a3575,1,GAID,android,0
2024-10-10 12:34:00,190.63.102.124,944e0661-f7f4-4bca-a831-f9f2231a3575,1,GAID,android,0
2024-10-10 12:26:00,181.196.0.0,944e0661-f7f4-4bca-a831-f9f2231a3575,1,GAID,android,0
2024-10-10 14:58:00,190.63.102.124,944e0661-f7f4-4bca-a831-f9f2231a3575,1,GAID,android,0
2024-10-10 15:09:00,190.63.102.124,944e0661-f7f4-4bca-a831-f9f2231a3575,1,GAID,android,0
2024-10-10 17:01:00,2803:9810:629a::,944e0661-f7f4-4bca-a831-f9f2231a3575,1,GAID,android,0
2024-11-12 16:50:00,2a00:5400:f013::,AAKRGE7P9eIAABxfJkTLVA,7,WEB_ID,android,1
2024-11-12 16:50:00,2a00:5400:f013::,AAKRGE7P9eIAABxfJkTLVA,7,WEB_ID,android,1
2024-11-12 16:51:00,2a00:5400:f013::,AAKRGE7P9eIAABxfJkTLVA,7,WEB_ID,android,1
2024-10-10 17:43:00,181.196.1.0,944e0661-f7f4-4bca-a831-f9f2231a3575,1,GAID,android,0
2024-10-11 09:20:00,181.196.1.0,944e0661-f7f4-4bca-a831-f9f2231a3575,1,GAID,android,0
2024-10-11 10:02:00,181.196.1.0,944e0661-f7f4-4bca-a831-f9f2231a3575,1,GAID,android,0
2024-10-22 13:50:00,103.121.244.17,1a6196f1-7953-4e5a-8449-780be167de51,2,IDFV,ios,1
2024-10-22 13:55:00,103.121.244.17,1a6196f1-7953-4e5a-8449-780be167de51,2,IDFV,ios,1
2024-10-22 13:58:00,103.121.244.17,1a6196f1-7953-4e5a-8449-780be167de51,2,IDFV,ios,1
2024-10-22 14:10:00,103.121.244.17,1a6196f1-7953-4e5a-8449-780be167de51,2,IDFV,ios,1
2024-10-22 14:15:00,103.121.244.17,1a6196f1-7953-4e5a-8449-780be167de51,2,IDFV,ios,1
2024-10-22 14:15:00,103.121.244.17,1a6196f1-7953-4e5a-8449-780be167de51,2,IDFV,ios,1
2024-10-11 11:11:00,148.227.93.249,944e0661-f7f4-4bca-a831-f9f2231a3575,1,GAID,android,0
2024-10-12 11:39:00,148.227.93.249,944e0661-f7f4-4bca-a831-f9f2231a3575,1,GAID,android,0
2024-10-24 19:34:00,82.167.91.136,AAKT707IOKgAAB_bLwHDew,6,WEB_ID,ios,1
2024-10-24 19:36:00,82.167.91.136,AAKT707IOKgAAB_bLwHDew,6,WEB_ID,ios,1
2024-10-25 14:07:00,82.167.91.136,AAKT707IOKgAAB_bLwHDew,6,WEB_ID,ios,1
2024-10-25 14:08:00,82.167.91.136,AAKT707IOKgAAB_bLwHDew,6,WEB_ID,ios,1
2024-10-25 14:09:00,2a00:5400:e053:631e:646b:b88:49c:ca99,AAKT707IOKgAAB_bLwHDew,6,WEB_ID,ios,1
2024-10-25 14:17:00,2a00:5400:e053:631e:646b:b88:49c:ca99,AAKT707IOKgAAB_bLwHDew,6,WEB_ID,ios,1
2024-10-25 14:21:00,82.167.91.136,AAKT707IOKgAAB_bLwHDew,6,WEB_ID,ios,1
2024-10-25 16:40:00,82.167.91.136,AAKT707IOKgAAB_bLwHDew,6,WEB_ID,ios,1
2024-10-25 16:41:00,82.167.91.136,AAKT707IOKgAAB_bLwHDew,6,WEB_ID,ios,1
2024-10-25 16:41:00,82.167.91.136,AAKT707IOKgAAB_bLwHDew,6,WEB_ID,ios,1
2024-10-25 16:45:00,82.167.91.136,AAKT707IOKgAAB_bLwHDew,6,WEB_ID,ios,1
2024-10-25 16:49:00,2a00:5400:e053:631e:646b:b88:49c:ca99,AAKT707IOKgAAB_bLwHDew,6,WEB_ID,ios,1
2024-10-25 16:53:00,82.167.91.136,AAKT707IOKgAAB_bLwHDew,6,WEB_ID,ios,1
2024-10-25 16:55:00,82.167.91.136,AAKT707IOKgAAB_bLwHDew,6,WEB_ID,ios,1
2024-10-25 16:59:00,2a00:5400:e053:631e::,AAKT707IOKgAAB_bLwHDew,6,WEB_ID,ios,1
2024-10-25 17:02:00,2a00:5400:e053:631e::,AAKT707IOKgAAB_bLwHDew,6,WEB_ID,ios,1
2024-10-25 17:02:00,2a00:5400:e053:631e:646b:b88:49c:ca99,AAKT707IOKgAAB_bLwHDew,6,WEB_ID,ios,1
2024-10-12 11:47:00,190.63.102.124,944e0661-f7f4-4bca-a831-f9f2231a3575,1,GAID,android,0
2024-10-12 11:58:00,190.63.102.124,944e0661-f7f4-4bca-a831-f9f2231a3575,1,GAID,android,0
2024-10-12 12:06:00,190.63.102.124,944e0661-f7f4-4bca-a831-f9f2231a3575,1,GAID,android,0
2024-10-13 10:13:00,190.63.102.124,944e0661-f7f4-4bca-a831-f9f2231a3575,1,GAID,android,0
2024-11-12 17:07:00,2a00:5400:f013::,AAKRGE7P9eIAABxfJkTLVA,7,WEB_ID,android,1
2024-11-12 17:30:00,2a00:5400:f013::,AAKRGE7P9eIAABxfJkTLVA,7,WEB_ID,android,1
2024-10-25 17:28:00,2a00:5400:e053:631e:646b:b88:49c:ca99,AAKT707IOKgAAB_bLwHDew,6,WEB_ID,ios,1
2024-10-25 17:29:00,82.167.91.136,AAKT707IOKgAAB_bLwHDew,6,WEB_ID,ios,1
2024-10-25 17:31:00,2a00:5400:e053:631e::,AAKT707IOKgAAB_bLwHDew,6,WEB_ID,ios,1
2024-10-25 17:33:00,82.167.91.136,AAKT707IOKgAAB_bLwHDew,6,WEB_ID,ios,1
2024-10-25 17:35:00,82.167.91.136,AAKT707IOKgAAB_bLwHDew,6,WEB_ID,ios,1
2024-10-25 17:37:00,2a00:5400:e053:631e:646b:b88:49c:ca99,AAKT707IOKgAAB_bLwHDew,6,WEB_ID,ios,1
2024-10-25 18:37:00,82.167.91.136,AAKT707IOKgAAB_bLwHDew,6,WEB_ID,ios,1
2024-10-25 18:38:00,2a00:5400:e053:631e:646b:b88:49c:ca99,AAKT707IOKgAAB_bLwHDew,6,WEB_ID,ios,1
2024-10-25 18:43:00,82.167.91.136,AAKT707IOKgAAB_bLwHDew,6,WEB_ID,ios,1
2024-10-25 18:47:00,2a00:5400:e053:631e:646b:b88:49c:ca99,AAKT707IOKgAAB_bLwHDew,6,WEB_ID,ios,1
2024-10-25 18:48:00,82.167.91.136,AAKT707IOKgAAB_bLwHDew,6,WEB_ID,ios,1
2024-10-25 18:50:00,2a00:5400:e053:631e:646b:b88:49c:ca99,AAKT707IOKgAAB_bLwHDew,6,WEB_ID,ios,1
2024-10-25 18:50:00,2a00:5400:e053:631e::,AAKT707IOKgAAB_bLwHDew,6,WEB_ID,ios,1
2024-10-25 18:54:00,2a00:5400:e053:631e:646b:b88:49c:ca99,AAKT707IOKgAAB_bLwHDew,6,WEB_ID,ios,1
2024-10-25 18:56:00,2a00:5400:e053:631e::,AAKT707IOKgAAB_bLwHDew,6,WEB_ID,ios,1
2024-10-25 18:57:00,82.167.91.136,AAKT707IOKgAAB_bLwHDew,6,WEB_ID,ios,1
2024-10-13 10:48:00,2803:9810:629a::,944e0661-f7f4-4bca-a831-f9f2231a3575,1,GAID,android,0
2024-10-13 15:00:00,2803:9810:629a::,944e0661-f7f4-4bca-a831-f9f2231a3575,1,GAID,android,0
2024-10-13 15:32:00,2803:9810:629a::,944e0661-f7f4-4bca-a831-f9f2231a3575,1,GAID,android,0
2024-10-13 18:54:00,148.227.93.249,944e0661-f7f4-4bca-a831-f9f2231a3575,1,GAID,android,0
2024-10-13 18:56:00,148.227.93.249,944e0661-f7f4-4bca-a831-f9f2231a3575,1,GAID,android,0
2024-10-13 19:18:00,2803:9810:629a::,944e0661-f7f4-4bca-a831-f9f2231a3575,1,GAID,android,0
2024-10-13 19:38:00,190.63.102.124,944e0661-f7f4-4bca-a831-f9f2231a3575,1,GAID,android,0
2024-10-13 19:54:00,190.63.102.124,944e0661-f7f4-4bca-a831-f9f2231a3575,1,GAID,android,0
2024-10-13 19:56:00,190.63.102.124,944e0661-f7f4-4bca-a831-f9f2231a3575,1,GAID,android,0
2024-10-14 09:14:00,190.63.102.124,944e0661-f7f4-4bca-a831-f9f2231a3575,1,GAID,android,0
2024-10-14 09:16:00,190.63.102.124,944e0661-f7f4-4bca-a831-f9f2231a3575,1,GAID,android,0
2024-10-14 09:36:00,190.63.102.124,944e0661-f7f4-4bca-a831-f9f2231a3575,1,GAID,android,0
2024-10-14 12:14:00,148.227.93.213,944e0661-f7f4-4bca-a831-f9f2231a3575,1,GAID,android,0
2024-10-14 12:14:00,2803:9810:629a::,944e0661-f7f4-4bca-a831-f9f2231a3575,1,GAID,android,0
2024-10-14 12:39:00,2803:9810:629a:c510:19e6:62bf:d02e:5760,944e0661-f7f4-4bca-a831-f9f2231a3575,1,GAID,android,0
2024-10-14 13:03:00,2803:9810:629a:c510::,944e0661-f7f4-4bca-a831-f9f2231a3575,1,GAID,android,0
2024-10-14 12:51:00,181.196.1.0,944e0661-f7f4-4bca-a831-f9f2231a3575,1,GAID,android,0
2024-10-14 16:04:00,181.196.1.0,944e0661-f7f4-4bca-a831-f9f2231a3575,1,GAID,android,0
2024-10-14 16:13:00,181.196.1.0,944e0661-f7f4-4bca-a831-f9f2231a3575,1,GAID,android,0
2024-10-14 16:36:00,181.196.1.0,944e0661-f7f4-4bca-a831-f9f2231a3575,1,GAID,android,0
2024-10-14 16:50:00,181.196.1.0,944e0661-f7f4-4bca-a831-f9f2231a3575,1,GAID,android,0
2024-10-14 18:40:00,190.63.102.124,944e0661-f7f4-4bca-a831-f9f2231a3575,1,GAID,android,0
2024-10-14 18:56:00,190.63.102.124,944e0661-f7f4-4bca-a831-f9f2231a3575,1,GAID,android,0
2024-10-14 19:40:00,190.63.102.124,944e0661-f7f4-4bca-a831-f9f2231a3575,1,GAID,android,0
2024-10-14 19:57:00,190.63.102.124,944e0661-f7f4-4bca-a831-f9f2231a3575,1,GAID,android,0
2024-10-25 19:13:00,82.167.91.136,AAKT707IOKgAAB_bLwHDew,6,WEB_ID,ios,1
2024-10-25 19:17:00,2a00:5400:e053:631e::,AAKT707IOKgAAB_bLwHDew,6,WEB_ID,ios,1
2024-10-25 19:18:00,82.167.91.136,AAKT707IOKgAAB_bLwHDew,6,WEB_ID,ios,1
2024-10-25 19:20:00,82.167.91.136,AAKT707IOKgAAB_bLwHDew,6,WEB_ID,ios,1
2024-10-25 19:23:00,82.167.91.136,AAKT707IOKgAAB_bLwHDew,6,WEB_ID,ios,1
2024-10-25 19:25:00,2a00:5400:e053:631e::,AAKT707IOKgAAB_bLwHDew,6,WEB_ID,ios,1
2024-10-25 19:28:00,82.167.91.136,AAKT707IOKgAAB_bLwHDew,6,WEB_ID,ios,1
2024-10-25 19:33:00,82.167.91.136,AAKT707IOKgAAB_bLwHDew,6,WEB_ID,ios,1
2024-10-25 20:37:00,2a00:5400:e053:631e::,AAKT707IOKgAAB_bLwHDew,6,WEB_ID,ios,1
2024-10-25 20:37:00,82.167.91.136,AAKT707IOKgAAB_bLwHDew,6,WEB_ID,ios,1
2024-10-15 09:38:00,190.63.102.124,944e0661-f7f4-4bca-a831-f9f2231a3575,1,GAID,android,0
2024-10-25 20:39:00,82.167.91.136,AAKT707IOKgAAB_bLwHDew,6,WEB_ID,ios,1
2024-10-25 20:41:00,82.167.91.136,AAKT707IOKgAAB_bLwHDew,6,WEB_ID,ios,1
2024-10-25 20:46:00,2a00:5400:e053:631e:646b:b88:49c:ca99,AAKT707IOKgAAB_bLwHDew,6,WEB_ID,ios,1
2024-10-25 20:49:00,82.167.91.136,AAKT707IOKgAAB_bLwHDew,6,WEB_ID,ios,1
2024-10-25 20:51:00,2a00:5400:e053:631e:646b:b88:49c:ca99,AAKT707IOKgAAB_bLwHDew,6,WEB_ID,ios,1
2024-10-25 20:51:00,2a00:5400:e053:631e::,AAKT707IOKgAAB_bLwHDew,6,WEB_ID,ios,1
2024-10-25 20:53:00,82.167.91.136,AAKT707IOKgAAB_bLwHDew,6,WEB_ID,ios,1
2024-10-25 20:58:00,2a00:5400:e053:631e:646b:b88:49c:ca99,AAKT707IOKgAAB_bLwHDew,6,WEB_ID,ios,1
2024-10-25 20:58:00,82.167.91.136,AAKT707IOKgAAB_bLwHDew,6,WEB_ID,ios,1
2024-10-25 21:04:00,82.167.91.136,AAKT707IOKgAAB_bLwHDew,6,WEB_ID,ios,1
2024-10-25 21:08:00,2a00:5400:e053:631e::,AAKT707IOKgAAB_bLwHDew,6,WEB_ID,ios,1
2024-10-25 21:09:00,82.167.91.136,AAKT707IOKgAAB_bLwHDew,6,WEB_ID,ios,1
2024-10-25 21:14:00,82.167.91.136,AAKT707IOKgAAB_bLwHDew,6,WEB_ID,ios,1
2024-10-25 21:17:00,82.167.91.136,AAKT707IOKgAAB_bLwHDew,6,WEB_ID,ios,1
2024-10-25 21:20:00,2a00:5400:e053:631e::,AAKT707IOKgAAB_bLwHDew,6,WEB_ID,ios,1
2024-10-25 21:23:00,82.167.91.136,AAKT707IOKgAAB_bLwHDew,6,WEB_ID,ios,1
2024-10-25 21:28:00,82.167.91.136,AAKT707IOKgAAB_bLwHDew,6,WEB_ID,ios,1
2024-10-25 21:33:00,82.167.91.136,AAKT707IOKgAAB_bLwHDew,6,WEB_ID,ios,1
2024-10-26 11:36:00,82.167.91.136,AAKT707IOKgAAB_bLwHDew,6,WEB_ID,ios,1
2024-10-26 11:37:00,82.167.91.136,AAKT707IOKgAAB_bLwHDew,6,WEB_ID,ios,1
2024-10-26 11:41:00,82.167.91.136,AAKT707IOKgAAB_bLwHDew,6,WEB_ID,ios,1
2024-10-26 11:42:00,2a00:5400:e053:631e:646b:b88:49c:ca99,AAKT707IOKgAAB_bLwHDew,6,WEB_ID,ios,1
2024-10-26 11:47:00,82.167.91.136,AAKT707IOKgAAB_bLwHDew,6,WEB_ID,ios,1
2024-10-26 11:51:00,82.167.91.136,AAKT707IOKgAAB_bLwHDew,6,WEB_ID,ios,1
2024-10-15 09:52:00,181.196.1.0,944e0661-f7f4-4bca-a831-f9f2231a3575,1,GAID,android,0
2024-10-26 11:54:00,2a00:5400:e053:631e::,AAKT707IOKgAAB_bLwHDew,6,WEB_ID,ios,1
2024-10-26 11:57:00,82.167.91.136,AAKT707IOKgAAB_bLwHDew,6,WEB_ID,ios,1
2024-10-15 09:58:00,181.196.1.0,944e0661-f7f4-4bca-a831-f9f2231a3575,1,GAID,android,0
2024-10-15 09:58:00,181.196.1.0,944e0661-f7f4-4bca-a831-f9f2231a3575,1,GAID,android,0
2024-10-26 12:02:00,82.167.91.136,AAKT707IOKgAAB_bLwHDew,6,WEB_ID,ios,1
2024-10-26 12:04:00,82.167.91.136,AAKT707IOKgAAB_bLwHDew,6,WEB_ID,ios,1
2024-10-15 10:10:00,2803:9810:629a:c510::,944e0661-f7f4-4bca-a831-f9f2231a3575,1,GAID,android,0
2024-10-15 10:13:00,2803:9810:629a:c510::,944e0661-f7f4-4bca-a831-f9f2231a3575,1,GAID,android,0
2024-10-15 10:29:00,2803:9810:629a:c510::,944e0661-f7f4-4bca-a831-f9f2231a3575,1,GAID,android,0
2024-10-22 14:24:00,161.142.138.47,1a6196f1-7953-4e5a-8449-780be167de51,2,IDFV,ios,1
2024-10-22 14:29:00,161.142.138.47,1a6196f1-7953-4e5a-8449-780be167de51,2,IDFV,ios,1
2024-10-22 14:34:00,161.142.138.47,1a6196f1-7953-4e5a-8449-780be167de51,2,IDFV,ios,1
2024-10-22 14:38:00,161.142.138.47,1a6196f1-7953-4e5a-8449-780be167de51,2,IDFV,ios,1
2024-10-22 14:44:00,161.142.138.47,1a6196f1-7953-4e5a-8449-780be167de51,2,IDFV,ios,1
2024-10-22 14:49:00,161.142.138.47,1a6196f1-7953-4e5a-8449-780be167de51,2,IDFV,ios,1
2024-10-22 14:54:00,161.142.138.47,1a6196f1-7953-4e5a-8449-780be167de51,2,IDFV,ios,1
2024-10-22 14:58:00,161.142.138.47,1a6196f1-7953-4e5a-8449-780be167de51,2,IDFV,ios,1
2024-10-22 15:04:00,161.142.138.47,1a6196f1-7953-4e5a-8449-780be167de51,2,IDFV,ios,1
2024-10-22 15:07:00,161.142.138.47,1a6196f1-7953-4e5a-8449-780be167de51,2,IDFV,ios,1
2024-10-22 15:07:00,161.142.138.47,1a6196f1-7953-4e5a-8449-780be167de51,2,IDFV,ios,1
2024-10-27 15:25:00,2a00:5400:f022::,AALKVk7RajkAABv5BSiD8w,6,WEB_ID,android,1
2024-10-15 10:03:00,181.196.1.0,944e0661-f7f4-4bca-a831-f9f2231a3575,1,GAID,android,0
2024-10-15 10:19:00,190.63.102.124,944e0661-f7f4-4bca-a831-f9f2231a3575,1,GAID,android,0
2024-10-15 10:19:00,2803:9810:629a:c510::,944e0661-f7f4-4bca-a831-f9f2231a3575,1,GAID,android,0
2024-10-15 10:34:00,2803:9810:629a:c510::,944e0661-f7f4-4bca-a831-f9f2231a3575,1,GAID,android,0
2024-10-15 15:28:00,148.227.93.213,944e0661-f7f4-4bca-a831-f9f2231a3575,1,GAID,android,0
2024-10-15 15:43:00,148.227.93.213,944e0661-f7f4-4bca-a831-f9f2231a3575,1,GAID,android,0
2024-10-15 15:44:00,148.227.93.213,944e0661-f7f4-4bca-a831-f9f2231a3575,1,GAID,android,0
2024-10-15 16:02:00,2803:9810:629a:c510::,944e0661-f7f4-4bca-a831-f9f2231a3575,1,GAID,android,0
2024-11-12 16:51:00,2a00:5400:e051::,AAFcvU7LIAoAABO-Xttw5A,7,WEB_ID,android,1
2024-11-12 16:51:00,2a00:5400:e051::,AAFcvU7LIAoAABO-Xttw5A,7,WEB_ID,android,1
2024-11-12 16:52:00,2a00:5400:e051::,AAFcvU7LIAoAABO-Xttw5A,7,WEB_ID,android,1
2024-11-12 16:59:00,2a00:5400:e051::,AAFcvU7LIAoAABO-Xttw5A,7,WEB_ID,android,1
2024-11-12 17:09:00,2a00:5400:e051::,AAFcvU7LIAoAABO-Xttw5A,7,WEB_ID,android,1
2024-10-15 19:35:00,2803:9810:629a:c510::,944e0661-f7f4-4bca-a831-f9f2231a3575,1,GAID,android,0
2024-10-15 19:36:00,2803:9810:629a:c510::,944e0661-f7f4-4bca-a831-f9f2231a3575,1,GAID,android,0
2024-10-15 19:36:00,2803:9810:629a:c510::,944e0661-f7f4-4bca-a831-f9f2231a3575,1,GAID,android,0
2024-10-15 19:47:00,2803:9810:629a:c510::,944e0661-f7f4-4bca-a831-f9f2231a3575,1,GAID,android,0
2024-10-15 19:47:00,2803:9810:629a:c510::,944e0661-f7f4-4bca-a831-f9f2231a3575,1,GAID,android,0
2024-10-15 20:23:00,190.63.102.124,944e0661-f7f4-4bca-a831-f9f2231a3575,1,GAID,android,0
2024-10-15 20:41:00,190.63.102.124,944e0661-f7f4-4bca-a831-f9f2231a3575,1,GAID,android,0
2024-10-16 10:17:00,190.63.102.124,944e0661-f7f4-4bca-a831-f9f2231a3575,1,GAID,android,0
2024-10-16 10:24:00,2803:9810:629a:c510::,944e0661-f7f4-4bca-a831-f9f2231a3575,1,GAID,android,0
2024-10-16 17:03:00,190.63.102.124,944e0661-f7f4-4bca-a831-f9f2231a3575,1,GAID,android,0
2024-10-16 17:05:00,190.63.102.124,944e0661-f7f4-4bca-a831-f9f2231a3575,1,GAID,android,0
2024-10-16 17:06:00,190.63.102.124,944e0661-f7f4-4bca-a831-f9f2231a3575,1,GAID,android,0
2024-10-16 17:12:00,2803:9810:629a:c510::,944e0661-f7f4-4bca-a831-f9f2231a3575,1,GAID,android,0
2024-10-16 17:30:00,190.214.77.86,944e0661-f7f4-4bca-a831-f9f2231a3575,1,GAID,android,0
2024-10-17 08:57:00,190.214.77.86,944e0661-f7f4-4bca-a831-f9f2231a3575,1,GAID,android,0
2024-10-17 09:22:00,190.214.77.86,944e0661-f7f4-4bca-a831-f9f2231a3575,1,GAID,android,0
2024-11-12 18:05:00,2a00:5400:e051::,AAFcvU7LIAoAABO-Xttw5A,7,WEB_ID,android,1
2024-11-12 18:15:00,2a00:5400:e051::,AAFcvU7LIAoAABO-Xttw5A,7,WEB_ID,android,1
2024-11-12 18:16:00,2a00:5400:e051::,AAFcvU7LIAoAABO-Xttw5A,7,WEB_ID,android,1
2024-10-17 11:10:00,190.214.77.86,944e0661-f7f4-4bca-a831-f9f2231a3575,1,GAID,android,0
2024-10-27 15:26:00,2a00:5400:f022::,AALKVk7RajkAABv5BSiD8w,6,WEB_ID,android,1
2024-10-17 11:23:00,190.214.77.86,944e0661-f7f4-4bca-a831-f9f2231a3575,1,GAID,android,0
2024-10-17 11:37:00,190.214.77.86,944e0661-f7f4-4bca-a831-f9f2231a3575,1,GAID,android,0
2024-10-17 11:51:00,190.214.77.86,944e0661-f7f4-4bca-a831-f9f2231a3575,1,GAID,android,0
2024-10-17 13:53:00,190.214.77.86,944e0661-f7f4-4bca-a831-f9f2231a3575,1,GAID,android,0
2024-10-17 14:09:00,190.214.77.86,944e0661-f7f4-4bca-a831-f9f2231a3575,1,GAID,android,0
2024-10-17 16:21:00,190.214.77.86,944e0661-f7f4-4bca-a831-f9f2231a3575,1,GAID,android,0
2024-11-12 19:31:00,2a00:5400:f013::,AAKRGE7P9eIAABxfJkTLVA,7,WEB_ID,android,1
2024-11-12 19:34:00,2a00:5400:f013::,AAKRGE7P9eIAABxfJkTLVA,7,WEB_ID,android,1
2024-11-12 19:39:00,2a00:5400:f013::,AAKRGE7P9eIAABxfJkTLVA,7,WEB_ID,android,1
2024-10-17 16:46:00,190.214.77.86,944e0661-f7f4-4bca-a831-f9f2231a3575,1,GAID,android,0
2024-10-17 16:50:00,190.214.77.86,944e0661-f7f4-4bca-a831-f9f2231a3575,1,GAID,android,0
2024-10-17 17:05:00,190.214.77.86,944e0661-f7f4-4bca-a831-f9f2231a3575,1,GAID,android,0
2024-10-17 18:38:00,190.63.102.122,944e0661-f7f4-4bca-a831-f9f2231a3575,1,GAID,android,0
2024-10-17 20:08:00,190.63.102.122,944e0661-f7f4-4bca-a831-f9f2231a3575,1,GAID,android,0
2024-10-17 20:08:00,190.63.102.122,944e0661-f7f4-4bca-a831-f9f2231a3575,1,GAID,android,0
2024-10-27 15:44:00,2a00:5400:e053:631e:646b:b88:49c:ca99,AAKT707IOKgAAB_bLwHDew,6,WEB_ID,ios,1
2024-10-27 15:48:00,2a00:5400:e053:631e:646b:b88:49c:ca99,AAKT707IOKgAAB_bLwHDew,6,WEB_ID,ios,1
2024-10-27 15:50:00,2a00:5400:e053:631e:646b:b88:49c:ca99,AAKT707IOKgAAB_bLwHDew,6,WEB_ID,ios,1
2024-10-27 15:52:00,2a00:5400:e053:631e::,AAKT707IOKgAAB_bLwHDew,6,WEB_ID,ios,1
2024-10-27 15:54:00,82.167.91.136,AAKT707IOKgAAB_bLwHDew,6,WEB_ID,ios,1
2024-10-27 15:57:00,2a00:5400:e053:631e::,AAKT707IOKgAAB_bLwHDew,6,WEB_ID,ios,1
2024-10-27 15:57:00,82.167.91.136,AAKT707IOKgAAB_bLwHDew,6,WEB_ID,ios,1
2024-10-27 15:58:00,2a00:5400:e053:631e:646b:b88:49c:ca99,AAKT707IOKgAAB_bLwHDew,6,WEB_ID,ios,1
2024-10-27 16:03:00,2a00:5400:e053:631e:646b:b88:49c:ca99,AAKT707IOKgAAB_bLwHDew,6,WEB_ID,ios,1
2024-10-27 16:08:00,82.167.91.136,AAKT707IOKgAAB_bLwHDew,6,WEB_ID,ios,1
2024-10-28 10:28:00,2a00:5400:e053:631e:646b:b88:49c:ca99,AAKT707IOKgAAB_bLwHDew,6,WEB_ID,ios,1
2024-10-28 10:29:00,2a00:5400:e053:631e:646b:b88:49c:ca99,AAKT707IOKgAAB_bLwHDew,6,WEB_ID,ios,1
2024-10-28 10:31:00,82.167.91.136,AAKT707IOKgAAB_bLwHDew,6,WEB_ID,ios,1
2024-10-28 10:33:00,82.167.91.136,AAKT707IOKgAAB_bLwHDew,6,WEB_ID,ios,1
2024-10-28 10:37:00,2a00:5400:e053:631e:646b:b88:49c:ca99,AAKT707IOKgAAB_bLwHDew,6,WEB_ID,ios,1
2024-10-28 10:37:00,82.167.91.136,AAKT707IOKgAAB_bLwHDew,6,WEB_ID,ios,1
2024-10-28 10:42:00,2a00:5400:e053:631e::,AAKT707IOKgAAB_bLwHDew,6,WEB_ID,ios,1
2024-10-28 10:42:00,2a00:5400:e053:631e:646b:b88:49c:ca99,AAKT707IOKgAAB_bLwHDew,6,WEB_ID,ios,1
2024-10-28 10:43:00,82.167.91.136,AAKT707IOKgAAB_bLwHDew,6,WEB_ID,ios,1
2024-10-28 10:47:00,82.167.91.136,AAKT707IOKgAAB_bLwHDew,6,WEB_ID,ios,1
2024-10-28 10:53:00,82.167.91.136,AAKT707IOKgAAB_bLwHDew,6,WEB_ID,ios,1
2024-10-28 10:54:00,2a00:5400:e053:631e:646b:b88:49c:ca99,AAKT707IOKgAAB_bLwHDew,6,WEB_ID,ios,1
2024-10-28 10:55:00,82.167.91.136,AAKT707IOKgAAB_bLwHDew,6,WEB_ID,ios,1
2024-10-28 10:56:00,2a00:5400:e053:631e:646b:b88:49c:ca99,AAKT707IOKgAAB_bLwHDew,6,WEB_ID,ios,1
2024-10-22 15:29:00,161.142.138.47,1a6196f1-7953-4e5a-8449-780be167de51,2,IDFV,ios,1
2024-10-22 15:34:00,161.142.138.47,1a6196f1-7953-4e5a-8449-780be167de51,2,IDFV,ios,1
2024-10-22 15:36:00,161.142.138.47,1a6196f1-7953-4e5a-8449-780be167de51,2,IDFV,ios,1
2024-10-23 15:26:00,161.142.138.47,1a6196f1-7953-4e5a-8449-780be167de51,2,IDFV,ios,1
2024-11-12 19:42:00,2a00:5400:e051::,AAFcvU7LIAoAABO-Xttw5A,7,WEB_ID,android,1
2024-10-23 15:30:00,161.142.138.47,1a6196f1-7953-4e5a-8449-780be167de51,2,IDFV,ios,1
2024-10-23 15:36:00,161.142.138.47,1a6196f1-7953-4e5a-8449-780be167de51,2,IDFV,ios,1
2024-10-23 15:42:00,161.142.138.47,1a6196f1-7953-4e5a-8449-780be167de51,2,IDFV,ios,1
2024-11-12 20:11:00,2a00:5400:e051::,AAFcvU7LIAoAABO-Xttw5A,7,WEB_ID,android,1
2024-11-12 20:11:00,2a00:5400:e051::,AAFcvU7LIAoAABO-Xttw5A,7,WEB_ID,android,1
2024-11-12 20:13:00,2a00:5400:e051::,AAFcvU7LIAoAABO-Xttw5A,7,WEB_ID,android,1
2024-11-12 20:21:00,2a00:5400:e051::,AAFcvU7LIAoAABO-Xttw5A,7,WEB_ID,android,1
2024-11-12 20:24:00,2a00:5400:e051::,AAFcvU7LIAoAABO-Xttw5A,7,WEB_ID,android,1
2024-11-12 20:26:00,2a00:5400:e051::,AAFcvU7LIAoAABO-Xttw5A,7,WEB_ID,android,1
2024-11-12 20:27:00,2a00:5400:e051::,AAFcvU7LIAoAABO-Xttw5A,7,WEB_ID,android,1
2024-10-17 20:32:00,190.63.102.122,944e0661-f7f4-4bca-a831-f9f2231a3575,1,GAID,android,0
2024-10-17 20:34:00,190.63.102.122,944e0661-f7f4-4bca-a831-f9f2231a3575,1,GAID,android,0
2024-10-17 20:46:00,190.63.102.122,944e0661-f7f4-4bca-a831-f9f2231a3575,1,GAID,android,0
2024-10-17 20:20:00,148.227.93.213,944e0661-f7f4-4bca-a831-f9f2231a3575,1,GAID,android,0
2024-10-17 20:39:00,148.227.93.213,944e0661-f7f4-4bca-a831-f9f2231a3575,1,GAID,android,0
2024-10-17 21:01:00,190.214.77.86,944e0661-f7f4-4bca-a831-f9f2231a3575,1,GAID,android,0
2024-10-17 21:03:00,190.214.77.86,944e0661-f7f4-4bca-a831-f9f2231a3575,1,GAID,android,0
2024-10-17 21:06:00,2803:9810:629a:c510::,944e0661-f7f4-4bca-a831-f9f2231a3575,1,GAID,android,0
2024-10-17 21:15:00,2803:9810:629a:c510::,944e0661-f7f4-4bca-a831-f9f2231a3575,1,GAID,android,0
2024-10-18 08:02:00,2803:9810:629a:c510::,944e0661-f7f4-4bca-a831-f9f2231a3575,1,GAID,android,0
2024-10-18 08:02:00,2803:9810:629a:c510::,944e0661-f7f4-4bca-a831-f9f2231a3575,1,GAID,android,0
2024-10-18 08:05:00,2803:9810:629a:c510::,944e0661-f7f4-4bca-a831-f9f2231a3575,1,GAID,android,0
2024-10-18 08:12:00,2803:9810:629a:c510::,944e0661-f7f4-4bca-a831-f9f2231a3575,1,GAID,android,0
2024-10-18 08:16:00,2803:9810:629a:c510::,944e0661-f7f4-4bca-a831-f9f2231a3575,1,GAID,android,0
2024-10-18 08:21:00,2803:9810:629a:c510::,944e0661-f7f4-4bca-a831-f9f2231a3575,1,GAID,android,0
2024-10-18 08:27:00,2803:9810:629a:c510::,944e0661-f7f4-4bca-a831-f9f2231a3575,1,GAID,android,0
2024-10-18 08:32:00,2803:9810:629a:c510::,944e0661-f7f4-4bca-a831-f9f2231a3575,1,GAID,android,0
2024-10-18 08:37:00,2803:9810:629a:c510::,944e0661-f7f4-4bca-a831-f9f2231a3575,1,GAID,android,0
2024-10-18 08:41:00,2803:9810:629a:c510::,944e0661-f7f4-4bca-a831-f9f2231a3575,1,GAID,android,0
2024-10-18 08:46:00,2803:9810:629a:c510::,944e0661-f7f4-4bca-a831-f9f2231a3575,1,GAID,android,0
2024-10-18 08:50:00,148.227.93.213,944e0661-f7f4-4bca-a831-f9f2231a3575,1,GAID,android,0
2024-10-18 08:56:00,148.227.93.213,944e0661-f7f4-4bca-a831-f9f2231a3575,1,GAID,android,0
2024-10-18 08:35:00,2803:9810:629a:c510::,944e0661-f7f4-4bca-a831-f9f2231a3575,1,GAID,android,0
2024-10-18 08:38:00,148.227.93.213,944e0661-f7f4-4bca-a831-f9f2231a3575,1,GAID,android,0
2024-10-18 08:38:00,148.227.93.213,944e0661-f7f4-4bca-a831-f9f2231a3575,1,GAID,android,0
2024-10-18 08:38:00,148.227.93.213,944e0661-f7f4-4bca-a831-f9f2231a3575,1,GAID,android,0
2024-10-18 08:43:00,148.227.93.213,944e0661-f7f4-4bca-a831-f9f2231a3575,1,GAID,android,0
2024-10-18 08:47:00,148.227.93.213,944e0661-f7f4-4bca-a831-f9f2231a3575,1,GAID,android,0
2024-10-18 08:52:00,148.227.93.213,944e0661-f7f4-4bca-a831-f9f2231a3575,1,GAID,android,0
2024-10-18 08:52:00,148.227.93.213,944e0661-f7f4-4bca-a831-f9f2231a3575,1,GAID,android,0
2024-10-18 08:57:00,2803:9810:629a:c510::,944e0661-f7f4-4bca-a831-f9f2231a3575,1,GAID,android,0
2024-10-18 09:01:00,148.227.93.145,944e0661-f7f4-4bca-a831-f9f2231a3575,1,GAID,android,0
2024-10-18 09:03:00,2803:9810:629a:c510::,944e0661-f7f4-4bca-a831-f9f2231a3575,1,GAID,android,0
2024-10-18 09:05:00,2803:9810:629a:c510::,944e0661-f7f4-4bca-a831-f9f2231a3575,1,GAID,android,0
2024-10-18 09:07:00,2803:9810:629a:c510::,944e0661-f7f4-4bca-a831-f9f2231a3575,1,GAID,android,0
2024-10-18 15:33:00,2803:9810:629a:c510::,944e0661-f7f4-4bca-a831-f9f2231a3575,1,GAID,android,0
2024-10-18 15:48:00,2803:9810:629a:c510::,944e0661-f7f4-4bca-a831-f9f2231a3575,1,GAID,android,0
2024-10-28 11:12:00,82.167.91.136,AAKT707IOKgAAB_bLwHDew,6,WEB_ID,ios,1
2024-10-28 11:23:00,2a00:5400:e053:631e::,AAKT707IOKgAAB_bLwHDew,6,WEB_ID,ios,1
2024-10-28 11:33:00,2a00:5400:e053:631e::,AAKT707IOKgAAB_bLwHDew,6,WEB_ID,ios,1
2024-10-28 11:36:00,2a00:5400:e053:631e:646b:b88:49c:ca99,AAKT707IOKgAAB_bLwHDew,6,WEB_ID,ios,1
2024-10-28 11:39:00,2a00:5400:e053:631e::,AAKT707IOKgAAB_bLwHDew,6,WEB_ID,ios,1
2024-10-28 11:41:00,2a00:5400:e053:631e::,AAKT707IOKgAAB_bLwHDew,6,WEB_ID,ios,1
2024-10-28 11:44:00,2a00:5400:e053:631e:646b:b88:49c:ca99,AAKT707IOKgAAB_bLwHDew,6,WEB_ID,ios,1
2024-10-28 11:45:00,2a00:5400:e053:631e:646b:b88:49c:ca99,AAKT707IOKgAAB_bLwHDew,6,WEB_ID,ios,1
2024-10-28 11:48:00,82.167.91.136,AAKT707IOKgAAB_bLwHDew,6,WEB_ID,ios,1
2024-10-28 11:49:00,2a00:5400:e053:631e::,AAKT707IOKgAAB_bLwHDew,6,WEB_ID,ios,1
2024-10-28 11:51:00,2a00:5400:e053:631e:646b:b88:49c:ca99,AAKT707IOKgAAB_bLwHDew,6,WEB_ID,ios,1
2024-10-28 11:55:00,82.167.91.136,AAKT707IOKgAAB_bLwHDew,6,WEB_ID,ios,1
2024-10-28 11:57:00,2a00:5400:e053:631e::,AAKT707IOKgAAB_bLwHDew,6,WEB_ID,ios,1
2024-10-28 12:04:00,82.167.91.136,AAKT707IOKgAAB_bLwHDew,6,WEB_ID,ios,1
2024-10-28 17:58:00,82.167.91.136,AAKT707IOKgAAB_bLwHDew,6,WEB_ID,ios,1
2024-10-28 17:58:00,2a00:5400:e053:631e:646b:b88:49c:ca99,AAKT707IOKgAAB_bLwHDew,6,WEB_ID,ios,1
2024-10-28 18:03:00,2a00:5400:e053:631e:646b:b88:49c:ca99,AAKT707IOKgAAB_bLwHDew,6,WEB_ID,ios,1
2024-10-28 18:05:00,2a00:5400:e053:631e::,AAKT707IOKgAAB_bLwHDew,6,WEB_ID,ios,1
2024-10-28 18:06:00,82.167.91.136,AAKT707IOKgAAB_bLwHDew,6,WEB_ID,ios,1
2024-10-28 18:10:00,82.167.91.136,AAKT707IOKgAAB_bLwHDew,6,WEB_ID,ios,1
2024-10-28 18:15:00,82.167.91.136,AAKT707IOKgAAB_bLwHDew,6,WEB_ID,ios,1
2024-10-28 18:20:00,2a00:5400:e053:631e:646b:b88:49c:ca99,AAKT707IOKgAAB_bLwHDew,6,WEB_ID,ios,1
2024-10-28 18:21:00,82.167.91.136,AAKT707IOKgAAB_bLwHDew,6,WEB_ID,ios,1
2024-10-28 18:24:00,82.167.91.136,AAKT707IOKgAAB_bLwHDew,6,WEB_ID,ios,1
2024-10-18 15:58:00,148.227.93.145,944e0661-f7f4-4bca-a831-f9f2231a3575,1,GAID,android,0
2024-10-18 15:33:00,190.63.102.116,944e0661-f7f4-4bca-a831-f9f2231a3575,1,GAID,android,0
2024-10-18 15:52:00,190.63.102.116,944e0661-f7f4-4bca-a831-f9f2231a3575,1,GAID,android,0
2024-10-19 08:23:00,190.63.102.116,944e0661-f7f4-4bca-a831-f9f2231a3575,1,GAID,android,0
2024-10-19 08:28:00,2803:9810:629a:c510::,944e0661-f7f4-4bca-a831-f9f2231a3575,1,GAID,android,0
2024-10-19 08:35:00,2803:9810:629a:c510::,944e0661-f7f4-4bca-a831-f9f2231a3575,1,GAID,android,0
2024-10-23 16:03:00,103.121.138.180,95d9aeb3-c446-4b44-b165-8f617e14955e,2,IDFV,ios,1
2024-10-23 16:11:00,161.142.138.47,1a6196f1-7953-4e5a-8449-780be167de51,2,IDFV,ios,1
2024-10-23 16:16:00,161.142.138.47,1a6196f1-7953-4e5a-8449-780be167de51,2,IDFV,ios,1
2024-10-23 16:16:00,161.142.138.47,1a6196f1-7953-4e5a-8449-780be167de51,2,IDFV,ios,1
2024-10-24 11:15:00,161.142.138.47,1a6196f1-7953-4e5a-8449-780be167de51,2,IDFV,ios,1
2024-10-24 11:21:00,161.142.138.47,1a6196f1-7953-4e5a-8449-780be167de51,2,IDFV,ios,1
2024-10-24 11:26:00,161.142.138.47,1a6196f1-7953-4e5a-8449-780be167de51,2,IDFV,ios,1
2024-10-24 11:31:00,161.142.138.47,1a6196f1-7953-4e5a-8449-780be167de51,2,IDFV,ios,1
2024-10-24 11:32:00,161.142.138.47,1a6196f1-7953-4e5a-8449-780be167de51,2,IDFV,ios,1
2024-10-19 08:44:00,148.227.93.145,944e0661-f7f4-4bca-a831-f9f2231a3575,1,GAID,android,0
2024-10-19 09:04:00,190.63.102.116,944e0661-f7f4-4bca-a831-f9f2231a3575,1,GAID,android,0
2024-10-19 09:07:00,190.63.102.116,944e0661-f7f4-4bca-a831-f9f2231a3575,1,GAID,android,0
2024-10-19 09:09:00,190.63.102.116,944e0661-f7f4-4bca-a831-f9f2231a3575,1,GAID,android,0
2024-10-19 09:15:00,190.63.102.116,944e0661-f7f4-4bca-a831-f9f2231a3575,1,GAID,android,0
2024-10-19 13:26:00,190.63.102.116,944e0661-f7f4-4bca-a831-f9f2231a3575,1,GAID,android,0
2024-10-19 13:26:00,190.63.102.116,944e0661-f7f4-4bca-a831-f9f2231a3575,1,GAID,android,0
2024-10-19 13:38:00,190.63.102.116,944e0661-f7f4-4bca-a831-f9f2231a3575,1,GAID,android,0
2024-10-19 14:14:00,148.227.93.145,944e0661-f7f4-4bca-a831-f9f2231a3575,1,GAID,android,0
2024-10-19 14:31:00,2803:9810:629a:c510::,944e0661-f7f4-4bca-a831-f9f2231a3575,1,GAID,android,0
2024-10-19 14:39:00,148.227.93.90,944e0661-f7f4-4bca-a831-f9f2231a3575,1,GAID,android,0
2024-10-19 14:46:00,2803:9810:629a:c510::,944e0661-f7f4-4bca-a831-f9f2231a3575,1,GAID,android,0
2024-10-19 14:46:00,2803:9810:629a:c510::,944e0661-f7f4-4bca-a831-f9f2231a3575,1,GAID,android,0
2024-10-19 14:53:00,2803:9810:629a:c510::,944e0661-f7f4-4bca-a831-f9f2231a3575,1,GAID,android,0
2024-10-19 14:59:00,2803:9810:629a:c510::,944e0661-f7f4-4bca-a831-f9f2231a3575,1,GAID,android,0
2024-10-19 15:07:00,148.227.93.90,944e0661-f7f4-4bca-a831-f9f2231a3575,1,GAID,android,0
2024-10-19 15:14:00,148.227.93.90,944e0661-f7f4-4bca-a831-f9f2231a3575,1,GAID,android,0
2024-10-19 15:14:00,2803:9810:629a:c510::,944e0661-f7f4-4bca-a831-f9f2231a3575,1,GAID,android,0
2024-10-19 15:21:00,148.227.93.90,944e0661-f7f4-4bca-a831-f9f2231a3575,1,GAID,android,0
2024-10-28 18:28:00,2a00:5400:f022::,AALKVk7RajkAABv5BSiD8w,6,WEB_ID,android,1
2024-10-28 18:28:00,2a00:5400:f022::,AALKVk7RajkAABv5BSiD8w,6,WEB_ID,android,1
2024-10-19 20:43:00,148.227.93.111,944e0661-f7f4-4bca-a831-f9f2231a3575,1,GAID,android,0
2024-10-24 12:10:00,161.142.138.47,1a6196f1-7953-4e5a-8449-780be167de51,2,IDFV,ios,1
2024-11-12 19:45:00,2a00:5400:f013::,AAKRGE7P9eIAABxfJkTLVA,7,WEB_ID,android,1
2024-11-12 19:45:00,2a00:5400:f013::,AAKRGE7P9eIAABxfJkTLVA,7,WEB_ID,android,1
2024-11-12 19:45:00,2a00:5400:f013::,AAKRGE7P9eIAABxfJkTLVA,7,WEB_ID,android,1
2024-11-12 19:47:00,2a00:5400:f013::,AAKRGE7P9eIAABxfJkTLVA,7,WEB_ID,android,1
2024-11-12 19:47:00,2a00:5400:f013::,AAKRGE7P9eIAABxfJkTLVA,7,WEB_ID,android,1
2024-11-12 19:49:00,2a00:5400:f013::,AAKRGE7P9eIAABxfJkTLVA,7,WEB_ID,android,1
2024-11-12 20:32:00,2a00:5400:f013::,AAKRGE7P9eIAABxfJkTLVA,7,WEB_ID,android,1
2024-11-12 20:46:00,2a00:5400:f013::,AAKRGE7P9eIAABxfJkTLVA,7,WEB_ID,android,1
2024-11-12 20:49:00,2a00:5400:f013::,AAKRGE7P9eIAABxfJkTLVA,7,WEB_ID,android,1
2024-11-13 10:05:00,2a00:5400:f013::,AAKRGE7P9eIAABxfJkTLVA,7,WEB_ID,android,1
2024-11-13 10:05:00,2a00:5400:f013::,AAKRGE7P9eIAABxfJkTLVA,7,WEB_ID,android,1
2024-11-13 10:06:00,2a00:5400:f013::,AAKRGE7P9eIAABxfJkTLVA,7,WEB_ID,android,1
2024-11-13 10:07:00,2a00:5400:f013::,AAKRGE7P9eIAABxfJkTLVA,7,WEB_ID,android,1
2024-11-13 10:07:00,46.143.149.0,AAKRGE7P9eIAABxfJkTLVA,7,WEB_ID,android,1
2024-11-13 10:08:00,2a00:5400:f013::,AAKRGE7P9eIAABxfJkTLVA,7,WEB_ID,android,1
2024-11-13 10:08:00,2a00:5400:f013::,AAKRGE7P9eIAABxfJkTLVA,7,WEB_ID,android,1
2024-11-13 10:09:00,2a00:5400:f013::,AAKRGE7P9eIAABxfJkTLVA,7,WEB_ID,android,1
2024-11-13 10:09:00,2a00:5400:f013::,AAKRGE7P9eIAABxfJkTLVA,7,WEB_ID,android,1
2024-11-13 10:11:00,2a00:5400:f013::,AAKRGE7P9eIAABxfJkTLVA,7,WEB_ID,android,1
2024-11-13 10:12:00,2a00:5400:f013::,AAKRGE7P9eIAABxfJkTLVA,7,WEB_ID,android,1
2024-10-20 16:01:00,190.214.77.86,944e0661-f7f4-4bca-a831-f9f2231a3575,1,GAID,android,0
2024-10-20 16:10:00,190.214.77.86,944e0661-f7f4-4bca-a831-f9f2231a3575,1,GAID,android,0
2024-10-20 18:01:00,190.214.77.86,944e0661-f7f4-4bca-a831-f9f2231a3575,1,GAID,android,0
2024-10-20 18:17:00,190.214.77.86,944e0661-f7f4-4bca-a831-f9f2231a3575,1,GAID,android,0
2024-10-20 18:33:00,190.214.77.86,944e0661-f7f4-4bca-a831-f9f2231a3575,1,GAID,android,0
2024-10-20 19:49:00,2803:9810:629a:c510::,944e0661-f7f4-4bca-a831-f9f2231a3575,1,GAID,android,0
2024-10-20 20:17:00,148.227.93.111,944e0661-f7f4-4bca-a831-f9f2231a3575,1,GAID,android,0
2024-10-20 20:33:00,148.227.93.111,944e0661-f7f4-4bca-a831-f9f2231a3575,1,GAID,android,0
2024-10-21 15:33:00,190.63.102.116,944e0661-f7f4-4bca-a831-f9f2231a3575,1,GAID,android,0
2024-10-21 15:46:00,190.63.102.116,944e0661-f7f4-4bca-a831-f9f2231a3575,1,GAID,android,0
2024-10-21 15:58:00,190.63.102.116,944e0661-f7f4-4bca-a831-f9f2231a3575,1,GAID,android,0
2024-10-21 16:14:00,190.63.102.126,944e0661-f7f4-4bca-a831-f9f2231a3575,1,GAID,android,0
2024-10-21 16:14:00,190.63.102.126,944e0661-f7f4-4bca-a831-f9f2231a3575,1,GAID,android,0
2024-10-21 19:04:00,190.63.102.126,944e0661-f7f4-4bca-a831-f9f2231a3575,1,GAID,android,0
2024-10-21 19:29:00,190.63.102.126,944e0661-f7f4-4bca-a831-f9f2231a3575,1,GAID,android,0
2024-10-21 19:32:00,190.63.102.126,944e0661-f7f4-4bca-a831-f9f2231a3575,1,GAID,android,0
2024-10-21 19:38:00,190.214.77.198,944e0661-f7f4-4bca-a831-f9f2231a3575,1,GAID,android,0
2024-10-21 19:40:00,190.214.77.198,944e0661-f7f4-4bca-a831-f9f2231a3575,1,GAID,android,0
2024-10-21 19:41:00,190.214.77.198,944e0661-f7f4-4bca-a831-f9f2231a3575,1,GAID,android,0
2024-10-21 19:52:00,190.214.77.198,944e0661-f7f4-4bca-a831-f9f2231a3575,1,GAID,android,0
2024-10-21 20:03:00,190.214.77.198,944e0661-f7f4-4bca-a831-f9f2231a3575,1,GAID,android,0
2024-10-21 19:06:00,190.214.77.198,944e0661-f7f4-4bca-a831-f9f2231a3575,1,GAID,android,0
2024-10-21 19:07:00,190.214.77.198,944e0661-f7f4-4bca-a831-f9f2231a3575,1,GAID,android,0
2024-10-21 19:13:00,190.214.77.198,944e0661-f7f4-4bca-a831-f9f2231a3575,1,GAID,android,0
2024-10-21 19:49:00,190.63.102.126,944e0661-f7f4-4bca-a831-f9f2231a3575,1,GAID,android,0
2024-10-21 19:51:00,190.63.102.126,944e0661-f7f4-4bca-a831-f9f2231a3575,1,GAID,android,0
2024-10-22 09:49:00,190.63.102.126,944e0661-f7f4-4bca-a831-f9f2231a3575,1,GAID,android,0
2024-10-28 18:36:00,2a00:5400:f022::,AALKVk7RajkAABv5BSiD8w,6,WEB_ID,android,1
2024-10-22 09:57:00,148.227.93.111,944e0661-f7f4-4bca-a831-f9f2231a3575,1,GAID,android,0
2024-10-22 09:58:00,2803:9810:629a:c510::,944e0661-f7f4-4bca-a831-f9f2231a3575,1,GAID,android,0
2024-10-22 10:41:00,190.214.77.198,944e0661-f7f4-4bca-a831-f9f2231a3575,1,GAID,android,0
2024-10-22 10:50:00,2803:9810:629a:c510::,944e0661-f7f4-4bca-a831-f9f2231a3575,1,GAID,android,0
2024-10-22 11:27:00,190.63.102.126,944e0661-f7f4-4bca-a831-f9f2231a3575,1,GAID,android,0
2024-10-22 17:14:00,190.63.102.126,944e0661-f7f4-4bca-a831-f9f2231a3575,1,GAID,android,0
2024-10-22 17:38:00,190.63.102.126,944e0661-f7f4-4bca-a831-f9f2231a3575,1,GAID,android,0
2024-10-22 18:03:00,2803:9810:629a:c510::,944e0661-f7f4-4bca-a831-f9f2231a3575,1,GAID,android,0
2024-10-28 18:48:00,2a00:5400:f022::,AALKVk7RajkAABv5BSiD8w,6,WEB_ID,android,1
2024-10-22 18:02:00,148.227.93.111,944e0661-f7f4-4bca-a831-f9f2231a3575,1,GAID,android,0
2024-10-22 18:13:00,148.227.93.111,944e0661-f7f4-4bca-a831-f9f2231a3575,1,GAID,android,0
2024-10-22 19:20:00,2803:9810:629a:c510::,944e0661-f7f4-4bca-a831-f9f2231a3575,1,GAID,android,0
2024-10-23 09:06:00,2803:9810:629a:c510::,944e0661-f7f4-4bca-a831-f9f2231a3575,1,GAID,android,0
2024-10-23 09:12:00,190.214.77.198,944e0661-f7f4-4bca-a831-f9f2231a3575,1,GAID,android,0
2024-10-23 09:19:00,190.214.77.198,944e0661-f7f4-4bca-a831-f9f2231a3575,1,GAID,android,0
2024-10-23 09:22:00,190.214.77.198,944e0661-f7f4-4bca-a831-f9f2231a3575,1,GAID,android,0
2024-10-23 09:32:00,190.214.77.198,944e0661-f7f4-4bca-a831-f9f2231a3575,1,GAID,android,0
2024-10-23 09:37:00,190.214.77.198,944e0661-f7f4-4bca-a831-f9f2231a3575,1,GAID,android,0
2024-10-23 09:49:00,190.214.77.198,944e0661-f7f4-4bca-a831-f9f2231a3575,1,GAID,android,0
2024-10-23 12:19:00,190.214.77.198,944e0661-f7f4-4bca-a831-f9f2231a3575,1,GAID,android,0
2024-10-23 18:27:00,148.227.93.111,944e0661-f7f4-4bca-a831-f9f2231a3575,1,GAID,android,0
2024-10-23 18:32:00,2803:9810:629a:c510::,944e0661-f7f4-4bca-a831-f9f2231a3575,1,GAID,android,0
2024-10-23 18:56:00,2803:9810:629a:c510::,944e0661-f7f4-4bca-a831-f9f2231a3575,1,GAID,android,0
2024-10-23 19:05:00,181.196.3.0,944e0661-f7f4-4bca-a831-f9f2231a3575,1,GAID,android,0
2024-10-24 09:38:00,181.196.3.0,944e0661-f7f4-4bca-a831-f9f2231a3575,1,GAID,android,0
2024-10-22 13:05:00,103.244.175.0,d70be07e-05ff-4037-98c5-d059c20f4a1e,5,IDFA,ios,1
2024-10-25 16:12:00,103.121.138.180,04de0e1c-de2f-4515-8423-ae3083e4acee,2,IDFV,ios,1
2024-10-26 12:57:00,103.121.138.180,04de0e1c-de2f-4515-8423-ae3083e4acee,2,IDFV,ios,1
2024-10-24 09:55:00,181.196.3.0,944e0661-f7f4-4bca-a831-f9f2231a3575,1,GAID,android,0
2024-10-24 09:56:00,148.227.93.111,944e0661-f7f4-4bca-a831-f9f2231a3575,1,GAID,android,0
2024-10-24 09:58:00,190.63.102.126,944e0661-f7f4-4bca-a831-f9f2231a3575,1,GAID,android,0
2024-10-24 10:23:00,2803:9810:629a:c510::,944e0661-f7f4-4bca-a831-f9f2231a3575,1,GAID,android,0
2024-10-24 10:42:00,190.63.102.126,944e0661-f7f4-4bca-a831-f9f2231a3575,1,GAID,android,0
2024-10-24 10:43:00,190.63.102.126,944e0661-f7f4-4bca-a831-f9f2231a3575,1,GAID,android,0
2024-10-24 10:43:00,190.63.102.126,944e0661-f7f4-4bca-a831-f9f2231a3575,1,GAID,android,0
2024-10-24 10:47:00,190.63.102.126,944e0661-f7f4-4bca-a831-f9f2231a3575,1,GAID,android,0
2024-10-24 11:12:00,190.63.102.126,944e0661-f7f4-4bca-a831-f9f2231a3575,1,GAID,android,0
2024-10-24 15:50:00,190.63.102.126,944e0661-f7f4-4bca-a831-f9f2231a3575,1,GAID,android,0
2024-10-24 16:15:00,2803:9810:629a:c510::,944e0661-f7f4-4bca-a831-f9f2231a3575,1,GAID,android,0
2024-10-26 13:25:00,103.121.244.4,1a6196f1-7953-4e5a-8449-780be167de51,2,IDFV,ios,1
2024-10-26 13:31:00,103.121.244.4,1a6196f1-7953-4e5a-8449-780be167de51,2,IDFV,ios,1
2024-10-26 13:35:00,103.121.244.4,1a6196f1-7953-4e5a-8449-780be167de51,2,IDFV,ios,1
2024-10-26 13:38:00,103.121.244.4,1a6196f1-7953-4e5a-8449-780be167de51,2,IDFV,ios,1
2024-10-26 13:46:00,103.121.244.4,1a6196f1-7953-4e5a-8449-780be167de51,2,IDFV,ios,1
2024-10-26 13:49:00,103.121.244.4,1a6196f1-7953-4e5a-8449-780be167de51,2,IDFV,ios,1
2024-10-26 13:51:00,103.121.244.4,1a6196f1-7953-4e5a-8449-780be167de51,2,IDFV,ios,1
2024-10-26 16:57:00,103.121.244.4,1a6196f1-7953-4e5a-8449-780be167de51,2,IDFV,ios,1
2024-10-26 17:00:00,103.121.244.4,1a6196f1-7953-4e5a-8449-780be167de51,2,IDFV,ios,1
2024-10-26 17:03:00,103.121.244.4,1a6196f1-7953-4e5a-8449-780be167de51,2,IDFV,ios,1
2024-10-26 17:10:00,103.121.244.4,1a6196f1-7953-4e5a-8449-780be167de51,2,IDFV,ios,1
2024-10-26 17:15:00,103.121.244.4,1a6196f1-7953-4e5a-8449-780be167de51,2,IDFV,ios,1
2024-10-26 17:20:00,103.121.244.4,1a6196f1-7953-4e5a-8449-780be167de51,2,IDFV,ios,1
2024-10-26 17:23:00,103.121.244.4,1a6196f1-7953-4e5a-8449-780be167de51,2,IDFV,ios,1
2024-11-13 10:12:00,2a00:5400:e051::,AAFcvU7LIAoAABO-Xttw5A,7,WEB_ID,android,1
2024-11-13 10:13:00,2a00:5400:e051::,AAFcvU7LIAoAABO-Xttw5A,7,WEB_ID,android,1
2024-11-13 10:13:00,2a00:5400:e051::,AAFcvU7LIAoAABO-Xttw5A,7,WEB_ID,android,1
2024-10-28 20:02:00,2a00:5400:f022::,AALKVk7RajkAABv5BSiD8w,6,WEB_ID,android,1
2024-11-13 10:28:00,2a00:5400:e051::,AAFcvU7LIAoAABO-Xttw5A,7,WEB_ID,android,1
2024-11-13 10:28:00,2a00:5400:e051::,AAFcvU7LIAoAABO-Xttw5A,7,WEB_ID,android,1
2024-11-13 10:29:00,2a00:5400:e051::,AAFcvU7LIAoAABO-Xttw5A,7,WEB_ID,android,1
2024-11-13 10:29:00,2a00:5400:e051::,AAFcvU7LIAoAABO-Xttw5A,7,WEB_ID,android,1
2024-11-13 10:30:00,2a00:5400:e051::,AAFcvU7LIAoAABO-Xttw5A,7,WEB_ID,android,1
2024-11-13 10:31:00,2a00:5400:e051::,AAFcvU7LIAoAABO-Xttw5A,7,WEB_ID,android,1
2024-11-13 10:31:00,2a00:5400:e051::,AAFcvU7LIAoAABO-Xttw5A,7,WEB_ID,android,1
2024-11-13 10:32:00,2a00:5400:e051::,AAFcvU7LIAoAABO-Xttw5A,7,WEB_ID,android,1
2024-11-13 10:32:00,2a00:5400:e051::,AAFcvU7LIAoAABO-Xttw5A,7,WEB_ID,android,1
2024-11-13 10:33:00,2a00:5400:e051::,AAFcvU7LIAoAABO-Xttw5A,7,WEB_ID,android,1
2024-11-13 10:33:00,2a00:5400:e051::,AAFcvU7LIAoAABO-Xttw5A,7,WEB_ID,android,1
2024-11-13 10:34:00,2a00:5400:e051::,AAFcvU7LIAoAABO-Xttw5A,7,WEB_ID,android,1
2024-11-13 10:34:00,2a00:5400:e051::,AAFcvU7LIAoAABO-Xttw5A,7,WEB_ID,android,1
2024-11-13 10:35:00,2a00:5400:e051::,AAFcvU7LIAoAABO-Xttw5A,7,WEB_ID,android,1
2024-11-13 10:35:00,2a00:5400:e051::,AAFcvU7LIAoAABO-Xttw5A,7,WEB_ID,android,1
2024-11-13 10:35:00,2a00:5400:e051::,AAFcvU7LIAoAABO-Xttw5A,7,WEB_ID,android,1
2024-11-13 10:35:00,2a00:5400:e051::,AAFcvU7LIAoAABO-Xttw5A,7,WEB_ID,android,1
2024-11-13 10:36:00,2a00:5400:e051::,AAFcvU7LIAoAABO-Xttw5A,7,WEB_ID,android,1
2024-11-13 10:36:00,2a00:5400:e051::,AAFcvU7LIAoAABO-Xttw5A,7,WEB_ID,android,1
2024-10-24 16:19:00,181.196.3.0,944e0661-f7f4-4bca-a831-f9f2231a3575,1,GAID,android,0
2024-10-24 17:54:00,181.196.3.0,944e0661-f7f4-4bca-a831-f9f2231a3575,1,GAID,android,0
2024-11-13 11:10:00,2a00:5400:e051::,AAFcvU7LIAoAABO-Xttw5A,7,WEB_ID,android,1
2024-11-13 11:12:00,2a00:5400:e051::,AAFcvU7LIAoAABO-Xttw5A,7,WEB_ID,android,1
2024-11-13 11:12:00,2a00:5400:e051::,AAFcvU7LIAoAABO-Xttw5A,7,WEB_ID,android,1
2024-10-24 18:14:00,181.196.3.0,944e0661-f7f4-4bca-a831-f9f2231a3575,1,GAID,android,0
2024-10-24 18:28:00,181.196.3.0,944e0661-f7f4-4bca-a831-f9f2231a3575,1,GAID,android,0
2024-10-24 18:44:00,2803:9810:629a:c510::,944e0661-f7f4-4bca-a831-f9f2231a3575,1,GAID,android,0
2024-10-25 13:45:00,148.227.93.111,944e0661-f7f4-4bca-a831-f9f2231a3575,1,GAID,android,0
2024-10-25 14:01:00,2803:9810:629a:c510::,944e0661-f7f4-4bca-a831-f9f2231a3575,1,GAID,android,0
2024-10-25 16:17:00,2803:9810:629a:c510::,944e0661-f7f4-4bca-a831-f9f2231a3575,1,GAID,android,0
2024-10-25 16:49:00,2803:9810:629a:c510::,944e0661-f7f4-4bca-a831-f9f2231a3575,1,GAID,android,0
2024-10-25 18:24:00,2803:9810:629a:c510::,944e0661-f7f4-4bca-a831-f9f2231a3575,1,GAID,android,0
2024-10-25 19:37:00,2803:9810:629a:c510::,944e0661-f7f4-4bca-a831-f9f2231a3575,1,GAID,android,0
2024-10-25 20:04:00,190.63.102.126,944e0661-f7f4-4bca-a831-f9f2231a3575,1,GAID,android,0
2024-10-28 20:08:00,2a00:5400:f022::,AALKVk7RajkAABv5BSiD8w,6,WEB_ID,android,1
2024-10-25 20:44:00,148.227.93.111,944e0661-f7f4-4bca-a831-f9f2231a3575,1,GAID,android,0
2024-10-26 12:59:00,2803:9810:629a:c510::,944e0661-f7f4-4bca-a831-f9f2231a3575,1,GAID,android,0
2024-10-26 13:28:00,2803:9810:629a:c510::,944e0661-f7f4-4bca-a831-f9f2231a3575,1,GAID,android,0
2024-10-26 13:45:00,2803:9810:629a:c510::,944e0661-f7f4-4bca-a831-f9f2231a3575,1,GAID,android,0
2024-10-26 13:01:00,2803:9810:629a:c510::,944e0661-f7f4-4bca-a831-f9f2231a3575,1,GAID,android,0
2024-11-13 11:15:00,2a00:5400:e051::,AAFcvU7LIAoAABO-Xttw5A,7,WEB_ID,android,1
2024-11-13 11:15:00,2a00:5400:e051::,AAFcvU7LIAoAABO-Xttw5A,7,WEB_ID,android,1
2024-11-13 11:17:00,2a00:5400:e051::,AAFcvU7LIAoAABO-Xttw5A,7,WEB_ID,android,1
2024-11-13 11:18:00,2a00:5400:e051::,AAFcvU7LIAoAABO-Xttw5A,7,WEB_ID,android,1
2024-11-13 11:20:00,2a00:5400:e051::,AAFcvU7LIAoAABO-Xttw5A,7,WEB_ID,android,1
2024-11-13 11:22:00,2a00:5400:e051::,AAFcvU7LIAoAABO-Xttw5A,7,WEB_ID,android,1
2024-11-13 11:22:00,2a00:5400:e051::,AAFcvU7LIAoAABO-Xttw5A,7,WEB_ID,android,1
2024-11-13 11:23:00,2a00:5400:e051::,AAFcvU7LIAoAABO-Xttw5A,7,WEB_ID,android,1
2024-11-13 11:26:00,2a00:5400:e051::,AAFcvU7LIAoAABO-Xttw5A,7,WEB_ID,android,1
2024-11-13 11:28:00,2a00:5400:e051::,AAFcvU7LIAoAABO-Xttw5A,7,WEB_ID,android,1
2024-11-13 11:29:00,2a00:5400:e051::,AAFcvU7LIAoAABO-Xttw5A,7,WEB_ID,android,1
2024-11-13 11:30:00,2a00:5400:e051::,AAFcvU7LIAoAABO-Xttw5A,7,WEB_ID,android,1
2024-11-13 11:31:00,2a00:5400:e051::,AAFcvU7LIAoAABO-Xttw5A,7,WEB_ID,android,1
2024-11-13 11:31:00,2a00:5400:e051::,AAFcvU7LIAoAABO-Xttw5A,7,WEB_ID,android,1
2024-11-13 11:33:00,2a00:5400:e051::,AAFcvU7LIAoAABO-Xttw5A,7,WEB_ID,android,1
2024-11-13 11:35:00,2a00:5400:e051::,AAFcvU7LIAoAABO-Xttw5A,7,WEB_ID,android,1
2024-11-13 11:36:00,2a00:5400:e051::,AAFcvU7LIAoAABO-Xttw5A,7,WEB_ID,android,1
2024-11-13 11:36:00,2a00:5400:e051::,AAFcvU7LIAoAABO-Xttw5A,7,WEB_ID,android,1
2024-11-13 11:37:00,2a00:5400:e051::,AAFcvU7LIAoAABO-Xttw5A,7,WEB_ID,android,1
2024-11-13 11:38:00,2a00:5400:e051::,AAFcvU7LIAoAABO-Xttw5A,7,WEB_ID,android,1
2024-11-13 11:43:00,2a00:5400:e051::,AAFcvU7LIAoAABO-Xttw5A,7,WEB_ID,android,1
2024-11-13 11:43:00,2a00:5400:e051::,AAFcvU7LIAoAABO-Xttw5A,7,WEB_ID,android,1
2024-10-26 13:11:00,190.63.102.126,944e0661-f7f4-4bca-a831-f9f2231a3575,1,GAID,android,0
2024-10-26 13:41:00,190.63.102.126,944e0661-f7f4-4bca-a831-f9f2231a3575,1,GAID,android,0
2024-10-26 13:49:00,190.63.102.126,944e0661-f7f4-4bca-a831-f9f2231a3575,1,GAID,android,0
2024-10-26 18:08:00,2803:9810:629a:c510::,944e0661-f7f4-4bca-a831-f9f2231a3575,1,GAID,android,0
2024-10-27 09:41:00,2803:9810:629a:c510::,944e0661-f7f4-4bca-a831-f9f2231a3575,1,GAID,android,0
2024-10-27 10:34:00,190.63.102.126,944e0661-f7f4-4bca-a831-f9f2231a3575,1,GAID,android,0
2024-10-27 10:34:00,190.63.102.126,944e0661-f7f4-4bca-a831-f9f2231a3575,1,GAID,android,0
2024-10-27 10:07:00,190.63.102.126,944e0661-f7f4-4bca-a831-f9f2231a3575,1,GAID,android,0
2024-10-27 10:13:00,2803:9810:629a:c510::,944e0661-f7f4-4bca-a831-f9f2231a3575,1,GAID,android,0
2024-10-27 10:58:00,2803:9810:629a:c510::,944e0661-f7f4-4bca-a831-f9f2231a3575,1,GAID,android,0
2024-10-27 19:55:00,2803:9810:629a:c510::,944e0661-f7f4-4bca-a831-f9f2231a3575,1,GAID,android,0
2024-10-29 09:24:00,2a00:5400:e053:631e::,AAKT707IOKgAAB_bLwHDew,6,WEB_ID,ios,1
2024-10-29 09:25:00,2a00:5400:e053:631e:e481:adba:7273:46ea,AAKT707IOKgAAB_bLwHDew,6,WEB_ID,ios,1
2024-10-29 09:29:00,82.167.89.250,AAKT707IOKgAAB_bLwHDew,6,WEB_ID,ios,1
2024-10-26 17:49:00,103.121.138.180,95d9aeb3-c446-4b44-b165-8f617e14955e,2,IDFV,ios,1
2024-10-29 09:51:00,82.167.89.250,AAKT707IOKgAAB_bLwHDew,6,WEB_ID,ios,1
2024-10-29 09:59:00,82.167.89.250,AAKT707IOKgAAB_bLwHDew,6,WEB_ID,ios,1
2024-10-29 10:16:00,82.167.89.250,AAKT707IOKgAAB_bLwHDew,6,WEB_ID,ios,1
2024-10-29 10:23:00,82.167.89.250,AAKT707IOKgAAB_bLwHDew,6,WEB_ID,ios,1
2024-10-29 10:53:00,82.167.89.250,AAKT707IOKgAAB_bLwHDew,6,WEB_ID,ios,1
2024-10-29 10:57:00,82.167.89.250,AAKT707IOKgAAB_bLwHDew,6,WEB_ID,ios,1
2024-10-29 11:00:00,82.167.89.250,AAKT707IOKgAAB_bLwHDew,6,WEB_ID,ios,1
2024-10-29 11:16:00,82.167.89.250,AAKT707IOKgAAB_bLwHDew,6,WEB_ID,ios,1
2024-10-27 20:21:00,2803:9810:629a:c510::,944e0661-f7f4-4bca-a831-f9f2231a3575,1,GAID,android,0
2024-10-27 20:31:00,2803:9810:629a:c510::,944e0661-f7f4-4bca-a831-f9f2231a3575,1,GAID,android,0
2024-10-27 20:44:00,148.227.93.111,944e0661-f7f4-4bca-a831-f9f2231a3575,1,GAID,android,0
2024-10-28 09:47:00,190.63.102.126,944e0661-f7f4-4bca-a831-f9f2231a3575,1,GAID,android,0
2024-10-28 09:50:00,190.63.102.126,944e0661-f7f4-4bca-a831-f9f2231a3575,1,GAID,android,0
2024-10-29 11:19:00,82.167.89.250,AAKT707IOKgAAB_bLwHDew,6,WEB_ID,ios,1
2024-10-29 11:20:00,2a00:5400:e053:631e:e481:adba:7273:46ea,AAKT707IOKgAAB_bLwHDew,6,WEB_ID,ios,1
2024-10-28 20:29:00,190.63.102.126,944e0661-f7f4-4bca-a831-f9f2231a3575,1,GAID,android,0
2024-10-28 20:42:00,190.63.102.126,944e0661-f7f4-4bca-a831-f9f2231a3575,1,GAID,android,0
2024-10-28 20:57:00,190.63.102.126,944e0661-f7f4-4bca-a831-f9f2231a3575,1,GAID,android,0
2024-10-29 11:01:00,2803:9810:629a:c510::,944e0661-f7f4-4bca-a831-f9f2231a3575,1,GAID,android,0
2024-10-26 18:00:00,103.121.245.241,1a6196f1-7953-4e5a-8449-780be167de51,2,IDFV,ios,1
2024-10-26 18:03:00,103.121.245.241,1a6196f1-7953-4e5a-8449-780be167de51,2,IDFV,ios,1
2024-10-26 18:25:00,103.121.245.241,1a6196f1-7953-4e5a-8449-780be167de51,2,IDFV,ios,1
2024-10-27 16:12:00,103.121.245.241,1a6196f1-7953-4e5a-8449-780be167de51,2,IDFV,ios,1
2024-10-27 16:18:00,103.121.245.241,1a6196f1-7953-4e5a-8449-780be167de51,2,IDFV,ios,1
2024-10-27 16:22:00,103.121.245.241,1a6196f1-7953-4e5a-8449-780be167de51,2,IDFV,ios,1
2024-10-27 16:32:00,103.121.245.241,1a6196f1-7953-4e5a-8449-780be167de51,2,IDFV,ios,1
2024-10-27 16:37:00,103.121.245.241,1a6196f1-7953-4e5a-8449-780be167de51,2,IDFV,ios,1
2024-10-27 16:42:00,103.121.245.241,1a6196f1-7953-4e5a-8449-780be167de51,2,IDFV,ios,1
2024-10-27 16:46:00,103.121.245.241,1a6196f1-7953-4e5a-8449-780be167de51,2,IDFV,ios,1
2024-10-29 11:22:00,148.227.93.111,944e0661-f7f4-4bca-a831-f9f2231a3575,1,GAID,android,0
2024-10-27 16:50:00,103.121.245.241,1a6196f1-7953-4e5a-8449-780be167de51,2,IDFV,ios,1
2024-10-27 16:55:00,103.121.245.241,1a6196f1-7953-4e5a-8449-780be167de51,2,IDFV,ios,1
2024-10-29 11:29:00,190.63.102.126,944e0661-f7f4-4bca-a831-f9f2231a3575,1,GAID,android,0
2024-10-27 16:59:00,103.121.245.241,1a6196f1-7953-4e5a-8449-780be167de51,2,IDFV,ios,1
2024-10-29 11:37:00,190.63.102.126,944e0661-f7f4-4bca-a831-f9f2231a3575,1,GAID,android,0
2024-10-27 17:05:00,103.121.245.241,1a6196f1-7953-4e5a-8449-780be167de51,2,IDFV,ios,1
2024-10-29 12:17:00,190.63.102.126,944e0661-f7f4-4bca-a831-f9f2231a3575,1,GAID,android,0
2024-10-29 14:17:00,2803:9810:629a:c510::,944e0661-f7f4-4bca-a831-f9f2231a3575,1,GAID,android,0
2024-10-29 11:34:00,2a00:5400:f022::,AALKVk7RajkAABv5BSiD8w,6,WEB_ID,android,1
2024-10-29 14:28:00,2803:9810:629a:c510::,944e0661-f7f4-4bca-a831-f9f2231a3575,1,GAID,android,0
2024-10-29 14:52:00,148.227.93.90,944e0661-f7f4-4bca-a831-f9f2231a3575,1,GAID,android,0
2024-10-29 17:48:00,148.227.93.90,944e0661-f7f4-4bca-a831-f9f2231a3575,1,GAID,android,0
2024-10-29 17:52:00,148.227.93.90,944e0661-f7f4-4bca-a831-f9f2231a3575,1,GAID,android,0
2024-10-29 18:02:00,148.227.93.90,944e0661-f7f4-4bca-a831-f9f2231a3575,1,GAID,android,0
2024-10-29 18:22:00,2803:9810:629a:c510::,944e0661-f7f4-4bca-a831-f9f2231a3575,1,GAID,android,0
2024-10-29 12:43:00,2a00:5400:e053:631e::,AAKT707IOKgAAB_bLwHDew,6,WEB_ID,ios,1
2024-10-29 12:47:00,2a00:5400:e053:631e:e481:adba:7273:46ea,AAKT707IOKgAAB_bLwHDew,6,WEB_ID,ios,1
2024-10-29 18:26:00,190.63.102.126,944e0661-f7f4-4bca-a831-f9f2231a3575,1,GAID,android,0
2024-10-29 20:42:00,190.63.102.126,944e0661-f7f4-4bca-a831-f9f2231a3575,1,GAID,android,0
2024-10-30 13:57:00,82.167.89.250,AAKT707IOKgAAB_bLwHDew,6,WEB_ID,ios,1
2024-10-30 13:57:00,2a00:5400:e053:631e:e481:adba:7273:46ea,AAKT707IOKgAAB_bLwHDew,6,WEB_ID,ios,1
2024-10-30 13:59:00,2a00:5400:e053:631e:e481:adba:7273:46ea,AAKT707IOKgAAB_bLwHDew,6,WEB_ID,ios,1
2024-10-29 20:57:00,190.63.102.126,944e0661-f7f4-4bca-a831-f9f2231a3575,1,GAID,android,0
2024-10-30 14:06:00,2a00:5400:e053:631e::,AAKT707IOKgAAB_bLwHDew,6,WEB_ID,ios,1
2024-10-29 21:19:00,190.63.102.126,944e0661-f7f4-4bca-a831-f9f2231a3575,1,GAID,android,0
2024-10-29 21:30:00,190.63.102.126,944e0661-f7f4-4bca-a831-f9f2231a3575,1,GAID,android,0
2024-10-30 09:22:00,190.63.102.126,944e0661-f7f4-4bca-a831-f9f2231a3575,1,GAID,android,0
2024-10-30 15:34:00,2a00:5400:e053:631e::,AAKT707IOKgAAB_bLwHDew,6,WEB_ID,ios,1
2024-10-30 15:36:00,2a00:5400:e053:631e::,AAKT707IOKgAAB_bLwHDew,6,WEB_ID,ios,1
2024-10-30 15:39:00,2a00:5400:e053:631e::,AAKT707IOKgAAB_bLwHDew,6,WEB_ID,ios,1
2024-10-30 15:40:00,82.167.89.250,AAKT707IOKgAAB_bLwHDew,6,WEB_ID,ios,1
2024-10-30 16:01:00,82.167.89.250,AAKT707IOKgAAB_bLwHDew,6,WEB_ID,ios,1
2024-10-30 16:11:00,82.167.89.250,AAKT707IOKgAAB_bLwHDew,6,WEB_ID,ios,1
2024-10-30 16:16:00,82.167.89.250,AAKT707IOKgAAB_bLwHDew,6,WEB_ID,ios,1
2024-10-30 15:55:00,82.167.89.250,AAKT707IOKgAAB_bLwHDew,6,WEB_ID,ios,1
2024-10-30 16:04:00,2a00:5400:e053:631e:e481:adba:7273:46ea,AAKT707IOKgAAB_bLwHDew,6,WEB_ID,ios,1
2024-10-30 16:10:00,82.167.89.250,AAKT707IOKgAAB_bLwHDew,6,WEB_ID,ios,1
2024-10-30 16:19:00,82.167.89.250,AAKT707IOKgAAB_bLwHDew,6,WEB_ID,ios,1
2024-10-30 16:27:00,82.167.89.250,AAKT707IOKgAAB_bLwHDew,6,WEB_ID,ios,1
2024-10-30 16:48:00,82.167.89.250,AAKT707IOKgAAB_bLwHDew,6,WEB_ID,ios,1
2024-10-31 08:21:00,82.167.89.250,AAKT707IOKgAAB_bLwHDew,6,WEB_ID,ios,1
2024-11-13 11:53:00,2a00:5400:f012::,AAKRGE7P9eIAABxfJkTLVA,7,WEB_ID,android,1
2024-10-30 09:36:00,190.63.102.126,944e0661-f7f4-4bca-a831-f9f2231a3575,1,GAID,android,0
2024-10-30 10:08:00,190.63.102.126,944e0661-f7f4-4bca-a831-f9f2231a3575,1,GAID,android,0
2024-10-30 10:19:00,190.63.102.126,944e0661-f7f4-4bca-a831-f9f2231a3575,1,GAID,android,0
2024-10-30 10:34:00,190.63.102.126,944e0661-f7f4-4bca-a831-f9f2231a3575,1,GAID,android,0
2024-10-30 10:48:00,190.63.102.126,944e0661-f7f4-4bca-a831-f9f2231a3575,1,GAID,android,0
2024-11-13 12:09:00,2001:16a4:3::,AAFcvU7LIAoAABO-Xttw5A,7,WEB_ID,android,1
2024-11-13 12:10:00,2001:16a4:3::,AAFcvU7LIAoAABO-Xttw5A,7,WEB_ID,android,1
2024-11-13 12:10:00,2001:16a4:3::,AAFcvU7LIAoAABO-Xttw5A,7,WEB_ID,android,1
2024-11-13 12:10:00,2001:16a4:3::,AAFcvU7LIAoAABO-Xttw5A,7,WEB_ID,android,1
2024-11-13 12:11:00,2001:16a4:3::,AAFcvU7LIAoAABO-Xttw5A,7,WEB_ID,android,1
2024-11-13 12:11:00,2001:16a4:3::,AAFcvU7LIAoAABO-Xttw5A,7,WEB_ID,android,1
2024-11-13 13:39:00,2001:16a4:3::,AAFcvU7LIAoAABO-Xttw5A,7,WEB_ID,android,1
2024-11-13 13:39:00,2001:16a4:3::,AAFcvU7LIAoAABO-Xttw5A,7,WEB_ID,android,1
2024-11-13 13:39:00,2001:16a4:3::,AAFcvU7LIAoAABO-Xttw5A,7,WEB_ID,android,1
2024-11-13 13:40:00,2001:16a4:3::,AAFcvU7LIAoAABO-Xttw5A,7,WEB_ID,android,1
2024-11-13 13:43:00,2001:16a4:3::,AAFcvU7LIAoAABO-Xttw5A,7,WEB_ID,android,1
2024-11-13 13:43:00,2001:16a4:3::,AAFcvU7LIAoAABO-Xttw5A,7,WEB_ID,android,1
2024-11-13 13:51:00,2001:16a4:3::,AAFcvU7LIAoAABO-Xttw5A,7,WEB_ID,android,1
2024-11-13 13:54:00,2001:16a4:3::,AAFcvU7LIAoAABO-Xttw5A,7,WEB_ID,android,1
2024-11-13 13:55:00,2001:16a4:3::,AAFcvU7LIAoAABO-Xttw5A,7,WEB_ID,android,1
2024-11-13 13:57:00,2001:16a4:3::,AAFcvU7LIAoAABO-Xttw5A,7,WEB_ID,android,1
2024-11-13 13:59:00,2001:16a4:3::,AAFcvU7LIAoAABO-Xttw5A,7,WEB_ID,android,1
2024-10-31 08:37:00,2a00:5400:f022::,AALKVk7RajkAABv5BSiD8w,6,WEB_ID,android,1
2024-11-13 17:45:00,2001:16a4:3::,AAFcvU7LIAoAABO-Xttw5A,7,WEB_ID,android,1
2024-11-13 17:46:00,2001:16a4:3::,AAFcvU7LIAoAABO-Xttw5A,7,WEB_ID,android,1
2024-11-13 17:46:00,51.252.161.0,AAFcvU7LIAoAABO-Xttw5A,7,WEB_ID,android,1
2024-11-13 17:47:00,51.252.161.0,AAFcvU7LIAoAABO-Xttw5A,7,WEB_ID,android,1
2024-11-13 17:47:00,51.252.161.0,AAFcvU7LIAoAABO-Xttw5A,7,WEB_ID,android,1
2024-11-13 17:48:00,51.252.161.0,AAFcvU7LIAoAABO-Xttw5A,7,WEB_ID,android,1
2024-11-13 17:48:00,51.252.161.0,AAFcvU7LIAoAABO-Xttw5A,7,WEB_ID,android,1
2024-11-13 17:49:00,2001:16a4:3::,AAFcvU7LIAoAABO-Xttw5A,7,WEB_ID,android,1
2024-11-13 17:50:00,2001:16a4:3::,AAFcvU7LIAoAABO-Xttw5A,7,WEB_ID,android,1
2024-11-13 17:51:00,2001:16a4:3::,AAFcvU7LIAoAABO-Xttw5A,7,WEB_ID,android,1
2024-11-13 17:51:00,51.252.161.0,AAFcvU7LIAoAABO-Xttw5A,7,WEB_ID,android,1
2024-11-13 17:52:00,51.252.161.0,AAFcvU7LIAoAABO-Xttw5A,7,WEB_ID,android,1
2024-11-13 17:52:00,51.252.161.0,AAFcvU7LIAoAABO-Xttw5A,7,WEB_ID,android,1
2024-11-13 17:53:00,51.252.161.0,AAFcvU7LIAoAABO-Xttw5A,7,WEB_ID,android,1
2024-11-13 17:46:00,2a00:5400:f012::,AAKRGE7P9eIAABxfJkTLVA,7,WEB_ID,android,1
2024-11-13 17:47:00,2a00:5400:f012::,AAKRGE7P9eIAABxfJkTLVA,7,WEB_ID,android,1
2024-11-13 17:50:00,2a00:5400:f012::,AAKRGE7P9eIAABxfJkTLVA,7,WEB_ID,android,1
2024-11-13 17:51:00,2a00:5400:f012::,AAKRGE7P9eIAABxfJkTLVA,7,WEB_ID,android,1
2024-11-13 17:53:00,2a00:5400:f012::,AAKRGE7P9eIAABxfJkTLVA,7,WEB_ID,android,1
2024-11-13 17:53:00,2a00:5400:f012::,AAKRGE7P9eIAABxfJkTLVA,7,WEB_ID,android,1
2024-11-13 17:53:00,2a00:5400:f012::,AAKRGE7P9eIAABxfJkTLVA,7,WEB_ID,android,1
2024-11-13 17:53:00,2a00:5400:f012::,AAKRGE7P9eIAABxfJkTLVA,7,WEB_ID,android,1
2024-11-13 17:54:00,2a00:5400:f012::,AAKRGE7P9eIAABxfJkTLVA,7,WEB_ID,android,1
2024-11-13 17:55:00,2a00:5400:f012::,AAKRGE7P9eIAABxfJkTLVA,7,WEB_ID,android,1
2024-11-13 17:56:00,2a00:5400:f012::,AAKRGE7P9eIAABxfJkTLVA,7,WEB_ID,android,1
2024-11-13 17:56:00,2a00:5400:f012::,AAKRGE7P9eIAABxfJkTLVA,7,WEB_ID,android,1
2024-11-13 17:57:00,2a00:5400:f012::,AAKRGE7P9eIAABxfJkTLVA,7,WEB_ID,android,1
2024-11-13 17:58:00,2a00:5400:f012::,AAKRGE7P9eIAABxfJkTLVA,7,WEB_ID,android,1
2024-11-13 17:58:00,2a00:5400:f012::,AAKRGE7P9eIAABxfJkTLVA,7,WEB_ID,android,1
2024-11-13 17:59:00,2a00:5400:f012::,AAKRGE7P9eIAABxfJkTLVA,7,WEB_ID,android,1
2024-11-13 17:59:00,2a00:5400:f012::,AAKRGE7P9eIAABxfJkTLVA,7,WEB_ID,android,1
2024-11-13 18:00:00,2a00:5400:f012::,AAKRGE7P9eIAABxfJkTLVA,7,WEB_ID,android,1
2024-10-31 08:59:00,2a00:5400:e053:631e:e481:adba:7273:46ea,AAKT707IOKgAAB_bLwHDew,6,WEB_ID,ios,1
2024-10-31 20:11:00,2a00:5400:e053:631e:e481:adba:7273:46ea,AAKT707IOKgAAB_bLwHDew,6,WEB_ID,ios,1
2024-10-31 20:19:00,82.167.89.250,AAKT707IOKgAAB_bLwHDew,6,WEB_ID,ios,1
2024-10-31 20:26:00,82.167.89.250,AAKT707IOKgAAB_bLwHDew,6,WEB_ID,ios,1
2024-10-28 10:05:00,103.121.139.15,1a6196f1-7953-4e5a-8449-780be167de51,2,IDFV,ios,1
2024-10-28 10:07:00,103.121.139.15,1a6196f1-7953-4e5a-8449-780be167de51,2,IDFV,ios,1
2024-10-28 13:33:00,103.121.245.152,04de0e1c-de2f-4515-8423-ae3083e4acee,2,IDFV,ios,1
2024-11-13 18:09:00,2a00:5400:f012::,AAKRGE7P9eIAABxfJkTLVA,7,WEB_ID,android,1
2024-11-13 18:09:00,2a00:5400:f012::,AAKRGE7P9eIAABxfJkTLVA,7,WEB_ID,android,1
2024-11-13 17:55:00,2a00:5400:f012::,AAKRGE7P9eIAABxfJkTLVA,7,WEB_ID,android,1
2024-11-13 17:56:00,2a00:5400:f012::,AAKRGE7P9eIAABxfJkTLVA,7,WEB_ID,android,1
2024-11-13 18:11:00,2a00:5400:f012::,AAKRGE7P9eIAABxfJkTLVA,7,WEB_ID,android,1
2024-10-31 20:56:00,2a00:5400:e053:631e:e481:adba:7273:46ea,AAKT707IOKgAAB_bLwHDew,6,WEB_ID,ios,1
2024-10-31 21:01:00,82.167.89.250,AAKT707IOKgAAB_bLwHDew,6,WEB_ID,ios,1
2024-10-31 21:04:00,2a00:5400:e053:631e:e481:adba:7273:46ea,AAKT707IOKgAAB_bLwHDew,6,WEB_ID,ios,1
2024-11-01 08:31:00,82.167.89.250,AAKT707IOKgAAB_bLwHDew,6,WEB_ID,ios,1
2024-11-01 08:33:00,2a00:5400:e053:631e:e481:adba:7273:46ea,AAKT707IOKgAAB_bLwHDew,6,WEB_ID,ios,1
2024-11-01 08:34:00,2a00:5400:e053:631e::,AAKT707IOKgAAB_bLwHDew,6,WEB_ID,ios,1
2024-11-01 08:36:00,2a00:5400:e053:631e:e481:adba:7273:46ea,AAKT707IOKgAAB_bLwHDew,6,WEB_ID,ios,1
2024-11-01 08:44:00,2a00:5400:e053:631e:e481:adba:7273:46ea,AAKT707IOKgAAB_bLwHDew,6,WEB_ID,ios,1
2024-11-01 08:47:00,82.167.89.250,AAKT707IOKgAAB_bLwHDew,6,WEB_ID,ios,1
2024-11-01 09:03:00,82.167.89.250,AAKT707IOKgAAB_bLwHDew,6,WEB_ID,ios,1
2024-11-01 09:10:00,2a00:5400:e053:631e:e481:adba:7273:46ea,AAKT707IOKgAAB_bLwHDew,6,WEB_ID,ios,1
2024-11-01 09:15:00,2a00:5400:e053:631e::,AAKT707IOKgAAB_bLwHDew,6,WEB_ID,ios,1
2024-11-01 09:17:00,2a00:5400:f022::,AALKVk7RajkAABv5BSiD8w,6,WEB_ID,android,1
2024-11-01 09:20:00,82.167.89.250,AAKT707IOKgAAB_bLwHDew,6,WEB_ID,ios,1
2024-11-01 09:23:00,82.167.89.250,AAKT707IOKgAAB_bLwHDew,6,WEB_ID,ios,1
2024-11-01 09:30:00,82.167.89.250,AAKT707IOKgAAB_bLwHDew,6,WEB_ID,ios,1
2024-11-01 11:59:00,82.167.89.250,AAKT707IOKgAAB_bLwHDew,6,WEB_ID,ios,1
2024-11-01 12:05:00,2a00:5400:e053:631e::,AAKT707IOKgAAB_bLwHDew,6,WEB_ID,ios,1
2024-11-01 12:11:00,82.167.89.250,AAKT707IOKgAAB_bLwHDew,6,WEB_ID,ios,1
2024-11-01 12:18:00,82.167.89.250,AAKT707IOKgAAB_bLwHDew,6,WEB_ID,ios,1
2024-11-01 12:19:00,82.167.89.250,AAKT707IOKgAAB_bLwHDew,6,WEB_ID,ios,1
2024-11-13 19:53:00,2a00:5400:e051::,AAFcvU7LIAoAABO-Xttw5A,7,WEB_ID,android,1
2024-11-13 20:01:00,2a00:5400:f015::,AAKRGE7P9eIAABxfJkTLVA,7,WEB_ID,android,1
2024-10-28 13:55:00,182.2.165.207,686931a4-abd8-46e6-b0e3-78e57c0c620c,2,IDFV,ios,1
2024-10-28 14:04:00,182.2.165.207,686931a4-abd8-46e6-b0e3-78e57c0c620c,2,IDFV,ios,1
2024-10-28 18:01:00,182.2.165.207,686931a4-abd8-46e6-b0e3-78e57c0c620c,2,IDFV,ios,1
2024-11-01 12:39:00,2a00:5400:f022::,AALKVk7RajkAABv5BSiD8w,6,WEB_ID,android,1
2024-11-01 13:55:00,82.167.89.250,AAKT707IOKgAAB_bLwHDew,6,WEB_ID,ios,1
2024-11-01 13:56:00,82.167.89.250,AAKT707IOKgAAB_bLwHDew,6,WEB_ID,ios,1
2024-11-01 14:03:00,2a00:5400:e053:631e:e481:adba:7273:46ea,AAKT707IOKgAAB_bLwHDew,6,WEB_ID,ios,1
2024-11-01 14:06:00,82.167.89.250,AAKT707IOKgAAB_bLwHDew,6,WEB_ID,ios,1
2024-11-01 14:08:00,82.167.89.250,AAKT707IOKgAAB_bLwHDew,6,WEB_ID,ios,1
2024-11-01 14:08:00,2a00:5400:e053:631e:e481:adba:7273:46ea,AAKT707IOKgAAB_bLwHDew,6,WEB_ID,ios,1
2024-11-01 14:18:00,2a00:5400:e053:631e:e481:adba:7273:46ea,AAKT707IOKgAAB_bLwHDew,6,WEB_ID,ios,1
2024-11-01 19:24:00,2a00:5400:e053:631e:e481:adba:7273:46ea,AAKT707IOKgAAB_bLwHDew,6,WEB_ID,ios,1
2024-11-01 19:34:00,82.167.89.250,AAKT707IOKgAAB_bLwHDew,6,WEB_ID,ios,1
2024-11-01 20:00:00,2a00:5400:e053:631e:e481:adba:7273:46ea,AAKT707IOKgAAB_bLwHDew,6,WEB_ID,ios,1
2024-11-01 20:04:00,82.167.89.250,AAKT707IOKgAAB_bLwHDew,6,WEB_ID,ios,1
2024-11-01 20:10:00,82.167.89.250,AAKT707IOKgAAB_bLwHDew,6,WEB_ID,ios,1
2024-11-01 20:11:00,2a00:5400:e053:631e:e481:adba:7273:46ea,AAKT707IOKgAAB_bLwHDew,6,WEB_ID,ios,1
2024-11-02 19:47:00,2a00:5400:e053:631e::,AAKT707IOKgAAB_bLwHDew,6,WEB_ID,ios,1
2024-11-02 19:51:00,2a00:5400:e053:631e:e481:adba:7273:46ea,AAKT707IOKgAAB_bLwHDew,6,WEB_ID,ios,1
2024-11-02 19:55:00,2a00:5400:e053:631e:e481:adba:7273:46ea,AAKT707IOKgAAB_bLwHDew,6,WEB_ID,ios,1
2024-11-02 19:59:00,2a00:5400:e053:631e::,AAKT707IOKgAAB_bLwHDew,6,WEB_ID,ios,1
2024-11-02 19:59:00,2a00:5400:e053:631e:e481:adba:7273:46ea,AAKT707IOKgAAB_bLwHDew,6,WEB_ID,ios,1
2024-11-02 20:06:00,82.167.89.250,AAKT707IOKgAAB_bLwHDew,6,WEB_ID,ios,1
2024-11-02 20:10:00,2a00:5400:e053:631e:e481:adba:7273:46ea,AAKT707IOKgAAB_bLwHDew,6,WEB_ID,ios,1
2024-11-02 20:15:00,2a00:5400:e053:631e:e481:adba:7273:46ea,AAKT707IOKgAAB_bLwHDew,6,WEB_ID,ios,1
2024-11-02 20:16:00,82.167.89.250,AAKT707IOKgAAB_bLwHDew,6,WEB_ID,ios,1
2024-11-02 20:22:00,82.167.89.250,AAKT707IOKgAAB_bLwHDew,6,WEB_ID,ios,1
2024-11-02 20:36:00,2a00:5400:e053:631e::,AAKT707IOKgAAB_bLwHDew,6,WEB_ID,ios,1
2024-11-02 20:36:00,82.167.89.250,AAKT707IOKgAAB_bLwHDew,6,WEB_ID,ios,1
2024-11-04 17:56:00,2a00:5400:e053:631e::,AAKT707IOKgAAB_bLwHDew,6,WEB_ID,ios,1
2024-11-04 17:59:00,82.167.89.250,AAKT707IOKgAAB_bLwHDew,6,WEB_ID,ios,1
2024-11-04 18:04:00,82.167.89.250,AAKT707IOKgAAB_bLwHDew,6,WEB_ID,ios,1
2024-11-04 18:08:00,82.167.89.250,AAKT707IOKgAAB_bLwHDew,6,WEB_ID,ios,1
2024-11-04 18:22:00,2a00:5400:f022::,AALKVk7RajkAABv5BSiD8w,6,WEB_ID,android,1
2024-10-28 18:35:00,103.121.139.15,1a6196f1-7953-4e5a-8449-780be167de51,2,IDFV,ios,1
2024-10-28 18:38:00,103.121.139.15,1a6196f1-7953-4e5a-8449-780be167de51,2,IDFV,ios,1
2024-11-13 20:31:00,2a00:5400:e051::,AAFcvU7LIAoAABO-Xttw5A,7,WEB_ID,android,1
2024-11-05 18:50:00,2a00:5400:f022::,AALKVk7RajkAABv5BSiD8w,6,WEB_ID,android,1
2024-10-22 13:36:00,103.244.173.0,d70be07e-05ff-4037-98c5-d059c20f4a1e,5,IDFA,ios,1
2024-10-22 13:38:00,103.244.173.0,d70be07e-05ff-4037-98c5-d059c20f4a1e,5,IDFA,ios,1
2024-10-22 13:39:00,103.244.173.0,d70be07e-05ff-4037-98c5-d059c20f4a1e,5,IDFA,ios,1
2024-10-22 13:50:00,2401:ba80:ac94::,d70be07e-05ff-4037-98c5-d059c20f4a1e,5,IDFA,ios,1
2024-10-28 19:33:00,103.121.139.15,1a6196f1-7953-4e5a-8449-780be167de51,2,IDFV,ios,1
2024-10-28 19:39:00,103.121.139.15,1a6196f1-7953-4e5a-8449-780be167de51,2,IDFV,ios,1
2024-10-28 19:44:00,103.121.139.15,1a6196f1-7953-4e5a-8449-780be167de51,2,IDFV,ios,1
2024-10-28 19:46:00,103.121.139.15,1a6196f1-7953-4e5a-8449-780be167de51,2,IDFV,ios,1
2024-10-29 10:15:00,103.121.245.162,04de0e1c-de2f-4515-8423-ae3083e4acee,2,IDFV,ios,1
2024-10-29 10:20:00,103.121.245.162,04de0e1c-de2f-4515-8423-ae3083e4acee,2,IDFV,ios,1
2024-10-29 10:23:00,103.121.245.162,04de0e1c-de2f-4515-8423-ae3083e4acee,2,IDFV,ios,1
2024-10-29 10:30:00,103.121.139.15,1a6196f1-7953-4e5a-8449-780be167de51,2,IDFV,ios,1
2024-10-29 10:31:00,103.121.139.15,1a6196f1-7953-4e5a-8449-780be167de51,2,IDFV,ios,1
2024-10-29 10:43:00,103.121.139.15,1a6196f1-7953-4e5a-8449-780be167de51,2,IDFV,ios,1
2024-10-29 10:51:00,103.121.139.15,1a6196f1-7953-4e5a-8449-780be167de51,2,IDFV,ios,1
2024-10-29 10:56:00,103.121.139.15,1a6196f1-7953-4e5a-8449-780be167de51,2,IDFV,ios,1
2024-10-29 11:04:00,103.121.139.15,1a6196f1-7953-4e5a-8449-780be167de51,2,IDFV,ios,1
2024-10-29 11:08:00,103.121.139.15,1a6196f1-7953-4e5a-8449-780be167de51,2,IDFV,ios,1
2024-11-13 20:40:00,2a00:5400:e051::,AAFcvU7LIAoAABO-Xttw5A,7,WEB_ID,android,1
2024-11-13 20:40:00,2a00:5400:e051::,AAFcvU7LIAoAABO-Xttw5A,7,WEB_ID,android,1
2024-11-13 20:44:00,2a00:5400:e051::,AAFcvU7LIAoAABO-Xttw5A,7,WEB_ID,android,1
2024-11-13 20:44:00,2a00:5400:e051::,AAFcvU7LIAoAABO-Xttw5A,7,WEB_ID,android,1
2024-11-13 20:46:00,2a00:5400:e051::,AAFcvU7LIAoAABO-Xttw5A,7,WEB_ID,android,1
2024-11-13 20:12:00,2a00:5400:e051::,AAFcvU7LIAoAABO-Xttw5A,7,WEB_ID,android,1
2024-11-13 20:15:00,2a00:5400:e051::,AAFcvU7LIAoAABO-Xttw5A,7,WEB_ID,android,1
2024-11-13 20:16:00,2a00:5400:e051::,AAFcvU7LIAoAABO-Xttw5A,7,WEB_ID,android,1
2024-11-13 20:19:00,2a00:5400:e051::,AAFcvU7LIAoAABO-Xttw5A,7,WEB_ID,android,1
2024-10-29 14:12:00,103.121.139.15,1a6196f1-7953-4e5a-8449-780be167de51,2,IDFV,ios,1
2024-11-03 11:28:00,2400:adc1:498::,d70be07e-05ff-4037-98c5-d059c20f4a1e,5,IDFA,ios,1
2024-10-30 20:32:00,103.121.139.15,1a6196f1-7953-4e5a-8449-780be167de51,2,IDFV,ios,1
2024-10-30 20:36:00,103.121.139.15,1a6196f1-7953-4e5a-8449-780be167de51,2,IDFV,ios,1
2024-10-30 20:47:00,103.121.139.15,1a6196f1-7953-4e5a-8449-780be167de51,2,IDFV,ios,1
2024-10-30 20:52:00,103.121.139.15,1a6196f1-7953-4e5a-8449-780be167de51,2,IDFV,ios,1
2024-10-30 21:09:00,103.121.139.15,1a6196f1-7953-4e5a-8449-780be167de51,2,IDFV,ios,1
2024-11-06 19:06:00,2a00:5400:f022::,AALKVk7RajkAABv5BSiD8w,6,WEB_ID,android,1
2024-10-31 13:18:00,103.121.139.15,1a6196f1-7953-4e5a-8449-780be167de51,2,IDFV,ios,1
2024-11-13 20:25:00,2a00:5400:e051::,AAFcvU7LIAoAABO-Xttw5A,7,WEB_ID,android,1
2024-11-13 20:25:00,2a00:5400:e051::,AAFcvU7LIAoAABO-Xttw5A,7,WEB_ID,android,1
2024-11-13 20:26:00,2a00:5400:e051::,AAFcvU7LIAoAABO-Xttw5A,7,WEB_ID,android,1
2024-11-13 20:27:00,2a00:5400:e051::,AAFcvU7LIAoAABO-Xttw5A,7,WEB_ID,android,1
2024-11-13 20:28:00,2a00:5400:e051::,AAFcvU7LIAoAABO-Xttw5A,7,WEB_ID,android,1
2024-11-13 20:30:00,2a00:5400:e051::,AAFcvU7LIAoAABO-Xttw5A,7,WEB_ID,android,1
2024-11-13 20:32:00,2a00:5400:e051::,AAFcvU7LIAoAABO-Xttw5A,7,WEB_ID,android,1
2024-11-13 20:33:00,2a00:5400:e051::,AAFcvU7LIAoAABO-Xttw5A,7,WEB_ID,android,1
2024-11-13 20:34:00,2a00:5400:e051::,AAFcvU7LIAoAABO-Xttw5A,7,WEB_ID,android,1
2024-11-13 20:35:00,2a00:5400:e051::,AAFcvU7LIAoAABO-Xttw5A,7,WEB_ID,android,1
2024-11-13 20:35:00,2a00:5400:e051::,AAFcvU7LIAoAABO-Xttw5A,7,WEB_ID,android,1
2024-11-13 20:36:00,2a00:5400:e051::,AAFcvU7LIAoAABO-Xttw5A,7,WEB_ID,android,1
2024-11-13 20:36:00,2a00:5400:e051::,AAFcvU7LIAoAABO-Xttw5A,7,WEB_ID,android,1
2024-11-13 20:37:00,2a00:5400:e051::,AAFcvU7LIAoAABO-Xttw5A,7,WEB_ID,android,1
2024-11-14 08:06:00,2a00:5400:e051::,AAFcvU7LIAoAABO-Xttw5A,7,WEB_ID,android,1
2024-11-14 08:11:00,2a00:5400:e051::,AAFcvU7LIAoAABO-Xttw5A,7,WEB_ID,android,1
2024-11-14 08:11:00,2a00:5400:e051::,AAFcvU7LIAoAABO-Xttw5A,7,WEB_ID,android,1
2024-11-14 08:11:00,2a00:5400:e051::,AAFcvU7LIAoAABO-Xttw5A,7,WEB_ID,android,1
2024-11-14 08:12:00,2a00:5400:e051::,AAFcvU7LIAoAABO-Xttw5A,7,WEB_ID,android,1
2024-11-14 08:12:00,2a00:5400:e051::,AAFcvU7LIAoAABO-Xttw5A,7,WEB_ID,android,1
2024-11-14 08:12:00,2a00:5400:e051::,AAFcvU7LIAoAABO-Xttw5A,7,WEB_ID,android,1
2024-11-14 08:12:00,2a00:5400:e051::,AAFcvU7LIAoAABO-Xttw5A,7,WEB_ID,android,1
2024-11-14 08:12:00,2a00:5400:e051::,AAFcvU7LIAoAABO-Xttw5A,7,WEB_ID,android,1
2024-11-14 13:22:00,2a00:5400:e051::,AAFcvU7LIAoAABO-Xttw5A,7,WEB_ID,android,1
2024-11-14 13:23:00,2a00:5400:e051::,AAFcvU7LIAoAABO-Xttw5A,7,WEB_ID,android,1
2024-11-14 13:24:00,2a00:5400:e051::,AAFcvU7LIAoAABO-Xttw5A,7,WEB_ID,android,1
2024-11-14 13:25:00,2a00:5400:e051::,AAFcvU7LIAoAABO-Xttw5A,7,WEB_ID,android,1
2024-11-14 13:26:00,2a00:5400:e051::,AAFcvU7LIAoAABO-Xttw5A,7,WEB_ID,android,1
2024-11-14 13:26:00,2a00:5400:e051::,AAFcvU7LIAoAABO-Xttw5A,7,WEB_ID,android,1
2024-11-14 13:26:00,2a00:5400:e051::,AAFcvU7LIAoAABO-Xttw5A,7,WEB_ID,android,1
2024-11-14 13:27:00,2a00:5400:e051::,AAFcvU7LIAoAABO-Xttw5A,7,WEB_ID,android,1
2024-11-14 13:27:00,2a00:5400:e051::,AAFcvU7LIAoAABO-Xttw5A,7,WEB_ID,android,1
2024-11-14 13:29:00,2a00:5400:e051::,AAFcvU7LIAoAABO-Xttw5A,7,WEB_ID,android,1
2024-11-14 13:30:00,82.167.120.0,AAFcvU7LIAoAABO-Xttw5A,7,WEB_ID,android,1
2024-10-31 16:42:00,202.165.46.191,686931a4-abd8-46e6-b0e3-78e57c0c620c,2,IDFV,ios,1
2024-11-06 19:39:00,2a00:5400:e053:631e:69b3:b804:8446:fcc5,AAKT707IOKgAAB_bLwHDew,6,WEB_ID,ios,1
2024-11-14 14:05:00,2a00:5400:f015::,AAKRGE7P9eIAABxfJkTLVA,7,WEB_ID,android,1
2024-11-06 19:59:00,2a00:5400:f022::,AALKVk7RajkAABv5BSiD8w,6,WEB_ID,android,1
2024-11-06 20:19:00,213.166.129.239,AALKVk7RajkAABv5BSiD8w,6,WEB_ID,android,1
2024-10-31 17:26:00,103.121.139.15,1a6196f1-7953-4e5a-8449-780be167de51,2,IDFV,ios,1
2024-10-31 17:31:00,103.121.139.15,1a6196f1-7953-4e5a-8449-780be167de51,2,IDFV,ios,1
2024-10-31 17:40:00,103.121.139.15,1a6196f1-7953-4e5a-8449-780be167de51,2,IDFV,ios,1
2024-10-31 17:46:00,103.121.139.15,1a6196f1-7953-4e5a-8449-780be167de51,2,IDFV,ios,1
2024-10-31 17:54:00,103.121.139.15,1a6196f1-7953-4e5a-8449-780be167de51,2,IDFV,ios,1
2024-10-31 18:05:00,103.121.139.15,1a6196f1-7953-4e5a-8449-780be167de51,2,IDFV,ios,1
2024-10-31 18:07:00,103.121.139.15,1a6196f1-7953-4e5a-8449-780be167de51,2,IDFV,ios,1
2024-10-31 18:15:00,103.121.139.15,1a6196f1-7953-4e5a-8449-780be167de51,2,IDFV,ios,1
2024-10-31 18:04:00,202.165.46.191,686931a4-abd8-46e6-b0e3-78e57c0c620c,2,IDFV,ios,1
2024-10-31 18:22:00,202.165.46.191,686931a4-abd8-46e6-b0e3-78e57c0c620c,2,IDFV,ios,1
2024-10-31 18:26:00,103.121.245.162,04de0e1c-de2f-4515-8423-ae3083e4acee,2,IDFV,ios,1
2024-10-31 18:30:00,2405:8180:201:716c:752b:2706:386c:33fc,04de0e1c-de2f-4515-8423-ae3083e4acee,2,IDFV,ios,1
2024-10-31 18:37:00,103.121.245.162,04de0e1c-de2f-4515-8423-ae3083e4acee,2,IDFV,ios,1
2024-10-31 18:46:00,103.121.245.162,04de0e1c-de2f-4515-8423-ae3083e4acee,2,IDFV,ios,1
2024-10-31 18:47:00,202.165.46.191,686931a4-abd8-46e6-b0e3-78e57c0c620c,2,IDFV,ios,1
2024-11-01 15:58:00,202.165.46.191,686931a4-abd8-46e6-b0e3-78e57c0c620c,2,IDFV,ios,1
2024-11-01 16:00:00,202.165.46.191,686931a4-abd8-46e6-b0e3-78e57c0c620c,2,IDFV,ios,1
2024-11-01 16:08:00,202.165.46.191,686931a4-abd8-46e6-b0e3-78e57c0c620c,2,IDFV,ios,1
2024-11-01 16:12:00,202.165.46.191,686931a4-abd8-46e6-b0e3-78e57c0c620c,2,IDFV,ios,1
2024-11-01 16:14:00,202.165.46.191,686931a4-abd8-46e6-b0e3-78e57c0c620c,2,IDFV,ios,1
2024-11-01 16:28:00,103.121.245.162,04de0e1c-de2f-4515-8423-ae3083e4acee,2,IDFV,ios,1
2024-11-01 16:37:00,2405:8180:201:716c:cd04:95e4:3d70:11fd,04de0e1c-de2f-4515-8423-ae3083e4acee,2,IDFV,ios,1
2024-11-01 16:39:00,103.121.245.162,04de0e1c-de2f-4515-8423-ae3083e4acee,2,IDFV,ios,1
2024-11-01 16:09:00,103.121.139.15,1a6196f1-7953-4e5a-8449-780be167de51,2,IDFV,ios,1
2024-11-01 16:21:00,103.121.139.15,1a6196f1-7953-4e5a-8449-780be167de51,2,IDFV,ios,1
2024-11-01 16:28:00,103.121.245.162,04de0e1c-de2f-4515-8423-ae3083e4acee,2,IDFV,ios,1
2024-11-14 15:41:00,2a00:5400:e051::,AAFcvU7LIAoAABO-Xttw5A,7,WEB_ID,android,1
2024-11-14 15:41:00,2a00:5400:e051::,AAFcvU7LIAoAABO-Xttw5A,7,WEB_ID,android,1
2024-11-14 15:59:00,2a00:5400:e051::,AAFcvU7LIAoAABO-Xttw5A,7,WEB_ID,android,1
2024-11-14 16:00:00,2a00:5400:e051::,AAFcvU7LIAoAABO-Xttw5A,7,WEB_ID,android,1
2024-11-14 16:00:00,2a00:5400:e051::,AAFcvU7LIAoAABO-Xttw5A,7,WEB_ID,android,1
2024-11-14 17:55:00,46.143.151.0,AAKRGE7P9eIAABxfJkTLVA,7,WEB_ID,android,1
2024-11-06 20:32:00,2a00:5400:e053:631e:69b3:b804:8446:fcc5,AAKT707IOKgAAB_bLwHDew,6,WEB_ID,ios,1
2024-11-14 17:59:00,2a00:5400:f015::,AAKRGE7P9eIAABxfJkTLVA,7,WEB_ID,android,1
2024-11-06 21:06:00,2a00:5400:e053:631e:69b3:b804:8446:fcc5,AAKT707IOKgAAB_bLwHDew,6,WEB_ID,ios,1
2024-11-06 21:06:00,2a00:5400:e053:631e:69b3:b804:8446:fcc5,AAKT707IOKgAAB_bLwHDew,6,WEB_ID,ios,1
2024-11-07 08:28:00,2a00:5400:e053:631e:69b3:b804:8446:fcc5,AAKT707IOKgAAB_bLwHDew,6,WEB_ID,ios,1
2024-11-07 08:29:00,2a00:5400:e053:631e::,AAKT707IOKgAAB_bLwHDew,6,WEB_ID,ios,1
2024-11-07 08:34:00,2a00:5400:e053:631e::,AAKT707IOKgAAB_bLwHDew,6,WEB_ID,ios,1
2024-11-07 08:44:00,2a00:5400:e053:631e:69b3:b804:8446:fcc5,AAKT707IOKgAAB_bLwHDew,6,WEB_ID,ios,1
2024-11-07 08:46:00,82.167.89.250,AAKT707IOKgAAB_bLwHDew,6,WEB_ID,ios,1
2024-11-07 08:46:00,2a00:5400:e053:631e::,AAKT707IOKgAAB_bLwHDew,6,WEB_ID,ios,1
2024-11-07 08:56:00,82.167.89.250,AAKT707IOKgAAB_bLwHDew,6,WEB_ID,ios,1
2024-11-07 09:03:00,2a00:5400:e053:631e::,AAKT707IOKgAAB_bLwHDew,6,WEB_ID,ios,1
2024-11-07 09:07:00,2a00:5400:e053:631e::,AAKT707IOKgAAB_bLwHDew,6,WEB_ID,ios,1
2024-11-07 09:10:00,82.167.89.250,AAKT707IOKgAAB_bLwHDew,6,WEB_ID,ios,1
2024-11-01 18:06:00,103.121.138.180,95d9aeb3-c446-4b44-b165-8f617e14955e,2,IDFV,ios,1
2024-11-07 18:16:00,2a00:5400:e053:631e:9d1e:20c8:8844:f7a1,AAKT707IOKgAAB_bLwHDew,6,WEB_ID,ios,1
2024-11-07 18:30:00,2a00:5400:e053:631e:9d1e:20c8:8844:f7a1,AAKT707IOKgAAB_bLwHDew,6,WEB_ID,ios,1
2024-11-07 18:32:00,2a00:5400:e053:631e::,AAKT707IOKgAAB_bLwHDew,6,WEB_ID,ios,1
2024-11-08 10:05:00,2a00:5400:e053:631e::,AAKT707IOKgAAB_bLwHDew,6,WEB_ID,ios,1
2024-11-14 18:07:00,2a00:5400:f015::,AAKRGE7P9eIAABxfJkTLVA,7,WEB_ID,android,1
2024-11-14 18:36:00,2a00:5400:f015::,AAKRGE7P9eIAABxfJkTLVA,7,WEB_ID,android,1
2024-11-01 18:16:00,182.3.38.246,686931a4-abd8-46e6-b0e3-78e57c0c620c,2,IDFV,ios,1
2024-11-02 17:49:00,182.3.38.246,686931a4-abd8-46e6-b0e3-78e57c0c620c,2,IDFV,ios,1
2024-11-02 18:33:00,182.3.38.246,686931a4-abd8-46e6-b0e3-78e57c0c620c,2,IDFV,ios,1
2024-11-02 18:41:00,103.121.169.110,1a6196f1-7953-4e5a-8449-780be167de51,2,IDFV,ios,1
2024-11-02 18:46:00,103.121.169.110,1a6196f1-7953-4e5a-8449-780be167de51,2,IDFV,ios,1
2024-11-03 14:15:00,103.121.169.110,1a6196f1-7953-4e5a-8449-780be167de51,2,IDFV,ios,1
2024-11-03 14:16:00,103.121.169.110,1a6196f1-7953-4e5a-8449-780be167de51,2,IDFV,ios,1
2024-11-03 14:31:00,103.121.169.110,1a6196f1-7953-4e5a-8449-780be167de51,2,IDFV,ios,1
2024-11-03 14:40:00,103.121.169.110,1a6196f1-7953-4e5a-8449-780be167de51,2,IDFV,ios,1
2024-11-03 14:48:00,103.121.169.110,1a6196f1-7953-4e5a-8449-780be167de51,2,IDFV,ios,1
2024-11-04 12:05:00,182.10.98.82,04de0e1c-de2f-4515-8423-ae3083e4acee,2,IDFV,ios,1
2024-11-14 18:08:00,2a00:5400:f015::,AAKRGE7P9eIAABxfJkTLVA,7,WEB_ID,android,1
2024-11-14 18:09:00,2a00:5400:f015::,AAKRGE7P9eIAABxfJkTLVA,7,WEB_ID,android,1
2024-11-14 18:10:00,2a00:5400:f015::,AAKRGE7P9eIAABxfJkTLVA,7,WEB_ID,android,1
2024-11-14 18:10:00,2a00:5400:f015::,AAKRGE7P9eIAABxfJkTLVA,7,WEB_ID,android,1
2024-11-14 18:12:00,2a00:5400:f015::,AAKRGE7P9eIAABxfJkTLVA,7,WEB_ID,android,1
2024-11-14 18:12:00,2a00:5400:f015::,AAKRGE7P9eIAABxfJkTLVA,7,WEB_ID,android,1
2024-11-14 18:12:00,2a00:5400:f015::,AAKRGE7P9eIAABxfJkTLVA,7,WEB_ID,android,1
2024-11-14 18:13:00,2a00:5400:f015::,AAKRGE7P9eIAABxfJkTLVA,7,WEB_ID,android,1
2024-11-14 18:16:00,2a00:5400:f015::,AAKRGE7P9eIAABxfJkTLVA,7,WEB_ID,android,1
2024-11-14 18:21:00,2a00:5400:f015::,AAKRGE7P9eIAABxfJkTLVA,7,WEB_ID,android,1
2024-11-14 18:24:00,2a00:5400:f015::,AAKRGE7P9eIAABxfJkTLVA,7,WEB_ID,android,1
2024-11-14 18:34:00,2a00:5400:f015::,AAKRGE7P9eIAABxfJkTLVA,7,WEB_ID,android,1
2024-11-14 20:26:00,2a00:5400:e051::,AAFcvU7LIAoAABO-Xttw5A,7,WEB_ID,android,1
2024-11-14 20:32:00,2a00:5400:e051::,AAFcvU7LIAoAABO-Xttw5A,7,WEB_ID,android,1
2024-11-14 20:32:00,2a00:5400:e051::,AAFcvU7LIAoAABO-Xttw5A,7,WEB_ID,android,1
2024-11-14 20:32:00,2a00:5400:e051::,AAFcvU7LIAoAABO-Xttw5A,7,WEB_ID,android,1
2024-11-14 20:44:00,2a00:5400:e051::,AAFcvU7LIAoAABO-Xttw5A,7,WEB_ID,android,1
2024-11-14 20:45:00,2a00:5400:e051::,AAFcvU7LIAoAABO-Xttw5A,7,WEB_ID,android,1
2024-11-15 09:15:00,2a00:5400:e051::,AAFcvU7LIAoAABO-Xttw5A,7,WEB_ID,android,1
2024-11-15 09:17:00,2a00:5400:e051::,AAFcvU7LIAoAABO-Xttw5A,7,WEB_ID,android,1
2024-11-15 09:21:00,2a00:5400:e051::,AAFcvU7LIAoAABO-Xttw5A,7,WEB_ID,android,1
2024-11-15 13:30:00,2a00:5400:f015::,AAKRGE7P9eIAABxfJkTLVA,7,WEB_ID,android,1
2024-11-15 13:30:00,2a00:5400:f015::,AAKRGE7P9eIAABxfJkTLVA,7,WEB_ID,android,1
2024-11-05 09:21:00,103.121.169.110,1a6196f1-7953-4e5a-8449-780be167de51,2,IDFV,ios,1
2024-11-05 09:28:00,103.121.169.110,1a6196f1-7953-4e5a-8449-780be167de51,2,IDFV,ios,1
2024-11-08 10:32:00,2a00:5400:f022::,AALKVk7RajkAABv5BSiD8w,6,WEB_ID,android,1
2024-11-05 13:19:00,103.121.169.110,1a6196f1-7953-4e5a-8449-780be167de51,2,IDFV,ios,1
2024-11-05 13:31:00,103.121.169.110,1a6196f1-7953-4e5a-8449-780be167de51,2,IDFV,ios,1
2024-11-05 13:35:00,103.121.169.110,1a6196f1-7953-4e5a-8449-780be167de51,2,IDFV,ios,1
2024-11-15 13:35:00,2001:16a2:c057::,AAFcvU7LIAoAABO-Xttw5A,7,WEB_ID,android,1
2024-11-15 13:36:00,2001:16a2:c057::,AAFcvU7LIAoAABO-Xttw5A,7,WEB_ID,android,1
2024-11-15 13:37:00,2001:16a2:c057::,AAFcvU7LIAoAABO-Xttw5A,7,WEB_ID,android,1
2024-11-15 14:24:00,2a00:5400:e051::,AAFcvU7LIAoAABO-Xttw5A,7,WEB_ID,android,1
2024-11-15 14:25:00,2a00:5400:e051::,AAFcvU7LIAoAABO-Xttw5A,7,WEB_ID,android,1
2024-11-15 14:28:00,2a00:5400:e051::,AAFcvU7LIAoAABO-Xttw5A,7,WEB_ID,android,1
2024-11-15 14:28:00,2a00:5400:e051::,AAFcvU7LIAoAABO-Xttw5A,7,WEB_ID,android,1
2024-11-15 14:29:00,2a00:5400:e051::,AAFcvU7LIAoAABO-Xttw5A,7,WEB_ID,android,1
2024-11-15 13:43:00,2a00:5400:e051::,AAFcvU7LIAoAABO-Xttw5A,7,WEB_ID,android,1
2024-11-15 13:43:00,2a00:5400:e051::,AAFcvU7LIAoAABO-Xttw5A,7,WEB_ID,android,1
2024-11-15 13:43:00,2a00:5400:e051::,AAFcvU7LIAoAABO-Xttw5A,7,WEB_ID,android,1
2024-11-15 13:44:00,2a00:5400:e051::,AAFcvU7LIAoAABO-Xttw5A,7,WEB_ID,android,1
2024-11-15 13:44:00,2a00:5400:e051::,AAFcvU7LIAoAABO-Xttw5A,7,WEB_ID,android,1
2024-11-15 13:45:00,2a00:5400:e051::,AAFcvU7LIAoAABO-Xttw5A,7,WEB_ID,android,1
2024-11-15 13:45:00,2a00:5400:e051::,AAFcvU7LIAoAABO-Xttw5A,7,WEB_ID,android,1
2024-11-15 13:46:00,2a00:5400:e051::,AAFcvU7LIAoAABO-Xttw5A,7,WEB_ID,android,1
2024-11-15 13:46:00,2a00:5400:e051::,AAFcvU7LIAoAABO-Xttw5A,7,WEB_ID,android,1
2024-11-15 13:46:00,2a00:5400:e051::,AAFcvU7LIAoAABO-Xttw5A,7,WEB_ID,android,1
2024-11-15 13:47:00,2a00:5400:e051::,AAFcvU7LIAoAABO-Xttw5A,7,WEB_ID,android,1
2024-11-15 13:47:00,2a00:5400:e051::,AAFcvU7LIAoAABO-Xttw5A,7,WEB_ID,android,1
2024-11-15 13:47:00,2a00:5400:e051::,AAFcvU7LIAoAABO-Xttw5A,7,WEB_ID,android,1
2024-11-15 13:47:00,2a00:5400:e051::,AAFcvU7LIAoAABO-Xttw5A,7,WEB_ID,android,1
2024-11-15 13:48:00,2a00:5400:e051::,AAFcvU7LIAoAABO-Xttw5A,7,WEB_ID,android,1
2024-11-15 13:48:00,2a00:5400:e051::,AAFcvU7LIAoAABO-Xttw5A,7,WEB_ID,android,1
2024-11-15 13:48:00,2a00:5400:e051::,AAFcvU7LIAoAABO-Xttw5A,7,WEB_ID,android,1
2024-11-15 13:48:00,2a00:5400:e051::,AAFcvU7LIAoAABO-Xttw5A,7,WEB_ID,android,1
2024-11-15 13:49:00,2a00:5400:e051::,AAFcvU7LIAoAABO-Xttw5A,7,WEB_ID,android,1
2024-11-15 13:49:00,2a00:5400:e051::,AAFcvU7LIAoAABO-Xttw5A,7,WEB_ID,android,1
2024-11-15 13:50:00,2a00:5400:e051::,AAFcvU7LIAoAABO-Xttw5A,7,WEB_ID,android,1
2024-11-15 13:50:00,2a00:5400:e051::,AAFcvU7LIAoAABO-Xttw5A,7,WEB_ID,android,1
2024-11-15 13:51:00,2a00:5400:e051::,AAFcvU7LIAoAABO-Xttw5A,7,WEB_ID,android,1
2024-11-15 13:51:00,2a00:5400:e051::,AAFcvU7LIAoAABO-Xttw5A,7,WEB_ID,android,1
2024-11-15 13:52:00,2a00:5400:e051::,AAFcvU7LIAoAABO-Xttw5A,7,WEB_ID,android,1
2024-11-15 13:52:00,2a00:5400:e051::,AAFcvU7LIAoAABO-Xttw5A,7,WEB_ID,android,1
2024-11-15 13:53:00,2a00:5400:e051::,AAFcvU7LIAoAABO-Xttw5A,7,WEB_ID,android,1
2024-11-15 13:53:00,2a00:5400:e051::,AAFcvU7LIAoAABO-Xttw5A,7,WEB_ID,android,1
2024-11-15 13:54:00,2a00:5400:e051::,AAFcvU7LIAoAABO-Xttw5A,7,WEB_ID,android,1
2024-11-15 13:54:00,2a00:5400:e051::,AAFcvU7LIAoAABO-Xttw5A,7,WEB_ID,android,1
2024-11-15 13:54:00,2a00:5400:e051::,AAFcvU7LIAoAABO-Xttw5A,7,WEB_ID,android,1
2024-11-15 13:55:00,2a00:5400:e051::,AAFcvU7LIAoAABO-Xttw5A,7,WEB_ID,android,1
2024-11-15 13:55:00,2a00:5400:e051::,AAFcvU7LIAoAABO-Xttw5A,7,WEB_ID,android,1
2024-11-15 13:56:00,2a00:5400:e051::,AAFcvU7LIAoAABO-Xttw5A,7,WEB_ID,android,1
2024-11-15 13:56:00,2a00:5400:e051::,AAFcvU7LIAoAABO-Xttw5A,7,WEB_ID,android,1
2024-11-15 13:58:00,2a00:5400:e051::,AAFcvU7LIAoAABO-Xttw5A,7,WEB_ID,android,1
2024-11-15 13:58:00,2a00:5400:e051::,AAFcvU7LIAoAABO-Xttw5A,7,WEB_ID,android,1
2024-11-15 13:59:00,2a00:5400:e051::,AAFcvU7LIAoAABO-Xttw5A,7,WEB_ID,android,1
2024-11-15 13:59:00,2a00:5400:e051::,AAFcvU7LIAoAABO-Xttw5A,7,WEB_ID,android,1
2024-11-15 14:01:00,2a00:5400:e051::,AAFcvU7LIAoAABO-Xttw5A,7,WEB_ID,android,1
2024-11-05 13:47:00,103.121.169.110,1a6196f1-7953-4e5a-8449-780be167de51,2,IDFV,ios,1
2024-11-05 15:34:00,103.121.169.110,1a6196f1-7953-4e5a-8449-780be167de51,2,IDFV,ios,1
2024-11-05 15:38:00,103.121.169.110,1a6196f1-7953-4e5a-8449-780be167de51,2,IDFV,ios,1
2024-11-05 15:39:00,103.121.169.110,1a6196f1-7953-4e5a-8449-780be167de51,2,IDFV,ios,1
2024-11-05 15:47:00,103.121.169.110,1a6196f1-7953-4e5a-8449-780be167de51,2,IDFV,ios,1
2024-11-06 08:43:00,182.10.98.82,04de0e1c-de2f-4515-8423-ae3083e4acee,2,IDFV,ios,1
2024-11-15 19:29:00,2a00:5400:e051::,AAFcvU7LIAoAABO-Xttw5A,7,WEB_ID,android,1
2024-11-15 19:29:00,2a00:5400:e051::,AAFcvU7LIAoAABO-Xttw5A,7,WEB_ID,android,1
2024-11-15 19:29:00,2a00:5400:e051::,AAFcvU7LIAoAABO-Xttw5A,7,WEB_ID,android,1
2024-11-15 19:30:00,2a00:5400:e051::,AAFcvU7LIAoAABO-Xttw5A,7,WEB_ID,android,1
2024-11-06 09:16:00,103.121.169.110,1a6196f1-7953-4e5a-8449-780be167de51,2,IDFV,ios,1
2024-11-06 09:31:00,103.121.169.110,1a6196f1-7953-4e5a-8449-780be167de51,2,IDFV,ios,1
2024-11-06 09:37:00,103.121.169.110,1a6196f1-7953-4e5a-8449-780be167de51,2,IDFV,ios,1
2024-11-06 09:42:00,103.121.169.110,1a6196f1-7953-4e5a-8449-780be167de51,2,IDFV,ios,1
2024-11-06 13:10:00,103.121.169.110,1a6196f1-7953-4e5a-8449-780be167de51,2,IDFV,ios,1
2024-11-06 13:17:00,103.121.169.110,1a6196f1-7953-4e5a-8449-780be167de51,2,IDFV,ios,1
2024-11-06 13:19:00,103.121.169.110,1a6196f1-7953-4e5a-8449-780be167de51,2,IDFV,ios,1
2024-11-06 13:21:00,182.10.98.82,04de0e1c-de2f-4515-8423-ae3083e4acee,2,IDFV,ios,1
2024-11-06 13:24:00,103.121.168.177,1a6196f1-7953-4e5a-8449-780be167de51,2,IDFV,ios,1
2024-11-06 19:18:00,103.121.168.177,1a6196f1-7953-4e5a-8449-780be167de51,2,IDFV,ios,1
2024-11-15 19:33:00,2a00:5400:e051::,AAFcvU7LIAoAABO-Xttw5A,7,WEB_ID,android,1
2024-11-15 19:33:00,2a00:5400:e051::,AAFcvU7LIAoAABO-Xttw5A,7,WEB_ID,android,1
2024-11-15 19:33:00,2a00:5400:e051::,AAFcvU7LIAoAABO-Xttw5A,7,WEB_ID,android,1
2024-11-15 20:40:00,2a00:5400:e051::,AAFcvU7LIAoAABO-Xttw5A,7,WEB_ID,android,1
2024-11-15 20:40:00,2a00:5400:e051::,AAFcvU7LIAoAABO-Xttw5A,7,WEB_ID,android,1
2024-11-15 20:47:00,2a00:5400:e051::,AAFcvU7LIAoAABO-Xttw5A,7,WEB_ID,android,1
2024-11-15 20:49:00,2a00:5400:e051::,AAFcvU7LIAoAABO-Xttw5A,7,WEB_ID,android,1
2024-11-15 20:49:00,2a00:5400:e051::,AAFcvU7LIAoAABO-Xttw5A,7,WEB_ID,android,1
2024-11-15 20:54:00,2a00:5400:e051::,AAFcvU7LIAoAABO-Xttw5A,7,WEB_ID,android,1
2024-11-15 20:54:00,2a00:5400:e051::,AAFcvU7LIAoAABO-Xttw5A,7,WEB_ID,android,1
2024-11-15 20:55:00,2a00:5400:e051::,AAFcvU7LIAoAABO-Xttw5A,7,WEB_ID,android,1
2024-11-15 20:58:00,2a00:5400:e051::,AAFcvU7LIAoAABO-Xttw5A,7,WEB_ID,android,1
2024-11-15 20:58:00,2a00:5400:e051::,AAFcvU7LIAoAABO-Xttw5A,7,WEB_ID,android,1
2024-11-16 12:27:00,46.143.147.0,AAKRGE7P9eIAABxfJkTLVA,7,WEB_ID,android,1
2024-11-16 12:27:00,2a00:5400:f011::,AAKRGE7P9eIAABxfJkTLVA,7,WEB_ID,android,1
2024-11-16 12:27:00,2a00:5400:f011::,AAKRGE7P9eIAABxfJkTLVA,7,WEB_ID,android,1
2024-11-16 12:29:00,2a00:5400:f011::,AAKRGE7P9eIAABxfJkTLVA,7,WEB_ID,android,1
2024-11-16 12:29:00,2a00:5400:f011::,AAKRGE7P9eIAABxfJkTLVA,7,WEB_ID,android,1
2024-11-16 12:29:00,2a00:5400:f011::,AAKRGE7P9eIAABxfJkTLVA,7,WEB_ID,android,1
2024-11-16 12:29:00,2a00:5400:f011::,AAKRGE7P9eIAABxfJkTLVA,7,WEB_ID,android,1
2024-11-16 12:29:00,2a00:5400:f011::,AAKRGE7P9eIAABxfJkTLVA,7,WEB_ID,android,1
2024-11-16 12:30:00,2a00:5400:f011::,AAKRGE7P9eIAABxfJkTLVA,7,WEB_ID,android,1
2024-11-16 12:33:00,2a00:5400:f011::,AAKRGE7P9eIAABxfJkTLVA,7,WEB_ID,android,1
2024-11-16 12:33:00,2a00:5400:f011::,AAKRGE7P9eIAABxfJkTLVA,7,WEB_ID,android,1
2024-11-16 12:36:00,2a00:5400:f011::,AAKRGE7P9eIAABxfJkTLVA,7,WEB_ID,android,1
2024-11-16 12:38:00,2a00:5400:f011::,AAKRGE7P9eIAABxfJkTLVA,7,WEB_ID,android,1
2024-11-16 12:41:00,2a00:5400:f011::,AAKRGE7P9eIAABxfJkTLVA,7,WEB_ID,android,1
2024-11-16 12:42:00,2a00:5400:f011::,AAKRGE7P9eIAABxfJkTLVA,7,WEB_ID,android,1
2024-11-16 12:42:00,2a00:5400:f011::,AAKRGE7P9eIAABxfJkTLVA,7,WEB_ID,android,1
2024-11-16 12:42:00,2a00:5400:f011::,AAKRGE7P9eIAABxfJkTLVA,7,WEB_ID,android,1
2024-11-16 12:42:00,2a00:5400:f011::,AAKRGE7P9eIAABxfJkTLVA,7,WEB_ID,android,1
2024-11-16 12:42:00,2a00:5400:f011::,AAKRGE7P9eIAABxfJkTLVA,7,WEB_ID,android,1
2024-11-16 12:43:00,2a00:5400:f011::,AAKRGE7P9eIAABxfJkTLVA,7,WEB_ID,android,1
2024-11-16 12:47:00,2a00:5400:f011::,AAKRGE7P9eIAABxfJkTLVA,7,WEB_ID,android,1
2024-11-16 12:55:00,2a00:5400:f011::,AAKRGE7P9eIAABxfJkTLVA,7,WEB_ID,android,1
2024-11-16 12:55:00,2a00:5400:f011::,AAKRGE7P9eIAABxfJkTLVA,7,WEB_ID,android,1
2024-11-16 12:56:00,2a00:5400:f011::,AAKRGE7P9eIAABxfJkTLVA,7,WEB_ID,android,1
2024-11-16 12:58:00,2a00:5400:f011::,AAKRGE7P9eIAABxfJkTLVA,7,WEB_ID,android,1
2024-11-16 12:58:00,2a00:5400:f011::,AAKRGE7P9eIAABxfJkTLVA,7,WEB_ID,android,1
2024-11-16 12:59:00,2a00:5400:f011::,AAKRGE7P9eIAABxfJkTLVA,7,WEB_ID,android,1
2024-11-16 12:59:00,2a00:5400:f011::,AAKRGE7P9eIAABxfJkTLVA,7,WEB_ID,android,1
2024-11-16 12:59:00,2a00:5400:f011::,AAKRGE7P9eIAABxfJkTLVA,7,WEB_ID,android,1
2024-11-16 12:59:00,2a00:5400:f011::,AAKRGE7P9eIAABxfJkTLVA,7,WEB_ID,android,1
2024-11-16 13:00:00,2a00:5400:f011::,AAKRGE7P9eIAABxfJkTLVA,7,WEB_ID,android,1
2024-11-16 13:00:00,2a00:5400:f011::,AAKRGE7P9eIAABxfJkTLVA,7,WEB_ID,android,1
2024-11-16 13:01:00,2a00:5400:f011::,AAKRGE7P9eIAABxfJkTLVA,7,WEB_ID,android,1
2024-11-16 13:01:00,2a00:5400:f011::,AAKRGE7P9eIAABxfJkTLVA,7,WEB_ID,android,1
2024-11-16 13:01:00,2a00:5400:f011::,AAKRGE7P9eIAABxfJkTLVA,7,WEB_ID,android,1
2024-11-16 13:02:00,2a00:5400:f011::,AAKRGE7P9eIAABxfJkTLVA,7,WEB_ID,android,1
2024-11-16 13:05:00,2a00:5400:f011::,AAKRGE7P9eIAABxfJkTLVA,7,WEB_ID,android,1
2024-11-16 13:05:00,2a00:5400:f011::,AAKRGE7P9eIAABxfJkTLVA,7,WEB_ID,android,1
2024-11-16 13:06:00,2a00:5400:f011::,AAKRGE7P9eIAABxfJkTLVA,7,WEB_ID,android,1
2024-11-16 13:07:00,2a00:5400:f011::,AAKRGE7P9eIAABxfJkTLVA,7,WEB_ID,android,1
2024-11-16 13:08:00,2a00:5400:f011::,AAKRGE7P9eIAABxfJkTLVA,7,WEB_ID,android,1
2024-11-16 13:08:00,2a00:5400:f011::,AAKRGE7P9eIAABxfJkTLVA,7,WEB_ID,android,1
2024-11-16 13:08:00,2a00:5400:f011::,AAKRGE7P9eIAABxfJkTLVA,7,WEB_ID,android,1
2024-11-16 13:08:00,2a00:5400:f011::,AAKRGE7P9eIAABxfJkTLVA,7,WEB_ID,android,1
2024-11-16 13:09:00,2a00:5400:f011::,AAKRGE7P9eIAABxfJkTLVA,7,WEB_ID,android,1
2024-11-16 13:28:00,2a00:5400:f011::,AAKRGE7P9eIAABxfJkTLVA,7,WEB_ID,android,1
2024-11-08 10:12:00,2a00:5400:e053:b76:ac5a:7968:2a27:4df6,AAKT707IOKgAAB_bLwHDew,6,WEB_ID,ios,1
2024-11-08 10:12:00,2a00:5400:e053:b76:ac5a:7968:2a27:4df6,AAKT707IOKgAAB_bLwHDew,6,WEB_ID,ios,1
2024-11-08 10:12:00,2a00:5400:e053:b76:ac5a:7968:2a27:4df6,AAKT707IOKgAAB_bLwHDew,6,WEB_ID,ios,1
2024-11-08 10:14:00,2a00:5400:e053:b76::,AAKT707IOKgAAB_bLwHDew,6,WEB_ID,ios,1
2024-11-08 10:15:00,2a00:5400:e053:b76:ac5a:7968:2a27:4df6,AAKT707IOKgAAB_bLwHDew,6,WEB_ID,ios,1
2024-11-08 10:17:00,82.167.95.188,AAKT707IOKgAAB_bLwHDew,6,WEB_ID,ios,1
2024-11-08 10:17:00,2a00:5400:e053:b76:ac5a:7968:2a27:4df6,AAKT707IOKgAAB_bLwHDew,6,WEB_ID,ios,1
2024-11-08 10:22:00,2a00:5400:e053:b76:ac5a:7968:2a27:4df6,AAKT707IOKgAAB_bLwHDew,6,WEB_ID,ios,1
2024-11-08 10:23:00,82.167.95.188,AAKT707IOKgAAB_bLwHDew,6,WEB_ID,ios,1
2024-11-08 10:23:00,2a00:5400:e053:b76:ac5a:7968:2a27:4df6,AAKT707IOKgAAB_bLwHDew,6,WEB_ID,ios,1
2024-11-08 10:25:00,82.167.95.188,AAKT707IOKgAAB_bLwHDew,6,WEB_ID,ios,1
2024-11-16 13:42:00,2a00:5400:f011::,AAKRGE7P9eIAABxfJkTLVA,7,WEB_ID,android,1
2024-11-16 13:45:00,2a00:5400:f011::,AAKRGE7P9eIAABxfJkTLVA,7,WEB_ID,android,1
2024-11-16 13:46:00,2a00:5400:f011::,AAKRGE7P9eIAABxfJkTLVA,7,WEB_ID,android,1
2024-11-16 13:49:00,2a00:5400:f011::,AAKRGE7P9eIAABxfJkTLVA,7,WEB_ID,android,1
2024-11-06 19:30:00,103.121.168.177,1a6196f1-7953-4e5a-8449-780be167de51,2,IDFV,ios,1
2024-11-06 19:31:00,103.121.168.177,1a6196f1-7953-4e5a-8449-780be167de51,2,IDFV,ios,1
2024-11-16 13:59:00,2a00:5400:e051::,AAFcvU7LIAoAABO-Xttw5A,7,WEB_ID,android,1
2024-11-16 13:59:00,2a00:5400:e051::,AAFcvU7LIAoAABO-Xttw5A,7,WEB_ID,android,1
2024-11-16 14:05:00,2a00:5400:e051::,AAFcvU7LIAoAABO-Xttw5A,7,WEB_ID,android,1
2024-11-08 10:41:00,82.167.95.188,AAKT707IOKgAAB_bLwHDew,6,WEB_ID,ios,1
2024-11-09 10:46:00,2a00:5400:e053:b76:ac5a:7968:2a27:4df6,AAKT707IOKgAAB_bLwHDew,6,WEB_ID,ios,1
2024-11-09 10:55:00,2a00:5400:e053:b76:ac5a:7968:2a27:4df6,AAKT707IOKgAAB_bLwHDew,6,WEB_ID,ios,1
2024-11-09 10:56:00,2a00:5400:e053:b76:ac5a:7968:2a27:4df6,AAKT707IOKgAAB_bLwHDew,6,WEB_ID,ios,1
2024-11-09 10:56:00,82.167.95.188,AAKT707IOKgAAB_bLwHDew,6,WEB_ID,ios,1
2024-11-09 11:02:00,82.167.95.188,AAKT707IOKgAAB_bLwHDew,6,WEB_ID,ios,1
2024-11-09 11:07:00,2a00:5400:e053:b76:ac5a:7968:2a27:4df6,AAKT707IOKgAAB_bLwHDew,6,WEB_ID,ios,1
2024-11-09 11:11:00,82.167.95.188,AAKT707IOKgAAB_bLwHDew,6,WEB_ID,ios,1
2024-11-09 11:13:00,2a00:5400:e053:b76:ac5a:7968:2a27:4df6,AAKT707IOKgAAB_bLwHDew,6,WEB_ID,ios,1
2024-11-09 11:18:00,2a00:5400:e053:b76:ac5a:7968:2a27:4df6,AAKT707IOKgAAB_bLwHDew,6,WEB_ID,ios,1
2024-11-09 11:20:00,2a00:5400:e053:b76:ac5a:7968:2a27:4df6,AAKT707IOKgAAB_bLwHDew,6,WEB_ID,ios,1
2024-11-09 11:26:00,2a00:5400:e053:b76:ac5a:7968:2a27:4df6,AAKT707IOKgAAB_bLwHDew,6,WEB_ID,ios,1
2024-11-09 11:26:00,2a00:5400:e053:b76:ac5a:7968:2a27:4df6,AAKT707IOKgAAB_bLwHDew,6,WEB_ID,ios,1
2024-11-09 11:33:00,2a00:5400:e053:b76:ac5a:7968:2a27:4df6,AAKT707IOKgAAB_bLwHDew,6,WEB_ID,ios,1
2024-11-09 11:37:00,2a00:5400:e053:b76:ac5a:7968:2a27:4df6,AAKT707IOKgAAB_bLwHDew,6,WEB_ID,ios,1
2024-11-09 11:40:00,2a00:5400:e053:b76:ac5a:7968:2a27:4df6,AAKT707IOKgAAB_bLwHDew,6,WEB_ID,ios,1
2024-11-09 17:11:00,2a00:5400:f022::,AALKVk7RajkAABv5BSiD8w,6,WEB_ID,android,1
2024-11-07 08:22:00,103.121.168.177,1a6196f1-7953-4e5a-8449-780be167de51,2,IDFV,ios,1
2024-11-07 08:23:00,103.121.168.177,1a6196f1-7953-4e5a-8449-780be167de51,2,IDFV,ios,1
2024-11-07 08:32:00,103.121.168.177,1a6196f1-7953-4e5a-8449-780be167de51,2,IDFV,ios,1
2024-11-07 08:36:00,103.121.168.177,1a6196f1-7953-4e5a-8449-780be167de51,2,IDFV,ios,1
2024-11-07 08:39:00,103.121.168.177,1a6196f1-7953-4e5a-8449-780be167de51,2,IDFV,ios,1
2024-11-16 14:24:00,2a00:5400:f011::,AAKRGE7P9eIAABxfJkTLVA,7,WEB_ID,android,1
2024-11-16 14:25:00,2a00:5400:f011::,AAKRGE7P9eIAABxfJkTLVA,7,WEB_ID,android,1
2024-11-16 14:25:00,2a00:5400:f011::,AAKRGE7P9eIAABxfJkTLVA,7,WEB_ID,android,1
2024-11-16 14:10:00,2a00:5400:f011::,AAKRGE7P9eIAABxfJkTLVA,7,WEB_ID,android,1
2024-11-16 14:11:00,2a00:5400:f011::,AAKRGE7P9eIAABxfJkTLVA,7,WEB_ID,android,1
2024-11-16 14:11:00,2a00:5400:f011::,AAKRGE7P9eIAABxfJkTLVA,7,WEB_ID,android,1
2024-11-16 14:12:00,2a00:5400:e051::,AAFcvU7LIAoAABO-Xttw5A,7,WEB_ID,android,1
2024-11-16 14:12:00,2a00:5400:e051::,AAFcvU7LIAoAABO-Xttw5A,7,WEB_ID,android,1
2024-11-16 14:13:00,2a00:5400:e051::,AAFcvU7LIAoAABO-Xttw5A,7,WEB_ID,android,1
2024-11-16 14:13:00,2a00:5400:e051::,AAFcvU7LIAoAABO-Xttw5A,7,WEB_ID,android,1
2024-11-16 14:13:00,2a00:5400:e051::,AAFcvU7LIAoAABO-Xttw5A,7,WEB_ID,android,1
2024-11-16 14:19:00,2a00:5400:e051::,AAFcvU7LIAoAABO-Xttw5A,7,WEB_ID,android,1
2024-11-16 14:20:00,2a00:5400:e051::,AAFcvU7LIAoAABO-Xttw5A,7,WEB_ID,android,1
2024-11-16 14:21:00,2a00:5400:e051::,AAFcvU7LIAoAABO-Xttw5A,7,WEB_ID,android,1
2024-11-16 14:24:00,2a00:5400:e051::,AAFcvU7LIAoAABO-Xttw5A,7,WEB_ID,android,1
2024-11-16 14:37:00,2a00:5400:e051::,AAFcvU7LIAoAABO-Xttw5A,7,WEB_ID,android,1
2024-11-16 14:51:00,2a00:5400:e051::,AAFcvU7LIAoAABO-Xttw5A,7,WEB_ID,android,1
2024-11-16 14:51:00,2a00:5400:e051::,AAFcvU7LIAoAABO-Xttw5A,7,WEB_ID,android,1
2024-11-16 14:53:00,2a00:5400:e051::,AAFcvU7LIAoAABO-Xttw5A,7,WEB_ID,android,1
2024-11-16 14:53:00,2a00:5400:e051::,AAFcvU7LIAoAABO-Xttw5A,7,WEB_ID,android,1
2024-11-16 14:54:00,2a00:5400:e051::,AAFcvU7LIAoAABO-Xttw5A,7,WEB_ID,android,1
2024-11-16 14:54:00,2a00:5400:e051::,AAFcvU7LIAoAABO-Xttw5A,7,WEB_ID,android,1
2024-11-16 14:55:00,2a00:5400:e051::,AAFcvU7LIAoAABO-Xttw5A,7,WEB_ID,android,1
2024-11-16 16:21:00,2a00:5400:e051::,AAFcvU7LIAoAABO-Xttw5A,7,WEB_ID,android,1
2024-11-16 16:24:00,2a00:5400:e051::,AAFcvU7LIAoAABO-Xttw5A,7,WEB_ID,android,1
2024-11-07 09:01:00,103.121.168.177,1a6196f1-7953-4e5a-8449-780be167de51,2,IDFV,ios,1
2024-11-07 09:03:00,103.121.168.177,1a6196f1-7953-4e5a-8449-780be167de51,2,IDFV,ios,1
2024-11-07 09:12:00,103.121.168.177,1a6196f1-7953-4e5a-8449-780be167de51,2,IDFV,ios,1
2024-11-07 09:12:00,103.121.168.177,1a6196f1-7953-4e5a-8449-780be167de51,2,IDFV,ios,1
2024-11-07 14:43:00,103.121.168.177,1a6196f1-7953-4e5a-8449-780be167de51,2,IDFV,ios,1
2024-11-07 14:49:00,103.121.168.177,1a6196f1-7953-4e5a-8449-780be167de51,2,IDFV,ios,1
2024-11-07 14:52:00,103.121.168.177,1a6196f1-7953-4e5a-8449-780be167de51,2,IDFV,ios,1
2024-11-09 17:11:00,2a00:5400:f022::,AALKVk7RajkAABv5BSiD8w,6,WEB_ID,android,1
2024-11-09 17:43:00,2a00:5400:e053:b76:f41a:2008:40c2:d9bb,AAKT707IOKgAAB_bLwHDew,6,WEB_ID,ios,1
2024-11-07 15:38:00,2404:c0:a301:6a86:d1af:7d5d:a9a4:781e,04de0e1c-de2f-4515-8423-ae3083e4acee,2,IDFV,ios,1
2024-11-07 15:40:00,2404:c0:a301:6a86:d1af:7d5d:a9a4:781e,04de0e1c-de2f-4515-8423-ae3083e4acee,2,IDFV,ios,1
2024-11-07 20:02:00,182.10.98.208,04de0e1c-de2f-4515-8423-ae3083e4acee,2,IDFV,ios,1
2024-11-07 20:55:00,103.121.168.177,1a6196f1-7953-4e5a-8449-780be167de51,2,IDFV,ios,1
2024-11-07 20:58:00,103.121.168.177,1a6196f1-7953-4e5a-8449-780be167de51,2,IDFV,ios,1
2024-11-08 12:33:00,103.121.168.177,1a6196f1-7953-4e5a-8449-780be167de51,2,IDFV,ios,1
2024-11-08 12:36:00,103.121.168.177,1a6196f1-7953-4e5a-8449-780be167de51,2,IDFV,ios,1
2024-11-09 17:45:00,2a00:5400:f022::,AALKVk7RajkAABv5BSiD8w,6,WEB_ID,android,1
2024-11-16 16:45:00,2a00:5400:f011::,AAKRGE7P9eIAABxfJkTLVA,7,WEB_ID,android,1
2024-11-16 16:53:00,2a00:5400:f011::,AAKRGE7P9eIAABxfJkTLVA,7,WEB_ID,android,1
2024-11-08 12:38:00,103.121.138.93,1a6196f1-7953-4e5a-8449-780be167de51,2,IDFV,ios,1
2024-11-08 12:43:00,103.121.138.93,1a6196f1-7953-4e5a-8449-780be167de51,2,IDFV,ios,1
2024-11-16 16:50:00,2a00:5400:e051::,AAFcvU7LIAoAABO-Xttw5A,7,WEB_ID,android,1
2024-11-16 16:52:00,2a00:5400:e051::,AAFcvU7LIAoAABO-Xttw5A,7,WEB_ID,android,1
2024-11-16 16:53:00,2a00:5400:e051::,AAFcvU7LIAoAABO-Xttw5A,7,WEB_ID,android,1
2024-11-16 17:11:00,2a00:5400:e051::,AAFcvU7LIAoAABO-Xttw5A,7,WEB_ID,android,1
2024-11-16 17:12:00,2a00:5400:e051::,AAFcvU7LIAoAABO-Xttw5A,7,WEB_ID,android,1
2024-11-16 17:14:00,2a00:5400:e051::,AAFcvU7LIAoAABO-Xttw5A,7,WEB_ID,android,1
2024-11-08 13:08:00,103.121.138.93,1a6196f1-7953-4e5a-8449-780be167de51,2,IDFV,ios,1
2024-11-08 13:10:00,103.121.138.93,1a6196f1-7953-4e5a-8449-780be167de51,2,IDFV,ios,1
2024-11-08 13:09:00,103.121.138.93,1a6196f1-7953-4e5a-8449-780be167de51,2,IDFV,ios,1
2024-11-08 13:16:00,103.121.138.93,1a6196f1-7953-4e5a-8449-780be167de51,2,IDFV,ios,1
2024-11-08 13:21:00,103.121.138.93,1a6196f1-7953-4e5a-8449-780be167de51,2,IDFV,ios,1
2024-11-08 13:22:00,103.121.138.93,1a6196f1-7953-4e5a-8449-780be167de51,2,IDFV,ios,1
2024-11-08 18:21:00,103.121.138.93,1a6196f1-7953-4e5a-8449-780be167de51,2,IDFV,ios,1
2024-11-17 14:02:00,2a00:5400:e051::,AAFcvU7LIAoAABO-Xttw5A,7,WEB_ID,android,1
2024-11-17 14:35:00,2a00:5400:e051::,AAFcvU7LIAoAABO-Xttw5A,7,WEB_ID,android,1
2024-11-17 14:36:00,2a00:5400:e051::,AAFcvU7LIAoAABO-Xttw5A,7,WEB_ID,android,1
2024-11-17 14:37:00,2a00:5400:e051::,AAFcvU7LIAoAABO-Xttw5A,7,WEB_ID,android,1
2024-11-17 14:37:00,2a00:5400:e051::,AAFcvU7LIAoAABO-Xttw5A,7,WEB_ID,android,1
2024-11-17 17:52:00,2a00:5400:e051::,AAFcvU7LIAoAABO-Xttw5A,7,WEB_ID,android,1
2024-11-17 17:52:00,2a00:5400:e051::,AAFcvU7LIAoAABO-Xttw5A,7,WEB_ID,android,1
2024-11-17 17:53:00,2a00:5400:e051::,AAFcvU7LIAoAABO-Xttw5A,7,WEB_ID,android,1
2024-11-17 17:53:00,2a00:5400:e051::,AAFcvU7LIAoAABO-Xttw5A,7,WEB_ID,android,1
2024-11-17 17:53:00,2a00:5400:e051::,AAFcvU7LIAoAABO-Xttw5A,7,WEB_ID,android,1
2024-11-17 17:57:00,82.167.93.0,AAFcvU7LIAoAABO-Xttw5A,7,WEB_ID,android,1
2024-11-17 17:57:00,82.167.93.0,AAFcvU7LIAoAABO-Xttw5A,7,WEB_ID,android,1
2024-11-17 18:16:00,2a00:5400:f011::,AAKRGE7P9eIAABxfJkTLVA,7,WEB_ID,android,1
2024-11-17 18:16:00,2a00:5400:f011::,AAKRGE7P9eIAABxfJkTLVA,7,WEB_ID,android,1
2024-11-17 18:17:00,2a00:5400:f011::,AAKRGE7P9eIAABxfJkTLVA,7,WEB_ID,android,1
2024-11-17 18:17:00,2a00:5400:f011::,AAKRGE7P9eIAABxfJkTLVA,7,WEB_ID,android,1
2024-11-17 18:29:00,2a00:5400:f011::,AAKRGE7P9eIAABxfJkTLVA,7,WEB_ID,android,1
2024-11-17 18:35:00,46.143.131.0,AAKRGE7P9eIAABxfJkTLVA,7,WEB_ID,android,1
2024-11-17 18:35:00,2a00:5400:f011::,AAKRGE7P9eIAABxfJkTLVA,7,WEB_ID,android,1
2024-11-17 18:45:00,2a00:5400:f011::,AAKRGE7P9eIAABxfJkTLVA,7,WEB_ID,android,1
2024-11-17 18:04:00,2a00:5400:f011::,AAKRGE7P9eIAABxfJkTLVA,7,WEB_ID,android,1
2024-11-17 18:04:00,2a00:5400:f011::,AAKRGE7P9eIAABxfJkTLVA,7,WEB_ID,android,1
2024-11-17 18:04:00,2a00:5400:f011::,AAKRGE7P9eIAABxfJkTLVA,7,WEB_ID,android,1
2024-11-17 18:07:00,2a00:5400:f011::,AAKRGE7P9eIAABxfJkTLVA,7,WEB_ID,android,1
2024-11-17 18:08:00,2a00:5400:f011::,AAKRGE7P9eIAABxfJkTLVA,7,WEB_ID,android,1
2024-11-17 18:31:00,2a00:5400:f011::,AAKRGE7P9eIAABxfJkTLVA,7,WEB_ID,android,1
2024-11-17 18:35:00,2a00:5400:f011::,AAKRGE7P9eIAABxfJkTLVA,7,WEB_ID,android,1
2024-11-17 18:38:00,2a00:5400:f011::,AAKRGE7P9eIAABxfJkTLVA,7,WEB_ID,android,1
2024-11-17 18:38:00,2a00:5400:f011::,AAKRGE7P9eIAABxfJkTLVA,7,WEB_ID,android,1
2024-11-08 18:51:00,202.165.46.254,686931a4-abd8-46e6-b0e3-78e57c0c620c,2,IDFV,ios,1
2024-11-17 19:33:00,2a00:5400:f011::,AAKRGE7P9eIAABxfJkTLVA,7,WEB_ID,android,1
2024-11-18 10:54:00,46.143.163.0,AAKRGE7P9eIAABxfJkTLVA,7,WEB_ID,android,1
2024-11-18 11:09:00,2a00:5400:f011::,AAKRGE7P9eIAABxfJkTLVA,7,WEB_ID,android,1
2024-11-18 11:23:00,2a00:5400:f011::,AAKRGE7P9eIAABxfJkTLVA,7,WEB_ID,android,1
2024-11-18 11:25:00,2a00:5400:f011::,AAKRGE7P9eIAABxfJkTLVA,7,WEB_ID,android,1
2024-11-18 12:51:00,2a00:5400:e051::,AAFcvU7LIAoAABO-Xttw5A,7,WEB_ID,android,1
2024-11-18 12:52:00,2a00:5400:e051::,AAFcvU7LIAoAABO-Xttw5A,7,WEB_ID,android,1
2024-11-18 12:52:00,2a00:5400:e051::,AAFcvU7LIAoAABO-Xttw5A,7,WEB_ID,android,1
2024-11-18 12:52:00,2a00:5400:e051::,AAFcvU7LIAoAABO-Xttw5A,7,WEB_ID,android,1
2024-11-18 12:52:00,2a00:5400:e051::,AAFcvU7LIAoAABO-Xttw5A,7,WEB_ID,android,1
2024-11-18 12:53:00,2a00:5400:e051::,AAFcvU7LIAoAABO-Xttw5A,7,WEB_ID,android,1
2024-11-18 12:53:00,2a00:5400:e051::,AAFcvU7LIAoAABO-Xttw5A,7,WEB_ID,android,1
2024-11-18 12:53:00,2a00:5400:e051::,AAFcvU7LIAoAABO-Xttw5A,7,WEB_ID,android,1
2024-11-18 12:53:00,2a00:5400:e051::,AAFcvU7LIAoAABO-Xttw5A,7,WEB_ID,android,1
2024-11-18 12:54:00,2a00:5400:e051::,AAFcvU7LIAoAABO-Xttw5A,7,WEB_ID,android,1
2024-11-18 12:56:00,2a00:5400:e051::,AAFcvU7LIAoAABO-Xttw5A,7,WEB_ID,android,1
2024-11-18 12:56:00,2a00:5400:e051::,AAFcvU7LIAoAABO-Xttw5A,7,WEB_ID,android,1
2024-11-18 12:56:00,2a00:5400:e051::,AAFcvU7LIAoAABO-Xttw5A,7,WEB_ID,android,1
2024-11-18 12:56:00,2a00:5400:e051::,AAFcvU7LIAoAABO-Xttw5A,7,WEB_ID,android,1
2024-11-18 12:56:00,2a00:5400:e051::,AAFcvU7LIAoAABO-Xttw5A,7,WEB_ID,android,1
2024-11-18 12:57:00,2a00:5400:e051::,AAFcvU7LIAoAABO-Xttw5A,7,WEB_ID,android,1
2024-11-18 12:57:00,2a00:5400:e051::,AAFcvU7LIAoAABO-Xttw5A,7,WEB_ID,android,1
2024-11-18 12:58:00,2a00:5400:e051::,AAFcvU7LIAoAABO-Xttw5A,7,WEB_ID,android,1
2024-11-18 12:58:00,2a00:5400:e051::,AAFcvU7LIAoAABO-Xttw5A,7,WEB_ID,android,1
2024-11-18 12:58:00,2a00:5400:e051::,AAFcvU7LIAoAABO-Xttw5A,7,WEB_ID,android,1
2024-11-18 12:58:00,2a00:5400:e051::,AAFcvU7LIAoAABO-Xttw5A,7,WEB_ID,android,1
2024-11-18 12:59:00,2a00:5400:e051::,AAFcvU7LIAoAABO-Xttw5A,7,WEB_ID,android,1
2024-11-18 12:59:00,2a00:5400:e051::,AAFcvU7LIAoAABO-Xttw5A,7,WEB_ID,android,1
2024-11-18 12:59:00,2a00:5400:e051::,AAFcvU7LIAoAABO-Xttw5A,7,WEB_ID,android,1
2024-11-18 12:59:00,2a00:5400:e051::,AAFcvU7LIAoAABO-Xttw5A,7,WEB_ID,android,1
2024-11-18 13:00:00,2a00:5400:e051::,AAFcvU7LIAoAABO-Xttw5A,7,WEB_ID,android,1
2024-11-18 13:00:00,2a00:5400:e051::,AAFcvU7LIAoAABO-Xttw5A,7,WEB_ID,android,1
2024-11-18 13:01:00,2a00:5400:e051::,AAFcvU7LIAoAABO-Xttw5A,7,WEB_ID,android,1
2024-11-18 13:01:00,2a00:5400:e051::,AAFcvU7LIAoAABO-Xttw5A,7,WEB_ID,android,1
2024-11-18 13:01:00,2a00:5400:e051::,AAFcvU7LIAoAABO-Xttw5A,7,WEB_ID,android,1
2024-11-18 13:01:00,2a00:5400:e051::,AAFcvU7LIAoAABO-Xttw5A,7,WEB_ID,android,1
2024-11-18 13:01:00,2a00:5400:e051::,AAFcvU7LIAoAABO-Xttw5A,7,WEB_ID,android,1
2024-11-18 13:02:00,2a00:5400:e051::,AAFcvU7LIAoAABO-Xttw5A,7,WEB_ID,android,1
2024-11-18 13:02:00,2a00:5400:e051::,AAFcvU7LIAoAABO-Xttw5A,7,WEB_ID,android,1
2024-11-18 13:03:00,2a00:5400:e051::,AAFcvU7LIAoAABO-Xttw5A,7,WEB_ID,android,1
2024-11-18 13:03:00,2a00:5400:e051::,AAFcvU7LIAoAABO-Xttw5A,7,WEB_ID,android,1
2024-11-03 11:29:00,103.244.173.0,d70be07e-05ff-4037-98c5-d059c20f4a1e,5,IDFA,ios,1
2024-11-09 18:19:00,2a00:5400:f022::,AALKVk7RajkAABv5BSiD8w,6,WEB_ID,android,1
2024-11-09 18:20:00,2a00:5400:f022::,AALKVk7RajkAABv5BSiD8w,6,WEB_ID,android,1
2024-11-18 13:10:00,2a00:5400:f011::,AAKRGE7P9eIAABxfJkTLVA,7,WEB_ID,android,1
2024-11-18 13:12:00,2a00:5400:f011::,AAKRGE7P9eIAABxfJkTLVA,7,WEB_ID,android,1
2024-11-18 13:20:00,2a00:5400:f011::,AAKRGE7P9eIAABxfJkTLVA,7,WEB_ID,android,1
2024-11-18 14:07:00,2a00:5400:f011::,AAKRGE7P9eIAABxfJkTLVA,7,WEB_ID,android,1
2024-11-18 14:07:00,2a00:5400:f011::,AAKRGE7P9eIAABxfJkTLVA,7,WEB_ID,android,1
2024-11-18 14:18:00,2a00:5400:f011::,AAKRGE7P9eIAABxfJkTLVA,7,WEB_ID,android,1
2024-11-18 14:57:00,2a00:5400:e051::,AAFcvU7LIAoAABO-Xttw5A,7,WEB_ID,android,1
2024-11-18 17:41:00,2a00:5400:f011::,AAKRGE7P9eIAABxfJkTLVA,7,WEB_ID,android,1
2024-11-18 17:42:00,2a00:5400:f011::,AAKRGE7P9eIAABxfJkTLVA,7,WEB_ID,android,1
2024-11-18 20:33:00,2a00:5400:f011::,AAKRGE7P9eIAABxfJkTLVA,7,WEB_ID,android,1
2024-11-18 20:33:00,2a00:5400:f011::,AAKRGE7P9eIAABxfJkTLVA,7,WEB_ID,android,1
2024-11-18 20:34:00,2a00:5400:f011::,AAKRGE7P9eIAABxfJkTLVA,7,WEB_ID,android,1
2024-11-18 20:34:00,2a00:5400:f011::,AAKRGE7P9eIAABxfJkTLVA,7,WEB_ID,android,1
2024-11-18 20:35:00,2a00:5400:f011::,AAKRGE7P9eIAABxfJkTLVA,7,WEB_ID,android,1
2024-11-18 20:35:00,2a00:5400:f011::,AAKRGE7P9eIAABxfJkTLVA,7,WEB_ID,android,1
2024-11-18 20:38:00,2a00:5400:f011::,AAKRGE7P9eIAABxfJkTLVA,7,WEB_ID,android,1
2024-11-18 20:40:00,46.143.143.0,AAKRGE7P9eIAABxfJkTLVA,7,WEB_ID,android,1
2024-11-18 20:40:00,46.143.143.0,AAKRGE7P9eIAABxfJkTLVA,7,WEB_ID,android,1
2024-11-18 20:40:00,2a00:5400:f011::,AAKRGE7P9eIAABxfJkTLVA,7,WEB_ID,android,1
2024-11-09 17:47:00,2a00:5400:e053:b76::,AAKT707IOKgAAB_bLwHDew,6,WEB_ID,ios,1
2024-11-09 17:48:00,82.167.77.124,AAKT707IOKgAAB_bLwHDew,6,WEB_ID,ios,1
2024-11-03 11:46:00,2401:ba80:ac97::,d70be07e-05ff-4037-98c5-d059c20f4a1e,5,IDFA,ios,1
2024-11-05 08:11:00,103.244.173.0,d70be07e-05ff-4037-98c5-d059c20f4a1e,5,IDFA,ios,1
2024-11-18 20:59:00,2a00:5400:f011::,AAKRGE7P9eIAABxfJkTLVA,7,WEB_ID,android,1
2024-11-18 20:59:00,2a00:5400:f011::,AAKRGE7P9eIAABxfJkTLVA,7,WEB_ID,android,1
2024-11-19 10:17:00,2a00:5400:f011::,AAKRGE7P9eIAABxfJkTLVA,7,WEB_ID,android,1
2024-11-19 10:41:00,2a00:5400:f011::,AAKRGE7P9eIAABxfJkTLVA,7,WEB_ID,android,1
2024-11-19 10:41:00,2a00:5400:f011::,AAKRGE7P9eIAABxfJkTLVA,7,WEB_ID,android,1
2024-11-19 10:43:00,2a00:5400:f011::,AAKRGE7P9eIAABxfJkTLVA,7,WEB_ID,android,1
2024-11-19 10:44:00,2a00:5400:f011::,AAKRGE7P9eIAABxfJkTLVA,7,WEB_ID,android,1
2024-11-08 19:12:00,103.121.138.93,1a6196f1-7953-4e5a-8449-780be167de51,2,IDFV,ios,1
2024-11-08 19:15:00,103.121.138.93,1a6196f1-7953-4e5a-8449-780be167de51,2,IDFV,ios,1
2024-11-08 19:20:00,103.121.138.93,1a6196f1-7953-4e5a-8449-780be167de51,2,IDFV,ios,1
2024-11-10 11:50:00,103.121.138.93,1a6196f1-7953-4e5a-8449-780be167de51,2,IDFV,ios,1
2024-11-10 11:54:00,103.121.138.93,1a6196f1-7953-4e5a-8449-780be167de51,2,IDFV,ios,1
2024-11-10 11:57:00,103.121.138.93,1a6196f1-7953-4e5a-8449-780be167de51,2,IDFV,ios,1
2024-11-19 13:04:00,2a00:5400:e051::,AAFcvU7LIAoAABO-Xttw5A,7,WEB_ID,android,1
2024-11-19 13:06:00,2a00:5400:e051::,AAFcvU7LIAoAABO-Xttw5A,7,WEB_ID,android,1
2024-11-19 13:06:00,2a00:5400:e051::,AAFcvU7LIAoAABO-Xttw5A,7,WEB_ID,android,1
2024-11-19 13:07:00,2a00:5400:e051::,AAFcvU7LIAoAABO-Xttw5A,7,WEB_ID,android,1
2024-11-19 13:07:00,2a00:5400:e051::,AAFcvU7LIAoAABO-Xttw5A,7,WEB_ID,android,1
2024-11-19 13:10:00,2a00:5400:e051::,AAFcvU7LIAoAABO-Xttw5A,7,WEB_ID,android,1
2024-11-19 13:13:00,2a00:5400:e051::,AAFcvU7LIAoAABO-Xttw5A,7,WEB_ID,android,1
2024-11-19 13:16:00,2a00:5400:e051::,AAFcvU7LIAoAABO-Xttw5A,7,WEB_ID,android,1
2024-11-19 13:21:00,2a00:5400:e051::,AAFcvU7LIAoAABO-Xttw5A,7,WEB_ID,android,1
2024-11-09 17:49:00,2a00:5400:f022::,AALKVk7RajkAABv5BSiD8w,6,WEB_ID,android,1
2024-11-11 12:55:00,2a00:5400:f022::,AALKVk7RajkAABv5BSiD8w,6,WEB_ID,android,1
2024-11-11 12:55:00,2a00:5400:f022::,AALKVk7RajkAABv5BSiD8w,6,WEB_ID,android,1
2024-11-11 12:55:00,2a00:5400:f022::,AALKVk7RajkAABv5BSiD8w,6,WEB_ID,android,1
2024-11-11 12:58:00,2a00:5400:f022::,AALKVk7RajkAABv5BSiD8w,6,WEB_ID,android,1
2024-11-10 12:04:00,103.121.138.93,1a6196f1-7953-4e5a-8449-780be167de51,2,IDFV,ios,1
2024-11-10 12:08:00,103.121.138.93,1a6196f1-7953-4e5a-8449-780be167de51,2,IDFV,ios,1
2024-11-10 12:14:00,103.121.138.93,1a6196f1-7953-4e5a-8449-780be167de51,2,IDFV,ios,1
2024-11-10 12:21:00,103.121.138.93,1a6196f1-7953-4e5a-8449-780be167de51,2,IDFV,ios,1
2024-11-10 12:24:00,103.121.138.93,1a6196f1-7953-4e5a-8449-780be167de51,2,IDFV,ios,1
2024-11-19 15:44:00,2a00:5400:e051::,AAFcvU7LIAoAABO-Xttw5A,7,WEB_ID,android,1
2024-11-19 15:44:00,2a00:5400:e051::,AAFcvU7LIAoAABO-Xttw5A,7,WEB_ID,android,1
2024-11-19 15:45:00,2a00:5400:e051::,AAFcvU7LIAoAABO-Xttw5A,7,WEB_ID,android,1
2024-11-19 15:45:00,2a00:5400:e051::,AAFcvU7LIAoAABO-Xttw5A,7,WEB_ID,android,1
2024-11-19 15:46:00,2a00:5400:e051::,AAFcvU7LIAoAABO-Xttw5A,7,WEB_ID,android,1
2024-11-19 15:46:00,2a00:5400:e051::,AAFcvU7LIAoAABO-Xttw5A,7,WEB_ID,android,1
2024-11-19 15:47:00,2a00:5400:e051::,AAFcvU7LIAoAABO-Xttw5A,7,WEB_ID,android,1
2024-11-19 15:47:00,2a00:5400:e051::,AAFcvU7LIAoAABO-Xttw5A,7,WEB_ID,android,1
2024-11-19 15:48:00,2a00:5400:e051::,AAFcvU7LIAoAABO-Xttw5A,7,WEB_ID,android,1
2024-11-19 15:48:00,2a00:5400:e051::,AAFcvU7LIAoAABO-Xttw5A,7,WEB_ID,android,1
2024-11-19 15:49:00,2a00:5400:e051::,AAFcvU7LIAoAABO-Xttw5A,7,WEB_ID,android,1
2024-11-19 15:49:00,2a00:5400:e051::,AAFcvU7LIAoAABO-Xttw5A,7,WEB_ID,android,1
2024-11-19 15:49:00,2a00:5400:e051::,AAFcvU7LIAoAABO-Xttw5A,7,WEB_ID,android,1
2024-11-19 15:50:00,2a00:5400:e051::,AAFcvU7LIAoAABO-Xttw5A,7,WEB_ID,android,1
2024-11-19 15:50:00,2a00:5400:e051::,AAFcvU7LIAoAABO-Xttw5A,7,WEB_ID,android,1
2024-11-19 15:51:00,2a00:5400:e051::,AAFcvU7LIAoAABO-Xttw5A,7,WEB_ID,android,1
2024-11-19 15:51:00,2a00:5400:e051::,AAFcvU7LIAoAABO-Xttw5A,7,WEB_ID,android,1
2024-11-19 15:52:00,2a00:5400:e051::,AAFcvU7LIAoAABO-Xttw5A,7,WEB_ID,android,1
2024-11-19 15:52:00,2a00:5400:e051::,AAFcvU7LIAoAABO-Xttw5A,7,WEB_ID,android,1
2024-11-19 15:52:00,2a00:5400:e051::,AAFcvU7LIAoAABO-Xttw5A,7,WEB_ID,android,1
2024-11-19 15:53:00,2a00:5400:e051::,AAFcvU7LIAoAABO-Xttw5A,7,WEB_ID,android,1
2024-11-19 15:53:00,2a00:5400:e051::,AAFcvU7LIAoAABO-Xttw5A,7,WEB_ID,android,1
2024-11-19 16:25:00,2a00:5400:e051::,AAFcvU7LIAoAABO-Xttw5A,7,WEB_ID,android,1
2024-11-11 13:41:00,2a00:5400:f022::,AALKVk7RajkAABv5BSiD8w,6,WEB_ID,android,1
2024-10-30 13:29:00,2800:430:1382::,59f377d4-2056-4a6a-a18a-916c0f59445a,1,GAID,android,0
2024-11-10 16:56:00,103.121.138.93,1a6196f1-7953-4e5a-8449-780be167de51,2,IDFV,ios,1
2024-11-19 18:11:00,2a00:5400:e051::,AAFcvU7LIAoAABO-Xttw5A,7,WEB_ID,android,1
2024-11-19 18:15:00,2a00:5400:e051::,AAFcvU7LIAoAABO-Xttw5A,7,WEB_ID,android,1
2024-11-19 18:16:00,2a00:5400:e051::,AAFcvU7LIAoAABO-Xttw5A,7,WEB_ID,android,1
2024-11-19 18:17:00,2a00:5400:e051::,AAFcvU7LIAoAABO-Xttw5A,7,WEB_ID,android,1
2024-11-19 18:17:00,2a00:5400:e051::,AAFcvU7LIAoAABO-Xttw5A,7,WEB_ID,android,1
2024-11-19 18:18:00,2a00:5400:e051::,AAFcvU7LIAoAABO-Xttw5A,7,WEB_ID,android,1
2024-11-19 18:18:00,2a00:5400:e051::,AAFcvU7LIAoAABO-Xttw5A,7,WEB_ID,android,1
2024-11-19 18:19:00,2a00:5400:e051::,AAFcvU7LIAoAABO-Xttw5A,7,WEB_ID,android,1
2024-11-19 18:20:00,2a00:5400:e051::,AAFcvU7LIAoAABO-Xttw5A,7,WEB_ID,android,1
2024-11-19 18:21:00,2a00:5400:e051::,AAFcvU7LIAoAABO-Xttw5A,7,WEB_ID,android,1
2024-11-19 18:21:00,2a00:5400:e051::,AAFcvU7LIAoAABO-Xttw5A,7,WEB_ID,android,1
2024-11-19 18:21:00,2a00:5400:e051::,AAFcvU7LIAoAABO-Xttw5A,7,WEB_ID,android,1
2024-11-19 18:22:00,2a00:5400:e051::,AAFcvU7LIAoAABO-Xttw5A,7,WEB_ID,android,1
2024-11-19 18:22:00,2a00:5400:e051::,AAFcvU7LIAoAABO-Xttw5A,7,WEB_ID,android,1
2024-11-19 18:23:00,2a00:5400:e051::,AAFcvU7LIAoAABO-Xttw5A,7,WEB_ID,android,1
2024-11-10 16:59:00,103.136.58.58,7c833208-053f-4ef5-bd69-f17d11084b24,2,IDFV,ios,1
2024-11-10 16:59:00,103.136.58.58,7c833208-053f-4ef5-bd69-f17d11084b24,2,IDFV,ios,1
2024-11-10 17:05:00,103.136.58.58,7c833208-053f-4ef5-bd69-f17d11084b24,2,IDFV,ios,1
2024-11-10 17:10:00,103.136.58.58,7c833208-053f-4ef5-bd69-f17d11084b24,2,IDFV,ios,1
2024-11-19 18:40:00,2a00:5400:e051::,AAFcvU7LIAoAABO-Xttw5A,7,WEB_ID,android,1
2024-11-19 18:41:00,2a00:5400:e051::,AAFcvU7LIAoAABO-Xttw5A,7,WEB_ID,android,1
2024-11-19 18:42:00,2a00:5400:e051::,AAFcvU7LIAoAABO-Xttw5A,7,WEB_ID,android,1
2024-11-10 20:29:00,103.121.138.93,1a6196f1-7953-4e5a-8449-780be167de51,2,IDFV,ios,1
2024-11-10 20:32:00,103.121.138.93,1a6196f1-7953-4e5a-8449-780be167de51,2,IDFV,ios,1
2024-11-11 10:42:00,103.136.58.58,7c833208-053f-4ef5-bd69-f17d11084b24,2,IDFV,ios,1
2024-11-11 10:50:00,103.136.58.58,7c833208-053f-4ef5-bd69-f17d11084b24,2,IDFV,ios,1
2024-11-11 10:57:00,103.136.58.58,7c833208-053f-4ef5-bd69-f17d11084b24,2,IDFV,ios,1
2024-11-11 11:02:00,103.136.58.58,7c833208-053f-4ef5-bd69-f17d11084b24,2,IDFV,ios,1
2024-11-12 08:29:00,2a00:5400:e053:b76:bcc1:6ef7:befe:4321,AAKT707IOKgAAB_bLwHDew,6,WEB_ID,ios,1
2024-11-12 08:30:00,2a00:5400:e053:b76:bcc1:6ef7:befe:4321,AAKT707IOKgAAB_bLwHDew,6,WEB_ID,ios,1
2024-11-12 08:35:00,2a00:5400:e053:b76:bcc1:6ef7:befe:4321,AAKT707IOKgAAB_bLwHDew,6,WEB_ID,ios,1
2024-11-12 08:37:00,2a00:5400:e053:b76:bcc1:6ef7:befe:4321,AAKT707IOKgAAB_bLwHDew,6,WEB_ID,ios,1
2024-11-12 08:39:00,82.167.77.124,AAKT707IOKgAAB_bLwHDew,6,WEB_ID,ios,1
2024-11-12 08:42:00,2a00:5400:e053:b76:bcc1:6ef7:befe:4321,AAKT707IOKgAAB_bLwHDew,6,WEB_ID,ios,1
2024-11-12 08:51:00,2a00:5400:e053:b76:bcc1:6ef7:befe:4321,AAKT707IOKgAAB_bLwHDew,6,WEB_ID,ios,1
2024-11-12 08:56:00,2a00:5400:e053:b76:bcc1:6ef7:befe:4321,AAKT707IOKgAAB_bLwHDew,6,WEB_ID,ios,1
2024-10-30 14:42:00,148.227.93.0,59f377d4-2056-4a6a-a18a-916c0f59445a,1,GAID,android,0
2024-10-30 15:32:00,148.227.93.157,59f377d4-2056-4a6a-a18a-916c0f59445a,1,GAID,android,0
2024-10-30 15:34:00,148.227.93.157,59f377d4-2056-4a6a-a18a-916c0f59445a,1,GAID,android,0
2024-11-12 09:07:00,2a00:5400:e053:b76:bcc1:6ef7:befe:4321,AAKT707IOKgAAB_bLwHDew,6,WEB_ID,ios,1
2024-11-12 09:09:00,2a00:5400:e053:b76:bcc1:6ef7:befe:4321,AAKT707IOKgAAB_bLwHDew,6,WEB_ID,ios,1
2024-11-12 09:15:00,2a00:5400:e053:b76:bcc1:6ef7:befe:4321,AAKT707IOKgAAB_bLwHDew,6,WEB_ID,ios,1
2024-11-12 09:22:00,2a00:5400:e053:b76:bcc1:6ef7:befe:4321,AAKT707IOKgAAB_bLwHDew,6,WEB_ID,ios,1
2024-11-12 14:53:00,2a00:5400:e053:b76::,AAKT707IOKgAAB_bLwHDew,6,WEB_ID,ios,1
2024-11-12 14:56:00,2a00:5400:e053:b76:bcc1:6ef7:befe:4321,AAKT707IOKgAAB_bLwHDew,6,WEB_ID,ios,1
2024-11-12 14:57:00,2a00:5400:e053:b76::,AAKT707IOKgAAB_bLwHDew,6,WEB_ID,ios,1
2024-11-12 15:01:00,2a00:5400:e053:b76:bcc1:6ef7:befe:4321,AAKT707IOKgAAB_bLwHDew,6,WEB_ID,ios,1
2024-11-12 15:04:00,2a00:5400:e053:b76:bcc1:6ef7:befe:4321,AAKT707IOKgAAB_bLwHDew,6,WEB_ID,ios,1
2024-11-12 15:11:00,82.167.76.60,AAKT707IOKgAAB_bLwHDew,6,WEB_ID,ios,1
2024-11-12 15:28:00,2a00:5400:e053:b76:bcc1:6ef7:befe:4321,AAKT707IOKgAAB_bLwHDew,6,WEB_ID,ios,1
2024-11-12 17:40:00,2a00:5400:e053:b76:bcc1:6ef7:befe:4321,AAKT707IOKgAAB_bLwHDew,6,WEB_ID,ios,1
2024-11-12 17:45:00,2a00:5400:e053:b76:bcc1:6ef7:befe:4321,AAKT707IOKgAAB_bLwHDew,6,WEB_ID,ios,1
2024-11-12 17:53:00,2a00:5400:e053:b76:bcc1:6ef7:befe:4321,AAKT707IOKgAAB_bLwHDew,6,WEB_ID,ios,1
2024-10-30 14:45:00,148.227.93.16,59f377d4-2056-4a6a-a18a-916c0f59445a,1,GAID,android,0
2024-10-30 14:45:00,148.227.93.16,59f377d4-2056-4a6a-a18a-916c0f59445a,1,GAID,android,0
2024-10-30 14:47:00,148.227.93.16,59f377d4-2056-4a6a-a18a-916c0f59445a,1,GAID,android,0
2024-10-30 14:47:00,148.227.93.16,59f377d4-2056-4a6a-a18a-916c0f59445a,1,GAID,android,0
2024-11-19 19:40:00,2a00:5400:f011::,AAKRGE7P9eIAABxfJkTLVA,7,WEB_ID,android,1
2024-11-19 19:43:00,2a00:5400:f011::,AAKRGE7P9eIAABxfJkTLVA,7,WEB_ID,android,1
2024-11-19 19:44:00,2a00:5400:f011::,AAKRGE7P9eIAABxfJkTLVA,7,WEB_ID,android,1
2024-11-19 19:45:00,2a00:5400:f011::,AAKRGE7P9eIAABxfJkTLVA,7,WEB_ID,android,1
2024-11-19 19:46:00,2a00:5400:f011::,AAKRGE7P9eIAABxfJkTLVA,7,WEB_ID,android,1
2024-11-19 19:47:00,2a00:5400:f011::,AAKRGE7P9eIAABxfJkTLVA,7,WEB_ID,android,1
2024-11-19 19:47:00,2a00:5400:f011::,AAKRGE7P9eIAABxfJkTLVA,7,WEB_ID,android,1
2024-11-19 19:47:00,2a00:5400:f011::,AAKRGE7P9eIAABxfJkTLVA,7,WEB_ID,android,1
2024-11-19 19:48:00,2a00:5400:f011::,AAKRGE7P9eIAABxfJkTLVA,7,WEB_ID,android,1
2024-11-19 19:48:00,2a00:5400:f011::,AAKRGE7P9eIAABxfJkTLVA,7,WEB_ID,android,1
2024-11-19 19:48:00,2a00:5400:f011::,AAKRGE7P9eIAABxfJkTLVA,7,WEB_ID,android,1
2024-11-19 19:49:00,2a00:5400:f011::,AAKRGE7P9eIAABxfJkTLVA,7,WEB_ID,android,1
2024-11-19 19:53:00,2a00:5400:f011::,AAKRGE7P9eIAABxfJkTLVA,7,WEB_ID,android,1
2024-11-19 19:54:00,2a00:5400:f011::,AAKRGE7P9eIAABxfJkTLVA,7,WEB_ID,android,1
2024-11-19 19:54:00,2a00:5400:f011::,AAKRGE7P9eIAABxfJkTLVA,7,WEB_ID,android,1
2024-11-19 19:55:00,2a00:5400:f011::,AAKRGE7P9eIAABxfJkTLVA,7,WEB_ID,android,1
2024-11-11 16:03:00,103.121.138.93,1a6196f1-7953-4e5a-8449-780be167de51,2,IDFV,ios,1
2024-11-11 16:06:00,103.121.138.93,1a6196f1-7953-4e5a-8449-780be167de51,2,IDFV,ios,1
2024-11-12 20:21:00,2a00:5400:f022::,AALKVk7RajkAABv5BSiD8w,6,WEB_ID,android,1
2024-11-20 11:05:00,2a00:5400:f011::,AAKRGE7P9eIAABxfJkTLVA,7,WEB_ID,android,1
2024-11-20 11:13:00,2a00:5400:f011::,AAKRGE7P9eIAABxfJkTLVA,7,WEB_ID,android,1
2024-11-20 11:15:00,2a00:5400:f011::,AAKRGE7P9eIAABxfJkTLVA,7,WEB_ID,android,1
2024-11-20 11:18:00,2a00:5400:f011::,AAKRGE7P9eIAABxfJkTLVA,7,WEB_ID,android,1
2024-11-20 11:22:00,2a00:5400:f011::,AAKRGE7P9eIAABxfJkTLVA,7,WEB_ID,android,1
2024-11-20 11:22:00,2a00:5400:f011::,AAKRGE7P9eIAABxfJkTLVA,7,WEB_ID,android,1
2024-11-20 11:22:00,2a00:5400:f011::,AAKRGE7P9eIAABxfJkTLVA,7,WEB_ID,android,1
2024-11-20 11:23:00,2a00:5400:f011::,AAKRGE7P9eIAABxfJkTLVA,7,WEB_ID,android,1
2024-11-20 11:24:00,2a00:5400:f011::,AAKRGE7P9eIAABxfJkTLVA,7,WEB_ID,android,1
2024-11-20 11:24:00,2a00:5400:f011::,AAKRGE7P9eIAABxfJkTLVA,7,WEB_ID,android,1
2024-11-20 11:24:00,2a00:5400:f011::,AAKRGE7P9eIAABxfJkTLVA,7,WEB_ID,android,1
2024-11-20 11:25:00,2a00:5400:f011::,AAKRGE7P9eIAABxfJkTLVA,7,WEB_ID,android,1
2024-11-20 11:25:00,2a00:5400:f011::,AAKRGE7P9eIAABxfJkTLVA,7,WEB_ID,android,1
2024-11-20 11:26:00,2a00:5400:f011::,AAKRGE7P9eIAABxfJkTLVA,7,WEB_ID,android,1
2024-11-20 11:31:00,2a00:5400:f011::,AAKRGE7P9eIAABxfJkTLVA,7,WEB_ID,android,1
2024-11-20 11:31:00,2a00:5400:f011::,AAKRGE7P9eIAABxfJkTLVA,7,WEB_ID,android,1
2024-11-20 11:32:00,2a00:5400:f011::,AAKRGE7P9eIAABxfJkTLVA,7,WEB_ID,android,1
2024-11-20 11:33:00,2a00:5400:f011::,AAKRGE7P9eIAABxfJkTLVA,7,WEB_ID,android,1
2024-11-20 11:34:00,2a00:5400:f011::,AAKRGE7P9eIAABxfJkTLVA,7,WEB_ID,android,1
2024-11-20 11:34:00,2a00:5400:f011::,AAKRGE7P9eIAABxfJkTLVA,7,WEB_ID,android,1
2024-11-20 11:35:00,2a00:5400:f011::,AAKRGE7P9eIAABxfJkTLVA,7,WEB_ID,android,1
2024-11-20 11:38:00,2a00:5400:f011::,AAKRGE7P9eIAABxfJkTLVA,7,WEB_ID,android,1
2024-11-20 11:38:00,2a00:5400:f011::,AAKRGE7P9eIAABxfJkTLVA,7,WEB_ID,android,1
2024-11-20 11:38:00,2a00:5400:f011::,AAKRGE7P9eIAABxfJkTLVA,7,WEB_ID,android,1
2024-11-20 11:39:00,2a00:5400:f011::,AAKRGE7P9eIAABxfJkTLVA,7,WEB_ID,android,1
2024-11-20 11:40:00,2a00:5400:f011::,AAKRGE7P9eIAABxfJkTLVA,7,WEB_ID,android,1
2024-11-20 11:41:00,2a00:5400:f011::,AAKRGE7P9eIAABxfJkTLVA,7,WEB_ID,android,1
2024-11-20 11:41:00,2a00:5400:f011::,AAKRGE7P9eIAABxfJkTLVA,7,WEB_ID,android,1
2024-11-20 11:42:00,2a00:5400:f011::,AAKRGE7P9eIAABxfJkTLVA,7,WEB_ID,android,1
2024-11-20 11:48:00,2a00:5400:f011::,AAKRGE7P9eIAABxfJkTLVA,7,WEB_ID,android,1
2024-11-20 11:49:00,2a00:5400:f011::,AAKRGE7P9eIAABxfJkTLVA,7,WEB_ID,android,1
2024-11-11 16:27:00,182.23.52.245,7c833208-053f-4ef5-bd69-f17d11084b24,2,IDFV,ios,1
2024-11-12 20:38:00,2a00:5400:f022::,AALKVk7RajkAABv5BSiD8w,6,WEB_ID,android,1
2024-11-20 15:29:00,2a00:5400:f014::,AAKRGE7P9eIAABxfJkTLVA,7,WEB_ID,android,1
2024-11-20 15:30:00,2a00:5400:f014::,AAKRGE7P9eIAABxfJkTLVA,7,WEB_ID,android,1
2024-11-20 15:32:00,2a00:5400:f014::,AAKRGE7P9eIAABxfJkTLVA,7,WEB_ID,android,1
2024-11-20 15:33:00,2a00:5400:f014::,AAKRGE7P9eIAABxfJkTLVA,7,WEB_ID,android,1
2024-11-20 15:33:00,2a00:5400:f014::,AAKRGE7P9eIAABxfJkTLVA,7,WEB_ID,android,1
2024-11-20 15:38:00,2a00:5400:f014::,AAKRGE7P9eIAABxfJkTLVA,7,WEB_ID,android,1
2024-11-20 18:33:00,2a00:5400:f014::,AAKRGE7P9eIAABxfJkTLVA,7,WEB_ID,android,1
2024-10-30 14:58:00,148.227.93.157,59f377d4-2056-4a6a-a18a-916c0f59445a,1,GAID,android,0
2024-10-30 15:31:00,148.227.93.157,59f377d4-2056-4a6a-a18a-916c0f59445a,1,GAID,android,0
2024-10-30 15:33:00,148.227.93.157,59f377d4-2056-4a6a-a18a-916c0f59445a,1,GAID,android,0
2024-10-30 15:33:00,148.227.93.157,59f377d4-2056-4a6a-a18a-916c0f59445a,1,GAID,android,0
2024-10-30 15:39:00,148.227.93.157,59f377d4-2056-4a6a-a18a-916c0f59445a,1,GAID,android,0
2024-10-30 15:40:00,148.227.93.157,59f377d4-2056-4a6a-a18a-916c0f59445a,1,GAID,android,0
2024-10-30 15:45:00,148.227.93.157,59f377d4-2056-4a6a-a18a-916c0f59445a,1,GAID,android,0
2024-10-30 15:46:00,148.227.93.157,59f377d4-2056-4a6a-a18a-916c0f59445a,1,GAID,android,0
2024-10-30 15:52:00,148.227.93.157,59f377d4-2056-4a6a-a18a-916c0f59445a,1,GAID,android,0
2024-11-12 20:45:00,2a00:5400:f022::,AALKVk7RajkAABv5BSiD8w,6,WEB_ID,android,1
2024-11-12 20:46:00,2a00:5400:f022::,AALKVk7RajkAABv5BSiD8w,6,WEB_ID,android,1
2024-10-30 18:02:00,148.227.93.157,59f377d4-2056-4a6a-a18a-916c0f59445a,1,GAID,android,0
2024-10-30 18:02:00,148.227.93.157,59f377d4-2056-4a6a-a18a-916c0f59445a,1,GAID,android,0
2024-11-11 16:45:00,103.164.195.59,7c833208-053f-4ef5-bd69-f17d11084b24,2,IDFV,ios,1
2024-11-11 16:51:00,103.164.195.59,7c833208-053f-4ef5-bd69-f17d11084b24,2,IDFV,ios,1
2024-11-20 19:24:00,2a00:5400:f014::,AAKRGE7P9eIAABxfJkTLVA,7,WEB_ID,android,1
2024-11-20 19:26:00,2a00:5400:f014::,AAKRGE7P9eIAABxfJkTLVA,7,WEB_ID,android,1
2024-11-20 20:45:00,2a00:5400:f014::,AAKRGE7P9eIAABxfJkTLVA,7,WEB_ID,android,1
2024-11-20 20:49:00,2a00:5400:f014::,AAKRGE7P9eIAABxfJkTLVA,7,WEB_ID,android,1
2024-11-20 20:49:00,2a00:5400:f014::,AAKRGE7P9eIAABxfJkTLVA,7,WEB_ID,android,1
2024-11-20 20:53:00,2a00:5400:f014::,AAKRGE7P9eIAABxfJkTLVA,7,WEB_ID,android,1
2024-11-20 20:55:00,2a00:5400:f014::,AAKRGE7P9eIAABxfJkTLVA,7,WEB_ID,android,1
2024-11-20 20:58:00,2a00:5400:f014::,AAKRGE7P9eIAABxfJkTLVA,7,WEB_ID,android,1
2024-11-20 21:26:00,2a00:5400:f014::,AAKRGE7P9eIAABxfJkTLVA,7,WEB_ID,android,1
2024-11-05 08:24:00,2401:ba80:aa93::,d70be07e-05ff-4037-98c5-d059c20f4a1e,5,IDFA,ios,1
2024-11-21 08:47:00,2a00:5400:f014::,AAKRGE7P9eIAABxfJkTLVA,7,WEB_ID,android,1
2024-11-21 08:52:00,2a00:5400:f014::,AAKRGE7P9eIAABxfJkTLVA,7,WEB_ID,android,1
2024-10-30 19:36:00,148.227.93.37,59f377d4-2056-4a6a-a18a-916c0f59445a,1,GAID,android,0
2024-10-30 19:36:00,148.227.93.37,59f377d4-2056-4a6a-a18a-916c0f59445a,1,GAID,android,0
2024-10-30 19:41:00,148.227.93.37,59f377d4-2056-4a6a-a18a-916c0f59445a,1,GAID,android,0
2024-10-30 19:42:00,148.227.93.37,59f377d4-2056-4a6a-a18a-916c0f59445a,1,GAID,android,0
2024-10-30 19:43:00,148.227.93.37,59f377d4-2056-4a6a-a18a-916c0f59445a,1,GAID,android,0
2024-10-30 19:45:00,148.227.93.37,59f377d4-2056-4a6a-a18a-916c0f59445a,1,GAID,android,0
2024-10-30 19:46:00,2803:9810:6294:ea10:10d8:902a:7cb4:7a68,59f377d4-2056-4a6a-a18a-916c0f59445a,1,GAID,android,0
2024-10-30 19:46:00,2803:9810:6294:ea10:10d8:902a:7cb4:7a68,59f377d4-2056-4a6a-a18a-916c0f59445a,1,GAID,android,0
2024-10-30 19:49:00,148.227.93.37,59f377d4-2056-4a6a-a18a-916c0f59445a,1,GAID,android,0
2024-10-30 19:49:00,148.227.93.37,59f377d4-2056-4a6a-a18a-916c0f59445a,1,GAID,android,0
2024-11-11 20:57:00,202.165.46.254,686931a4-abd8-46e6-b0e3-78e57c0c620c,2,IDFV,ios,1
2024-11-21 09:59:00,2a00:5400:f014::,AAKRGE7P9eIAABxfJkTLVA,7,WEB_ID,android,1
2024-11-21 10:01:00,2a00:5400:f014::,AAKRGE7P9eIAABxfJkTLVA,7,WEB_ID,android,1
2024-11-21 10:01:00,2a00:5400:f014::,AAKRGE7P9eIAABxfJkTLVA,7,WEB_ID,android,1
2024-11-21 10:02:00,2a00:5400:f014::,AAKRGE7P9eIAABxfJkTLVA,7,WEB_ID,android,1
2024-11-21 10:02:00,2a00:5400:f014::,AAKRGE7P9eIAABxfJkTLVA,7,WEB_ID,android,1
2024-11-21 10:08:00,2a00:5400:f014::,AAKRGE7P9eIAABxfJkTLVA,7,WEB_ID,android,1
2024-10-30 19:42:00,2803:9810:343d::,59f377d4-2056-4a6a-a18a-916c0f59445a,1,GAID,android,0
2024-11-12 09:54:00,103.121.138.93,1a6196f1-7953-4e5a-8449-780be167de51,2,IDFV,ios,1
2024-11-12 10:01:00,103.121.138.93,1a6196f1-7953-4e5a-8449-780be167de51,2,IDFV,ios,1
2024-11-12 10:06:00,103.121.138.93,1a6196f1-7953-4e5a-8449-780be167de51,2,IDFV,ios,1
2024-11-12 10:12:00,103.121.138.93,1a6196f1-7953-4e5a-8449-780be167de51,2,IDFV,ios,1
2024-11-12 21:02:00,2a00:5400:f022::,AALKVk7RajkAABv5BSiD8w,6,WEB_ID,android,1
2024-10-30 19:45:00,148.227.93.90,59f377d4-2056-4a6a-a18a-916c0f59445a,1,GAID,android,0
2024-10-30 19:46:00,148.227.93.90,59f377d4-2056-4a6a-a18a-916c0f59445a,1,GAID,android,0
2024-10-30 19:47:00,148.227.93.90,59f377d4-2056-4a6a-a18a-916c0f59445a,1,GAID,android,0
2024-10-30 19:47:00,148.227.93.90,59f377d4-2056-4a6a-a18a-916c0f59445a,1,GAID,android,0
2024-11-12 10:16:00,182.23.52.245,7c833208-053f-4ef5-bd69-f17d11084b24,2,IDFV,ios,1
2024-11-12 10:26:00,103.135.220.100,7c833208-053f-4ef5-bd69-f17d11084b24,2,IDFV,ios,1
2024-11-12 10:31:00,114.10.79.202,7c833208-053f-4ef5-bd69-f17d11084b24,2,IDFV,ios,1
2024-11-21 11:13:00,2a00:5400:e051::,AAFcvU7LIAoAABO-Xttw5A,7,WEB_ID,android,1
2024-11-21 11:27:00,2a00:5400:e051::,AAFcvU7LIAoAABO-Xttw5A,7,WEB_ID,android,1
2024-11-21 11:28:00,2a00:5400:e051::,AAFcvU7LIAoAABO-Xttw5A,7,WEB_ID,android,1
2024-11-21 11:35:00,2a00:5400:e051::,AAFcvU7LIAoAABO-Xttw5A,7,WEB_ID,android,1
2024-11-21 11:38:00,2a00:5400:e051::,AAFcvU7LIAoAABO-Xttw5A,7,WEB_ID,android,1
2024-11-21 11:39:00,2a00:5400:e051::,AAFcvU7LIAoAABO-Xttw5A,7,WEB_ID,android,1
2024-11-21 11:39:00,2a00:5400:e051::,AAFcvU7LIAoAABO-Xttw5A,7,WEB_ID,android,1
2024-11-21 11:40:00,2a00:5400:e051::,AAFcvU7LIAoAABO-Xttw5A,7,WEB_ID,android,1
2024-11-21 11:40:00,2a00:5400:e051::,AAFcvU7LIAoAABO-Xttw5A,7,WEB_ID,android,1
2024-11-21 11:41:00,2a00:5400:e051::,AAFcvU7LIAoAABO-Xttw5A,7,WEB_ID,android,1
2024-11-21 11:41:00,2a00:5400:e051::,AAFcvU7LIAoAABO-Xttw5A,7,WEB_ID,android,1
2024-11-21 11:41:00,2a00:5400:e051::,AAFcvU7LIAoAABO-Xttw5A,7,WEB_ID,android,1
2024-11-21 11:41:00,2a00:5400:e051::,AAFcvU7LIAoAABO-Xttw5A,7,WEB_ID,android,1
2024-11-21 11:42:00,2a00:5400:e051::,AAFcvU7LIAoAABO-Xttw5A,7,WEB_ID,android,1
2024-11-21 11:45:00,2a00:5400:e051::,AAFcvU7LIAoAABO-Xttw5A,7,WEB_ID,android,1
2024-11-21 11:45:00,2a00:5400:e051::,AAFcvU7LIAoAABO-Xttw5A,7,WEB_ID,android,1
2024-11-21 11:45:00,2a00:5400:e051::,AAFcvU7LIAoAABO-Xttw5A,7,WEB_ID,android,1
2024-11-21 11:46:00,2a00:5400:e051::,AAFcvU7LIAoAABO-Xttw5A,7,WEB_ID,android,1
2024-11-21 11:46:00,2a00:5400:e051::,AAFcvU7LIAoAABO-Xttw5A,7,WEB_ID,android,1
2024-11-21 11:46:00,2a00:5400:e051::,AAFcvU7LIAoAABO-Xttw5A,7,WEB_ID,android,1
2024-11-21 11:46:00,2a00:5400:e051::,AAFcvU7LIAoAABO-Xttw5A,7,WEB_ID,android,1
2024-11-21 11:47:00,2a00:5400:e051::,AAFcvU7LIAoAABO-Xttw5A,7,WEB_ID,android,1
2024-11-21 11:48:00,2a00:5400:e051::,AAFcvU7LIAoAABO-Xttw5A,7,WEB_ID,android,1
2024-11-21 11:48:00,2a00:5400:e051::,AAFcvU7LIAoAABO-Xttw5A,7,WEB_ID,android,1
2024-11-21 11:48:00,2a00:5400:e051::,AAFcvU7LIAoAABO-Xttw5A,7,WEB_ID,android,1
2024-11-21 11:49:00,2a00:5400:e051::,AAFcvU7LIAoAABO-Xttw5A,7,WEB_ID,android,1
2024-11-21 11:49:00,2a00:5400:e051::,AAFcvU7LIAoAABO-Xttw5A,7,WEB_ID,android,1
2024-11-21 11:49:00,2a00:5400:e051::,AAFcvU7LIAoAABO-Xttw5A,7,WEB_ID,android,1
2024-11-21 11:50:00,2a00:5400:e051::,AAFcvU7LIAoAABO-Xttw5A,7,WEB_ID,android,1
2024-11-21 11:50:00,2a00:5400:e051::,AAFcvU7LIAoAABO-Xttw5A,7,WEB_ID,android,1
2024-11-21 11:50:00,2a00:5400:e051::,AAFcvU7LIAoAABO-Xttw5A,7,WEB_ID,android,1
2024-11-21 11:51:00,2a00:5400:e051::,AAFcvU7LIAoAABO-Xttw5A,7,WEB_ID,android,1
2024-11-21 11:51:00,2a00:5400:e051::,AAFcvU7LIAoAABO-Xttw5A,7,WEB_ID,android,1
2024-11-21 11:51:00,2a00:5400:e051::,AAFcvU7LIAoAABO-Xttw5A,7,WEB_ID,android,1
2024-11-21 11:52:00,2a00:5400:e051::,AAFcvU7LIAoAABO-Xttw5A,7,WEB_ID,android,1
2024-11-21 11:52:00,2a00:5400:e051::,AAFcvU7LIAoAABO-Xttw5A,7,WEB_ID,android,1
2024-11-21 11:52:00,2a00:5400:e051::,AAFcvU7LIAoAABO-Xttw5A,7,WEB_ID,android,1
2024-11-21 11:53:00,2a00:5400:e051::,AAFcvU7LIAoAABO-Xttw5A,7,WEB_ID,android,1
2024-11-14 10:17:00,103.121.138.180,7c833208-053f-4ef5-bd69-f17d11084b24,2,IDFV,ios,1
2024-11-14 10:29:00,103.121.138.180,7c833208-053f-4ef5-bd69-f17d11084b24,2,IDFV,ios,1
2024-11-14 10:33:00,103.121.138.180,7c833208-053f-4ef5-bd69-f17d11084b24,2,IDFV,ios,1
2024-11-14 10:39:00,103.121.138.180,7c833208-053f-4ef5-bd69-f17d11084b24,2,IDFV,ios,1
2024-10-30 19:47:00,148.227.93.184,59f377d4-2056-4a6a-a18a-916c0f59445a,1,GAID,android,0
2024-10-30 19:47:00,2803:9810:6294:ea10:f68c:249:1b9:a877,59f377d4-2056-4a6a-a18a-916c0f59445a,1,GAID,android,0
2024-10-30 19:48:00,148.227.93.184,59f377d4-2056-4a6a-a18a-916c0f59445a,1,GAID,android,0
2024-10-30 19:50:00,148.227.93.184,59f377d4-2056-4a6a-a18a-916c0f59445a,1,GAID,android,0
2024-10-30 20:01:00,148.227.93.90,59f377d4-2056-4a6a-a18a-916c0f59445a,1,GAID,android,0
2024-11-14 12:25:00,103.121.138.93,1a6196f1-7953-4e5a-8449-780be167de51,2,IDFV,ios,1
2024-11-14 12:30:00,103.121.138.93,1a6196f1-7953-4e5a-8449-780be167de51,2,IDFV,ios,1
2024-11-14 12:33:00,103.121.138.93,1a6196f1-7953-4e5a-8449-780be167de51,2,IDFV,ios,1
2024-11-14 12:38:00,103.121.138.93,1a6196f1-7953-4e5a-8449-780be167de51,2,IDFV,ios,1
2024-11-14 08:21:00,82.167.76.60,AAKT707IOKgAAB_bLwHDew,6,WEB_ID,ios,1
2024-11-14 08:22:00,82.167.76.60,AAKT707IOKgAAB_bLwHDew,6,WEB_ID,ios,1
2024-11-14 08:22:00,2a00:5400:e053:b76::,AAKT707IOKgAAB_bLwHDew,6,WEB_ID,ios,1
2024-11-05 08:41:00,2400:adc1:498::,d70be07e-05ff-4037-98c5-d059c20f4a1e,5,IDFA,ios,1
2024-11-14 16:15:00,182.3.36.178,686931a4-abd8-46e6-b0e3-78e57c0c620c,2,IDFV,ios,1
2024-10-30 20:19:00,148.227.93.90,59f377d4-2056-4a6a-a18a-916c0f59445a,1,GAID,android,0
2024-10-30 20:30:00,148.227.93.90,59f377d4-2056-4a6a-a18a-916c0f59445a,1,GAID,android,0
2024-10-30 20:30:00,148.227.93.90,59f377d4-2056-4a6a-a18a-916c0f59445a,1,GAID,android,0
2024-10-30 20:35:00,148.227.93.90,59f377d4-2056-4a6a-a18a-916c0f59445a,1,GAID,android,0
2024-10-30 20:35:00,148.227.93.90,59f377d4-2056-4a6a-a18a-916c0f59445a,1,GAID,android,0
2024-11-14 12:39:00,2a00:5400:f020::,AALKVk7RajkAABv5BSiD8w,6,WEB_ID,android,1
2024-10-30 20:38:00,148.227.93.90,59f377d4-2056-4a6a-a18a-916c0f59445a,1,GAID,android,0
2024-10-30 20:40:00,148.227.93.90,59f377d4-2056-4a6a-a18a-916c0f59445a,1,GAID,android,0
2024-11-14 16:27:00,114.10.65.75,1a6196f1-7953-4e5a-8449-780be167de51,2,IDFV,ios,1
2024-10-31 08:27:00,148.227.93.90,59f377d4-2056-4a6a-a18a-916c0f59445a,1,GAID,android,0
2024-11-14 16:40:00,114.10.65.75,1a6196f1-7953-4e5a-8449-780be167de51,2,IDFV,ios,1
2024-10-31 08:28:00,148.227.93.90,59f377d4-2056-4a6a-a18a-916c0f59445a,1,GAID,android,0
2024-10-31 08:31:00,148.227.93.90,59f377d4-2056-4a6a-a18a-916c0f59445a,1,GAID,android,0
2024-10-31 09:14:00,2803:9810:343d::,59f377d4-2056-4a6a-a18a-916c0f59445a,1,GAID,android,0
2024-10-31 09:17:00,2803:9810:343d::,59f377d4-2056-4a6a-a18a-916c0f59445a,1,GAID,android,0
2024-11-21 13:44:00,2a00:5400:e051::,AAFcvU7LIAoAABO-Xttw5A,7,WEB_ID,android,1
2024-11-21 13:44:00,2a00:5400:e051::,AAFcvU7LIAoAABO-Xttw5A,7,WEB_ID,android,1
2024-11-21 13:49:00,2a00:5400:e051::,AAFcvU7LIAoAABO-Xttw5A,7,WEB_ID,android,1
2024-11-21 13:50:00,2a00:5400:e051::,AAFcvU7LIAoAABO-Xttw5A,7,WEB_ID,android,1
2024-11-21 13:50:00,2a00:5400:e051::,AAFcvU7LIAoAABO-Xttw5A,7,WEB_ID,android,1
2024-11-21 13:51:00,2a00:5400:e051::,AAFcvU7LIAoAABO-Xttw5A,7,WEB_ID,android,1
2024-11-21 13:53:00,2a00:5400:e051::,AAFcvU7LIAoAABO-Xttw5A,7,WEB_ID,android,1
2024-11-21 13:55:00,2a00:5400:e051::,AAFcvU7LIAoAABO-Xttw5A,7,WEB_ID,android,1
2024-11-21 13:56:00,2a00:5400:e051::,AAFcvU7LIAoAABO-Xttw5A,7,WEB_ID,android,1
2024-11-21 13:57:00,2a00:5400:e051::,AAFcvU7LIAoAABO-Xttw5A,7,WEB_ID,android,1
2024-11-21 13:57:00,2a00:5400:e051::,AAFcvU7LIAoAABO-Xttw5A,7,WEB_ID,android,1
2024-11-21 13:59:00,2a00:5400:e051::,AAFcvU7LIAoAABO-Xttw5A,7,WEB_ID,android,1
2024-11-21 13:59:00,2a00:5400:e051::,AAFcvU7LIAoAABO-Xttw5A,7,WEB_ID,android,1
2024-11-21 14:00:00,2a00:5400:e051::,AAFcvU7LIAoAABO-Xttw5A,7,WEB_ID,android,1
2024-11-21 14:01:00,2a00:5400:e051::,AAFcvU7LIAoAABO-Xttw5A,7,WEB_ID,android,1
2024-11-21 14:02:00,2a00:5400:e051::,AAFcvU7LIAoAABO-Xttw5A,7,WEB_ID,android,1
2024-11-21 14:06:00,2a00:5400:e051::,AAFcvU7LIAoAABO-Xttw5A,7,WEB_ID,android,1
2024-11-21 14:06:00,2a00:5400:e051::,AAFcvU7LIAoAABO-Xttw5A,7,WEB_ID,android,1
2024-11-21 14:07:00,2a00:5400:e051::,AAFcvU7LIAoAABO-Xttw5A,7,WEB_ID,android,1
2024-11-21 14:07:00,2a00:5400:e051::,AAFcvU7LIAoAABO-Xttw5A,7,WEB_ID,android,1
2024-11-21 14:08:00,2a00:5400:e051::,AAFcvU7LIAoAABO-Xttw5A,7,WEB_ID,android,1
2024-11-21 14:08:00,2a00:5400:e051::,AAFcvU7LIAoAABO-Xttw5A,7,WEB_ID,android,1
2024-11-21 14:08:00,2a00:5400:e051::,AAFcvU7LIAoAABO-Xttw5A,7,WEB_ID,android,1
2024-11-21 14:09:00,2a00:5400:e051::,AAFcvU7LIAoAABO-Xttw5A,7,WEB_ID,android,1
2024-11-21 14:09:00,2a00:5400:e051::,AAFcvU7LIAoAABO-Xttw5A,7,WEB_ID,android,1
2024-11-21 14:10:00,2a00:5400:e051::,AAFcvU7LIAoAABO-Xttw5A,7,WEB_ID,android,1
2024-11-21 15:24:00,2a00:5400:e051::,AAFcvU7LIAoAABO-Xttw5A,7,WEB_ID,android,1
2024-11-21 15:24:00,2a00:5400:e051::,AAFcvU7LIAoAABO-Xttw5A,7,WEB_ID,android,1
2024-11-21 15:25:00,2a00:5400:e051::,AAFcvU7LIAoAABO-Xttw5A,7,WEB_ID,android,1
2024-11-21 15:25:00,2a00:5400:e051::,AAFcvU7LIAoAABO-Xttw5A,7,WEB_ID,android,1
2024-11-21 15:26:00,2a00:5400:e051::,AAFcvU7LIAoAABO-Xttw5A,7,WEB_ID,android,1
2024-11-21 15:26:00,2a00:5400:e051::,AAFcvU7LIAoAABO-Xttw5A,7,WEB_ID,android,1
2024-11-21 15:27:00,2a00:5400:e051::,AAFcvU7LIAoAABO-Xttw5A,7,WEB_ID,android,1
2024-11-21 15:27:00,2a00:5400:e051::,AAFcvU7LIAoAABO-Xttw5A,7,WEB_ID,android,1
2024-11-21 15:27:00,2a00:5400:e051::,AAFcvU7LIAoAABO-Xttw5A,7,WEB_ID,android,1
2024-11-21 15:28:00,2a00:5400:e051::,AAFcvU7LIAoAABO-Xttw5A,7,WEB_ID,android,1
2024-11-21 15:28:00,2a00:5400:e051::,AAFcvU7LIAoAABO-Xttw5A,7,WEB_ID,android,1
2024-11-21 15:28:00,2a00:5400:e051::,AAFcvU7LIAoAABO-Xttw5A,7,WEB_ID,android,1
2024-11-21 15:29:00,2a00:5400:e051::,AAFcvU7LIAoAABO-Xttw5A,7,WEB_ID,android,1
2024-11-21 15:29:00,2a00:5400:e051::,AAFcvU7LIAoAABO-Xttw5A,7,WEB_ID,android,1
2024-11-21 15:30:00,2a00:5400:e051::,AAFcvU7LIAoAABO-Xttw5A,7,WEB_ID,android,1
2024-11-21 15:30:00,2a00:5400:e051::,AAFcvU7LIAoAABO-Xttw5A,7,WEB_ID,android,1
2024-11-21 15:31:00,2a00:5400:e051::,AAFcvU7LIAoAABO-Xttw5A,7,WEB_ID,android,1
2024-11-21 15:31:00,2a00:5400:e051::,AAFcvU7LIAoAABO-Xttw5A,7,WEB_ID,android,1
2024-11-21 15:31:00,2a00:5400:e051::,AAFcvU7LIAoAABO-Xttw5A,7,WEB_ID,android,1
2024-11-21 15:32:00,2a00:5400:e051::,AAFcvU7LIAoAABO-Xttw5A,7,WEB_ID,android,1
2024-11-21 15:32:00,2a00:5400:e051::,AAFcvU7LIAoAABO-Xttw5A,7,WEB_ID,android,1
2024-11-21 15:33:00,2a00:5400:e051::,AAFcvU7LIAoAABO-Xttw5A,7,WEB_ID,android,1
2024-11-21 15:33:00,2a00:5400:e051::,AAFcvU7LIAoAABO-Xttw5A,7,WEB_ID,android,1
2024-11-21 15:34:00,2a00:5400:e051::,AAFcvU7LIAoAABO-Xttw5A,7,WEB_ID,android,1
2024-11-21 15:34:00,2a00:5400:e051::,AAFcvU7LIAoAABO-Xttw5A,7,WEB_ID,android,1
2024-11-21 15:34:00,2a00:5400:e051::,AAFcvU7LIAoAABO-Xttw5A,7,WEB_ID,android,1
2024-11-21 15:34:00,2a00:5400:e051::,AAFcvU7LIAoAABO-Xttw5A,7,WEB_ID,android,1
2024-11-21 16:15:00,2a00:5400:e051::,AAFcvU7LIAoAABO-Xttw5A,7,WEB_ID,android,1
2024-11-14 17:25:00,103.105.68.146,1a6196f1-7953-4e5a-8449-780be167de51,2,IDFV,ios,1
2024-10-31 12:26:00,148.227.93.90,59f377d4-2056-4a6a-a18a-916c0f59445a,1,GAID,android,0
2024-10-31 12:28:00,148.227.93.90,59f377d4-2056-4a6a-a18a-916c0f59445a,1,GAID,android,0
2024-10-31 12:28:00,148.227.93.90,59f377d4-2056-4a6a-a18a-916c0f59445a,1,GAID,android,0
2024-10-31 12:33:00,148.227.93.90,59f377d4-2056-4a6a-a18a-916c0f59445a,1,GAID,android,0
2024-10-31 12:33:00,148.227.93.90,59f377d4-2056-4a6a-a18a-916c0f59445a,1,GAID,android,0
2024-10-31 12:34:00,2803:9810:343d:b510:27d5:6445:75dc:48c,59f377d4-2056-4a6a-a18a-916c0f59445a,1,GAID,android,0
2024-10-31 12:34:00,148.227.93.90,59f377d4-2056-4a6a-a18a-916c0f59445a,1,GAID,android,0
2024-10-31 12:34:00,148.227.93.90,59f377d4-2056-4a6a-a18a-916c0f59445a,1,GAID,android,0
2024-11-14 13:29:00,2a00:5400:f020::,AALKVk7RajkAABv5BSiD8w,6,WEB_ID,android,1
2024-11-14 19:25:00,2a00:5400:f020::,AALKVk7RajkAABv5BSiD8w,6,WEB_ID,android,1
2024-11-14 20:04:00,2a00:5400:f020::,AALKVk7RajkAABv5BSiD8w,6,WEB_ID,android,1
2024-11-14 17:01:00,103.105.68.146,1a6196f1-7953-4e5a-8449-780be167de51,2,IDFV,ios,1
2024-11-14 17:06:00,103.105.68.146,1a6196f1-7953-4e5a-8449-780be167de51,2,IDFV,ios,1
2024-11-14 17:11:00,103.105.68.146,1a6196f1-7953-4e5a-8449-780be167de51,2,IDFV,ios,1
2024-11-14 17:21:00,103.105.68.146,1a6196f1-7953-4e5a-8449-780be167de51,2,IDFV,ios,1
2024-11-14 17:25:00,103.105.68.146,1a6196f1-7953-4e5a-8449-780be167de51,2,IDFV,ios,1
2024-11-14 17:29:00,103.105.68.146,1a6196f1-7953-4e5a-8449-780be167de51,2,IDFV,ios,1
2024-11-14 18:48:00,182.2.141.186,686931a4-abd8-46e6-b0e3-78e57c0c620c,2,IDFV,ios,1
2024-10-31 12:51:00,190.63.114.53,59f377d4-2056-4a6a-a18a-916c0f59445a,1,GAID,android,0
2024-10-31 12:51:00,190.63.114.53,59f377d4-2056-4a6a-a18a-916c0f59445a,1,GAID,android,0
2024-11-14 19:03:00,103.121.138.93,1a6196f1-7953-4e5a-8449-780be167de51,2,IDFV,ios,1
2024-11-15 10:47:00,2a00:5400:f020::,AALKVk7RajkAABv5BSiD8w,6,WEB_ID,android,1
2024-11-14 19:05:00,182.2.147.165,686931a4-abd8-46e6-b0e3-78e57c0c620c,2,IDFV,ios,1
2024-10-31 12:49:00,201.182.87.0,59f377d4-2056-4a6a-a18a-916c0f59445a,1,GAID,android,0
2024-11-14 19:37:00,103.121.138.93,1a6196f1-7953-4e5a-8449-780be167de51,2,IDFV,ios,1
2024-11-14 19:38:00,103.121.138.93,1a6196f1-7953-4e5a-8449-780be167de51,2,IDFV,ios,1
2024-11-21 16:27:00,2a00:5400:f012::,AAKRGE7P9eIAABxfJkTLVA,7,WEB_ID,android,1
2024-11-21 16:31:00,2a00:5400:f012::,AAKRGE7P9eIAABxfJkTLVA,7,WEB_ID,android,1
2024-11-21 16:31:00,2a00:5400:f012::,AAKRGE7P9eIAABxfJkTLVA,7,WEB_ID,android,1
2024-11-21 16:33:00,2a00:5400:f012::,AAKRGE7P9eIAABxfJkTLVA,7,WEB_ID,android,1
2024-11-21 17:01:00,2a00:5400:f012::,AAKRGE7P9eIAABxfJkTLVA,7,WEB_ID,android,1
2024-11-21 17:13:00,2a00:5400:f012::,AAKRGE7P9eIAABxfJkTLVA,7,WEB_ID,android,1
2024-11-21 17:15:00,2a00:5400:f012::,AAKRGE7P9eIAABxfJkTLVA,7,WEB_ID,android,1
2024-11-21 17:16:00,2a00:5400:f012::,AAKRGE7P9eIAABxfJkTLVA,7,WEB_ID,android,1
2024-11-14 19:40:00,103.121.138.93,1a6196f1-7953-4e5a-8449-780be167de51,2,IDFV,ios,1
2024-11-14 19:47:00,103.121.138.93,1a6196f1-7953-4e5a-8449-780be167de51,2,IDFV,ios,1
2024-11-15 17:43:00,103.121.138.93,1a6196f1-7953-4e5a-8449-780be167de51,2,IDFV,ios,1
2024-11-15 13:12:00,2a00:5400:f020::,AALKVk7RajkAABv5BSiD8w,6,WEB_ID,android,1
2024-11-16 11:00:00,2a00:5400:f020::,AALKVk7RajkAABv5BSiD8w,6,WEB_ID,android,1
2024-11-16 11:10:00,2a00:5400:e053:b76:7564:c468:a9c6:16eb,AAKT707IOKgAAB_bLwHDew,6,WEB_ID,ios,1
2024-11-16 11:21:00,82.167.76.60,AAKT707IOKgAAB_bLwHDew,6,WEB_ID,ios,1
2024-11-16 11:26:00,2a00:5400:e053:b76:7564:c468:a9c6:16eb,AAKT707IOKgAAB_bLwHDew,6,WEB_ID,ios,1
2024-11-16 11:29:00,2a00:5400:e053:b76:7564:c468:a9c6:16eb,AAKT707IOKgAAB_bLwHDew,6,WEB_ID,ios,1
2024-11-16 11:30:00,2a00:5400:e053:b76:7564:c468:a9c6:16eb,AAKT707IOKgAAB_bLwHDew,6,WEB_ID,ios,1
2024-11-16 11:36:00,2a00:5400:e053:b76:7564:c468:a9c6:16eb,AAKT707IOKgAAB_bLwHDew,6,WEB_ID,ios,1
2024-11-16 11:40:00,2a00:5400:e053:b76::,AAKT707IOKgAAB_bLwHDew,6,WEB_ID,ios,1
2024-11-16 11:41:00,2a00:5400:e053:b76:7564:c468:a9c6:16eb,AAKT707IOKgAAB_bLwHDew,6,WEB_ID,ios,1
2024-11-16 11:45:00,2a00:5400:e053:b76::,AAKT707IOKgAAB_bLwHDew,6,WEB_ID,ios,1
2024-11-16 11:47:00,2a00:5400:e053:b76:7564:c468:a9c6:16eb,AAKT707IOKgAAB_bLwHDew,6,WEB_ID,ios,1
2024-11-16 11:53:00,2a00:5400:e053:b76:7564:c468:a9c6:16eb,AAKT707IOKgAAB_bLwHDew,6,WEB_ID,ios,1
2024-11-16 11:54:00,2a00:5400:e053:b76:7564:c468:a9c6:16eb,AAKT707IOKgAAB_bLwHDew,6,WEB_ID,ios,1
2024-11-16 17:29:00,2a00:5400:e053:b76:7564:c468:a9c6:16eb,AAKT707IOKgAAB_bLwHDew,6,WEB_ID,ios,1
2024-11-16 17:35:00,2a00:5400:e053:b76:7564:c468:a9c6:16eb,AAKT707IOKgAAB_bLwHDew,6,WEB_ID,ios,1
2024-11-16 17:40:00,2a00:5400:e053:b76:7564:c468:a9c6:16eb,AAKT707IOKgAAB_bLwHDew,6,WEB_ID,ios,1
2024-11-16 17:41:00,2a00:5400:e053:b76:7564:c468:a9c6:16eb,AAKT707IOKgAAB_bLwHDew,6,WEB_ID,ios,1
2024-11-16 17:43:00,82.167.76.60,AAKT707IOKgAAB_bLwHDew,6,WEB_ID,ios,1
2024-11-21 20:11:00,2a00:5400:f010::,AAKRGE7P9eIAABxfJkTLVA,7,WEB_ID,android,1
2024-11-15 18:34:00,103.121.138.93,1a6196f1-7953-4e5a-8449-780be167de51,2,IDFV,ios,1
2024-11-16 15:23:00,103.121.138.93,1a6196f1-7953-4e5a-8449-780be167de51,2,IDFV,ios,1
2024-10-31 14:16:00,201.182.87.0,59f377d4-2056-4a6a-a18a-916c0f59445a,1,GAID,android,0
2024-10-31 14:46:00,201.182.87.0,59f377d4-2056-4a6a-a18a-916c0f59445a,1,GAID,android,0
2024-11-17 16:38:00,2a00:5400:f020::,AALKVk7RajkAABv5BSiD8w,6,WEB_ID,android,1
2024-11-17 16:38:00,2a00:5400:f020::,AALKVk7RajkAABv5BSiD8w,6,WEB_ID,android,1
2024-10-31 14:47:00,201.182.87.0,59f377d4-2056-4a6a-a18a-916c0f59445a,1,GAID,android,0
2024-10-31 14:49:00,201.182.87.0,59f377d4-2056-4a6a-a18a-916c0f59445a,1,GAID,android,0
2024-10-31 14:56:00,201.182.87.0,59f377d4-2056-4a6a-a18a-916c0f59445a,1,GAID,android,0
2024-11-21 20:33:00,2a00:5400:f010::,AAKRGE7P9eIAABxfJkTLVA,7,WEB_ID,android,1
2024-11-21 20:36:00,2a00:5400:f010::,AAKRGE7P9eIAABxfJkTLVA,7,WEB_ID,android,1
2024-11-16 15:52:00,103.121.138.93,1a6196f1-7953-4e5a-8449-780be167de51,2,IDFV,ios,1
2024-10-31 15:18:00,201.182.87.0,59f377d4-2056-4a6a-a18a-916c0f59445a,1,GAID,android,0
2024-10-31 15:23:00,201.182.87.0,59f377d4-2056-4a6a-a18a-916c0f59445a,1,GAID,android,0
2024-11-17 09:48:00,103.121.138.93,1a6196f1-7953-4e5a-8449-780be167de51,2,IDFV,ios,1
2024-11-17 10:00:00,103.121.138.93,1a6196f1-7953-4e5a-8449-780be167de51,2,IDFV,ios,1
2024-11-17 10:05:00,103.121.138.93,1a6196f1-7953-4e5a-8449-780be167de51,2,IDFV,ios,1
2024-11-17 10:07:00,103.121.138.93,1a6196f1-7953-4e5a-8449-780be167de51,2,IDFV,ios,1
2024-11-17 17:28:00,2a00:5400:f020::,AALKVk7RajkAABv5BSiD8w,6,WEB_ID,android,1
2024-11-17 17:30:00,2a00:5400:f020::,AALKVk7RajkAABv5BSiD8w,6,WEB_ID,android,1
2024-11-17 17:49:00,2a00:5400:f020::,AALKVk7RajkAABv5BSiD8w,6,WEB_ID,android,1
2024-11-17 17:49:00,2a00:5400:f020::,AALKVk7RajkAABv5BSiD8w,6,WEB_ID,android,1
2024-11-17 17:49:00,2a00:5400:f020::,AALKVk7RajkAABv5BSiD8w,6,WEB_ID,android,1
2024-11-17 17:49:00,2a00:5400:f020::,AALKVk7RajkAABv5BSiD8w,6,WEB_ID,android,1
2024-11-17 17:50:00,2a00:5400:f020::,AALKVk7RajkAABv5BSiD8w,6,WEB_ID,android,1
2024-11-17 17:51:00,2a00:5400:f020::,AALKVk7RajkAABv5BSiD8w,6,WEB_ID,android,1
2024-10-31 15:50:00,201.182.87.0,59f377d4-2056-4a6a-a18a-916c0f59445a,1,GAID,android,0
2024-10-31 16:09:00,201.182.87.0,59f377d4-2056-4a6a-a18a-916c0f59445a,1,GAID,android,0
2024-10-31 16:13:00,201.182.87.0,59f377d4-2056-4a6a-a18a-916c0f59445a,1,GAID,android,0
2024-10-31 16:20:00,201.182.87.0,59f377d4-2056-4a6a-a18a-916c0f59445a,1,GAID,android,0
2024-10-31 16:25:00,201.182.87.0,59f377d4-2056-4a6a-a18a-916c0f59445a,1,GAID,android,0
2024-10-31 16:30:00,201.182.87.0,59f377d4-2056-4a6a-a18a-916c0f59445a,1,GAID,android,0
2024-11-17 18:31:00,2a00:5400:e053:b76:7564:c468:a9c6:16eb,AAKT707IOKgAAB_bLwHDew,6,WEB_ID,ios,1
2024-11-17 18:32:00,2a00:5400:e053:b76::,AAKT707IOKgAAB_bLwHDew,6,WEB_ID,ios,1
2024-11-17 18:35:00,2a00:5400:e053:b76:7564:c468:a9c6:16eb,AAKT707IOKgAAB_bLwHDew,6,WEB_ID,ios,1
2024-11-17 18:35:00,82.167.76.60,AAKT707IOKgAAB_bLwHDew,6,WEB_ID,ios,1
2024-10-31 16:35:00,201.182.87.0,59f377d4-2056-4a6a-a18a-916c0f59445a,1,GAID,android,0
2024-11-17 18:39:00,2a00:5400:e053:b76:7564:c468:a9c6:16eb,AAKT707IOKgAAB_bLwHDew,6,WEB_ID,ios,1
2024-10-31 16:38:00,201.182.87.0,59f377d4-2056-4a6a-a18a-916c0f59445a,1,GAID,android,0
2024-11-17 18:45:00,2a00:5400:e053:b76:7564:c468:a9c6:16eb,AAKT707IOKgAAB_bLwHDew,6,WEB_ID,ios,1
2024-11-18 12:30:00,2a00:5400:e053:b76:7564:c468:a9c6:16eb,AAKT707IOKgAAB_bLwHDew,6,WEB_ID,ios,1
2024-11-18 12:33:00,2a00:5400:e053:b76:7564:c468:a9c6:16eb,AAKT707IOKgAAB_bLwHDew,6,WEB_ID,ios,1
2024-11-18 13:23:00,2a00:5400:e053:b76::,AAKT707IOKgAAB_bLwHDew,6,WEB_ID,ios,1
2024-11-18 13:23:00,2a00:5400:e053:b76:7564:c468:a9c6:16eb,AAKT707IOKgAAB_bLwHDew,6,WEB_ID,ios,1
2024-11-18 13:25:00,2a00:5400:e053:b76::,AAKT707IOKgAAB_bLwHDew,6,WEB_ID,ios,1
2024-11-18 13:26:00,2a00:5400:e053:b76:7564:c468:a9c6:16eb,AAKT707IOKgAAB_bLwHDew,6,WEB_ID,ios,1
2024-11-18 13:26:00,2a00:5400:e053:b76:7564:c468:a9c6:16eb,AAKT707IOKgAAB_bLwHDew,6,WEB_ID,ios,1
2024-11-19 10:58:00,2a00:5400:e053:b76:7564:c468:a9c6:16eb,AAKT707IOKgAAB_bLwHDew,6,WEB_ID,ios,1
2024-11-19 10:58:00,2a00:5400:e053:b76::,AAKT707IOKgAAB_bLwHDew,6,WEB_ID,ios,1
2024-11-19 11:04:00,2a00:5400:e053:b76:7564:c468:a9c6:16eb,AAKT707IOKgAAB_bLwHDew,6,WEB_ID,ios,1
2024-11-19 11:08:00,2a00:5400:e053:b76:7564:c468:a9c6:16eb,AAKT707IOKgAAB_bLwHDew,6,WEB_ID,ios,1
2024-11-19 11:13:00,82.167.76.60,AAKT707IOKgAAB_bLwHDew,6,WEB_ID,ios,1
2024-11-19 11:13:00,82.167.76.60,AAKT707IOKgAAB_bLwHDew,6,WEB_ID,ios,1
2024-11-19 11:14:00,2a00:5400:e053:b76:7564:c468:a9c6:16eb,AAKT707IOKgAAB_bLwHDew,6,WEB_ID,ios,1
2024-11-19 11:16:00,2a00:5400:e053:b76::,AAKT707IOKgAAB_bLwHDew,6,WEB_ID,ios,1
2024-11-19 11:17:00,2a00:5400:e053:b76:7564:c468:a9c6:16eb,AAKT707IOKgAAB_bLwHDew,6,WEB_ID,ios,1
2024-11-19 11:21:00,2a00:5400:e053:b76::,AAKT707IOKgAAB_bLwHDew,6,WEB_ID,ios,1
2024-11-19 11:23:00,2a00:5400:e053:b76:7564:c468:a9c6:16eb,AAKT707IOKgAAB_bLwHDew,6,WEB_ID,ios,1
2024-11-19 11:26:00,2a00:5400:e053:b76:7564:c468:a9c6:16eb,AAKT707IOKgAAB_bLwHDew,6,WEB_ID,ios,1
2024-11-19 11:26:00,2a00:5400:e053:b76:7564:c468:a9c6:16eb,AAKT707IOKgAAB_bLwHDew,6,WEB_ID,ios,1
2024-11-19 11:31:00,2a00:5400:e053:b76:7564:c468:a9c6:16eb,AAKT707IOKgAAB_bLwHDew,6,WEB_ID,ios,1
2024-11-19 14:42:00,2a00:5400:e053:b76:7564:c468:a9c6:16eb,AAKT707IOKgAAB_bLwHDew,6,WEB_ID,ios,1
2024-11-19 14:43:00,82.167.76.60,AAKT707IOKgAAB_bLwHDew,6,WEB_ID,ios,1
2024-11-19 14:47:00,2a00:5400:e053:b76:7564:c468:a9c6:16eb,AAKT707IOKgAAB_bLwHDew,6,WEB_ID,ios,1
2024-11-19 14:51:00,2a00:5400:e053:b76:7564:c468:a9c6:16eb,AAKT707IOKgAAB_bLwHDew,6,WEB_ID,ios,1
2024-11-19 14:51:00,2a00:5400:e053:b76::,AAKT707IOKgAAB_bLwHDew,6,WEB_ID,ios,1
2024-11-19 14:57:00,2a00:5400:e053:b76:7564:c468:a9c6:16eb,AAKT707IOKgAAB_bLwHDew,6,WEB_ID,ios,1
2024-11-19 14:58:00,2a00:5400:e053:b76:7564:c468:a9c6:16eb,AAKT707IOKgAAB_bLwHDew,6,WEB_ID,ios,1
2024-11-19 15:03:00,2a00:5400:e053:b76:7564:c468:a9c6:16eb,AAKT707IOKgAAB_bLwHDew,6,WEB_ID,ios,1
2024-11-19 15:16:00,2a00:5400:e053:b76:7564:c468:a9c6:16eb,AAKT707IOKgAAB_bLwHDew,6,WEB_ID,ios,1
2024-11-19 15:16:00,2a00:5400:e053:b76:7564:c468:a9c6:16eb,AAKT707IOKgAAB_bLwHDew,6,WEB_ID,ios,1
2024-11-19 16:48:00,2a00:5400:e053:b76:7564:c468:a9c6:16eb,AAKT707IOKgAAB_bLwHDew,6,WEB_ID,ios,1
2024-11-19 16:49:00,2a00:5400:e053:b76:7564:c468:a9c6:16eb,AAKT707IOKgAAB_bLwHDew,6,WEB_ID,ios,1
2024-11-19 16:54:00,2a00:5400:e053:b76:7564:c468:a9c6:16eb,AAKT707IOKgAAB_bLwHDew,6,WEB_ID,ios,1
2024-11-19 16:59:00,2a00:5400:e053:b76:7564:c468:a9c6:16eb,AAKT707IOKgAAB_bLwHDew,6,WEB_ID,ios,1
2024-11-19 17:04:00,2a00:5400:e053:b76:7564:c468:a9c6:16eb,AAKT707IOKgAAB_bLwHDew,6,WEB_ID,ios,1
2024-11-19 17:09:00,2a00:5400:e053:b76:7564:c468:a9c6:16eb,AAKT707IOKgAAB_bLwHDew,6,WEB_ID,ios,1
2024-11-19 17:14:00,82.167.76.60,AAKT707IOKgAAB_bLwHDew,6,WEB_ID,ios,1
2024-11-19 17:14:00,2a00:5400:e053:b76:7564:c468:a9c6:16eb,AAKT707IOKgAAB_bLwHDew,6,WEB_ID,ios,1
2024-11-19 17:19:00,2a00:5400:e053:b76:7564:c468:a9c6:16eb,AAKT707IOKgAAB_bLwHDew,6,WEB_ID,ios,1
2024-11-19 17:20:00,2a00:5400:e053:b76:7564:c468:a9c6:16eb,AAKT707IOKgAAB_bLwHDew,6,WEB_ID,ios,1
2024-11-19 17:20:00,2a00:5400:e053:b76:7564:c468:a9c6:16eb,AAKT707IOKgAAB_bLwHDew,6,WEB_ID,ios,1
2024-11-19 17:34:00,2a00:5400:e053:b76:7564:c468:a9c6:16eb,AAKT707IOKgAAB_bLwHDew,6,WEB_ID,ios,1
2024-11-19 17:38:00,2a00:5400:e053:b76:7564:c468:a9c6:16eb,AAKT707IOKgAAB_bLwHDew,6,WEB_ID,ios,1
2024-11-19 17:41:00,2a00:5400:e053:b76:7564:c468:a9c6:16eb,AAKT707IOKgAAB_bLwHDew,6,WEB_ID,ios,1
2024-11-19 17:42:00,2a00:5400:e053:b76:7564:c468:a9c6:16eb,AAKT707IOKgAAB_bLwHDew,6,WEB_ID,ios,1
2024-11-20 08:44:00,2a00:5400:e053:b76:7564:c468:a9c6:16eb,AAKT707IOKgAAB_bLwHDew,6,WEB_ID,ios,1
2024-11-20 18:18:00,2a00:5400:e053:b76::,AAKT707IOKgAAB_bLwHDew,6,WEB_ID,ios,1
2024-11-20 18:22:00,2a00:5400:e053:b76:7564:c468:a9c6:16eb,AAKT707IOKgAAB_bLwHDew,6,WEB_ID,ios,1
2024-11-14 13:01:00,94.98.32.0,d70be07e-05ff-4037-98c5-d059c20f4a1e,5,IDFA,ios,1
2024-11-17 13:52:00,103.121.138.180,1a6196f1-7953-4e5a-8449-780be167de51,2,IDFV,ios,1
2024-11-17 13:56:00,103.121.138.180,1a6196f1-7953-4e5a-8449-780be167de51,2,IDFV,ios,1
2024-11-17 14:01:00,103.121.138.180,1a6196f1-7953-4e5a-8449-780be167de51,2,IDFV,ios,1
2024-11-17 14:02:00,103.121.138.180,1a6196f1-7953-4e5a-8449-780be167de51,2,IDFV,ios,1
2024-11-17 17:45:00,103.121.138.180,1a6196f1-7953-4e5a-8449-780be167de51,2,IDFV,ios,1
2024-11-17 17:47:00,103.121.138.180,1a6196f1-7953-4e5a-8449-780be167de51,2,IDFV,ios,1
2024-11-17 17:55:00,103.121.138.180,1a6196f1-7953-4e5a-8449-780be167de51,2,IDFV,ios,1
2024-11-17 18:07:00,103.121.138.180,1a6196f1-7953-4e5a-8449-780be167de51,2,IDFV,ios,1
2024-11-17 18:10:00,103.121.138.180,1a6196f1-7953-4e5a-8449-780be167de51,2,IDFV,ios,1
2024-11-17 18:11:00,103.121.138.180,1a6196f1-7953-4e5a-8449-780be167de51,2,IDFV,ios,1
2024-11-17 18:13:00,103.121.138.180,1a6196f1-7953-4e5a-8449-780be167de51,2,IDFV,ios,1
2024-11-21 20:40:00,51.252.184.0,AAFcvU7LIAoAABO-Xttw5A,7,WEB_ID,android,1
2024-11-21 20:43:00,2001:16a4:5::,AAFcvU7LIAoAABO-Xttw5A,7,WEB_ID,android,1
2024-11-21 20:44:00,2001:16a4:5::,AAFcvU7LIAoAABO-Xttw5A,7,WEB_ID,android,1
2024-11-21 20:46:00,2001:16a4:5::,AAFcvU7LIAoAABO-Xttw5A,7,WEB_ID,android,1
2024-11-21 20:47:00,2001:16a4:5::,AAFcvU7LIAoAABO-Xttw5A,7,WEB_ID,android,1
2024-11-21 20:48:00,2001:16a4:5::,AAFcvU7LIAoAABO-Xttw5A,7,WEB_ID,android,1
2024-11-21 20:49:00,2001:16a4:5::,AAFcvU7LIAoAABO-Xttw5A,7,WEB_ID,android,1
2024-11-21 20:49:00,51.252.184.0,AAFcvU7LIAoAABO-Xttw5A,7,WEB_ID,android,1
2024-11-21 20:51:00,2001:16a4:5::,AAFcvU7LIAoAABO-Xttw5A,7,WEB_ID,android,1
2024-11-21 20:53:00,51.252.184.0,AAFcvU7LIAoAABO-Xttw5A,7,WEB_ID,android,1
2024-11-21 20:54:00,51.252.184.0,AAFcvU7LIAoAABO-Xttw5A,7,WEB_ID,android,1
2024-11-21 20:55:00,2001:16a4:5::,AAFcvU7LIAoAABO-Xttw5A,7,WEB_ID,android,1
2024-11-21 20:57:00,2001:16a4:5::,AAFcvU7LIAoAABO-Xttw5A,7,WEB_ID,android,1
2024-11-21 20:58:00,51.252.184.0,AAFcvU7LIAoAABO-Xttw5A,7,WEB_ID,android,1
2024-11-21 20:58:00,51.252.184.0,AAFcvU7LIAoAABO-Xttw5A,7,WEB_ID,android,1
2024-11-21 20:59:00,51.252.184.0,AAFcvU7LIAoAABO-Xttw5A,7,WEB_ID,android,1
2024-11-21 20:59:00,51.252.184.0,AAFcvU7LIAoAABO-Xttw5A,7,WEB_ID,android,1
2024-11-21 21:00:00,2001:16a4:5::,AAFcvU7LIAoAABO-Xttw5A,7,WEB_ID,android,1
2024-11-21 21:02:00,2001:16a4:5::,AAFcvU7LIAoAABO-Xttw5A,7,WEB_ID,android,1
2024-11-21 21:14:00,2001:16a4:5::,AAFcvU7LIAoAABO-Xttw5A,7,WEB_ID,android,1
2024-11-20 18:50:00,2a00:5400:e053:b76::,AAKT707IOKgAAB_bLwHDew,6,WEB_ID,ios,1
2024-11-18 11:11:00,103.121.138.180,1a6196f1-7953-4e5a-8449-780be167de51,2,IDFV,ios,1
2024-11-18 11:16:00,103.121.138.180,1a6196f1-7953-4e5a-8449-780be167de51,2,IDFV,ios,1
2024-11-18 11:21:00,103.121.138.180,1a6196f1-7953-4e5a-8449-780be167de51,2,IDFV,ios,1
2024-11-18 11:24:00,103.121.138.180,1a6196f1-7953-4e5a-8449-780be167de51,2,IDFV,ios,1
2024-11-18 11:31:00,103.121.138.180,1a6196f1-7953-4e5a-8449-780be167de51,2,IDFV,ios,1
2024-11-20 19:17:00,2a00:5400:e053:b76::,AAKT707IOKgAAB_bLwHDew,6,WEB_ID,ios,1
2024-11-21 15:21:00,82.167.76.60,AAKT707IOKgAAB_bLwHDew,6,WEB_ID,ios,1
2024-11-18 11:46:00,103.121.138.180,1a6196f1-7953-4e5a-8449-780be167de51,2,IDFV,ios,1
2024-11-18 11:55:00,103.121.138.180,1a6196f1-7953-4e5a-8449-780be167de51,2,IDFV,ios,1
2024-11-18 11:59:00,103.121.138.180,1a6196f1-7953-4e5a-8449-780be167de51,2,IDFV,ios,1
2024-11-18 12:08:00,103.121.138.180,1a6196f1-7953-4e5a-8449-780be167de51,2,IDFV,ios,1
2024-11-18 12:13:00,103.121.138.180,1a6196f1-7953-4e5a-8449-780be167de51,2,IDFV,ios,1
2024-11-18 12:26:00,103.121.138.180,1a6196f1-7953-4e5a-8449-780be167de51,2,IDFV,ios,1
2024-11-18 12:27:00,103.121.138.180,1a6196f1-7953-4e5a-8449-780be167de51,2,IDFV,ios,1
2024-11-18 12:28:00,103.121.138.180,1a6196f1-7953-4e5a-8449-780be167de51,2,IDFV,ios,1
2024-11-18 12:33:00,103.121.138.180,1a6196f1-7953-4e5a-8449-780be167de51,2,IDFV,ios,1
2024-11-18 12:22:00,103.121.138.180,1a6196f1-7953-4e5a-8449-780be167de51,2,IDFV,ios,1
2024-11-18 12:29:00,103.121.138.180,1a6196f1-7953-4e5a-8449-780be167de51,2,IDFV,ios,1
2024-11-18 12:34:00,103.121.138.180,1a6196f1-7953-4e5a-8449-780be167de51,2,IDFV,ios,1
2024-11-18 12:55:00,103.121.138.180,1a6196f1-7953-4e5a-8449-780be167de51,2,IDFV,ios,1
2024-11-22 09:15:00,2a00:5400:e051::,AAFcvU7LIAoAABO-Xttw5A,7,WEB_ID,android,1
2024-11-22 09:16:00,2a00:5400:e051::,AAFcvU7LIAoAABO-Xttw5A,7,WEB_ID,android,1
2024-11-22 09:16:00,2a00:5400:e051::,AAFcvU7LIAoAABO-Xttw5A,7,WEB_ID,android,1
2024-11-22 09:16:00,2a00:5400:e051::,AAFcvU7LIAoAABO-Xttw5A,7,WEB_ID,android,1
2024-11-22 09:17:00,2a00:5400:e051::,AAFcvU7LIAoAABO-Xttw5A,7,WEB_ID,android,1
2024-11-22 09:17:00,2a00:5400:e051::,AAFcvU7LIAoAABO-Xttw5A,7,WEB_ID,android,1
2024-11-22 09:18:00,2a00:5400:e051::,AAFcvU7LIAoAABO-Xttw5A,7,WEB_ID,android,1
2024-11-18 13:09:00,103.121.138.180,1a6196f1-7953-4e5a-8449-780be167de51,2,IDFV,ios,1
2024-11-22 09:21:00,2a00:5400:e051::,AAFcvU7LIAoAABO-Xttw5A,7,WEB_ID,android,1
2024-11-22 09:25:00,2a00:5400:e051::,AAFcvU7LIAoAABO-Xttw5A,7,WEB_ID,android,1
2024-11-18 13:16:00,103.121.138.180,1a6196f1-7953-4e5a-8449-780be167de51,2,IDFV,ios,1
2024-11-22 12:08:00,2a00:5400:e051::,AAFcvU7LIAoAABO-Xttw5A,7,WEB_ID,android,1
2024-11-22 12:11:00,2a00:5400:e051::,AAFcvU7LIAoAABO-Xttw5A,7,WEB_ID,android,1
2024-11-22 12:12:00,2a00:5400:e051::,AAFcvU7LIAoAABO-Xttw5A,7,WEB_ID,android,1
2024-11-18 17:33:00,111.94.4.103,1a6196f1-7953-4e5a-8449-780be167de51,2,IDFV,ios,1
2024-11-18 17:36:00,111.94.4.103,1a6196f1-7953-4e5a-8449-780be167de51,2,IDFV,ios,1
2024-11-18 17:40:00,111.94.4.103,1a6196f1-7953-4e5a-8449-780be167de51,2,IDFV,ios,1
2024-11-21 15:45:00,2a00:5400:e053:b76::,AAKT707IOKgAAB_bLwHDew,6,WEB_ID,ios,1
2024-11-21 18:58:00,2a00:5400:e053:b76::,AAKT707IOKgAAB_bLwHDew,6,WEB_ID,ios,1
2024-11-21 18:58:00,2a00:5400:e053:b76:f079:c4a6:e7db:225e,AAKT707IOKgAAB_bLwHDew,6,WEB_ID,ios,1
2024-11-21 19:03:00,2a00:5400:e053:b76:f079:c4a6:e7db:225e,AAKT707IOKgAAB_bLwHDew,6,WEB_ID,ios,1
2024-11-21 19:07:00,2a00:5400:e053:b76:f079:c4a6:e7db:225e,AAKT707IOKgAAB_bLwHDew,6,WEB_ID,ios,1
2024-11-21 19:13:00,2a00:5400:e053:b76:f079:c4a6:e7db:225e,AAKT707IOKgAAB_bLwHDew,6,WEB_ID,ios,1
2024-11-21 19:18:00,2a00:5400:e053:b76:f079:c4a6:e7db:225e,AAKT707IOKgAAB_bLwHDew,6,WEB_ID,ios,1
2024-11-21 19:28:00,2a00:5400:e053:b76:f079:c4a6:e7db:225e,AAKT707IOKgAAB_bLwHDew,6,WEB_ID,ios,1
2024-11-21 19:28:00,2a00:5400:e053:b76:f079:c4a6:e7db:225e,AAKT707IOKgAAB_bLwHDew,6,WEB_ID,ios,1
2024-11-21 19:36:00,2a00:5400:e053:b76:f079:c4a6:e7db:225e,AAKT707IOKgAAB_bLwHDew,6,WEB_ID,ios,1
2024-11-22 16:55:00,2a00:5400:e053:b76:f079:c4a6:e7db:225e,AAKT707IOKgAAB_bLwHDew,6,WEB_ID,ios,1
2024-11-22 18:47:00,2a00:5400:e053:b76:f079:c4a6:e7db:225e,AAKT707IOKgAAB_bLwHDew,6,WEB_ID,ios,1
2024-11-22 19:18:00,2a00:5400:f020::,AALKVk7RajkAABv5BSiD8w,6,WEB_ID,android,1
2024-11-18 20:14:00,103.121.138.180,1a6196f1-7953-4e5a-8449-780be167de51,2,IDFV,ios,1
2024-11-18 20:21:00,103.121.138.180,1a6196f1-7953-4e5a-8449-780be167de51,2,IDFV,ios,1
2024-11-18 20:23:00,103.121.138.180,1a6196f1-7953-4e5a-8449-780be167de51,2,IDFV,ios,1
2024-11-18 20:24:00,103.121.138.180,1a6196f1-7953-4e5a-8449-780be167de51,2,IDFV,ios,1
2024-11-18 20:26:00,103.121.138.180,1a6196f1-7953-4e5a-8449-780be167de51,2,IDFV,ios,1
2024-11-18 20:35:00,103.121.138.180,1a6196f1-7953-4e5a-8449-780be167de51,2,IDFV,ios,1
2024-11-18 20:46:00,103.121.138.180,1a6196f1-7953-4e5a-8449-780be167de51,2,IDFV,ios,1
2024-11-22 19:25:00,2a00:5400:e053:b76::,AAKT707IOKgAAB_bLwHDew,6,WEB_ID,ios,1
2024-11-22 19:27:00,2a00:5400:e053:b76::,AAKT707IOKgAAB_bLwHDew,6,WEB_ID,ios,1
2024-11-22 19:28:00,2a00:5400:e053:b76:f079:c4a6:e7db:225e,AAKT707IOKgAAB_bLwHDew,6,WEB_ID,ios,1
2024-11-22 19:29:00,2a00:5400:e053:b76:f079:c4a6:e7db:225e,AAKT707IOKgAAB_bLwHDew,6,WEB_ID,ios,1
2024-11-18 20:33:00,103.121.138.180,1a6196f1-7953-4e5a-8449-780be167de51,2,IDFV,ios,1
2024-11-18 20:40:00,103.121.138.180,1a6196f1-7953-4e5a-8449-780be167de51,2,IDFV,ios,1
2024-11-18 20:50:00,103.121.138.180,1a6196f1-7953-4e5a-8449-780be167de51,2,IDFV,ios,1
2024-11-18 20:53:00,103.121.138.180,1a6196f1-7953-4e5a-8449-780be167de51,2,IDFV,ios,1
2024-11-20 08:18:00,103.121.138.180,1a6196f1-7953-4e5a-8449-780be167de51,2,IDFV,ios,1
2024-11-20 08:28:00,103.121.138.180,1a6196f1-7953-4e5a-8449-780be167de51,2,IDFV,ios,1
2024-11-20 08:53:00,36.90.67.51,686931a4-abd8-46e6-b0e3-78e57c0c620c,2,IDFV,ios,1
2024-11-20 19:15:00,36.90.67.51,686931a4-abd8-46e6-b0e3-78e57c0c620c,2,IDFV,ios,1
2024-11-20 19:20:00,36.90.67.51,686931a4-abd8-46e6-b0e3-78e57c0c620c,2,IDFV,ios,1
2024-11-20 19:28:00,36.90.67.51,686931a4-abd8-46e6-b0e3-78e57c0c620c,2,IDFV,ios,1
2024-11-20 19:35:00,36.90.67.51,686931a4-abd8-46e6-b0e3-78e57c0c620c,2,IDFV,ios,1
2024-11-20 19:41:00,36.90.67.51,686931a4-abd8-46e6-b0e3-78e57c0c620c,2,IDFV,ios,1
2024-11-20 19:48:00,36.90.67.51,686931a4-abd8-46e6-b0e3-78e57c0c620c,2,IDFV,ios,1
2024-11-20 19:52:00,36.90.67.51,686931a4-abd8-46e6-b0e3-78e57c0c620c,2,IDFV,ios,1
2024-11-20 19:59:00,36.90.67.51,686931a4-abd8-46e6-b0e3-78e57c0c620c,2,IDFV,ios,1
2024-11-20 20:06:00,36.90.67.51,686931a4-abd8-46e6-b0e3-78e57c0c620c,2,IDFV,ios,1
2024-11-20 19:22:00,36.90.67.51,686931a4-abd8-46e6-b0e3-78e57c0c620c,2,IDFV,ios,1
2024-11-20 19:35:00,36.90.67.51,686931a4-abd8-46e6-b0e3-78e57c0c620c,2,IDFV,ios,1
2024-11-20 19:52:00,36.90.67.51,686931a4-abd8-46e6-b0e3-78e57c0c620c,2,IDFV,ios,1
2024-11-20 20:05:00,36.90.67.51,686931a4-abd8-46e6-b0e3-78e57c0c620c,2,IDFV,ios,1
2024-11-20 20:14:00,36.90.67.51,686931a4-abd8-46e6-b0e3-78e57c0c620c,2,IDFV,ios,1
2024-11-21 11:36:00,36.90.67.51,686931a4-abd8-46e6-b0e3-78e57c0c620c,2,IDFV,ios,1
2024-11-01 10:06:00,2803:9810:5378::,59f377d4-2056-4a6a-a18a-916c0f59445a,1,GAID,android,0
2024-11-01 10:16:00,148.227.107.174,59f377d4-2056-4a6a-a18a-916c0f59445a,1,GAID,android,0
2024-11-01 10:16:00,148.227.107.174,59f377d4-2056-4a6a-a18a-916c0f59445a,1,GAID,android,0
2024-11-01 10:24:00,148.227.107.174,59f377d4-2056-4a6a-a18a-916c0f59445a,1,GAID,android,0
2024-11-01 10:27:00,148.227.107.174,59f377d4-2056-4a6a-a18a-916c0f59445a,1,GAID,android,0
2024-11-21 12:13:00,103.121.138.180,1a6196f1-7953-4e5a-8449-780be167de51,2,IDFV,ios,1
2024-11-21 12:17:00,103.121.138.180,1a6196f1-7953-4e5a-8449-780be167de51,2,IDFV,ios,1
2024-11-23 08:22:00,2a00:5400:f020::,AALKVk7RajkAABv5BSiD8w,6,WEB_ID,android,1
2024-11-22 12:22:00,2a00:5400:e051::,AAFcvU7LIAoAABO-Xttw5A,7,WEB_ID,android,1
2024-11-21 12:33:00,103.116.174.250,686931a4-abd8-46e6-b0e3-78e57c0c620c,2,IDFV,ios,1
2024-11-22 10:35:00,103.116.174.250,686931a4-abd8-46e6-b0e3-78e57c0c620c,2,IDFV,ios,1
2024-11-22 10:45:00,103.116.174.250,686931a4-abd8-46e6-b0e3-78e57c0c620c,2,IDFV,ios,1
2024-11-22 10:51:00,103.116.174.250,686931a4-abd8-46e6-b0e3-78e57c0c620c,2,IDFV,ios,1
2024-11-22 10:53:00,103.116.174.250,686931a4-abd8-46e6-b0e3-78e57c0c620c,2,IDFV,ios,1
2024-11-22 11:08:00,103.116.174.250,686931a4-abd8-46e6-b0e3-78e57c0c620c,2,IDFV,ios,1
2024-11-22 11:20:00,103.116.174.250,686931a4-abd8-46e6-b0e3-78e57c0c620c,2,IDFV,ios,1
2024-11-22 11:25:00,103.116.174.250,686931a4-abd8-46e6-b0e3-78e57c0c620c,2,IDFV,ios,1
2024-11-22 12:54:00,103.116.174.250,686931a4-abd8-46e6-b0e3-78e57c0c620c,2,IDFV,ios,1
2024-11-01 10:12:00,148.227.107.174,59f377d4-2056-4a6a-a18a-916c0f59445a,1,GAID,android,0
2024-11-22 12:59:00,2a00:5400:f010::,AAKRGE7P9eIAABxfJkTLVA,7,WEB_ID,android,1
2024-11-22 12:59:00,2a00:5400:f010::,AAKRGE7P9eIAABxfJkTLVA,7,WEB_ID,android,1
2024-11-22 13:44:00,103.121.138.180,1a6196f1-7953-4e5a-8449-780be167de51,2,IDFV,ios,1
2024-11-22 13:47:00,103.121.138.180,1a6196f1-7953-4e5a-8449-780be167de51,2,IDFV,ios,1
2024-11-22 16:57:00,103.121.138.180,1a6196f1-7953-4e5a-8449-780be167de51,2,IDFV,ios,1
2024-11-22 17:04:00,103.121.138.180,1a6196f1-7953-4e5a-8449-780be167de51,2,IDFV,ios,1
2024-11-22 17:11:00,103.121.138.180,1a6196f1-7953-4e5a-8449-780be167de51,2,IDFV,ios,1
2024-11-22 17:17:00,103.121.138.180,1a6196f1-7953-4e5a-8449-780be167de51,2,IDFV,ios,1
2024-11-22 17:22:00,103.121.138.180,1a6196f1-7953-4e5a-8449-780be167de51,2,IDFV,ios,1
2024-11-22 17:29:00,103.121.138.180,1a6196f1-7953-4e5a-8449-780be167de51,2,IDFV,ios,1
2024-11-22 17:36:00,103.121.138.180,1a6196f1-7953-4e5a-8449-780be167de51,2,IDFV,ios,1
2024-11-22 16:22:00,2a00:5400:e337::,AAA7PE7OD50AABQ_9xhR4Q,7,WEB_ID,android,1
2024-11-01 10:40:00,2803:9810:5378::,59f377d4-2056-4a6a-a18a-916c0f59445a,1,GAID,android,0
2024-11-01 10:42:00,2803:9810:5378::,59f377d4-2056-4a6a-a18a-916c0f59445a,1,GAID,android,0
2024-11-01 10:43:00,2803:9810:5378::,59f377d4-2056-4a6a-a18a-916c0f59445a,1,GAID,android,0
2024-11-01 10:43:00,2803:9810:5378::,59f377d4-2056-4a6a-a18a-916c0f59445a,1,GAID,android,0
2024-11-23 08:16:00,2a00:5400:f010::,AAKRGE7P9eIAABxfJkTLVA,7,WEB_ID,android,1
2024-11-23 08:16:00,2a00:5400:f010::,AAKRGE7P9eIAABxfJkTLVA,7,WEB_ID,android,1
2024-11-23 08:30:00,2a00:5400:f010::,AAKRGE7P9eIAABxfJkTLVA,7,WEB_ID,android,1
2024-11-23 18:28:00,103.121.138.180,1a6196f1-7953-4e5a-8449-780be167de51,2,IDFV,ios,1
2024-11-23 18:30:00,103.121.138.180,1a6196f1-7953-4e5a-8449-780be167de51,2,IDFV,ios,1
2024-11-23 18:32:00,202.165.46.254,686931a4-abd8-46e6-b0e3-78e57c0c620c,2,IDFV,ios,1
2024-11-23 18:33:00,103.121.138.180,1a6196f1-7953-4e5a-8449-780be167de51,2,IDFV,ios,1
2024-11-24 10:55:00,103.129.48.229,95d9aeb3-c446-4b44-b165-8f617e14955e,2,IDFV,ios,1
2024-11-23 14:38:00,2a00:5400:f010::,AAKRGE7P9eIAABxfJkTLVA,7,WEB_ID,android,1
2024-11-25 16:15:00,103.121.138.180,1a6196f1-7953-4e5a-8449-780be167de51,2,IDFV,ios,1
2024-11-25 16:25:00,103.121.138.180,1a6196f1-7953-4e5a-8449-780be167de51,2,IDFV,ios,1
2024-11-25 16:30:00,103.121.138.180,1a6196f1-7953-4e5a-8449-780be167de51,2,IDFV,ios,1
2024-11-25 16:34:00,103.121.138.180,1a6196f1-7953-4e5a-8449-780be167de51,2,IDFV,ios,1
2024-11-25 16:43:00,103.121.138.180,1a6196f1-7953-4e5a-8449-780be167de51,2,IDFV,ios,1
2024-11-25 16:48:00,103.121.138.180,1a6196f1-7953-4e5a-8449-780be167de51,2,IDFV,ios,1
2024-11-25 16:52:00,103.121.138.180,1a6196f1-7953-4e5a-8449-780be167de51,2,IDFV,ios,1
2024-11-28 12:50:00,103.121.138.180,1a6196f1-7953-4e5a-8449-780be167de51,2,IDFV,ios,1
2024-11-28 12:51:00,103.121.138.180,1a6196f1-7953-4e5a-8449-780be167de51,2,IDFV,ios,1
2024-11-28 12:55:00,103.121.138.180,1a6196f1-7953-4e5a-8449-780be167de51,2,IDFV,ios,1
2024-11-28 12:59:00,103.121.138.180,1a6196f1-7953-4e5a-8449-780be167de51,2,IDFV,ios,1
2024-11-28 13:04:00,103.121.138.180,1a6196f1-7953-4e5a-8449-780be167de51,2,IDFV,ios,1
2024-11-28 13:04:00,103.121.138.180,1a6196f1-7953-4e5a-8449-780be167de51,2,IDFV,ios,1
2024-11-28 13:03:00,182.253.15.59,686931a4-abd8-46e6-b0e3-78e57c0c620c,2,IDFV,ios,1
2024-11-28 13:12:00,182.253.15.59,686931a4-abd8-46e6-b0e3-78e57c0c620c,2,IDFV,ios,1
2024-11-28 13:21:00,182.253.15.59,686931a4-abd8-46e6-b0e3-78e57c0c620c,2,IDFV,ios,1
2024-11-28 13:26:00,182.253.15.59,686931a4-abd8-46e6-b0e3-78e57c0c620c,2,IDFV,ios,1
2024-11-28 13:29:00,182.253.15.59,686931a4-abd8-46e6-b0e3-78e57c0c620c,2,IDFV,ios,1
2024-11-28 13:38:00,182.253.15.59,686931a4-abd8-46e6-b0e3-78e57c0c620c,2,IDFV,ios,1
2024-11-28 13:41:00,182.253.15.59,686931a4-abd8-46e6-b0e3-78e57c0c620c,2,IDFV,ios,1
2024-11-28 13:47:00,182.253.15.59,686931a4-abd8-46e6-b0e3-78e57c0c620c,2,IDFV,ios,1
2024-11-28 13:58:00,182.253.15.59,686931a4-abd8-46e6-b0e3-78e57c0c620c,2,IDFV,ios,1
2024-11-28 13:15:00,182.253.15.59,686931a4-abd8-46e6-b0e3-78e57c0c620c,2,IDFV,ios,1
2024-11-28 13:34:00,182.253.15.59,686931a4-abd8-46e6-b0e3-78e57c0c620c,2,IDFV,ios,1
2024-11-28 13:39:00,182.253.15.59,686931a4-abd8-46e6-b0e3-78e57c0c620c,2,IDFV,ios,1
2024-11-28 13:51:00,182.253.15.59,686931a4-abd8-46e6-b0e3-78e57c0c620c,2,IDFV,ios,1
2024-11-23 15:31:00,2a00:5400:e337::,AAA7PE7OD50AABQ_9xhR4Q,7,WEB_ID,android,1
2024-11-23 14:43:00,2a00:5400:f010::,AAKRGE7P9eIAABxfJkTLVA,7,WEB_ID,android,1
2024-11-23 14:44:00,2a00:5400:f010::,AAKRGE7P9eIAABxfJkTLVA,7,WEB_ID,android,1
2024-11-23 14:47:00,2a00:5400:f010::,AAKRGE7P9eIAABxfJkTLVA,7,WEB_ID,android,1
2024-11-23 14:50:00,2a00:5400:f010::,AAKRGE7P9eIAABxfJkTLVA,7,WEB_ID,android,1
2024-11-23 14:52:00,2a00:5400:f010::,AAKRGE7P9eIAABxfJkTLVA,7,WEB_ID,android,1
2024-11-23 14:52:00,2a00:5400:f010::,AAKRGE7P9eIAABxfJkTLVA,7,WEB_ID,android,1
2024-11-23 15:01:00,2a00:5400:f010::,AAKRGE7P9eIAABxfJkTLVA,7,WEB_ID,android,1
2024-11-23 15:03:00,2a00:5400:f010::,AAKRGE7P9eIAABxfJkTLVA,7,WEB_ID,android,1
2024-11-23 15:04:00,2a00:5400:f010::,AAKRGE7P9eIAABxfJkTLVA,7,WEB_ID,android,1
2024-11-23 15:04:00,2a00:5400:f010::,AAKRGE7P9eIAABxfJkTLVA,7,WEB_ID,android,1
2024-11-28 16:03:00,103.121.170.100,1a6196f1-7953-4e5a-8449-780be167de51,2,IDFV,ios,1
2024-11-28 16:08:00,103.121.170.100,1a6196f1-7953-4e5a-8449-780be167de51,2,IDFV,ios,1
2024-11-28 16:11:00,103.121.170.100,1a6196f1-7953-4e5a-8449-780be167de51,2,IDFV,ios,1
2024-11-28 16:17:00,103.121.170.100,1a6196f1-7953-4e5a-8449-780be167de51,2,IDFV,ios,1
2024-11-28 16:18:00,103.121.170.100,1a6196f1-7953-4e5a-8449-780be167de51,2,IDFV,ios,1
2024-11-28 16:21:00,103.121.170.100,1a6196f1-7953-4e5a-8449-780be167de51,2,IDFV,ios,1
2024-11-28 16:25:00,103.121.170.100,1a6196f1-7953-4e5a-8449-780be167de51,2,IDFV,ios,1
2024-11-28 16:27:00,103.121.170.100,1a6196f1-7953-4e5a-8449-780be167de51,2,IDFV,ios,1
2024-11-23 17:53:00,2a00:5400:e337::,AAA7PE7OD50AABQ_9xhR4Q,7,WEB_ID,android,1
2024-11-28 16:31:00,103.121.170.100,1a6196f1-7953-4e5a-8449-780be167de51,2,IDFV,ios,1
2024-11-28 16:46:00,103.121.170.100,1a6196f1-7953-4e5a-8449-780be167de51,2,IDFV,ios,1
2024-11-01 10:54:00,148.227.93.246,8819aef2-1a40-4291-b4a4-bcc08c8a4b74,1,GAID,android,0
2024-11-01 10:54:00,148.227.93.246,8819aef2-1a40-4291-b4a4-bcc08c8a4b74,1,GAID,android,0
2024-11-01 10:54:00,148.227.93.246,8819aef2-1a40-4291-b4a4-bcc08c8a4b74,1,GAID,android,0
2024-11-23 09:34:00,2a00:5400:f020::,AALKVk7RajkAABv5BSiD8w,6,WEB_ID,android,1
2024-11-23 09:34:00,2a00:5400:f020::,AALKVk7RajkAABv5BSiD8w,6,WEB_ID,android,1
2024-11-23 09:35:00,2a00:5400:f020::,AALKVk7RajkAABv5BSiD8w,6,WEB_ID,android,1
2024-11-23 09:43:00,2a00:5400:f020::,AALKVk7RajkAABv5BSiD8w,6,WEB_ID,android,1
2024-11-23 09:43:00,2a00:5400:f020::,AALKVk7RajkAABv5BSiD8w,6,WEB_ID,android,1
2024-11-01 11:10:00,148.227.93.246,8819aef2-1a40-4291-b4a4-bcc08c8a4b74,1,GAID,android,0
2024-11-01 11:15:00,148.227.93.246,8819aef2-1a40-4291-b4a4-bcc08c8a4b74,1,GAID,android,0
2024-11-01 11:17:00,148.227.93.246,8819aef2-1a40-4291-b4a4-bcc08c8a4b74,1,GAID,android,0
2024-11-01 11:22:00,148.227.93.246,8819aef2-1a40-4291-b4a4-bcc08c8a4b74,1,GAID,android,0
2024-11-01 11:26:00,148.227.93.246,8819aef2-1a40-4291-b4a4-bcc08c8a4b74,1,GAID,android,0
2024-11-01 11:26:00,148.227.93.246,8819aef2-1a40-4291-b4a4-bcc08c8a4b74,1,GAID,android,0
2024-11-01 11:27:00,148.227.93.246,8819aef2-1a40-4291-b4a4-bcc08c8a4b74,1,GAID,android,0
2024-11-01 11:27:00,148.227.93.246,8819aef2-1a40-4291-b4a4-bcc08c8a4b74,1,GAID,android,0
2024-11-01 11:31:00,148.227.93.246,8819aef2-1a40-4291-b4a4-bcc08c8a4b74,1,GAID,android,0
2024-11-01 13:18:00,148.227.93.246,8819aef2-1a40-4291-b4a4-bcc08c8a4b74,1,GAID,android,0
2024-11-01 13:23:00,148.227.93.246,8819aef2-1a40-4291-b4a4-bcc08c8a4b74,1,GAID,android,0
2024-11-01 13:30:00,148.227.93.246,8819aef2-1a40-4291-b4a4-bcc08c8a4b74,1,GAID,android,0
2024-11-24 09:19:00,2a00:5400:f010::,AAKRGE7P9eIAABxfJkTLVA,7,WEB_ID,android,1
2024-11-24 09:30:00,2a00:5400:f010::,AAKRGE7P9eIAABxfJkTLVA,7,WEB_ID,android,1
2024-11-23 09:59:00,2a00:5400:e053:b76:64c5:db3d:87e5:a874,AAKT707IOKgAAB_bLwHDew,6,WEB_ID,ios,1
2024-11-23 10:04:00,2a00:5400:e053:b76:64c5:db3d:87e5:a874,AAKT707IOKgAAB_bLwHDew,6,WEB_ID,ios,1
2024-11-23 10:06:00,2a00:5400:e053:b76:64c5:db3d:87e5:a874,AAKT707IOKgAAB_bLwHDew,6,WEB_ID,ios,1
2024-11-02 10:29:00,148.227.93.74,8819aef2-1a40-4291-b4a4-bcc08c8a4b74,1,GAID,android,0
2024-11-02 10:30:00,148.227.93.74,8819aef2-1a40-4291-b4a4-bcc08c8a4b74,1,GAID,android,0
2024-11-02 10:34:00,2803:9810:6289:8608:1548:3527:5b23:1d93,8819aef2-1a40-4291-b4a4-bcc08c8a4b74,1,GAID,android,0
2024-11-02 10:34:00,148.227.93.74,8819aef2-1a40-4291-b4a4-bcc08c8a4b74,1,GAID,android,0
2024-11-02 10:35:00,148.227.93.74,8819aef2-1a40-4291-b4a4-bcc08c8a4b74,1,GAID,android,0
2024-11-24 11:22:00,2a00:5400:e337::,AAA7PE7OD50AABQ_9xhR4Q,7,WEB_ID,android,1
2024-11-02 11:20:00,2803:9810:6289:8608::,8819aef2-1a40-4291-b4a4-bcc08c8a4b74,1,GAID,android,0
2024-11-02 11:21:00,148.227.93.90,8819aef2-1a40-4291-b4a4-bcc08c8a4b74,1,GAID,android,0
2024-11-02 11:22:00,148.227.93.90,8819aef2-1a40-4291-b4a4-bcc08c8a4b74,1,GAID,android,0
2024-11-02 12:01:00,148.227.93.90,8819aef2-1a40-4291-b4a4-bcc08c8a4b74,1,GAID,android,0
2024-11-02 12:04:00,2803:9810:6289:8608::,8819aef2-1a40-4291-b4a4-bcc08c8a4b74,1,GAID,android,0
2024-11-02 12:04:00,148.227.93.90,8819aef2-1a40-4291-b4a4-bcc08c8a4b74,1,GAID,android,0
2024-11-02 12:04:00,148.227.93.90,8819aef2-1a40-4291-b4a4-bcc08c8a4b74,1,GAID,android,0
2024-11-02 12:05:00,148.227.93.90,8819aef2-1a40-4291-b4a4-bcc08c8a4b74,1,GAID,android,0
2024-11-02 12:05:00,2803:9810:6289:8608::,8819aef2-1a40-4291-b4a4-bcc08c8a4b74,1,GAID,android,0
2024-11-02 12:05:00,2803:9810:6289:8608::,8819aef2-1a40-4291-b4a4-bcc08c8a4b74,1,GAID,android,0
2024-11-02 12:11:00,148.227.93.90,8819aef2-1a40-4291-b4a4-bcc08c8a4b74,1,GAID,android,0
2024-11-02 12:11:00,148.227.93.90,8819aef2-1a40-4291-b4a4-bcc08c8a4b74,1,GAID,android,0
2024-11-02 12:12:00,148.227.93.90,8819aef2-1a40-4291-b4a4-bcc08c8a4b74,1,GAID,android,0
2024-11-02 12:12:00,148.227.93.90,8819aef2-1a40-4291-b4a4-bcc08c8a4b74,1,GAID,android,0
2024-11-02 12:13:00,148.227.93.90,8819aef2-1a40-4291-b4a4-bcc08c8a4b74,1,GAID,android,0
2024-11-02 12:14:00,148.227.93.90,8819aef2-1a40-4291-b4a4-bcc08c8a4b74,1,GAID,android,0
2024-11-02 12:14:00,2803:9810:6289:8608::,8819aef2-1a40-4291-b4a4-bcc08c8a4b74,1,GAID,android,0
2024-11-02 12:15:00,148.227.93.90,8819aef2-1a40-4291-b4a4-bcc08c8a4b74,1,GAID,android,0
2024-11-02 12:15:00,2803:9810:6289:8608::,8819aef2-1a40-4291-b4a4-bcc08c8a4b74,1,GAID,android,0
2024-11-02 12:16:00,148.227.93.90,8819aef2-1a40-4291-b4a4-bcc08c8a4b74,1,GAID,android,0
2024-11-02 12:18:00,148.227.93.90,8819aef2-1a40-4291-b4a4-bcc08c8a4b74,1,GAID,android,0
2024-11-02 12:19:00,148.227.93.90,8819aef2-1a40-4291-b4a4-bcc08c8a4b74,1,GAID,android,0
2024-11-02 12:42:00,148.227.93.90,8819aef2-1a40-4291-b4a4-bcc08c8a4b74,1,GAID,android,0
2024-11-02 12:48:00,2803:9810:6289:8608::,8819aef2-1a40-4291-b4a4-bcc08c8a4b74,1,GAID,android,0
2024-11-02 12:52:00,2803:9810:6289:8608::,8819aef2-1a40-4291-b4a4-bcc08c8a4b74,1,GAID,android,0
2024-11-02 12:52:00,148.227.93.90,8819aef2-1a40-4291-b4a4-bcc08c8a4b74,1,GAID,android,0
2024-11-02 18:44:00,148.227.93.90,8819aef2-1a40-4291-b4a4-bcc08c8a4b74,1,GAID,android,0
2024-11-24 12:08:00,2a00:5400:e337::,AAA7PE7OD50AABQ_9xhR4Q,7,WEB_ID,android,1
2024-11-24 16:34:00,2a00:5400:f010::,AAKRGE7P9eIAABxfJkTLVA,7,WEB_ID,android,1
2024-11-24 16:34:00,2a00:5400:f010::,AAKRGE7P9eIAABxfJkTLVA,7,WEB_ID,android,1
2024-11-24 16:36:00,2a00:5400:f010::,AAKRGE7P9eIAABxfJkTLVA,7,WEB_ID,android,1
2024-11-02 19:18:00,148.227.93.129,8819aef2-1a40-4291-b4a4-bcc08c8a4b74,1,GAID,android,0
2024-11-02 19:18:00,148.227.93.129,8819aef2-1a40-4291-b4a4-bcc08c8a4b74,1,GAID,android,0
2024-11-02 18:48:00,148.227.93.129,8819aef2-1a40-4291-b4a4-bcc08c8a4b74,1,GAID,android,0
2024-11-02 18:49:00,148.227.93.129,8819aef2-1a40-4291-b4a4-bcc08c8a4b74,1,GAID,android,0
2024-11-02 19:03:00,148.227.93.129,8819aef2-1a40-4291-b4a4-bcc08c8a4b74,1,GAID,android,0
2024-11-02 19:04:00,148.227.93.129,8819aef2-1a40-4291-b4a4-bcc08c8a4b74,1,GAID,android,0
2024-11-02 19:07:00,148.227.93.129,8819aef2-1a40-4291-b4a4-bcc08c8a4b74,1,GAID,android,0
2024-11-02 19:07:00,148.227.93.129,8819aef2-1a40-4291-b4a4-bcc08c8a4b74,1,GAID,android,0
2024-11-02 19:08:00,2803:9810:6289:8608::,8819aef2-1a40-4291-b4a4-bcc08c8a4b74,1,GAID,android,0
2024-11-02 19:09:00,148.227.93.129,8819aef2-1a40-4291-b4a4-bcc08c8a4b74,1,GAID,android,0
2024-11-02 19:15:00,148.227.93.129,8819aef2-1a40-4291-b4a4-bcc08c8a4b74,1,GAID,android,0
2024-11-02 19:19:00,2803:9810:6289:8608::,8819aef2-1a40-4291-b4a4-bcc08c8a4b74,1,GAID,android,0
2024-11-24 17:01:00,2a00:5400:e337::,AAA7PE7OD50AABQ_9xhR4Q,7,WEB_ID,android,1
2024-11-02 19:21:00,148.227.93.129,8819aef2-1a40-4291-b4a4-bcc08c8a4b74,1,GAID,android,0
2024-11-02 19:22:00,148.227.93.129,8819aef2-1a40-4291-b4a4-bcc08c8a4b74,1,GAID,android,0
2024-11-02 19:22:00,148.227.93.129,8819aef2-1a40-4291-b4a4-bcc08c8a4b74,1,GAID,android,0
2024-11-23 10:10:00,2a00:5400:f020::,AALKVk7RajkAABv5BSiD8w,6,WEB_ID,android,1
2024-11-23 10:18:00,2a00:5400:f020::,AALKVk7RajkAABv5BSiD8w,6,WEB_ID,android,1
2024-10-25 18:52:00,148.227.93.75,f03bc630-b53b-42b1-8e24-670999ed9e3b,4,IDFA,ios,0
2024-11-02 20:50:00,2803:9810:6289:8608::,8819aef2-1a40-4291-b4a4-bcc08c8a4b74,1,GAID,android,0
2024-11-02 20:52:00,2803:9810:6289:8608::,8819aef2-1a40-4291-b4a4-bcc08c8a4b74,1,GAID,android,0
2024-11-02 20:52:00,148.227.93.129,8819aef2-1a40-4291-b4a4-bcc08c8a4b74,1,GAID,android,0
2024-11-02 20:53:00,2803:9810:6289:8608::,8819aef2-1a40-4291-b4a4-bcc08c8a4b74,1,GAID,android,0
2024-11-02 20:53:00,2803:9810:6289:8608::,8819aef2-1a40-4291-b4a4-bcc08c8a4b74,1,GAID,android,0
2024-11-02 20:54:00,148.227.93.129,8819aef2-1a40-4291-b4a4-bcc08c8a4b74,1,GAID,android,0
2024-11-02 20:55:00,148.227.93.129,8819aef2-1a40-4291-b4a4-bcc08c8a4b74,1,GAID,android,0
2024-11-02 20:55:00,2803:9810:6289:8608:9c1a:bfe5:7a80:7896,8819aef2-1a40-4291-b4a4-bcc08c8a4b74,1,GAID,android,0
2024-11-02 20:56:00,148.227.93.129,8819aef2-1a40-4291-b4a4-bcc08c8a4b74,1,GAID,android,0
2024-11-02 20:59:00,2803:9810:6289:8608::,8819aef2-1a40-4291-b4a4-bcc08c8a4b74,1,GAID,android,0
2024-11-02 21:00:00,148.227.93.129,8819aef2-1a40-4291-b4a4-bcc08c8a4b74,1,GAID,android,0
2024-11-02 21:02:00,2803:9810:6289:8608::,8819aef2-1a40-4291-b4a4-bcc08c8a4b74,1,GAID,android,0
2024-11-02 21:04:00,148.227.93.129,8819aef2-1a40-4291-b4a4-bcc08c8a4b74,1,GAID,android,0
2024-11-02 21:08:00,148.227.93.129,8819aef2-1a40-4291-b4a4-bcc08c8a4b74,1,GAID,android,0
2024-11-02 21:08:00,148.227.93.129,8819aef2-1a40-4291-b4a4-bcc08c8a4b74,1,GAID,android,0
2024-11-02 21:09:00,148.227.93.129,8819aef2-1a40-4291-b4a4-bcc08c8a4b74,1,GAID,android,0
2024-11-02 21:10:00,148.227.93.129,8819aef2-1a40-4291-b4a4-bcc08c8a4b74,1,GAID,android,0
2024-11-02 21:10:00,2803:9810:6289:8608::,8819aef2-1a40-4291-b4a4-bcc08c8a4b74,1,GAID,android,0
2024-11-02 21:35:00,148.227.93.129,8819aef2-1a40-4291-b4a4-bcc08c8a4b74,1,GAID,android,0
2024-11-02 21:42:00,148.227.93.129,8819aef2-1a40-4291-b4a4-bcc08c8a4b74,1,GAID,android,0
2024-11-02 21:44:00,148.227.93.129,8819aef2-1a40-4291-b4a4-bcc08c8a4b74,1,GAID,android,0
2024-11-03 10:04:00,148.227.93.129,8819aef2-1a40-4291-b4a4-bcc08c8a4b74,1,GAID,android,0
2024-11-03 10:05:00,148.227.93.129,8819aef2-1a40-4291-b4a4-bcc08c8a4b74,1,GAID,android,0
2024-11-03 10:24:00,148.227.93.129,8819aef2-1a40-4291-b4a4-bcc08c8a4b74,1,GAID,android,0
2024-11-03 10:27:00,148.227.93.129,8819aef2-1a40-4291-b4a4-bcc08c8a4b74,1,GAID,android,0
2024-11-03 10:32:00,148.227.93.129,8819aef2-1a40-4291-b4a4-bcc08c8a4b74,1,GAID,android,0
2024-11-03 10:38:00,148.227.93.129,8819aef2-1a40-4291-b4a4-bcc08c8a4b74,1,GAID,android,0
2024-11-03 10:40:00,148.227.93.129,8819aef2-1a40-4291-b4a4-bcc08c8a4b74,1,GAID,android,0
2024-11-03 10:42:00,148.227.93.129,8819aef2-1a40-4291-b4a4-bcc08c8a4b74,1,GAID,android,0
2024-11-03 10:42:00,2803:9810:6289:8608:9c1a:bfe5:7a80:7896,8819aef2-1a40-4291-b4a4-bcc08c8a4b74,1,GAID,android,0
2024-11-03 10:42:00,2803:9810:6289:8608::,8819aef2-1a40-4291-b4a4-bcc08c8a4b74,1,GAID,android,0
2024-11-03 10:43:00,148.227.93.129,8819aef2-1a40-4291-b4a4-bcc08c8a4b74,1,GAID,android,0
2024-11-03 10:43:00,148.227.93.129,8819aef2-1a40-4291-b4a4-bcc08c8a4b74,1,GAID,android,0
2024-11-03 10:44:00,148.227.93.129,8819aef2-1a40-4291-b4a4-bcc08c8a4b74,1,GAID,android,0
2024-11-03 10:44:00,2803:9810:6289:8608::,8819aef2-1a40-4291-b4a4-bcc08c8a4b74,1,GAID,android,0
2024-11-03 10:45:00,148.227.93.129,8819aef2-1a40-4291-b4a4-bcc08c8a4b74,1,GAID,android,0
2024-11-03 10:46:00,148.227.93.129,8819aef2-1a40-4291-b4a4-bcc08c8a4b74,1,GAID,android,0
2024-11-03 10:50:00,148.227.93.129,8819aef2-1a40-4291-b4a4-bcc08c8a4b74,1,GAID,android,0
2024-11-03 10:53:00,148.227.93.129,8819aef2-1a40-4291-b4a4-bcc08c8a4b74,1,GAID,android,0
2024-11-03 10:58:00,148.227.93.129,8819aef2-1a40-4291-b4a4-bcc08c8a4b74,1,GAID,android,0
2024-10-05 09:39:00,51.39.244.172,AAFK807KLUoAABmn5BDNiQ,3,WEB_ID,android,1
2024-10-05 09:40:00,51.39.244.145,AAFK807KLUoAABmn5BDNiQ,3,WEB_ID,android,1
2024-10-06 15:51:00,51.39.244.145,AAFK807KLUoAABmn5BDNiQ,3,WEB_ID,android,1
2024-11-03 13:29:00,148.227.93.129,8819aef2-1a40-4291-b4a4-bcc08c8a4b74,1,GAID,android,0
2024-11-03 13:40:00,148.227.93.129,8819aef2-1a40-4291-b4a4-bcc08c8a4b74,1,GAID,android,0
2024-11-03 13:47:00,148.227.93.129,8819aef2-1a40-4291-b4a4-bcc08c8a4b74,1,GAID,android,0
2024-11-03 13:51:00,148.227.93.129,8819aef2-1a40-4291-b4a4-bcc08c8a4b74,1,GAID,android,0
2024-10-30 17:12:00,148.227.92.140,f03bc630-b53b-42b1-8e24-670999ed9e3b,4,IDFA,ios,0
2024-11-03 14:13:00,2803:9810:6289:8608::,8819aef2-1a40-4291-b4a4-bcc08c8a4b74,1,GAID,android,0
2024-11-03 14:13:00,148.227.93.129,8819aef2-1a40-4291-b4a4-bcc08c8a4b74,1,GAID,android,0
2024-11-03 14:13:00,148.227.93.129,8819aef2-1a40-4291-b4a4-bcc08c8a4b74,1,GAID,android,0
2024-10-06 16:16:00,51.39.130.67,AAFK807KLUoAABmn5BDNiQ,3,WEB_ID,android,1
2024-11-03 14:35:00,148.227.93.129,8819aef2-1a40-4291-b4a4-bcc08c8a4b74,1,GAID,android,0
2024-11-03 14:37:00,148.227.93.129,8819aef2-1a40-4291-b4a4-bcc08c8a4b74,1,GAID,android,0
2024-10-06 16:25:00,2a02:cb80:4118:9f73::,AAFK807KLUoAABmn5BDNiQ,3,WEB_ID,android,1
2024-10-06 16:28:00,2a02:cb80:4118:97d0::,AAFK807KLUoAABmn5BDNiQ,3,WEB_ID,android,1
2024-10-06 16:32:00,2a02:cb80:4118:97d0::,AAFK807KLUoAABmn5BDNiQ,3,WEB_ID,android,1
2024-10-06 16:32:00,2a02:cb80:4118:97d0::,AAFK807KLUoAABmn5BDNiQ,3,WEB_ID,android,1
2024-11-03 14:50:00,148.227.93.129,8819aef2-1a40-4291-b4a4-bcc08c8a4b74,1,GAID,android,0
2024-10-06 16:39:00,2a02:cb80:4118:97d0::,AAFK807KLUoAABmn5BDNiQ,3,WEB_ID,android,1
2024-11-03 14:54:00,148.227.93.129,8819aef2-1a40-4291-b4a4-bcc08c8a4b74,1,GAID,android,0
2024-10-07 14:47:00,2a02:cb80:4118:97d0::,AAFK807KLUoAABmn5BDNiQ,3,WEB_ID,android,1
2024-10-07 14:47:00,51.39.130.67,AAFK807KLUoAABmn5BDNiQ,3,WEB_ID,android,1
2024-11-14 13:12:00,2a00:5400:f026::,377933c0-77e3-44e2-b1c8-0d09a4c18f8b,5,IDFA,ios,1
2024-11-14 13:12:00,2a00:5400:f026::,377933c0-77e3-44e2-b1c8-0d09a4c18f8b,5,IDFA,ios,1
2024-10-07 20:46:00,51.39.130.67,AAFK807KLUoAABmn5BDNiQ,3,WEB_ID,android,1
2024-10-07 20:53:00,2a02:cb80:4118:97d0::,AAFK807KLUoAABmn5BDNiQ,3,WEB_ID,android,1
2024-10-07 20:54:00,2a02:cb80:4118:97d0::,AAFK807KLUoAABmn5BDNiQ,3,WEB_ID,android,1
2024-10-07 21:03:00,2a02:cb80:4018:5dad::,AAFK807KLUoAABmn5BDNiQ,3,WEB_ID,android,1
2024-10-07 21:04:00,2a02:cb80:4018:5dad::,AAFK807KLUoAABmn5BDNiQ,3,WEB_ID,android,1
2024-11-23 15:38:00,2a00:5400:e053:b76::,AAKT707IOKgAAB_bLwHDew,6,WEB_ID,ios,1
2024-10-08 19:55:00,94.99.7.201,AABvrk7RhqwAABuvMhFb-w,3,WEB_ID,android,1
2024-10-08 19:55:00,94.99.7.201,AABvrk7RhqwAABuvMhFb-w,3,WEB_ID,android,1
2024-10-08 19:56:00,94.99.7.201,AABvrk7RhqwAABuvMhFb-w,3,WEB_ID,android,1
2024-10-08 19:56:00,94.99.7.201,AABvrk7RhqwAABuvMhFb-w,3,WEB_ID,android,1
2024-10-08 20:38:00,51.36.183.49,AABvrk7RhqwAABuvMhFb-w,3,WEB_ID,android,1
2024-10-08 20:38:00,51.36.183.49,AABvrk7RhqwAABuvMhFb-w,3,WEB_ID,android,1
2024-10-08 20:38:00,51.36.183.49,AABvrk7RhqwAABuvMhFb-w,3,WEB_ID,android,1
2024-10-08 20:38:00,51.36.183.49,AABvrk7RhqwAABuvMhFb-w,3,WEB_ID,android,1
2024-10-08 20:38:00,51.36.183.49,AABvrk7RhqwAABuvMhFb-w,3,WEB_ID,android,1
2024-10-08 20:38:00,51.36.183.49,AABvrk7RhqwAABuvMhFb-w,3,WEB_ID,android,1
2024-10-08 20:38:00,51.36.183.49,AABvrk7RhqwAABuvMhFb-w,3,WEB_ID,android,1
2024-10-08 20:38:00,51.36.183.49,AABvrk7RhqwAABuvMhFb-w,3,WEB_ID,android,1
2024-11-03 13:22:00,148.227.93.70,f03bc630-b53b-42b1-8e24-670999ed9e3b,4,IDFA,ios,0
2024-11-25 08:12:00,2a00:5400:f012::,AAKRGE7P9eIAABxfJkTLVA,7,WEB_ID,android,1
2024-11-25 08:13:00,2a00:5400:f012::,AAKRGE7P9eIAABxfJkTLVA,7,WEB_ID,android,1
2024-11-25 08:13:00,2a00:5400:f012::,AAKRGE7P9eIAABxfJkTLVA,7,WEB_ID,android,1
2024-11-25 08:14:00,2a00:5400:f012::,AAKRGE7P9eIAABxfJkTLVA,7,WEB_ID,android,1
2024-11-25 08:22:00,2a00:5400:f012::,AAKRGE7P9eIAABxfJkTLVA,7,WEB_ID,android,1
2024-11-25 08:24:00,2a00:5400:f012::,AAKRGE7P9eIAABxfJkTLVA,7,WEB_ID,android,1
2024-11-25 08:25:00,2a00:5400:f012::,AAKRGE7P9eIAABxfJkTLVA,7,WEB_ID,android,1
2024-11-03 15:30:00,148.227.93.157,8819aef2-1a40-4291-b4a4-bcc08c8a4b74,1,GAID,android,0
2024-11-03 15:30:00,2803:9810:6289:8608::,8819aef2-1a40-4291-b4a4-bcc08c8a4b74,1,GAID,android,0
2024-11-25 08:32:00,2a00:5400:f012::,AAKRGE7P9eIAABxfJkTLVA,7,WEB_ID,android,1
2024-11-03 15:33:00,2803:9810:6289:8608::,8819aef2-1a40-4291-b4a4-bcc08c8a4b74,1,GAID,android,0
2024-11-03 15:34:00,148.227.93.157,8819aef2-1a40-4291-b4a4-bcc08c8a4b74,1,GAID,android,0
2024-11-03 15:37:00,2803:9810:6289:8608::,8819aef2-1a40-4291-b4a4-bcc08c8a4b74,1,GAID,android,0
2024-11-25 08:36:00,2a00:5400:f012::,AAKRGE7P9eIAABxfJkTLVA,7,WEB_ID,android,1
2024-11-03 15:37:00,148.227.93.157,8819aef2-1a40-4291-b4a4-bcc08c8a4b74,1,GAID,android,0
2024-11-21 12:42:00,2a00:5400:f025::,377933c0-77e3-44e2-b1c8-0d09a4c18f8b,5,IDFA,ios,1
2024-11-21 12:42:00,2a00:5400:f025::,377933c0-77e3-44e2-b1c8-0d09a4c18f8b,5,IDFA,ios,1
2024-11-21 12:57:00,2a00:5400:f025::,d70be07e-05ff-4037-98c5-d059c20f4a1e,5,IDFA,ios,1
2024-11-21 12:57:00,2a00:5400:f025::,d70be07e-05ff-4037-98c5-d059c20f4a1e,5,IDFA,ios,1
2024-11-25 08:42:00,2a00:5400:f012::,AAKRGE7P9eIAABxfJkTLVA,7,WEB_ID,android,1
2024-11-25 08:42:00,2a00:5400:f012::,AAKRGE7P9eIAABxfJkTLVA,7,WEB_ID,android,1
2024-11-25 08:42:00,2a00:5400:f012::,AAKRGE7P9eIAABxfJkTLVA,7,WEB_ID,android,1
2024-11-25 08:43:00,2a00:5400:f012::,AAKRGE7P9eIAABxfJkTLVA,7,WEB_ID,android,1
2024-11-25 08:43:00,2a00:5400:e051::,AAFcvU7LIAoAABO-Xttw5A,7,WEB_ID,android,1
2024-11-25 08:45:00,2a00:5400:f012::,AAKRGE7P9eIAABxfJkTLVA,7,WEB_ID,android,1
2024-11-25 08:47:00,2a00:5400:f012::,AAKRGE7P9eIAABxfJkTLVA,7,WEB_ID,android,1
2024-11-25 08:47:00,2a00:5400:f012::,AAKRGE7P9eIAABxfJkTLVA,7,WEB_ID,android,1
2024-11-25 08:47:00,2a00:5400:f012::,AAKRGE7P9eIAABxfJkTLVA,7,WEB_ID,android,1
2024-11-25 08:47:00,2a00:5400:f012::,AAKRGE7P9eIAABxfJkTLVA,7,WEB_ID,android,1
2024-11-25 08:55:00,2a00:5400:e051::,AAFcvU7LIAoAABO-Xttw5A,7,WEB_ID,android,1
2024-11-25 08:57:00,2a00:5400:e051::,AAFcvU7LIAoAABO-Xttw5A,7,WEB_ID,android,1
2024-11-25 08:58:00,2a00:5400:e337::,AAA7PE7OD50AABQ_9xhR4Q,7,WEB_ID,android,1
2024-11-03 17:08:00,148.227.93.157,8819aef2-1a40-4291-b4a4-bcc08c8a4b74,1,GAID,android,0
2024-11-25 08:59:00,2a00:5400:e051::,AAFcvU7LIAoAABO-Xttw5A,7,WEB_ID,android,1
2024-11-25 09:00:00,2a00:5400:e051::,AAFcvU7LIAoAABO-Xttw5A,7,WEB_ID,android,1
2024-11-25 09:02:00,2a00:5400:e051::,AAFcvU7LIAoAABO-Xttw5A,7,WEB_ID,android,1
2024-11-23 16:15:00,2a00:5400:e053:b76:64c5:db3d:87e5:a874,AAKT707IOKgAAB_bLwHDew,6,WEB_ID,ios,1
2024-11-25 09:03:00,2a00:5400:e051::,AAFcvU7LIAoAABO-Xttw5A,7,WEB_ID,android,1
2024-11-25 09:04:00,2a00:5400:e051::,AAFcvU7LIAoAABO-Xttw5A,7,WEB_ID,android,1
2024-11-25 09:04:00,2a00:5400:e051::,AAFcvU7LIAoAABO-Xttw5A,7,WEB_ID,android,1
2024-11-25 09:04:00,2a00:5400:e051::,AAFcvU7LIAoAABO-Xttw5A,7,WEB_ID,android,1
2024-11-25 09:05:00,2a00:5400:e051::,AAFcvU7LIAoAABO-Xttw5A,7,WEB_ID,android,1
2024-11-25 09:05:00,2a00:5400:e051::,AAFcvU7LIAoAABO-Xttw5A,7,WEB_ID,android,1
2024-11-25 09:06:00,2a00:5400:e051::,AAFcvU7LIAoAABO-Xttw5A,7,WEB_ID,android,1
2024-11-25 09:06:00,2a00:5400:e051::,AAFcvU7LIAoAABO-Xttw5A,7,WEB_ID,android,1
2024-11-25 09:06:00,2a00:5400:e051::,AAFcvU7LIAoAABO-Xttw5A,7,WEB_ID,android,1
2024-11-25 09:07:00,2a00:5400:e051::,AAFcvU7LIAoAABO-Xttw5A,7,WEB_ID,android,1
2024-11-25 09:07:00,2a00:5400:e051::,AAFcvU7LIAoAABO-Xttw5A,7,WEB_ID,android,1
2024-11-03 17:16:00,148.227.93.157,8819aef2-1a40-4291-b4a4-bcc08c8a4b74,1,GAID,android,0
2024-11-25 09:07:00,2a00:5400:e051::,AAFcvU7LIAoAABO-Xttw5A,7,WEB_ID,android,1
2024-11-25 09:08:00,2a00:5400:e051::,AAFcvU7LIAoAABO-Xttw5A,7,WEB_ID,android,1
2024-11-23 16:21:00,2a00:5400:f025::,AALKVk7RajkAABv5BSiD8w,6,WEB_ID,android,1
2024-11-23 16:21:00,2a00:5400:f025::,AALKVk7RajkAABv5BSiD8w,6,WEB_ID,android,1
2024-11-25 09:09:00,2a00:5400:e051::,AAFcvU7LIAoAABO-Xttw5A,7,WEB_ID,android,1
2024-11-25 09:10:00,2a00:5400:e051::,AAFcvU7LIAoAABO-Xttw5A,7,WEB_ID,android,1
2024-11-25 09:10:00,2a00:5400:e051::,AAFcvU7LIAoAABO-Xttw5A,7,WEB_ID,android,1
2024-11-25 09:10:00,2a00:5400:e051::,AAFcvU7LIAoAABO-Xttw5A,7,WEB_ID,android,1
2024-11-03 17:19:00,148.227.93.157,8819aef2-1a40-4291-b4a4-bcc08c8a4b74,1,GAID,android,0
2024-11-25 09:11:00,2a00:5400:e051::,AAFcvU7LIAoAABO-Xttw5A,7,WEB_ID,android,1
2024-11-25 09:11:00,2a00:5400:e051::,AAFcvU7LIAoAABO-Xttw5A,7,WEB_ID,android,1
2024-11-25 09:11:00,2a00:5400:e051::,AAFcvU7LIAoAABO-Xttw5A,7,WEB_ID,android,1
2024-11-23 16:26:00,2a00:5400:e053:b76:64c5:db3d:87e5:a874,AAKT707IOKgAAB_bLwHDew,6,WEB_ID,ios,1
2024-11-21 13:35:00,2a00:5400:f025::,377933c0-77e3-44e2-b1c8-0d09a4c18f8b,5,IDFA,ios,1
2024-11-21 13:35:00,2a00:5400:f025::,377933c0-77e3-44e2-b1c8-0d09a4c18f8b,5,IDFA,ios,1
2024-11-23 16:30:00,2a00:5400:e053:b76:64c5:db3d:87e5:a874,AAKT707IOKgAAB_bLwHDew,6,WEB_ID,ios,1
2024-11-23 16:35:00,82.167.94.0,AAKT707IOKgAAB_bLwHDew,6,WEB_ID,ios,1
2024-11-23 16:36:00,2a00:5400:e053:b76::,AAKT707IOKgAAB_bLwHDew,6,WEB_ID,ios,1
2024-11-03 17:32:00,148.227.93.157,8819aef2-1a40-4291-b4a4-bcc08c8a4b74,1,GAID,android,0
2024-11-23 16:30:00,2a00:5400:e053:b76::,AAKT707IOKgAAB_bLwHDew,6,WEB_ID,ios,1
2024-11-23 16:30:00,2a00:5400:e053:b76:64c5:db3d:87e5:a874,AAKT707IOKgAAB_bLwHDew,6,WEB_ID,ios,1
2024-11-04 10:14:00,148.227.93.157,8819aef2-1a40-4291-b4a4-bcc08c8a4b74,1,GAID,android,0
2024-11-23 16:35:00,2a00:5400:e053:b76:64c5:db3d:87e5:a874,AAKT707IOKgAAB_bLwHDew,6,WEB_ID,ios,1
2024-11-23 16:36:00,2a00:5400:e053:b76::,AAKT707IOKgAAB_bLwHDew,6,WEB_ID,ios,1
2024-11-04 10:19:00,148.227.93.157,8819aef2-1a40-4291-b4a4-bcc08c8a4b74,1,GAID,android,0
2024-11-23 16:40:00,2a00:5400:e053:b76:64c5:db3d:87e5:a874,AAKT707IOKgAAB_bLwHDew,6,WEB_ID,ios,1
2024-11-23 16:41:00,2a00:5400:e053:b76:64c5:db3d:87e5:a874,AAKT707IOKgAAB_bLwHDew,6,WEB_ID,ios,1
2024-11-04 10:24:00,148.227.93.157,8819aef2-1a40-4291-b4a4-bcc08c8a4b74,1,GAID,android,0
2024-11-04 10:26:00,148.227.93.157,8819aef2-1a40-4291-b4a4-bcc08c8a4b74,1,GAID,android,0
2024-11-23 16:45:00,2a00:5400:e053:b76::,AAKT707IOKgAAB_bLwHDew,6,WEB_ID,ios,1
2024-11-23 16:45:00,2a00:5400:e053:b76:64c5:db3d:87e5:a874,AAKT707IOKgAAB_bLwHDew,6,WEB_ID,ios,1
2024-11-23 16:46:00,2a00:5400:e053:b76:64c5:db3d:87e5:a874,AAKT707IOKgAAB_bLwHDew,6,WEB_ID,ios,1
2024-11-23 16:48:00,2a00:5400:e053:b76:64c5:db3d:87e5:a874,AAKT707IOKgAAB_bLwHDew,6,WEB_ID,ios,1
2024-11-23 16:48:00,2a00:5400:e053:b76::,AAKT707IOKgAAB_bLwHDew,6,WEB_ID,ios,1
2024-11-23 16:50:00,2a00:5400:e053:b76:64c5:db3d:87e5:a874,AAKT707IOKgAAB_bLwHDew,6,WEB_ID,ios,1
2024-11-23 16:52:00,2a00:5400:e053:b76::,AAKT707IOKgAAB_bLwHDew,6,WEB_ID,ios,1
2024-11-23 16:55:00,2a00:5400:e053:b76:64c5:db3d:87e5:a874,AAKT707IOKgAAB_bLwHDew,6,WEB_ID,ios,1
2024-11-04 10:38:00,148.227.93.157,8819aef2-1a40-4291-b4a4-bcc08c8a4b74,1,GAID,android,0
2024-11-23 17:01:00,2a00:5400:e053:b76::,AAKT707IOKgAAB_bLwHDew,6,WEB_ID,ios,1
2024-11-23 17:02:00,2a00:5400:e053:b76:64c5:db3d:87e5:a874,AAKT707IOKgAAB_bLwHDew,6,WEB_ID,ios,1
2024-11-23 17:05:00,2a00:5400:e053:b76:64c5:db3d:87e5:a874,AAKT707IOKgAAB_bLwHDew,6,WEB_ID,ios,1
2024-11-23 17:05:00,2a00:5400:e053:b76:64c5:db3d:87e5:a874,AAKT707IOKgAAB_bLwHDew,6,WEB_ID,ios,1
2024-11-04 10:48:00,148.227.93.157,8819aef2-1a40-4291-b4a4-bcc08c8a4b74,1,GAID,android,0
2024-11-04 10:51:00,148.227.93.157,8819aef2-1a40-4291-b4a4-bcc08c8a4b74,1,GAID,android,0
2024-11-23 17:09:00,82.167.94.200,AAKT707IOKgAAB_bLwHDew,6,WEB_ID,ios,1
2024-11-23 17:10:00,2a00:5400:e053:b76:64c5:db3d:87e5:a874,AAKT707IOKgAAB_bLwHDew,6,WEB_ID,ios,1
2024-11-23 17:10:00,2a00:5400:e053:b76::,AAKT707IOKgAAB_bLwHDew,6,WEB_ID,ios,1
2024-11-04 10:58:00,148.227.93.157,8819aef2-1a40-4291-b4a4-bcc08c8a4b74,1,GAID,android,0
2024-11-04 11:02:00,148.227.93.157,8819aef2-1a40-4291-b4a4-bcc08c8a4b74,1,GAID,android,0
2024-11-04 11:07:00,148.227.93.157,8819aef2-1a40-4291-b4a4-bcc08c8a4b74,1,GAID,android,0
2024-11-04 15:37:00,148.227.93.157,8819aef2-1a40-4291-b4a4-bcc08c8a4b74,1,GAID,android,0
2024-11-26 18:51:00,2a00:5400:f025::,377933c0-77e3-44e2-b1c8-0d09a4c18f8b,5,IDFA,ios,1
2024-11-26 18:51:00,2a00:5400:f025::,377933c0-77e3-44e2-b1c8-0d09a4c18f8b,5,IDFA,ios,1
2024-11-04 15:45:00,148.227.93.157,8819aef2-1a40-4291-b4a4-bcc08c8a4b74,1,GAID,android,0
2024-11-04 15:46:00,148.227.93.157,8819aef2-1a40-4291-b4a4-bcc08c8a4b74,1,GAID,android,0
2024-11-04 16:05:00,148.227.93.157,8819aef2-1a40-4291-b4a4-bcc08c8a4b74,1,GAID,android,0
2024-11-04 16:09:00,148.227.93.157,8819aef2-1a40-4291-b4a4-bcc08c8a4b74,1,GAID,android,0
2024-11-04 16:17:00,148.227.93.157,8819aef2-1a40-4291-b4a4-bcc08c8a4b74,1,GAID,android,0
2024-11-05 10:23:00,148.227.93.157,8819aef2-1a40-4291-b4a4-bcc08c8a4b74,1,GAID,android,0
2024-11-05 10:29:00,148.227.93.157,8819aef2-1a40-4291-b4a4-bcc08c8a4b74,1,GAID,android,0
2024-11-05 10:31:00,148.227.93.157,8819aef2-1a40-4291-b4a4-bcc08c8a4b74,1,GAID,android,0
2024-11-05 10:47:00,148.227.93.157,8819aef2-1a40-4291-b4a4-bcc08c8a4b74,1,GAID,android,0
2024-11-05 10:52:00,148.227.93.157,8819aef2-1a40-4291-b4a4-bcc08c8a4b74,1,GAID,android,0
2024-11-05 10:58:00,148.227.93.157,8819aef2-1a40-4291-b4a4-bcc08c8a4b74,1,GAID,android,0
2024-11-05 11:02:00,148.227.93.157,8819aef2-1a40-4291-b4a4-bcc08c8a4b74,1,GAID,android,0
2024-11-05 11:08:00,148.227.93.157,8819aef2-1a40-4291-b4a4-bcc08c8a4b74,1,GAID,android,0
2024-11-05 11:13:00,148.227.93.157,8819aef2-1a40-4291-b4a4-bcc08c8a4b74,1,GAID,android,0
2024-11-05 11:16:00,148.227.93.157,8819aef2-1a40-4291-b4a4-bcc08c8a4b74,1,GAID,android,0
2024-11-06 14:58:00,148.227.93.157,8819aef2-1a40-4291-b4a4-bcc08c8a4b74,1,GAID,android,0
2024-11-06 15:06:00,148.227.93.157,8819aef2-1a40-4291-b4a4-bcc08c8a4b74,1,GAID,android,0
2024-11-06 15:16:00,148.227.93.157,8819aef2-1a40-4291-b4a4-bcc08c8a4b74,1,GAID,android,0
2024-11-06 15:22:00,148.227.93.157,8819aef2-1a40-4291-b4a4-bcc08c8a4b74,1,GAID,android,0
2024-11-06 15:25:00,148.227.93.157,8819aef2-1a40-4291-b4a4-bcc08c8a4b74,1,GAID,android,0
2024-10-08 20:41:00,51.39.245.174,AAFK807KLUoAABmn5BDNiQ,3,WEB_ID,android,1
2024-10-08 20:41:00,51.39.245.174,AAFK807KLUoAABmn5BDNiQ,3,WEB_ID,android,1
2024-10-10 20:30:00,51.39.245.174,AAFK807KLUoAABmn5BDNiQ,3,WEB_ID,android,1
2024-10-10 21:01:00,51.39.245.174,AAFK807KLUoAABmn5BDNiQ,3,WEB_ID,android,1
2024-10-17 14:48:00,51.39.245.174,AAFK807KLUoAABmn5BDNiQ,3,WEB_ID,android,1
2024-10-21 15:46:00,51.39.245.174,AAFK807KLUoAABmn5BDNiQ,3,WEB_ID,android,1
2024-10-21 20:06:00,2a02:cb80:4118:97d0::,AAFK807KLUoAABmn5BDNiQ,3,WEB_ID,android,1
2024-11-23 19:36:00,2a00:5400:f025::,AALKVk7RajkAABv5BSiD8w,6,WEB_ID,android,1
2024-10-21 20:24:00,37.224.235.0,AAHhFE7P8tUAAByFE9yEmA,3,WEB_ID,android,1
2024-10-26 15:34:00,2a02:cb80:4107::,AAHhFE7P8tUAAByFE9yEmA,3,WEB_ID,android,1
2024-10-27 14:10:00,51.36.158.141,AAFK807KLUoAABmn5BDNiQ,3,WEB_ID,android,1
2024-10-27 14:10:00,2a02:cb80:4107::,AAFK807KLUoAABmn5BDNiQ,3,WEB_ID,android,1
2024-10-27 14:18:00,51.36.158.141,AAFK807KLUoAABmn5BDNiQ,3,WEB_ID,android,1
2024-10-27 14:18:00,2a02:cb80:4107::,AAFK807KLUoAABmn5BDNiQ,3,WEB_ID,android,1
2024-11-06 20:24:00,2803:9810:6289:8608::,8819aef2-1a40-4291-b4a4-bcc08c8a4b74,1,GAID,android,0
2024-11-06 20:28:00,148.227.93.113,8819aef2-1a40-4291-b4a4-bcc08c8a4b74,1,GAID,android,0
2024-11-06 20:30:00,148.227.93.113,8819aef2-1a40-4291-b4a4-bcc08c8a4b74,1,GAID,android,0
2024-11-06 20:31:00,148.227.93.113,8819aef2-1a40-4291-b4a4-bcc08c8a4b74,1,GAID,android,0
2024-11-06 20:33:00,148.227.93.113,8819aef2-1a40-4291-b4a4-bcc08c8a4b74,1,GAID,android,0
2024-11-06 20:37:00,148.227.93.113,8819aef2-1a40-4291-b4a4-bcc08c8a4b74,1,GAID,android,0
2024-11-06 20:45:00,148.227.93.113,8819aef2-1a40-4291-b4a4-bcc08c8a4b74,1,GAID,android,0
2024-11-06 20:47:00,148.227.93.113,8819aef2-1a40-4291-b4a4-bcc08c8a4b74,1,GAID,android,0
2024-11-06 20:54:00,148.227.93.113,8819aef2-1a40-4291-b4a4-bcc08c8a4b74,1,GAID,android,0
2024-11-06 20:58:00,148.227.93.113,8819aef2-1a40-4291-b4a4-bcc08c8a4b74,1,GAID,android,0
2024-11-07 10:48:00,148.227.93.113,8819aef2-1a40-4291-b4a4-bcc08c8a4b74,1,GAID,android,0
2024-11-07 10:53:00,148.227.93.113,8819aef2-1a40-4291-b4a4-bcc08c8a4b74,1,GAID,android,0
2024-10-28 16:13:00,51.36.183.49,AAHhFE7P8tUAAByFE9yEmA,3,WEB_ID,android,1
2024-10-28 16:13:00,2a02:cb80:4107::,AAHhFE7P8tUAAByFE9yEmA,3,WEB_ID,android,1
2024-11-07 11:02:00,148.227.93.113,8819aef2-1a40-4291-b4a4-bcc08c8a4b74,1,GAID,android,0
2024-10-28 16:28:00,51.36.183.49,AAHhFE7P8tUAAByFE9yEmA,3,WEB_ID,android,1
2024-10-28 16:53:00,51.36.183.49,AAHhFE7P8tUAAByFE9yEmA,3,WEB_ID,android,1
2024-10-28 17:01:00,2a02:cb80:4107::,AAHhFE7P8tUAAByFE9yEmA,3,WEB_ID,android,1
2024-11-08 15:49:00,37.224.235.0,AAHhFE7P8tUAAByFE9yEmA,3,WEB_ID,android,1
2024-11-08 16:01:00,37.224.235.0,AAHhFE7P8tUAAByFE9yEmA,3,WEB_ID,android,1
2024-11-08 16:03:00,51.36.183.49,AAHhFE7P8tUAAByFE9yEmA,3,WEB_ID,android,1
2024-11-08 16:03:00,2a02:cb80:4107::,AAHhFE7P8tUAAByFE9yEmA,3,WEB_ID,android,1
2024-11-08 16:09:00,2a02:cb80:4107::,AAHhFE7P8tUAAByFE9yEmA,3,WEB_ID,android,1
2024-11-08 16:13:00,51.36.183.49,AAHhFE7P8tUAAByFE9yEmA,3,WEB_ID,android,1
2024-11-08 16:14:00,37.224.235.0,AAHhFE7P8tUAAByFE9yEmA,3,WEB_ID,android,1
2024-11-08 16:15:00,51.36.183.49,AAHhFE7P8tUAAByFE9yEmA,3,WEB_ID,android,1
2024-11-08 16:15:00,2a02:cb80:4107::,AAHhFE7P8tUAAByFE9yEmA,3,WEB_ID,android,1
2024-11-07 11:23:00,2803:9810:6289:8608::,8819aef2-1a40-4291-b4a4-bcc08c8a4b74,1,GAID,android,0
2024-11-07 11:23:00,148.227.93.158,8819aef2-1a40-4291-b4a4-bcc08c8a4b74,1,GAID,android,0
2024-11-07 11:29:00,148.227.93.158,8819aef2-1a40-4291-b4a4-bcc08c8a4b74,1,GAID,android,0
2024-11-08 16:25:00,51.36.156.19,AAFK807KLUoAABmn5BDNiQ,3,WEB_ID,android,1
2024-11-08 16:25:00,2a02:cb80:4107::,AAFK807KLUoAABmn5BDNiQ,3,WEB_ID,android,1
2024-11-08 16:26:00,2a02:cb80:4107::,AAFK807KLUoAABmn5BDNiQ,3,WEB_ID,android,1
2024-11-07 11:32:00,148.227.93.158,8819aef2-1a40-4291-b4a4-bcc08c8a4b74,1,GAID,android,0
2024-11-07 11:39:00,148.227.93.158,8819aef2-1a40-4291-b4a4-bcc08c8a4b74,1,GAID,android,0
2024-11-07 11:44:00,148.227.93.158,8819aef2-1a40-4291-b4a4-bcc08c8a4b74,1,GAID,android,0
2024-11-07 13:26:00,148.227.93.158,8819aef2-1a40-4291-b4a4-bcc08c8a4b74,1,GAID,android,0
2024-11-07 13:27:00,148.227.93.158,8819aef2-1a40-4291-b4a4-bcc08c8a4b74,1,GAID,android,0
2024-11-07 13:31:00,148.227.93.158,8819aef2-1a40-4291-b4a4-bcc08c8a4b74,1,GAID,android,0
2024-11-07 13:37:00,148.227.93.158,8819aef2-1a40-4291-b4a4-bcc08c8a4b74,1,GAID,android,0
2024-11-07 13:46:00,148.227.93.158,8819aef2-1a40-4291-b4a4-bcc08c8a4b74,1,GAID,android,0
2024-11-07 14:02:00,148.227.93.158,8819aef2-1a40-4291-b4a4-bcc08c8a4b74,1,GAID,android,0
2024-11-07 14:16:00,148.227.93.158,8819aef2-1a40-4291-b4a4-bcc08c8a4b74,1,GAID,android,0
2024-11-07 14:21:00,148.227.93.158,8819aef2-1a40-4291-b4a4-bcc08c8a4b74,1,GAID,android,0
2024-11-07 13:53:00,148.227.93.158,8819aef2-1a40-4291-b4a4-bcc08c8a4b74,1,GAID,android,0
2024-11-07 13:58:00,148.227.93.158,8819aef2-1a40-4291-b4a4-bcc08c8a4b74,1,GAID,android,0
2024-11-07 14:18:00,148.227.93.158,8819aef2-1a40-4291-b4a4-bcc08c8a4b74,1,GAID,android,0
2024-11-07 14:26:00,148.227.93.158,8819aef2-1a40-4291-b4a4-bcc08c8a4b74,1,GAID,android,0
2024-11-07 14:34:00,148.227.93.158,8819aef2-1a40-4291-b4a4-bcc08c8a4b74,1,GAID,android,0
2024-11-07 14:38:00,148.227.93.158,8819aef2-1a40-4291-b4a4-bcc08c8a4b74,1,GAID,android,0
2024-11-07 14:45:00,148.227.93.158,8819aef2-1a40-4291-b4a4-bcc08c8a4b74,1,GAID,android,0
2024-11-07 17:58:00,148.227.93.158,8819aef2-1a40-4291-b4a4-bcc08c8a4b74,1,GAID,android,0
2024-11-07 18:02:00,148.227.93.158,8819aef2-1a40-4291-b4a4-bcc08c8a4b74,1,GAID,android,0
2024-11-07 18:08:00,148.227.93.158,8819aef2-1a40-4291-b4a4-bcc08c8a4b74,1,GAID,android,0
2024-11-07 18:12:00,148.227.93.158,8819aef2-1a40-4291-b4a4-bcc08c8a4b74,1,GAID,android,0
2024-11-07 18:18:00,148.227.93.158,8819aef2-1a40-4291-b4a4-bcc08c8a4b74,1,GAID,android,0
2024-11-07 18:28:00,148.227.93.158,8819aef2-1a40-4291-b4a4-bcc08c8a4b74,1,GAID,android,0
2024-11-07 18:37:00,148.227.93.158,8819aef2-1a40-4291-b4a4-bcc08c8a4b74,1,GAID,android,0
2024-11-07 20:00:00,2803:9810:6289:8608::,8819aef2-1a40-4291-b4a4-bcc08c8a4b74,1,GAID,android,0
2024-11-07 20:02:00,148.227.93.158,8819aef2-1a40-4291-b4a4-bcc08c8a4b74,1,GAID,android,0
2024-11-07 20:07:00,148.227.93.158,8819aef2-1a40-4291-b4a4-bcc08c8a4b74,1,GAID,android,0
2024-11-07 20:08:00,148.227.93.158,8819aef2-1a40-4291-b4a4-bcc08c8a4b74,1,GAID,android,0
2024-11-07 20:28:00,148.227.93.158,8819aef2-1a40-4291-b4a4-bcc08c8a4b74,1,GAID,android,0
2024-11-07 20:31:00,2803:9810:6289:8608::,8819aef2-1a40-4291-b4a4-bcc08c8a4b74,1,GAID,android,0
2024-11-07 20:32:00,148.227.93.158,8819aef2-1a40-4291-b4a4-bcc08c8a4b74,1,GAID,android,0
2024-11-07 20:33:00,2803:9810:6289:8608::,8819aef2-1a40-4291-b4a4-bcc08c8a4b74,1,GAID,android,0
2024-11-07 20:36:00,2803:9810:6289:8608::,8819aef2-1a40-4291-b4a4-bcc08c8a4b74,1,GAID,android,0
2024-11-07 20:37:00,148.227.93.158,8819aef2-1a40-4291-b4a4-bcc08c8a4b74,1,GAID,android,0
2024-11-07 20:37:00,2803:9810:6289:8608::,8819aef2-1a40-4291-b4a4-bcc08c8a4b74,1,GAID,android,0
2024-11-07 20:37:00,148.227.93.158,8819aef2-1a40-4291-b4a4-bcc08c8a4b74,1,GAID,android,0
2024-11-07 20:40:00,148.227.93.158,8819aef2-1a40-4291-b4a4-bcc08c8a4b74,1,GAID,android,0
2024-11-07 20:41:00,2803:9810:6289:8608::,8819aef2-1a40-4291-b4a4-bcc08c8a4b74,1,GAID,android,0
2024-11-07 20:41:00,2803:9810:6289:8608::,8819aef2-1a40-4291-b4a4-bcc08c8a4b74,1,GAID,android,0
2024-11-07 20:42:00,148.227.93.158,8819aef2-1a40-4291-b4a4-bcc08c8a4b74,1,GAID,android,0
2024-11-07 20:44:00,148.227.93.158,8819aef2-1a40-4291-b4a4-bcc08c8a4b74,1,GAID,android,0
2024-11-07 20:44:00,2803:9810:6289:8608::,8819aef2-1a40-4291-b4a4-bcc08c8a4b74,1,GAID,android,0
2024-11-07 20:44:00,2803:9810:6289:8608::,8819aef2-1a40-4291-b4a4-bcc08c8a4b74,1,GAID,android,0
2024-11-07 20:45:00,148.227.93.158,8819aef2-1a40-4291-b4a4-bcc08c8a4b74,1,GAID,android,0
2024-11-07 20:48:00,2803:9810:6289:8608::,8819aef2-1a40-4291-b4a4-bcc08c8a4b74,1,GAID,android,0
2024-11-07 20:52:00,148.227.93.158,8819aef2-1a40-4291-b4a4-bcc08c8a4b74,1,GAID,android,0
2024-11-07 20:56:00,2803:9810:6289:8608::,8819aef2-1a40-4291-b4a4-bcc08c8a4b74,1,GAID,android,0
2024-11-07 20:57:00,148.227.93.158,8819aef2-1a40-4291-b4a4-bcc08c8a4b74,1,GAID,android,0
2024-11-08 12:21:00,2803:9810:6289:8608::,8819aef2-1a40-4291-b4a4-bcc08c8a4b74,1,GAID,android,0
2024-11-08 12:25:00,148.227.93.158,8819aef2-1a40-4291-b4a4-bcc08c8a4b74,1,GAID,android,0
2024-11-08 12:29:00,148.227.93.158,8819aef2-1a40-4291-b4a4-bcc08c8a4b74,1,GAID,android,0
2024-11-08 12:34:00,148.227.93.158,8819aef2-1a40-4291-b4a4-bcc08c8a4b74,1,GAID,android,0
2024-11-08 12:41:00,148.227.93.158,8819aef2-1a40-4291-b4a4-bcc08c8a4b74,1,GAID,android,0
2024-11-25 09:50:00,2a00:5400:e337::,AAA7PE7OD50AABQ_9xhR4Q,7,WEB_ID,android,1
2024-11-08 12:55:00,148.227.93.158,8819aef2-1a40-4291-b4a4-bcc08c8a4b74,1,GAID,android,0
2024-11-08 13:09:00,148.227.93.158,8819aef2-1a40-4291-b4a4-bcc08c8a4b74,1,GAID,android,0
2024-11-08 13:12:00,148.227.93.158,8819aef2-1a40-4291-b4a4-bcc08c8a4b74,1,GAID,android,0
2024-11-08 14:24:00,148.227.93.158,8819aef2-1a40-4291-b4a4-bcc08c8a4b74,1,GAID,android,0
2024-11-08 14:33:00,148.227.93.158,8819aef2-1a40-4291-b4a4-bcc08c8a4b74,1,GAID,android,0
2024-11-25 09:59:00,2a00:5400:e051::,AAFcvU7LIAoAABO-Xttw5A,7,WEB_ID,android,1
2024-11-25 10:00:00,2a00:5400:e051::,AAFcvU7LIAoAABO-Xttw5A,7,WEB_ID,android,1
2024-11-25 10:00:00,2a00:5400:e051::,AAFcvU7LIAoAABO-Xttw5A,7,WEB_ID,android,1
2024-11-25 10:00:00,2a00:5400:e051::,AAFcvU7LIAoAABO-Xttw5A,7,WEB_ID,android,1
2024-11-25 10:09:00,2a00:5400:e051::,AAFcvU7LIAoAABO-Xttw5A,7,WEB_ID,android,1
2024-11-25 10:21:00,2a00:5400:e051::,AAFcvU7LIAoAABO-Xttw5A,7,WEB_ID,android,1
2024-11-25 10:23:00,2a00:5400:e051::,AAFcvU7LIAoAABO-Xttw5A,7,WEB_ID,android,1
2024-11-25 10:23:00,2a00:5400:e051::,AAFcvU7LIAoAABO-Xttw5A,7,WEB_ID,android,1
2024-11-25 10:25:00,2a00:5400:e051::,AAFcvU7LIAoAABO-Xttw5A,7,WEB_ID,android,1
2024-11-25 10:28:00,2a00:5400:e051::,AAFcvU7LIAoAABO-Xttw5A,7,WEB_ID,android,1
2024-11-08 14:37:00,2803:9810:6289:8608::,8819aef2-1a40-4291-b4a4-bcc08c8a4b74,1,GAID,android,0
2024-11-08 14:38:00,148.227.93.158,8819aef2-1a40-4291-b4a4-bcc08c8a4b74,1,GAID,android,0
2024-11-08 14:39:00,148.227.93.158,8819aef2-1a40-4291-b4a4-bcc08c8a4b74,1,GAID,android,0
2024-11-08 14:46:00,148.227.93.158,8819aef2-1a40-4291-b4a4-bcc08c8a4b74,1,GAID,android,0
2024-11-08 15:03:00,148.227.93.158,8819aef2-1a40-4291-b4a4-bcc08c8a4b74,1,GAID,android,0
2024-11-08 15:05:00,148.227.93.158,8819aef2-1a40-4291-b4a4-bcc08c8a4b74,1,GAID,android,0
2024-11-25 10:29:00,2a00:5400:f012::,AAKRGE7P9eIAABxfJkTLVA,7,WEB_ID,android,1
2024-11-25 10:31:00,2a00:5400:f012::,AAKRGE7P9eIAABxfJkTLVA,7,WEB_ID,android,1
2024-11-25 10:32:00,2a00:5400:f012::,AAKRGE7P9eIAABxfJkTLVA,7,WEB_ID,android,1
2024-11-25 10:34:00,2a00:5400:f012::,AAKRGE7P9eIAABxfJkTLVA,7,WEB_ID,android,1
2024-11-25 10:34:00,2a00:5400:f012::,AAKRGE7P9eIAABxfJkTLVA,7,WEB_ID,android,1
2024-11-25 10:34:00,2a00:5400:f012::,AAKRGE7P9eIAABxfJkTLVA,7,WEB_ID,android,1
2024-11-25 10:35:00,2a00:5400:f012::,AAKRGE7P9eIAABxfJkTLVA,7,WEB_ID,android,1
2024-11-25 10:35:00,2a00:5400:f012::,AAKRGE7P9eIAABxfJkTLVA,7,WEB_ID,android,1
2024-11-25 10:35:00,2a00:5400:f012::,AAKRGE7P9eIAABxfJkTLVA,7,WEB_ID,android,1
2024-11-25 10:36:00,2a00:5400:f012::,AAKRGE7P9eIAABxfJkTLVA,7,WEB_ID,android,1
2024-11-08 15:14:00,148.227.93.158,8819aef2-1a40-4291-b4a4-bcc08c8a4b74,1,GAID,android,0
2024-11-08 15:17:00,148.227.93.158,8819aef2-1a40-4291-b4a4-bcc08c8a4b74,1,GAID,android,0
2024-11-25 10:41:00,2a00:5400:f012::,AAKRGE7P9eIAABxfJkTLVA,7,WEB_ID,android,1
2024-11-25 10:41:00,2a00:5400:f012::,AAKRGE7P9eIAABxfJkTLVA,7,WEB_ID,android,1
2024-11-25 10:41:00,2a00:5400:f012::,AAKRGE7P9eIAABxfJkTLVA,7,WEB_ID,android,1
2024-11-25 10:41:00,2a00:5400:f012::,AAKRGE7P9eIAABxfJkTLVA,7,WEB_ID,android,1
2024-11-25 10:41:00,2a00:5400:f012::,AAKRGE7P9eIAABxfJkTLVA,7,WEB_ID,android,1
2024-11-25 10:41:00,2a00:5400:f012::,AAKRGE7P9eIAABxfJkTLVA,7,WEB_ID,android,1
2024-11-25 10:41:00,2a00:5400:f012::,AAKRGE7P9eIAABxfJkTLVA,7,WEB_ID,android,1
2024-11-25 10:42:00,2a00:5400:f012::,AAKRGE7P9eIAABxfJkTLVA,7,WEB_ID,android,1
2024-11-25 10:43:00,2a00:5400:f012::,AAKRGE7P9eIAABxfJkTLVA,7,WEB_ID,android,1
2024-11-25 10:43:00,2a00:5400:f012::,AAKRGE7P9eIAABxfJkTLVA,7,WEB_ID,android,1
2024-11-25 10:44:00,2a00:5400:f012::,AAKRGE7P9eIAABxfJkTLVA,7,WEB_ID,android,1
2024-11-25 10:44:00,2a00:5400:f012::,AAKRGE7P9eIAABxfJkTLVA,7,WEB_ID,android,1
2024-11-25 10:44:00,2a00:5400:f012::,AAKRGE7P9eIAABxfJkTLVA,7,WEB_ID,android,1
2024-11-25 10:45:00,2a00:5400:f012::,AAKRGE7P9eIAABxfJkTLVA,7,WEB_ID,android,1
2024-11-25 10:57:00,2a00:5400:f012::,AAKRGE7P9eIAABxfJkTLVA,7,WEB_ID,android,1
2024-11-09 08:47:00,148.227.93.158,8819aef2-1a40-4291-b4a4-bcc08c8a4b74,1,GAID,android,0
2024-11-25 11:03:00,2a00:5400:f012::,AAKRGE7P9eIAABxfJkTLVA,7,WEB_ID,android,1
2024-11-09 08:50:00,148.227.93.158,8819aef2-1a40-4291-b4a4-bcc08c8a4b74,1,GAID,android,0
2024-11-25 11:03:00,2a00:5400:f012::,AAKRGE7P9eIAABxfJkTLVA,7,WEB_ID,android,1
2024-11-25 11:04:00,2a00:5400:f012::,AAKRGE7P9eIAABxfJkTLVA,7,WEB_ID,android,1
2024-11-09 08:56:00,148.227.93.158,8819aef2-1a40-4291-b4a4-bcc08c8a4b74,1,GAID,android,0
2024-11-25 11:10:00,2a00:5400:f012::,AAKRGE7P9eIAABxfJkTLVA,7,WEB_ID,android,1
2024-11-09 09:00:00,148.227.93.158,8819aef2-1a40-4291-b4a4-bcc08c8a4b74,1,GAID,android,0
2024-11-25 11:14:00,2a00:5400:f012::,AAKRGE7P9eIAABxfJkTLVA,7,WEB_ID,android,1
2024-11-25 11:15:00,2a00:5400:f012::,AAKRGE7P9eIAABxfJkTLVA,7,WEB_ID,android,1
2024-11-25 11:15:00,2a00:5400:f012::,AAKRGE7P9eIAABxfJkTLVA,7,WEB_ID,android,1
2024-11-25 11:15:00,2a00:5400:f012::,AAKRGE7P9eIAABxfJkTLVA,7,WEB_ID,android,1
2024-11-11 18:02:00,51.39.128.22,AAFK807KLUoAABmn5BDNiQ,3,WEB_ID,android,1
2024-11-25 11:18:00,2a00:5400:f012::,AAKRGE7P9eIAABxfJkTLVA,7,WEB_ID,android,1
2024-11-25 11:18:00,2a00:5400:f012::,AAKRGE7P9eIAABxfJkTLVA,7,WEB_ID,android,1
2024-11-09 09:08:00,148.227.93.158,8819aef2-1a40-4291-b4a4-bcc08c8a4b74,1,GAID,android,0
2024-11-09 09:17:00,148.227.93.158,8819aef2-1a40-4291-b4a4-bcc08c8a4b74,1,GAID,android,0
2024-11-09 09:22:00,148.227.93.158,8819aef2-1a40-4291-b4a4-bcc08c8a4b74,1,GAID,android,0
2024-11-09 09:23:00,148.227.93.158,8819aef2-1a40-4291-b4a4-bcc08c8a4b74,1,GAID,android,0
2024-11-09 09:37:00,148.227.93.158,8819aef2-1a40-4291-b4a4-bcc08c8a4b74,1,GAID,android,0
2024-11-09 09:38:00,148.227.93.158,8819aef2-1a40-4291-b4a4-bcc08c8a4b74,1,GAID,android,0
2024-11-09 15:25:00,148.227.93.158,8819aef2-1a40-4291-b4a4-bcc08c8a4b74,1,GAID,android,0
2024-11-09 15:40:00,148.227.93.158,8819aef2-1a40-4291-b4a4-bcc08c8a4b74,1,GAID,android,0
2024-11-09 15:42:00,148.227.93.158,8819aef2-1a40-4291-b4a4-bcc08c8a4b74,1,GAID,android,0
2024-11-09 15:48:00,148.227.93.158,8819aef2-1a40-4291-b4a4-bcc08c8a4b74,1,GAID,android,0
2024-11-09 15:53:00,148.227.93.158,8819aef2-1a40-4291-b4a4-bcc08c8a4b74,1,GAID,android,0
2024-11-09 15:55:00,148.227.93.158,8819aef2-1a40-4291-b4a4-bcc08c8a4b74,1,GAID,android,0
2024-11-11 18:21:00,51.39.128.22,AAFK807KLUoAABmn5BDNiQ,3,WEB_ID,android,1
2024-11-11 18:21:00,51.39.128.127,AAFK807KLUoAABmn5BDNiQ,3,WEB_ID,android,1
2024-11-11 18:22:00,51.39.128.127,AAFK807KLUoAABmn5BDNiQ,3,WEB_ID,android,1
2024-11-09 16:02:00,148.227.93.158,8819aef2-1a40-4291-b4a4-bcc08c8a4b74,1,GAID,android,0
2024-11-11 18:24:00,51.39.128.127,AAFK807KLUoAABmn5BDNiQ,3,WEB_ID,android,1
2024-11-11 18:24:00,51.39.128.127,AAFK807KLUoAABmn5BDNiQ,3,WEB_ID,android,1
2024-11-09 16:07:00,148.227.93.158,8819aef2-1a40-4291-b4a4-bcc08c8a4b74,1,GAID,android,0
2024-11-11 18:32:00,51.39.128.127,AAFK807KLUoAABmn5BDNiQ,3,WEB_ID,android,1
2024-11-11 18:32:00,51.39.128.127,AAFK807KLUoAABmn5BDNiQ,3,WEB_ID,android,1
2024-11-11 18:33:00,51.39.128.127,AAFK807KLUoAABmn5BDNiQ,3,WEB_ID,android,1
2024-11-11 18:35:00,51.39.128.127,AAFK807KLUoAABmn5BDNiQ,3,WEB_ID,android,1
2024-11-11 18:35:00,51.39.128.127,AAFK807KLUoAABmn5BDNiQ,3,WEB_ID,android,1
2024-11-09 17:04:00,148.227.93.158,8819aef2-1a40-4291-b4a4-bcc08c8a4b74,1,GAID,android,0
2024-11-09 17:11:00,148.227.93.158,8819aef2-1a40-4291-b4a4-bcc08c8a4b74,1,GAID,android,0
2024-11-09 17:16:00,148.227.93.158,8819aef2-1a40-4291-b4a4-bcc08c8a4b74,1,GAID,android,0
2024-11-09 17:21:00,148.227.93.158,8819aef2-1a40-4291-b4a4-bcc08c8a4b74,1,GAID,android,0
2024-11-09 17:24:00,148.227.93.158,8819aef2-1a40-4291-b4a4-bcc08c8a4b74,1,GAID,android,0
2024-11-25 11:44:00,2a00:5400:e051::,AAFcvU7LIAoAABO-Xttw5A,7,WEB_ID,android,1
2024-11-25 11:46:00,2a00:5400:e051::,AAFcvU7LIAoAABO-Xttw5A,7,WEB_ID,android,1
2024-11-25 12:16:00,2a00:5400:e051::,AAFcvU7LIAoAABO-Xttw5A,7,WEB_ID,android,1
2024-11-25 12:20:00,2a00:5400:e051::,AAFcvU7LIAoAABO-Xttw5A,7,WEB_ID,android,1
2024-11-16 09:43:00,51.39.128.127,AAFK807KLUoAABmn5BDNiQ,3,WEB_ID,android,1
2024-11-16 09:43:00,2a02:cb80:4018:5dad::,AAFK807KLUoAABmn5BDNiQ,3,WEB_ID,android,1
2024-11-25 12:31:00,2a00:5400:e337::,AAA7PE7OD50AABQ_9xhR4Q,7,WEB_ID,android,1
2024-11-24 12:28:00,82.167.94.200,AAKT707IOKgAAB_bLwHDew,6,WEB_ID,ios,1
2024-11-24 12:33:00,2a00:5400:e053:b76:71d6:ae9c:3df7:aced,AAKT707IOKgAAB_bLwHDew,6,WEB_ID,ios,1
2024-11-24 12:36:00,2a00:5400:e053:b76:71d6:ae9c:3df7:aced,AAKT707IOKgAAB_bLwHDew,6,WEB_ID,ios,1
2024-11-16 10:18:00,94.99.7.201,AABvrk7RhqwAABuvMhFb-w,3,WEB_ID,android,1
2024-11-16 10:18:00,94.99.7.201,AABvrk7RhqwAABuvMhFb-w,3,WEB_ID,android,1
2024-11-24 12:40:00,2a00:5400:e053:b76:71d6:ae9c:3df7:aced,AAKT707IOKgAAB_bLwHDew,6,WEB_ID,ios,1
2024-11-24 12:55:00,2a00:5400:e053:b76::,AAKT707IOKgAAB_bLwHDew,6,WEB_ID,ios,1
2024-11-16 10:28:00,94.99.7.201,AABvrk7RhqwAABuvMhFb-w,3,WEB_ID,android,1
2024-11-16 10:28:00,94.99.7.201,AABvrk7RhqwAABuvMhFb-w,3,WEB_ID,android,1
2024-11-16 11:54:00,51.36.183.49,AABvrk7RhqwAABuvMhFb-w,3,WEB_ID,android,1
2024-11-16 11:54:00,51.36.183.49,AABvrk7RhqwAABuvMhFb-w,3,WEB_ID,android,1
2024-11-09 17:50:00,148.227.93.158,8819aef2-1a40-4291-b4a4-bcc08c8a4b74,1,GAID,android,0
2024-11-09 17:53:00,148.227.93.158,8819aef2-1a40-4291-b4a4-bcc08c8a4b74,1,GAID,android,0
2024-11-25 13:20:00,2a00:5400:e051::,AAFcvU7LIAoAABO-Xttw5A,7,WEB_ID,android,1
2024-11-25 13:20:00,2a00:5400:e051::,AAFcvU7LIAoAABO-Xttw5A,7,WEB_ID,android,1
2024-11-25 13:24:00,2a00:5400:e051::,AAFcvU7LIAoAABO-Xttw5A,7,WEB_ID,android,1
2024-11-25 13:24:00,2a00:5400:e051::,AAFcvU7LIAoAABO-Xttw5A,7,WEB_ID,android,1
2024-11-25 13:24:00,2a00:5400:e051::,AAFcvU7LIAoAABO-Xttw5A,7,WEB_ID,android,1
2024-11-25 13:25:00,2a00:5400:e051::,AAFcvU7LIAoAABO-Xttw5A,7,WEB_ID,android,1
2024-11-25 13:25:00,2a00:5400:e051::,AAFcvU7LIAoAABO-Xttw5A,7,WEB_ID,android,1
2024-11-25 13:25:00,2a00:5400:e051::,AAFcvU7LIAoAABO-Xttw5A,7,WEB_ID,android,1
2024-11-25 13:26:00,2a00:5400:e051::,AAFcvU7LIAoAABO-Xttw5A,7,WEB_ID,android,1
2024-11-25 14:00:00,2a00:5400:e051::,AAFcvU7LIAoAABO-Xttw5A,7,WEB_ID,android,1
2024-11-25 14:12:00,2a00:5400:e051::,AAFcvU7LIAoAABO-Xttw5A,7,WEB_ID,android,1
2024-11-25 14:12:00,2a00:5400:e051::,AAFcvU7LIAoAABO-Xttw5A,7,WEB_ID,android,1
2024-11-25 14:12:00,2a00:5400:e051::,AAFcvU7LIAoAABO-Xttw5A,7,WEB_ID,android,1
2024-11-09 18:13:00,148.227.93.158,8819aef2-1a40-4291-b4a4-bcc08c8a4b74,1,GAID,android,0
2024-11-09 18:15:00,148.227.93.158,8819aef2-1a40-4291-b4a4-bcc08c8a4b74,1,GAID,android,0
2024-11-09 18:26:00,148.227.93.158,8819aef2-1a40-4291-b4a4-bcc08c8a4b74,1,GAID,android,0
2024-11-09 18:32:00,148.227.93.158,8819aef2-1a40-4291-b4a4-bcc08c8a4b74,1,GAID,android,0
2024-11-09 18:43:00,148.227.93.158,8819aef2-1a40-4291-b4a4-bcc08c8a4b74,1,GAID,android,0
2024-11-09 18:47:00,148.227.93.158,8819aef2-1a40-4291-b4a4-bcc08c8a4b74,1,GAID,android,0
2024-11-09 18:48:00,148.227.93.158,8819aef2-1a40-4291-b4a4-bcc08c8a4b74,1,GAID,android,0
2024-11-09 18:50:00,148.227.93.158,8819aef2-1a40-4291-b4a4-bcc08c8a4b74,1,GAID,android,0
2024-11-09 19:31:00,148.227.93.158,8819aef2-1a40-4291-b4a4-bcc08c8a4b74,1,GAID,android,0
2024-11-09 19:33:00,148.227.93.158,8819aef2-1a40-4291-b4a4-bcc08c8a4b74,1,GAID,android,0
2024-11-09 19:46:00,148.227.93.158,8819aef2-1a40-4291-b4a4-bcc08c8a4b74,1,GAID,android,0
2024-11-09 19:49:00,148.227.93.158,8819aef2-1a40-4291-b4a4-bcc08c8a4b74,1,GAID,android,0
2024-11-09 19:50:00,2803:9810:6289:8608::,8819aef2-1a40-4291-b4a4-bcc08c8a4b74,1,GAID,android,0
2024-11-16 12:11:00,2a02:cb80:4166:7754:acbd:1645:1bd6:ed61,AABvrk7RhqwAABuvMhFb-w,3,WEB_ID,android,1
2024-11-16 12:11:00,2a02:cb80:4166:7754:acbd:1645:1bd6:ed61,AABvrk7RhqwAABuvMhFb-w,3,WEB_ID,android,1
2024-11-16 12:11:00,2a02:cb80:4166:7754::,AABvrk7RhqwAABuvMhFb-w,3,WEB_ID,android,1
2024-11-16 12:11:00,2a02:cb80:4166:7754::,AABvrk7RhqwAABuvMhFb-w,3,WEB_ID,android,1
2024-11-16 12:11:00,2a02:cb80:4166:7754::,AABvrk7RhqwAABuvMhFb-w,3,WEB_ID,android,1
2024-11-16 12:11:00,2a02:cb80:4166:7754::,AABvrk7RhqwAABuvMhFb-w,3,WEB_ID,android,1
2024-11-16 12:21:00,51.36.249.73,AAFK807KLUoAABmn5BDNiQ,3,WEB_ID,android,1
2024-11-16 12:21:00,51.36.249.73,AAFK807KLUoAABmn5BDNiQ,3,WEB_ID,android,1
2024-11-16 12:21:00,51.36.249.73,AAFK807KLUoAABmn5BDNiQ,3,WEB_ID,android,1
2024-11-16 12:22:00,51.36.249.73,AAFK807KLUoAABmn5BDNiQ,3,WEB_ID,android,1
2024-11-22 16:15:00,51.36.249.73,AAFK807KLUoAABmn5BDNiQ,3,WEB_ID,android,1
2024-11-09 20:26:00,148.227.93.158,8819aef2-1a40-4291-b4a4-bcc08c8a4b74,1,GAID,android,0
2024-11-09 20:27:00,148.227.93.158,8819aef2-1a40-4291-b4a4-bcc08c8a4b74,1,GAID,android,0
2024-11-09 20:27:00,2803:9810:6289:8608::,8819aef2-1a40-4291-b4a4-bcc08c8a4b74,1,GAID,android,0
2024-11-09 20:27:00,2803:9810:6289:8608::,8819aef2-1a40-4291-b4a4-bcc08c8a4b74,1,GAID,android,0
2024-11-22 16:19:00,51.36.249.73,AAFK807KLUoAABmn5BDNiQ,3,WEB_ID,android,1
2024-11-09 20:28:00,148.227.93.158,8819aef2-1a40-4291-b4a4-bcc08c8a4b74,1,GAID,android,0
2024-11-09 20:28:00,148.227.93.158,8819aef2-1a40-4291-b4a4-bcc08c8a4b74,1,GAID,android,0
2024-11-09 20:29:00,148.227.93.158,8819aef2-1a40-4291-b4a4-bcc08c8a4b74,1,GAID,android,0
2024-11-09 20:29:00,148.227.93.158,8819aef2-1a40-4291-b4a4-bcc08c8a4b74,1,GAID,android,0
2024-11-09 20:30:00,148.227.93.158,8819aef2-1a40-4291-b4a4-bcc08c8a4b74,1,GAID,android,0
2024-11-22 16:21:00,51.36.249.73,AAFK807KLUoAABmn5BDNiQ,3,WEB_ID,android,1
2024-11-09 20:30:00,148.227.93.158,8819aef2-1a40-4291-b4a4-bcc08c8a4b74,1,GAID,android,0
2024-11-22 16:22:00,51.36.249.73,AAFK807KLUoAABmn5BDNiQ,3,WEB_ID,android,1
2024-11-09 20:32:00,148.227.93.158,8819aef2-1a40-4291-b4a4-bcc08c8a4b74,1,GAID,android,0
2024-11-09 20:35:00,148.227.93.158,8819aef2-1a40-4291-b4a4-bcc08c8a4b74,1,GAID,android,0
2024-11-09 20:36:00,148.227.93.158,8819aef2-1a40-4291-b4a4-bcc08c8a4b74,1,GAID,android,0
2024-11-09 20:37:00,148.227.93.158,8819aef2-1a40-4291-b4a4-bcc08c8a4b74,1,GAID,android,0
2024-11-09 20:39:00,148.227.93.158,8819aef2-1a40-4291-b4a4-bcc08c8a4b74,1,GAID,android,0
2024-11-09 20:40:00,148.227.93.158,8819aef2-1a40-4291-b4a4-bcc08c8a4b74,1,GAID,android,0
2024-11-09 20:44:00,148.227.93.158,8819aef2-1a40-4291-b4a4-bcc08c8a4b74,1,GAID,android,0
2024-11-09 20:44:00,148.227.93.158,8819aef2-1a40-4291-b4a4-bcc08c8a4b74,1,GAID,android,0
2024-11-09 20:47:00,2803:9810:6289:8608:28c2:9b6c:6269:7ca1,8819aef2-1a40-4291-b4a4-bcc08c8a4b74,1,GAID,android,0
2024-11-09 20:49:00,148.227.93.158,8819aef2-1a40-4291-b4a4-bcc08c8a4b74,1,GAID,android,0
2024-11-09 20:50:00,148.227.93.158,8819aef2-1a40-4291-b4a4-bcc08c8a4b74,1,GAID,android,0
2024-11-09 20:53:00,148.227.93.158,8819aef2-1a40-4291-b4a4-bcc08c8a4b74,1,GAID,android,0
2024-11-09 20:58:00,148.227.93.158,8819aef2-1a40-4291-b4a4-bcc08c8a4b74,1,GAID,android,0
2024-11-09 20:59:00,148.227.93.158,8819aef2-1a40-4291-b4a4-bcc08c8a4b74,1,GAID,android,0
2024-11-09 21:07:00,148.227.93.158,8819aef2-1a40-4291-b4a4-bcc08c8a4b74,1,GAID,android,0
2024-11-22 16:58:00,2a02:cb80:4019::,AAFK807KLUoAABmn5BDNiQ,3,WEB_ID,android,1
2024-11-22 17:02:00,2a02:cb80:4019::,AAFK807KLUoAABmn5BDNiQ,3,WEB_ID,android,1
2024-11-09 21:12:00,148.227.93.158,8819aef2-1a40-4291-b4a4-bcc08c8a4b74,1,GAID,android,0
2024-11-09 21:18:00,148.227.93.158,8819aef2-1a40-4291-b4a4-bcc08c8a4b74,1,GAID,android,0
2024-11-09 21:23:00,148.227.93.158,8819aef2-1a40-4291-b4a4-bcc08c8a4b74,1,GAID,android,0
2024-11-10 09:46:00,148.227.93.158,8819aef2-1a40-4291-b4a4-bcc08c8a4b74,1,GAID,android,0
2024-11-10 09:53:00,148.227.93.158,8819aef2-1a40-4291-b4a4-bcc08c8a4b74,1,GAID,android,0
2024-11-10 09:55:00,2803:9810:6289:8608::,8819aef2-1a40-4291-b4a4-bcc08c8a4b74,1,GAID,android,0
2024-11-10 09:56:00,148.227.93.158,8819aef2-1a40-4291-b4a4-bcc08c8a4b74,1,GAID,android,0
2024-11-10 09:57:00,148.227.93.158,8819aef2-1a40-4291-b4a4-bcc08c8a4b74,1,GAID,android,0
2024-11-10 10:00:00,148.227.93.158,8819aef2-1a40-4291-b4a4-bcc08c8a4b74,1,GAID,android,0
2024-11-10 10:02:00,148.227.93.158,8819aef2-1a40-4291-b4a4-bcc08c8a4b74,1,GAID,android,0
2024-11-10 10:02:00,2803:9810:6289:8608::,8819aef2-1a40-4291-b4a4-bcc08c8a4b74,1,GAID,android,0
2024-11-10 10:02:00,148.227.93.158,8819aef2-1a40-4291-b4a4-bcc08c8a4b74,1,GAID,android,0
2024-11-10 10:02:00,148.227.93.158,8819aef2-1a40-4291-b4a4-bcc08c8a4b74,1,GAID,android,0
2024-11-10 10:08:00,148.227.93.158,8819aef2-1a40-4291-b4a4-bcc08c8a4b74,1,GAID,android,0
2024-11-10 10:08:00,148.227.93.158,8819aef2-1a40-4291-b4a4-bcc08c8a4b74,1,GAID,android,0
2024-11-10 10:11:00,148.227.93.90,8819aef2-1a40-4291-b4a4-bcc08c8a4b74,1,GAID,android,0
2024-11-10 10:17:00,148.227.93.90,8819aef2-1a40-4291-b4a4-bcc08c8a4b74,1,GAID,android,0
2024-11-10 10:22:00,148.227.93.90,8819aef2-1a40-4291-b4a4-bcc08c8a4b74,1,GAID,android,0
2024-11-10 10:24:00,148.227.93.90,8819aef2-1a40-4291-b4a4-bcc08c8a4b74,1,GAID,android,0
2024-11-23 09:33:00,145.82.32.0,AAFK807KLUoAABmn5BDNiQ,3,WEB_ID,android,1
2024-11-26 12:09:00,145.82.32.0,AAFK807KLUoAABmn5BDNiQ,3,WEB_ID,android,1
2024-11-26 12:32:00,51.36.183.49,AAH_Y07MZloAABUOIaOO6Q,3,WEB_ID,android,1
2024-11-26 12:40:00,51.36.183.49,AAH_Y07MZloAABUOIaOO6Q,3,WEB_ID,android,1
2024-11-26 12:40:00,51.36.183.49,AAH_Y07MZloAABUOIaOO6Q,3,WEB_ID,android,1
2024-11-26 12:51:00,51.36.183.49,AAH_Y07MZloAABUOIaOO6Q,3,WEB_ID,android,1
2024-11-26 12:51:00,2a02:cb80:4118::,AAH_Y07MZloAABUOIaOO6Q,3,WEB_ID,android,1
2024-11-26 12:51:00,51.36.183.49,AAH_Y07MZloAABUOIaOO6Q,3,WEB_ID,android,1
2024-11-29 16:38:00,51.36.183.49,AAH_Y07MZloAABUOIaOO6Q,3,WEB_ID,android,1
2024-11-29 16:38:00,51.36.183.49,AAH_Y07MZloAABUOIaOO6Q,3,WEB_ID,android,1
2024-11-10 15:43:00,148.227.93.186,8819aef2-1a40-4291-b4a4-bcc08c8a4b74,1,GAID,android,0
2024-11-10 15:46:00,148.227.93.186,8819aef2-1a40-4291-b4a4-bcc08c8a4b74,1,GAID,android,0
2024-11-10 15:51:00,148.227.93.186,8819aef2-1a40-4291-b4a4-bcc08c8a4b74,1,GAID,android,0
2024-11-10 15:59:00,148.227.93.186,8819aef2-1a40-4291-b4a4-bcc08c8a4b74,1,GAID,android,0
2024-11-10 16:02:00,148.227.93.186,8819aef2-1a40-4291-b4a4-bcc08c8a4b74,1,GAID,android,0
2024-11-10 16:06:00,148.227.93.186,8819aef2-1a40-4291-b4a4-bcc08c8a4b74,1,GAID,android,0
2024-11-25 19:22:00,2a00:5400:f012::,AAKRGE7P9eIAABxfJkTLVA,7,WEB_ID,android,1
2024-11-25 19:23:00,2a00:5400:f012::,AAKRGE7P9eIAABxfJkTLVA,7,WEB_ID,android,1
2024-11-25 19:23:00,2a00:5400:f012::,AAKRGE7P9eIAABxfJkTLVA,7,WEB_ID,android,1
2024-11-25 19:25:00,2a00:5400:f012::,AAKRGE7P9eIAABxfJkTLVA,7,WEB_ID,android,1
2024-11-25 19:26:00,2a00:5400:f012::,AAKRGE7P9eIAABxfJkTLVA,7,WEB_ID,android,1
2024-11-25 19:31:00,2a00:5400:f012::,AAKRGE7P9eIAABxfJkTLVA,7,WEB_ID,android,1
2024-11-29 16:58:00,2a02:cb80:4166:d1::,AAFK807KLUoAABmn5BDNiQ,3,WEB_ID,android,1
2024-11-10 16:02:00,2803:9810:6289:8608::,8819aef2-1a40-4291-b4a4-bcc08c8a4b74,1,GAID,android,0
2024-11-29 16:59:00,2a02:cb80:4166:d1::,AAFK807KLUoAABmn5BDNiQ,3,WEB_ID,android,1
2024-11-10 16:07:00,2803:9810:6289:8608::,8819aef2-1a40-4291-b4a4-bcc08c8a4b74,1,GAID,android,0
2024-11-10 16:10:00,2803:9810:6289:8608::,8819aef2-1a40-4291-b4a4-bcc08c8a4b74,1,GAID,android,0
2024-11-10 16:10:00,148.227.93.186,8819aef2-1a40-4291-b4a4-bcc08c8a4b74,1,GAID,android,0
2024-11-10 16:11:00,148.227.93.186,8819aef2-1a40-4291-b4a4-bcc08c8a4b74,1,GAID,android,0
2024-11-10 16:11:00,148.227.93.186,8819aef2-1a40-4291-b4a4-bcc08c8a4b74,1,GAID,android,0
2024-11-10 16:12:00,2803:9810:6289:8608::,8819aef2-1a40-4291-b4a4-bcc08c8a4b74,1,GAID,android,0
2024-11-10 16:13:00,148.227.93.186,8819aef2-1a40-4291-b4a4-bcc08c8a4b74,1,GAID,android,0
2024-11-10 16:13:00,2803:9810:6289:8608:a44a:dd59:3a45:667e,8819aef2-1a40-4291-b4a4-bcc08c8a4b74,1,GAID,android,0
2024-11-10 16:52:00,2803:9810:6289:8608::,8819aef2-1a40-4291-b4a4-bcc08c8a4b74,1,GAID,android,0
2024-11-10 16:53:00,148.227.93.186,8819aef2-1a40-4291-b4a4-bcc08c8a4b74,1,GAID,android,0
2024-11-25 19:36:00,2a00:5400:e051::,AAFcvU7LIAoAABO-Xttw5A,7,WEB_ID,android,1
2024-11-25 19:36:00,2a00:5400:e051::,AAFcvU7LIAoAABO-Xttw5A,7,WEB_ID,android,1
2024-11-25 19:36:00,2a00:5400:e051::,AAFcvU7LIAoAABO-Xttw5A,7,WEB_ID,android,1
2024-11-25 19:37:00,2a00:5400:e051::,AAFcvU7LIAoAABO-Xttw5A,7,WEB_ID,android,1
2024-11-26 09:15:00,2a00:5400:e051::,AAFcvU7LIAoAABO-Xttw5A,7,WEB_ID,android,1
2024-11-26 09:20:00,2a00:5400:e051::,AAFcvU7LIAoAABO-Xttw5A,7,WEB_ID,android,1
2024-11-26 09:20:00,2a00:5400:e051::,AAFcvU7LIAoAABO-Xttw5A,7,WEB_ID,android,1
2024-11-26 09:20:00,2a00:5400:e051::,AAFcvU7LIAoAABO-Xttw5A,7,WEB_ID,android,1
2024-11-26 09:22:00,2a00:5400:e051::,AAFcvU7LIAoAABO-Xttw5A,7,WEB_ID,android,1
2024-11-26 09:22:00,2a00:5400:e051::,AAFcvU7LIAoAABO-Xttw5A,7,WEB_ID,android,1
2024-11-26 09:23:00,2a00:5400:e051::,AAFcvU7LIAoAABO-Xttw5A,7,WEB_ID,android,1
2024-11-26 09:23:00,2a00:5400:e051::,AAFcvU7LIAoAABO-Xttw5A,7,WEB_ID,android,1
2024-11-26 09:23:00,2a00:5400:e051::,AAFcvU7LIAoAABO-Xttw5A,7,WEB_ID,android,1
2024-11-26 09:24:00,2a00:5400:e051::,AAFcvU7LIAoAABO-Xttw5A,7,WEB_ID,android,1
2024-11-26 09:24:00,2a00:5400:e051::,AAFcvU7LIAoAABO-Xttw5A,7,WEB_ID,android,1
2024-11-26 09:24:00,2a00:5400:e051::,AAFcvU7LIAoAABO-Xttw5A,7,WEB_ID,android,1
2024-11-26 09:25:00,2a00:5400:e051::,AAFcvU7LIAoAABO-Xttw5A,7,WEB_ID,android,1
2024-11-26 09:25:00,2a00:5400:e051::,AAFcvU7LIAoAABO-Xttw5A,7,WEB_ID,android,1
2024-11-26 09:25:00,2a00:5400:e051::,AAFcvU7LIAoAABO-Xttw5A,7,WEB_ID,android,1
2024-11-10 18:52:00,2803:9810:6289:8608::,8819aef2-1a40-4291-b4a4-bcc08c8a4b74,1,GAID,android,0
2024-11-26 09:56:00,2a00:5400:f012::,AAKRGE7P9eIAABxfJkTLVA,7,WEB_ID,android,1
2024-11-10 19:07:00,148.227.93.212,8819aef2-1a40-4291-b4a4-bcc08c8a4b74,1,GAID,android,0
2024-11-26 10:30:00,2a00:5400:e051::,AAFcvU7LIAoAABO-Xttw5A,7,WEB_ID,android,1
2024-11-26 10:31:00,2a00:5400:e051::,AAFcvU7LIAoAABO-Xttw5A,7,WEB_ID,android,1
2024-11-26 10:32:00,2a00:5400:e051::,AAFcvU7LIAoAABO-Xttw5A,7,WEB_ID,android,1
2024-11-26 10:33:00,2a00:5400:e051::,AAFcvU7LIAoAABO-Xttw5A,7,WEB_ID,android,1
2024-11-26 10:34:00,2a00:5400:e051::,AAFcvU7LIAoAABO-Xttw5A,7,WEB_ID,android,1
2024-11-26 10:35:00,2a00:5400:e051::,AAFcvU7LIAoAABO-Xttw5A,7,WEB_ID,android,1
2024-11-26 10:35:00,2a00:5400:e051::,AAFcvU7LIAoAABO-Xttw5A,7,WEB_ID,android,1
2024-11-26 10:36:00,2a00:5400:e051::,AAFcvU7LIAoAABO-Xttw5A,7,WEB_ID,android,1
2024-11-26 10:36:00,2a00:5400:e051::,AAFcvU7LIAoAABO-Xttw5A,7,WEB_ID,android,1
2024-11-26 10:37:00,2a00:5400:e051::,AAFcvU7LIAoAABO-Xttw5A,7,WEB_ID,android,1
2024-11-26 10:37:00,2a00:5400:e051::,AAFcvU7LIAoAABO-Xttw5A,7,WEB_ID,android,1
2024-11-26 10:38:00,2a00:5400:e051::,AAFcvU7LIAoAABO-Xttw5A,7,WEB_ID,android,1
2024-11-26 10:38:00,2a00:5400:e051::,AAFcvU7LIAoAABO-Xttw5A,7,WEB_ID,android,1
2024-11-10 19:43:00,2803:9810:6289:8608::,8819aef2-1a40-4291-b4a4-bcc08c8a4b74,1,GAID,android,0
2024-11-10 20:27:00,2803:9810:6289:8608::,8819aef2-1a40-4291-b4a4-bcc08c8a4b74,1,GAID,android,0
2024-11-10 20:27:00,148.227.93.212,8819aef2-1a40-4291-b4a4-bcc08c8a4b74,1,GAID,android,0
2024-11-10 20:30:00,148.227.93.212,8819aef2-1a40-4291-b4a4-bcc08c8a4b74,1,GAID,android,0
2024-11-10 20:32:00,2803:9810:6289:8608:e4f2:9fab:1fb1:5cc9,8819aef2-1a40-4291-b4a4-bcc08c8a4b74,1,GAID,android,0
2024-11-10 20:33:00,148.227.93.212,8819aef2-1a40-4291-b4a4-bcc08c8a4b74,1,GAID,android,0
2024-11-10 20:33:00,2803:9810:6289:8608::,8819aef2-1a40-4291-b4a4-bcc08c8a4b74,1,GAID,android,0
2024-11-10 20:33:00,148.227.93.212,8819aef2-1a40-4291-b4a4-bcc08c8a4b74,1,GAID,android,0
2024-11-10 20:38:00,148.227.93.212,8819aef2-1a40-4291-b4a4-bcc08c8a4b74,1,GAID,android,0
2024-11-10 20:40:00,148.227.93.212,8819aef2-1a40-4291-b4a4-bcc08c8a4b74,1,GAID,android,0
2024-11-10 20:40:00,148.227.93.212,8819aef2-1a40-4291-b4a4-bcc08c8a4b74,1,GAID,android,0
2024-11-10 20:41:00,148.227.93.212,8819aef2-1a40-4291-b4a4-bcc08c8a4b74,1,GAID,android,0
2024-11-10 20:41:00,2803:9810:6289:8608:e4f2:9fab:1fb1:5cc9,8819aef2-1a40-4291-b4a4-bcc08c8a4b74,1,GAID,android,0
2024-11-10 20:42:00,148.227.93.212,8819aef2-1a40-4291-b4a4-bcc08c8a4b74,1,GAID,android,0
2024-11-10 20:45:00,148.227.93.212,8819aef2-1a40-4291-b4a4-bcc08c8a4b74,1,GAID,android,0
2024-11-10 20:48:00,148.227.93.212,8819aef2-1a40-4291-b4a4-bcc08c8a4b74,1,GAID,android,0
2024-11-10 20:51:00,148.227.93.212,8819aef2-1a40-4291-b4a4-bcc08c8a4b74,1,GAID,android,0
2024-11-10 20:51:00,2803:9810:6289:8608::,8819aef2-1a40-4291-b4a4-bcc08c8a4b74,1,GAID,android,0
2024-11-10 20:52:00,148.227.93.212,8819aef2-1a40-4291-b4a4-bcc08c8a4b74,1,GAID,android,0
2024-11-10 20:52:00,148.227.93.212,8819aef2-1a40-4291-b4a4-bcc08c8a4b74,1,GAID,android,0
2024-11-10 20:52:00,2803:9810:6289:8608::,8819aef2-1a40-4291-b4a4-bcc08c8a4b74,1,GAID,android,0
2024-11-10 20:58:00,148.227.93.212,8819aef2-1a40-4291-b4a4-bcc08c8a4b74,1,GAID,android,0
2024-11-10 20:58:00,148.227.93.212,8819aef2-1a40-4291-b4a4-bcc08c8a4b74,1,GAID,android,0
2024-11-10 21:01:00,148.227.93.212,8819aef2-1a40-4291-b4a4-bcc08c8a4b74,1,GAID,android,0
2024-11-10 21:01:00,148.227.93.212,8819aef2-1a40-4291-b4a4-bcc08c8a4b74,1,GAID,android,0
2024-11-11 08:43:00,148.227.93.212,8819aef2-1a40-4291-b4a4-bcc08c8a4b74,1,GAID,android,0
2024-11-11 08:46:00,148.227.93.212,8819aef2-1a40-4291-b4a4-bcc08c8a4b74,1,GAID,android,0
2024-11-11 09:08:00,148.227.93.212,8819aef2-1a40-4291-b4a4-bcc08c8a4b74,1,GAID,android,0
2024-11-11 09:27:00,148.227.93.212,8819aef2-1a40-4291-b4a4-bcc08c8a4b74,1,GAID,android,0
2024-11-11 09:27:00,148.227.93.212,8819aef2-1a40-4291-b4a4-bcc08c8a4b74,1,GAID,android,0
2024-11-11 09:48:00,148.227.93.212,8819aef2-1a40-4291-b4a4-bcc08c8a4b74,1,GAID,android,0
2024-11-11 09:49:00,148.227.93.212,8819aef2-1a40-4291-b4a4-bcc08c8a4b74,1,GAID,android,0
2024-11-11 09:52:00,2803:9810:6289:8608::,8819aef2-1a40-4291-b4a4-bcc08c8a4b74,1,GAID,android,0
2024-11-11 09:52:00,148.227.93.212,8819aef2-1a40-4291-b4a4-bcc08c8a4b74,1,GAID,android,0
2024-11-11 09:54:00,148.227.93.212,8819aef2-1a40-4291-b4a4-bcc08c8a4b74,1,GAID,android,0
2024-11-11 09:54:00,2803:9810:6289:8608:846a:65fa:ae45:9711,8819aef2-1a40-4291-b4a4-bcc08c8a4b74,1,GAID,android,0
2024-11-11 09:57:00,148.227.93.212,8819aef2-1a40-4291-b4a4-bcc08c8a4b74,1,GAID,android,0
2024-11-11 10:48:00,2803:9810:6289:8608::,8819aef2-1a40-4291-b4a4-bcc08c8a4b74,1,GAID,android,0
2024-11-11 10:52:00,148.227.93.212,8819aef2-1a40-4291-b4a4-bcc08c8a4b74,1,GAID,android,0
2024-11-11 10:53:00,2803:9810:6289:8608::,8819aef2-1a40-4291-b4a4-bcc08c8a4b74,1,GAID,android,0
2024-11-11 10:53:00,2803:9810:6289:8608::,8819aef2-1a40-4291-b4a4-bcc08c8a4b74,1,GAID,android,0
2024-11-11 10:56:00,2803:9810:6289:8608::,8819aef2-1a40-4291-b4a4-bcc08c8a4b74,1,GAID,android,0
2024-11-11 10:56:00,148.227.93.212,8819aef2-1a40-4291-b4a4-bcc08c8a4b74,1,GAID,android,0
2024-11-11 10:58:00,2803:9810:6289:8608::,8819aef2-1a40-4291-b4a4-bcc08c8a4b74,1,GAID,android,0
2024-11-11 10:58:00,148.227.93.212,8819aef2-1a40-4291-b4a4-bcc08c8a4b74,1,GAID,android,0
2024-11-11 11:00:00,2803:9810:6289:8608::,8819aef2-1a40-4291-b4a4-bcc08c8a4b74,1,GAID,android,0
2024-11-11 11:01:00,148.227.93.212,8819aef2-1a40-4291-b4a4-bcc08c8a4b74,1,GAID,android,0
2024-11-11 11:03:00,148.227.93.212,8819aef2-1a40-4291-b4a4-bcc08c8a4b74,1,GAID,android,0
2024-11-11 11:06:00,148.227.93.212,8819aef2-1a40-4291-b4a4-bcc08c8a4b74,1,GAID,android,0
2024-11-11 11:06:00,148.227.93.212,8819aef2-1a40-4291-b4a4-bcc08c8a4b74,1,GAID,android,0
2024-11-11 11:08:00,148.227.93.212,8819aef2-1a40-4291-b4a4-bcc08c8a4b74,1,GAID,android,0
2024-11-11 11:11:00,148.227.93.212,8819aef2-1a40-4291-b4a4-bcc08c8a4b74,1,GAID,android,0
2024-11-11 11:12:00,148.227.93.212,8819aef2-1a40-4291-b4a4-bcc08c8a4b74,1,GAID,android,0
2024-11-11 11:17:00,148.227.93.212,8819aef2-1a40-4291-b4a4-bcc08c8a4b74,1,GAID,android,0
2024-11-11 11:21:00,148.227.93.212,8819aef2-1a40-4291-b4a4-bcc08c8a4b74,1,GAID,android,0
2024-11-11 11:21:00,148.227.93.212,8819aef2-1a40-4291-b4a4-bcc08c8a4b74,1,GAID,android,0
2024-11-11 11:22:00,148.227.93.212,8819aef2-1a40-4291-b4a4-bcc08c8a4b74,1,GAID,android,0
2024-11-11 11:22:00,2803:9810:6289:8608::,8819aef2-1a40-4291-b4a4-bcc08c8a4b74,1,GAID,android,0
2024-11-11 11:31:00,148.227.93.212,8819aef2-1a40-4291-b4a4-bcc08c8a4b74,1,GAID,android,0
2024-11-12 17:52:00,148.227.93.212,8819aef2-1a40-4291-b4a4-bcc08c8a4b74,1,GAID,android,0
2024-11-12 18:14:00,148.227.93.212,8819aef2-1a40-4291-b4a4-bcc08c8a4b74,1,GAID,android,0
2024-11-12 18:25:00,148.227.93.212,8819aef2-1a40-4291-b4a4-bcc08c8a4b74,1,GAID,android,0
2024-11-12 18:37:00,148.227.93.212,8819aef2-1a40-4291-b4a4-bcc08c8a4b74,1,GAID,android,0
2024-11-26 12:26:00,82.167.71.2,AAFcvU7LIAoAABO-Xttw5A,7,WEB_ID,android,1
2024-11-12 20:40:00,148.227.93.212,8819aef2-1a40-4291-b4a4-bcc08c8a4b74,1,GAID,android,0
2024-11-26 12:28:00,2a00:5400:e051::,AAFcvU7LIAoAABO-Xttw5A,7,WEB_ID,android,1
2024-11-26 12:28:00,2a00:5400:e051::,AAFcvU7LIAoAABO-Xttw5A,7,WEB_ID,android,1
2024-11-26 12:29:00,82.167.71.2,AAFcvU7LIAoAABO-Xttw5A,7,WEB_ID,android,1
2024-11-26 12:30:00,82.167.71.2,AAFcvU7LIAoAABO-Xttw5A,7,WEB_ID,android,1
2024-11-26 12:30:00,82.167.71.2,AAFcvU7LIAoAABO-Xttw5A,7,WEB_ID,android,1
2024-11-26 12:31:00,82.167.71.2,AAFcvU7LIAoAABO-Xttw5A,7,WEB_ID,android,1
2024-11-26 12:34:00,2a00:5400:e051::,AAFcvU7LIAoAABO-Xttw5A,7,WEB_ID,android,1
2024-11-26 12:35:00,2a00:5400:e051::,AAFcvU7LIAoAABO-Xttw5A,7,WEB_ID,android,1
2024-11-26 12:38:00,2a00:5400:e051::,AAFcvU7LIAoAABO-Xttw5A,7,WEB_ID,android,1
2024-11-26 12:40:00,2a00:5400:e051::,AAFcvU7LIAoAABO-Xttw5A,7,WEB_ID,android,1
2024-11-26 12:41:00,2a00:5400:e051::,AAFcvU7LIAoAABO-Xttw5A,7,WEB_ID,android,1
2024-11-26 12:41:00,2a00:5400:e051::,AAFcvU7LIAoAABO-Xttw5A,7,WEB_ID,android,1
2024-11-26 12:42:00,2a00:5400:e051::,AAFcvU7LIAoAABO-Xttw5A,7,WEB_ID,android,1
2024-11-26 12:43:00,2a00:5400:e051::,AAFcvU7LIAoAABO-Xttw5A,7,WEB_ID,android,1
2024-11-26 12:43:00,2a00:5400:e051::,AAFcvU7LIAoAABO-Xttw5A,7,WEB_ID,android,1
2024-11-26 12:44:00,2a00:5400:e051::,AAFcvU7LIAoAABO-Xttw5A,7,WEB_ID,android,1
2024-11-26 12:44:00,2a00:5400:e051::,AAFcvU7LIAoAABO-Xttw5A,7,WEB_ID,android,1
2024-11-26 12:44:00,2a00:5400:e051::,AAFcvU7LIAoAABO-Xttw5A,7,WEB_ID,android,1
2024-11-26 12:45:00,2a00:5400:e051::,AAFcvU7LIAoAABO-Xttw5A,7,WEB_ID,android,1
2024-11-26 12:46:00,2a00:5400:e051::,AAFcvU7LIAoAABO-Xttw5A,7,WEB_ID,android,1
2024-11-12 20:59:00,148.227.93.212,8819aef2-1a40-4291-b4a4-bcc08c8a4b74,1,GAID,android,0
2024-11-26 12:46:00,2a00:5400:e051::,AAFcvU7LIAoAABO-Xttw5A,7,WEB_ID,android,1
2024-11-26 12:47:00,2a00:5400:e051::,AAFcvU7LIAoAABO-Xttw5A,7,WEB_ID,android,1
2024-11-26 12:47:00,2a00:5400:e051::,AAFcvU7LIAoAABO-Xttw5A,7,WEB_ID,android,1
2024-11-26 12:48:00,2a00:5400:e051::,AAFcvU7LIAoAABO-Xttw5A,7,WEB_ID,android,1
2024-11-26 12:48:00,2a00:5400:e051::,AAFcvU7LIAoAABO-Xttw5A,7,WEB_ID,android,1
2024-11-26 12:48:00,2a00:5400:e051::,AAFcvU7LIAoAABO-Xttw5A,7,WEB_ID,android,1
2024-11-12 21:07:00,148.227.93.212,8819aef2-1a40-4291-b4a4-bcc08c8a4b74,1,GAID,android,0
2024-11-12 21:18:00,148.227.93.212,8819aef2-1a40-4291-b4a4-bcc08c8a4b74,1,GAID,android,0
2024-11-12 21:31:00,148.227.93.212,8819aef2-1a40-4291-b4a4-bcc08c8a4b74,1,GAID,android,0
2024-11-12 21:36:00,148.227.93.212,8819aef2-1a40-4291-b4a4-bcc08c8a4b74,1,GAID,android,0
2024-11-13 10:29:00,148.227.93.212,8819aef2-1a40-4291-b4a4-bcc08c8a4b74,1,GAID,android,0
2024-11-13 10:30:00,148.227.93.212,8819aef2-1a40-4291-b4a4-bcc08c8a4b74,1,GAID,android,0
2024-11-13 10:32:00,148.227.93.212,8819aef2-1a40-4291-b4a4-bcc08c8a4b74,1,GAID,android,0
2024-11-13 10:39:00,148.227.93.212,8819aef2-1a40-4291-b4a4-bcc08c8a4b74,1,GAID,android,0
2024-11-13 10:50:00,148.227.93.212,8819aef2-1a40-4291-b4a4-bcc08c8a4b74,1,GAID,android,0
2024-11-13 11:03:00,148.227.93.212,8819aef2-1a40-4291-b4a4-bcc08c8a4b74,1,GAID,android,0
2024-11-26 13:14:00,2a00:5400:f012::,AAKRGE7P9eIAABxfJkTLVA,7,WEB_ID,android,1
2024-11-26 13:14:00,2a00:5400:f012::,AAKRGE7P9eIAABxfJkTLVA,7,WEB_ID,android,1
2024-11-26 13:18:00,2a00:5400:f012::,AAKRGE7P9eIAABxfJkTLVA,7,WEB_ID,android,1
2024-11-26 13:35:00,2a00:5400:f012::,AAKRGE7P9eIAABxfJkTLVA,7,WEB_ID,android,1
2024-11-26 13:36:00,2a00:5400:f012::,AAKRGE7P9eIAABxfJkTLVA,7,WEB_ID,android,1
2024-11-26 13:38:00,2a00:5400:f012::,AAKRGE7P9eIAABxfJkTLVA,7,WEB_ID,android,1
2024-11-26 13:40:00,2a00:5400:f012::,AAKRGE7P9eIAABxfJkTLVA,7,WEB_ID,android,1
2024-11-26 13:42:00,2a00:5400:f012::,AAKRGE7P9eIAABxfJkTLVA,7,WEB_ID,android,1
2024-11-26 13:43:00,2a00:5400:f012::,AAKRGE7P9eIAABxfJkTLVA,7,WEB_ID,android,1
2024-11-26 13:45:00,2a00:5400:f012::,AAKRGE7P9eIAABxfJkTLVA,7,WEB_ID,android,1
2024-11-26 13:46:00,2a00:5400:f012::,AAKRGE7P9eIAABxfJkTLVA,7,WEB_ID,android,1
2024-11-26 13:46:00,46.143.136.0,AAKRGE7P9eIAABxfJkTLVA,7,WEB_ID,android,1
2024-11-26 13:47:00,2a00:5400:f012::,AAKRGE7P9eIAABxfJkTLVA,7,WEB_ID,android,1
2024-11-13 11:21:00,148.227.93.212,8819aef2-1a40-4291-b4a4-bcc08c8a4b74,1,GAID,android,0
2024-11-13 12:15:00,148.227.93.212,8819aef2-1a40-4291-b4a4-bcc08c8a4b74,1,GAID,android,0
2024-11-13 12:18:00,148.227.93.212,8819aef2-1a40-4291-b4a4-bcc08c8a4b74,1,GAID,android,0
2024-11-13 12:54:00,148.227.93.212,8819aef2-1a40-4291-b4a4-bcc08c8a4b74,1,GAID,android,0
2024-11-13 12:57:00,148.227.93.212,8819aef2-1a40-4291-b4a4-bcc08c8a4b74,1,GAID,android,0
2024-11-13 17:57:00,148.227.93.212,8819aef2-1a40-4291-b4a4-bcc08c8a4b74,1,GAID,android,0
2024-11-13 17:57:00,148.227.93.212,8819aef2-1a40-4291-b4a4-bcc08c8a4b74,1,GAID,android,0
2024-11-13 18:00:00,148.227.93.212,8819aef2-1a40-4291-b4a4-bcc08c8a4b74,1,GAID,android,0
2024-11-13 18:05:00,148.227.93.212,8819aef2-1a40-4291-b4a4-bcc08c8a4b74,1,GAID,android,0
2024-11-13 18:08:00,148.227.93.212,8819aef2-1a40-4291-b4a4-bcc08c8a4b74,1,GAID,android,0
2024-11-13 20:14:00,148.227.93.212,8819aef2-1a40-4291-b4a4-bcc08c8a4b74,1,GAID,android,0
2024-11-13 20:18:00,148.227.93.212,8819aef2-1a40-4291-b4a4-bcc08c8a4b74,1,GAID,android,0
2024-11-13 20:23:00,148.227.93.212,8819aef2-1a40-4291-b4a4-bcc08c8a4b74,1,GAID,android,0
2024-11-13 20:25:00,148.227.93.212,8819aef2-1a40-4291-b4a4-bcc08c8a4b74,1,GAID,android,0
2024-11-13 20:25:00,148.227.93.212,8819aef2-1a40-4291-b4a4-bcc08c8a4b74,1,GAID,android,0
2024-11-13 20:25:00,148.227.93.212,8819aef2-1a40-4291-b4a4-bcc08c8a4b74,1,GAID,android,0
2024-11-13 20:25:00,148.227.93.212,8819aef2-1a40-4291-b4a4-bcc08c8a4b74,1,GAID,android,0
2024-11-13 20:26:00,148.227.93.212,8819aef2-1a40-4291-b4a4-bcc08c8a4b74,1,GAID,android,0
2024-11-13 20:32:00,148.227.93.212,8819aef2-1a40-4291-b4a4-bcc08c8a4b74,1,GAID,android,0
2024-11-13 20:33:00,148.227.93.212,8819aef2-1a40-4291-b4a4-bcc08c8a4b74,1,GAID,android,0
2024-11-13 20:35:00,148.227.93.212,8819aef2-1a40-4291-b4a4-bcc08c8a4b74,1,GAID,android,0
2024-11-13 20:35:00,148.227.93.212,8819aef2-1a40-4291-b4a4-bcc08c8a4b74,1,GAID,android,0
2024-11-13 20:36:00,148.227.93.212,8819aef2-1a40-4291-b4a4-bcc08c8a4b74,1,GAID,android,0
2024-11-13 20:37:00,148.227.93.212,8819aef2-1a40-4291-b4a4-bcc08c8a4b74,1,GAID,android,0
2024-11-13 20:41:00,148.227.93.212,8819aef2-1a40-4291-b4a4-bcc08c8a4b74,1,GAID,android,0
2024-11-13 20:42:00,148.227.93.212,8819aef2-1a40-4291-b4a4-bcc08c8a4b74,1,GAID,android,0
2024-11-13 20:42:00,148.227.93.212,8819aef2-1a40-4291-b4a4-bcc08c8a4b74,1,GAID,android,0
2024-11-13 20:43:00,148.227.93.212,8819aef2-1a40-4291-b4a4-bcc08c8a4b74,1,GAID,android,0
2024-11-13 20:44:00,148.227.93.212,8819aef2-1a40-4291-b4a4-bcc08c8a4b74,1,GAID,android,0
2024-11-13 20:44:00,148.227.93.212,8819aef2-1a40-4291-b4a4-bcc08c8a4b74,1,GAID,android,0
2024-11-13 20:46:00,148.227.93.212,8819aef2-1a40-4291-b4a4-bcc08c8a4b74,1,GAID,android,0
2024-11-13 20:47:00,148.227.93.212,8819aef2-1a40-4291-b4a4-bcc08c8a4b74,1,GAID,android,0
2024-11-13 20:48:00,148.227.93.212,8819aef2-1a40-4291-b4a4-bcc08c8a4b74,1,GAID,android,0
2024-11-13 20:48:00,148.227.93.212,8819aef2-1a40-4291-b4a4-bcc08c8a4b74,1,GAID,android,0
2024-11-13 20:48:00,148.227.93.212,8819aef2-1a40-4291-b4a4-bcc08c8a4b74,1,GAID,android,0
2024-11-13 20:48:00,148.227.93.212,8819aef2-1a40-4291-b4a4-bcc08c8a4b74,1,GAID,android,0
2024-11-13 20:49:00,148.227.93.212,8819aef2-1a40-4291-b4a4-bcc08c8a4b74,1,GAID,android,0
2024-11-13 20:49:00,148.227.93.212,8819aef2-1a40-4291-b4a4-bcc08c8a4b74,1,GAID,android,0
2024-11-13 20:49:00,148.227.93.212,8819aef2-1a40-4291-b4a4-bcc08c8a4b74,1,GAID,android,0
2024-11-13 20:50:00,148.227.93.212,8819aef2-1a40-4291-b4a4-bcc08c8a4b74,1,GAID,android,0
2024-11-13 20:50:00,148.227.93.212,8819aef2-1a40-4291-b4a4-bcc08c8a4b74,1,GAID,android,0
2024-11-13 20:52:00,148.227.93.212,8819aef2-1a40-4291-b4a4-bcc08c8a4b74,1,GAID,android,0
2024-11-13 20:56:00,148.227.93.212,8819aef2-1a40-4291-b4a4-bcc08c8a4b74,1,GAID,android,0
2024-11-13 21:03:00,148.227.93.212,8819aef2-1a40-4291-b4a4-bcc08c8a4b74,1,GAID,android,0
2024-11-13 21:08:00,148.227.93.212,8819aef2-1a40-4291-b4a4-bcc08c8a4b74,1,GAID,android,0
2024-11-13 21:12:00,148.227.93.212,8819aef2-1a40-4291-b4a4-bcc08c8a4b74,1,GAID,android,0
2024-11-24 15:37:00,82.167.74.0,AAKT707IOKgAAB_bLwHDew,6,WEB_ID,ios,1
2024-11-14 12:20:00,148.227.93.212,8819aef2-1a40-4291-b4a4-bcc08c8a4b74,1,GAID,android,0
2024-11-14 12:25:00,148.227.93.212,8819aef2-1a40-4291-b4a4-bcc08c8a4b74,1,GAID,android,0
2024-11-14 12:25:00,148.227.93.212,8819aef2-1a40-4291-b4a4-bcc08c8a4b74,1,GAID,android,0
2024-11-14 12:30:00,148.227.93.212,8819aef2-1a40-4291-b4a4-bcc08c8a4b74,1,GAID,android,0
2024-11-14 12:34:00,148.227.93.212,8819aef2-1a40-4291-b4a4-bcc08c8a4b74,1,GAID,android,0
2024-11-14 12:46:00,148.227.93.212,8819aef2-1a40-4291-b4a4-bcc08c8a4b74,1,GAID,android,0
2024-11-24 16:16:00,82.167.74.0,AAKT707IOKgAAB_bLwHDew,6,WEB_ID,ios,1
2024-11-14 12:53:00,148.227.93.212,8819aef2-1a40-4291-b4a4-bcc08c8a4b74,1,GAID,android,0
2024-11-14 12:57:00,148.227.93.212,8819aef2-1a40-4291-b4a4-bcc08c8a4b74,1,GAID,android,0
2024-11-14 13:02:00,148.227.93.212,8819aef2-1a40-4291-b4a4-bcc08c8a4b74,1,GAID,android,0
2024-11-14 12:33:00,148.227.93.212,8819aef2-1a40-4291-b4a4-bcc08c8a4b74,1,GAID,android,0
2024-11-14 12:35:00,148.227.93.212,8819aef2-1a40-4291-b4a4-bcc08c8a4b74,1,GAID,android,0
2024-11-24 15:38:00,82.167.74.0,AAKT707IOKgAAB_bLwHDew,6,WEB_ID,ios,1
2024-11-14 12:47:00,148.227.93.212,8819aef2-1a40-4291-b4a4-bcc08c8a4b74,1,GAID,android,0
2024-11-14 13:01:00,148.227.93.212,8819aef2-1a40-4291-b4a4-bcc08c8a4b74,1,GAID,android,0
2024-11-24 16:08:00,82.167.74.0,AAKT707IOKgAAB_bLwHDew,6,WEB_ID,ios,1
2024-11-24 16:21:00,2a00:5400:e053:b76::,AAKT707IOKgAAB_bLwHDew,6,WEB_ID,ios,1
2024-11-26 13:43:00,2a00:5400:f012::,AAKRGE7P9eIAABxfJkTLVA,7,WEB_ID,android,1
2024-11-03 13:48:00,148.227.93.129,f03bc630-b53b-42b1-8e24-670999ed9e3b,4,IDFA,ios,0
2024-11-03 13:53:00,148.227.93.129,f03bc630-b53b-42b1-8e24-670999ed9e3b,4,IDFA,ios,0
2024-11-26 14:07:00,82.167.71.2,AAFcvU7LIAoAABO-Xttw5A,7,WEB_ID,android,1
2024-11-26 14:07:00,82.167.71.2,AAFcvU7LIAoAABO-Xttw5A,7,WEB_ID,android,1
2024-11-26 14:09:00,2a00:5400:e051::,AAFcvU7LIAoAABO-Xttw5A,7,WEB_ID,android,1
2024-11-26 14:10:00,82.167.71.2,AAFcvU7LIAoAABO-Xttw5A,7,WEB_ID,android,1
2024-11-26 14:17:00,82.167.71.2,AAFcvU7LIAoAABO-Xttw5A,7,WEB_ID,android,1
2024-11-26 14:20:00,2a00:5400:e051::,AAFcvU7LIAoAABO-Xttw5A,7,WEB_ID,android,1
2024-11-26 15:23:00,2a00:5400:e051::,AAFcvU7LIAoAABO-Xttw5A,7,WEB_ID,android,1
2024-11-26 15:25:00,2a00:5400:e051::,AAFcvU7LIAoAABO-Xttw5A,7,WEB_ID,android,1
2024-11-26 15:27:00,2a00:5400:e051::,AAFcvU7LIAoAABO-Xttw5A,7,WEB_ID,android,1
2024-11-26 15:30:00,2a00:5400:e051::,AAFcvU7LIAoAABO-Xttw5A,7,WEB_ID,android,1
2024-11-26 15:31:00,2a00:5400:e051::,AAFcvU7LIAoAABO-Xttw5A,7,WEB_ID,android,1
2024-11-26 15:32:00,2a00:5400:e051::,AAFcvU7LIAoAABO-Xttw5A,7,WEB_ID,android,1
2024-11-26 15:32:00,2a00:5400:e051::,AAFcvU7LIAoAABO-Xttw5A,7,WEB_ID,android,1
2024-11-26 15:33:00,2a00:5400:e051::,AAFcvU7LIAoAABO-Xttw5A,7,WEB_ID,android,1
2024-11-26 15:33:00,2a00:5400:e051::,AAFcvU7LIAoAABO-Xttw5A,7,WEB_ID,android,1
2024-11-26 15:33:00,2a00:5400:e051::,AAFcvU7LIAoAABO-Xttw5A,7,WEB_ID,android,1
2024-11-26 15:33:00,2a00:5400:e051::,AAFcvU7LIAoAABO-Xttw5A,7,WEB_ID,android,1
2024-11-26 15:33:00,2a00:5400:e051::,AAFcvU7LIAoAABO-Xttw5A,7,WEB_ID,android,1
2024-11-26 15:36:00,2a00:5400:e051::,AAFcvU7LIAoAABO-Xttw5A,7,WEB_ID,android,1
2024-11-26 15:37:00,2a00:5400:e051::,AAFcvU7LIAoAABO-Xttw5A,7,WEB_ID,android,1
2024-11-26 15:37:00,2a00:5400:e051::,AAFcvU7LIAoAABO-Xttw5A,7,WEB_ID,android,1
2024-11-26 15:37:00,2a00:5400:e051::,AAFcvU7LIAoAABO-Xttw5A,7,WEB_ID,android,1
2024-11-26 15:37:00,2a00:5400:e051::,AAFcvU7LIAoAABO-Xttw5A,7,WEB_ID,android,1
2024-11-26 15:38:00,2a00:5400:e051::,AAFcvU7LIAoAABO-Xttw5A,7,WEB_ID,android,1
2024-11-26 15:38:00,2a00:5400:e051::,AAFcvU7LIAoAABO-Xttw5A,7,WEB_ID,android,1
2024-11-26 15:40:00,82.167.71.2,AAFcvU7LIAoAABO-Xttw5A,7,WEB_ID,android,1
2024-11-26 15:41:00,82.167.71.2,AAFcvU7LIAoAABO-Xttw5A,7,WEB_ID,android,1
2024-11-26 15:56:00,2a00:5400:e051::,AAFcvU7LIAoAABO-Xttw5A,7,WEB_ID,android,1
2024-11-26 15:57:00,2a00:5400:e051::,AAFcvU7LIAoAABO-Xttw5A,7,WEB_ID,android,1
2024-11-26 15:57:00,2a00:5400:e051::,AAFcvU7LIAoAABO-Xttw5A,7,WEB_ID,android,1
2024-11-26 15:58:00,2a00:5400:e051::,AAFcvU7LIAoAABO-Xttw5A,7,WEB_ID,android,1
2024-11-26 15:58:00,2a00:5400:e051::,AAFcvU7LIAoAABO-Xttw5A,7,WEB_ID,android,1
2024-11-26 15:58:00,2a00:5400:e051::,AAFcvU7LIAoAABO-Xttw5A,7,WEB_ID,android,1
2024-11-26 16:05:00,2a00:5400:e051::,AAFcvU7LIAoAABO-Xttw5A,7,WEB_ID,android,1
2024-11-26 16:05:00,2a00:5400:e051::,AAFcvU7LIAoAABO-Xttw5A,7,WEB_ID,android,1
2024-11-26 16:13:00,2a00:5400:e051::,AAFcvU7LIAoAABO-Xttw5A,7,WEB_ID,android,1
2024-11-26 16:16:00,2a00:5400:e051::,AAFcvU7LIAoAABO-Xttw5A,7,WEB_ID,android,1
2024-11-26 16:16:00,2a00:5400:e051::,AAFcvU7LIAoAABO-Xttw5A,7,WEB_ID,android,1
2024-11-26 16:16:00,2a00:5400:e051::,AAFcvU7LIAoAABO-Xttw5A,7,WEB_ID,android,1
2024-11-26 16:16:00,2a00:5400:e051::,AAFcvU7LIAoAABO-Xttw5A,7,WEB_ID,android,1
2024-11-26 16:17:00,2a00:5400:e051::,AAFcvU7LIAoAABO-Xttw5A,7,WEB_ID,android,1
2024-11-26 16:17:00,2a00:5400:e051::,AAFcvU7LIAoAABO-Xttw5A,7,WEB_ID,android,1
2024-11-26 16:19:00,2a00:5400:e051::,AAFcvU7LIAoAABO-Xttw5A,7,WEB_ID,android,1
2024-11-26 16:19:00,2a00:5400:e051::,AAFcvU7LIAoAABO-Xttw5A,7,WEB_ID,android,1
2024-11-26 16:20:00,2a00:5400:e051::,AAFcvU7LIAoAABO-Xttw5A,7,WEB_ID,android,1
2024-11-26 16:21:00,2a00:5400:e051::,AAFcvU7LIAoAABO-Xttw5A,7,WEB_ID,android,1
2024-11-26 16:21:00,2a00:5400:e051::,AAFcvU7LIAoAABO-Xttw5A,7,WEB_ID,android,1
2024-11-26 16:22:00,2a00:5400:e051::,AAFcvU7LIAoAABO-Xttw5A,7,WEB_ID,android,1
2024-11-26 15:30:00,2a00:5400:e051::,AAFcvU7LIAoAABO-Xttw5A,7,WEB_ID,android,1
2024-11-26 15:31:00,2a00:5400:e051::,AAFcvU7LIAoAABO-Xttw5A,7,WEB_ID,android,1
2024-11-26 15:33:00,2a00:5400:e051::,AAFcvU7LIAoAABO-Xttw5A,7,WEB_ID,android,1
2024-11-26 15:34:00,2a00:5400:e051::,AAFcvU7LIAoAABO-Xttw5A,7,WEB_ID,android,1
2024-11-26 15:34:00,2a00:5400:e051::,AAFcvU7LIAoAABO-Xttw5A,7,WEB_ID,android,1
2024-11-26 15:38:00,2a00:5400:e051::,AAFcvU7LIAoAABO-Xttw5A,7,WEB_ID,android,1
2024-11-26 15:39:00,82.167.71.2,AAFcvU7LIAoAABO-Xttw5A,7,WEB_ID,android,1
2024-11-26 15:39:00,2a00:5400:e051::,AAFcvU7LIAoAABO-Xttw5A,7,WEB_ID,android,1
2024-11-26 15:40:00,2a00:5400:e051::,AAFcvU7LIAoAABO-Xttw5A,7,WEB_ID,android,1
2024-11-26 15:41:00,2a00:5400:e051::,AAFcvU7LIAoAABO-Xttw5A,7,WEB_ID,android,1
2024-11-26 15:41:00,2a00:5400:e051::,AAFcvU7LIAoAABO-Xttw5A,7,WEB_ID,android,1
2024-11-26 15:42:00,2a00:5400:e051::,AAFcvU7LIAoAABO-Xttw5A,7,WEB_ID,android,1
2024-11-26 15:44:00,2a00:5400:e051::,AAFcvU7LIAoAABO-Xttw5A,7,WEB_ID,android,1
2024-11-26 15:45:00,2a00:5400:e051::,AAFcvU7LIAoAABO-Xttw5A,7,WEB_ID,android,1
2024-11-26 15:45:00,2a00:5400:e051::,AAFcvU7LIAoAABO-Xttw5A,7,WEB_ID,android,1
2024-11-26 15:45:00,2a00:5400:e051::,AAFcvU7LIAoAABO-Xttw5A,7,WEB_ID,android,1
2024-11-24 18:28:00,2a00:5400:f026::,AALKVk7RajkAABv5BSiD8w,6,WEB_ID,android,1
2024-11-24 18:28:00,2a00:5400:e053:b76::,AAKT707IOKgAAB_bLwHDew,6,WEB_ID,ios,1
2024-11-24 18:29:00,82.167.74.123,AAKT707IOKgAAB_bLwHDew,6,WEB_ID,ios,1
2024-11-24 18:36:00,2a00:5400:e053:b76::,AAKT707IOKgAAB_bLwHDew,6,WEB_ID,ios,1
2024-11-24 18:37:00,2a00:5400:e053:b76:b92c:1a3e:341c:af66,AAKT707IOKgAAB_bLwHDew,6,WEB_ID,ios,1
2024-11-24 18:37:00,82.167.74.123,AAKT707IOKgAAB_bLwHDew,6,WEB_ID,ios,1
2024-11-24 18:38:00,2a00:5400:e053:b76:b92c:1a3e:341c:af66,AAKT707IOKgAAB_bLwHDew,6,WEB_ID,ios,1
2024-11-24 18:41:00,2a00:5400:e053:b76:b92c:1a3e:341c:af66,AAKT707IOKgAAB_bLwHDew,6,WEB_ID,ios,1
2024-11-24 18:41:00,2a00:5400:e053:b76::,AAKT707IOKgAAB_bLwHDew,6,WEB_ID,ios,1
2024-11-24 18:46:00,2a00:5400:e053:b76::,AAKT707IOKgAAB_bLwHDew,6,WEB_ID,ios,1
2024-11-24 18:47:00,82.167.74.123,AAKT707IOKgAAB_bLwHDew,6,WEB_ID,ios,1
2024-11-24 18:49:00,2a00:5400:e053:b76:b92c:1a3e:341c:af66,AAKT707IOKgAAB_bLwHDew,6,WEB_ID,ios,1
2024-11-24 18:50:00,2a00:5400:e053:b76::,AAKT707IOKgAAB_bLwHDew,6,WEB_ID,ios,1
2024-11-24 20:27:00,2a00:5400:e053:b76::,AAKT707IOKgAAB_bLwHDew,6,WEB_ID,ios,1
2024-11-24 20:31:00,2a00:5400:e053:b76:b92c:1a3e:341c:af66,AAKT707IOKgAAB_bLwHDew,6,WEB_ID,ios,1
2024-11-24 20:44:00,82.167.74.123,AAKT707IOKgAAB_bLwHDew,6,WEB_ID,ios,1
2024-11-25 16:24:00,2a00:5400:e053:b76:b92c:1a3e:341c:af66,AAKT707IOKgAAB_bLwHDew,6,WEB_ID,ios,1
2024-11-26 18:22:00,2a00:5400:e337::,AAA7PE7OD50AABQ_9xhR4Q,7,WEB_ID,android,1
2024-11-14 13:19:00,148.227.93.182,8819aef2-1a40-4291-b4a4-bcc08c8a4b74,1,GAID,android,0
2024-11-14 13:27:00,148.227.93.182,8819aef2-1a40-4291-b4a4-bcc08c8a4b74,1,GAID,android,0
2024-11-14 13:32:00,148.227.93.182,8819aef2-1a40-4291-b4a4-bcc08c8a4b74,1,GAID,android,0
2024-11-14 13:38:00,148.227.93.182,8819aef2-1a40-4291-b4a4-bcc08c8a4b74,1,GAID,android,0
2024-11-14 13:46:00,148.227.93.182,8819aef2-1a40-4291-b4a4-bcc08c8a4b74,1,GAID,android,0
2024-11-14 13:56:00,148.227.93.182,8819aef2-1a40-4291-b4a4-bcc08c8a4b74,1,GAID,android,0
2024-11-14 14:12:00,148.227.93.182,8819aef2-1a40-4291-b4a4-bcc08c8a4b74,1,GAID,android,0
2024-11-14 14:44:00,148.227.93.182,8819aef2-1a40-4291-b4a4-bcc08c8a4b74,1,GAID,android,0
2024-11-14 14:50:00,148.227.93.182,8819aef2-1a40-4291-b4a4-bcc08c8a4b74,1,GAID,android,0
2024-11-14 14:54:00,148.227.93.182,8819aef2-1a40-4291-b4a4-bcc08c8a4b74,1,GAID,android,0
2024-11-14 14:58:00,148.227.93.182,8819aef2-1a40-4291-b4a4-bcc08c8a4b74,1,GAID,android,0
2024-11-14 15:09:00,148.227.93.182,8819aef2-1a40-4291-b4a4-bcc08c8a4b74,1,GAID,android,0
2024-11-14 15:21:00,148.227.93.182,8819aef2-1a40-4291-b4a4-bcc08c8a4b74,1,GAID,android,0
2024-11-14 15:33:00,148.227.93.182,8819aef2-1a40-4291-b4a4-bcc08c8a4b74,1,GAID,android,0
2024-11-14 15:14:00,148.227.93.182,8819aef2-1a40-4291-b4a4-bcc08c8a4b74,1,GAID,android,0
2024-11-14 15:17:00,148.227.93.182,8819aef2-1a40-4291-b4a4-bcc08c8a4b74,1,GAID,android,0
2024-11-14 15:27:00,148.227.93.182,8819aef2-1a40-4291-b4a4-bcc08c8a4b74,1,GAID,android,0
2024-11-14 15:40:00,148.227.93.182,8819aef2-1a40-4291-b4a4-bcc08c8a4b74,1,GAID,android,0
2024-11-14 16:04:00,2803:9810:6289:8608::,8819aef2-1a40-4291-b4a4-bcc08c8a4b74,1,GAID,android,0
2024-11-15 09:49:00,148.227.93.182,8819aef2-1a40-4291-b4a4-bcc08c8a4b74,1,GAID,android,0
2024-11-15 09:59:00,148.227.93.182,8819aef2-1a40-4291-b4a4-bcc08c8a4b74,1,GAID,android,0
2024-11-15 09:59:00,148.227.93.182,8819aef2-1a40-4291-b4a4-bcc08c8a4b74,1,GAID,android,0
2024-11-15 10:04:00,148.227.93.182,8819aef2-1a40-4291-b4a4-bcc08c8a4b74,1,GAID,android,0
2024-11-15 10:10:00,148.227.93.182,8819aef2-1a40-4291-b4a4-bcc08c8a4b74,1,GAID,android,0
2024-11-15 10:52:00,148.227.93.182,8819aef2-1a40-4291-b4a4-bcc08c8a4b74,1,GAID,android,0
2024-11-26 19:27:00,2a00:5400:e051::,AAFcvU7LIAoAABO-Xttw5A,7,WEB_ID,android,1
2024-11-15 10:54:00,148.227.93.182,8819aef2-1a40-4291-b4a4-bcc08c8a4b74,1,GAID,android,0
2024-11-26 19:29:00,2a00:5400:e051::,AAFcvU7LIAoAABO-Xttw5A,7,WEB_ID,android,1
2024-11-15 10:57:00,148.227.93.182,8819aef2-1a40-4291-b4a4-bcc08c8a4b74,1,GAID,android,0
2024-11-26 19:31:00,82.167.71.2,AAFcvU7LIAoAABO-Xttw5A,7,WEB_ID,android,1
2024-11-15 11:04:00,148.227.93.182,8819aef2-1a40-4291-b4a4-bcc08c8a4b74,1,GAID,android,0
2024-11-15 11:11:00,148.227.93.182,8819aef2-1a40-4291-b4a4-bcc08c8a4b74,1,GAID,android,0
2024-11-26 19:49:00,2a00:5400:e051::,AAFcvU7LIAoAABO-Xttw5A,7,WEB_ID,android,1
2024-11-15 11:17:00,148.227.93.182,8819aef2-1a40-4291-b4a4-bcc08c8a4b74,1,GAID,android,0
2024-11-26 19:54:00,2a00:5400:e051::,AAFcvU7LIAoAABO-Xttw5A,7,WEB_ID,android,1
2024-11-26 19:55:00,2a00:5400:e051::,AAFcvU7LIAoAABO-Xttw5A,7,WEB_ID,android,1
2024-11-26 20:14:00,82.167.71.2,AAFcvU7LIAoAABO-Xttw5A,7,WEB_ID,android,1
2024-11-26 20:14:00,82.167.71.2,AAFcvU7LIAoAABO-Xttw5A,7,WEB_ID,android,1
2024-11-15 11:41:00,148.227.93.182,8819aef2-1a40-4291-b4a4-bcc08c8a4b74,1,GAID,android,0
2024-11-26 20:17:00,2a00:5400:e051::,AAFcvU7LIAoAABO-Xttw5A,7,WEB_ID,android,1
2024-11-26 20:19:00,2a00:5400:e051::,AAFcvU7LIAoAABO-Xttw5A,7,WEB_ID,android,1
2024-11-15 11:48:00,148.227.93.182,8819aef2-1a40-4291-b4a4-bcc08c8a4b74,1,GAID,android,0
2024-11-15 13:55:00,148.227.93.182,8819aef2-1a40-4291-b4a4-bcc08c8a4b74,1,GAID,android,0
2024-11-15 14:08:00,148.227.93.182,8819aef2-1a40-4291-b4a4-bcc08c8a4b74,1,GAID,android,0
2024-11-15 14:13:00,148.227.93.182,8819aef2-1a40-4291-b4a4-bcc08c8a4b74,1,GAID,android,0
2024-11-15 14:19:00,148.227.93.182,8819aef2-1a40-4291-b4a4-bcc08c8a4b74,1,GAID,android,0
2024-11-25 16:50:00,2a00:5400:f026::,AALKVk7RajkAABv5BSiD8w,6,WEB_ID,android,1
2024-11-15 14:37:00,148.227.93.182,8819aef2-1a40-4291-b4a4-bcc08c8a4b74,1,GAID,android,0
2024-11-15 14:41:00,148.227.93.182,8819aef2-1a40-4291-b4a4-bcc08c8a4b74,1,GAID,android,0
2024-11-15 14:50:00,148.227.93.182,8819aef2-1a40-4291-b4a4-bcc08c8a4b74,1,GAID,android,0
2024-11-26 19:42:00,2a00:5400:e051::,AAFcvU7LIAoAABO-Xttw5A,7,WEB_ID,android,1
2024-11-26 19:42:00,2a00:5400:e051::,AAFcvU7LIAoAABO-Xttw5A,7,WEB_ID,android,1
2024-11-26 20:00:00,2a00:5400:e051::,AAFcvU7LIAoAABO-Xttw5A,7,WEB_ID,android,1
2024-11-26 20:00:00,2a00:5400:e051::,AAFcvU7LIAoAABO-Xttw5A,7,WEB_ID,android,1
2024-11-26 20:01:00,2a00:5400:e051::,AAFcvU7LIAoAABO-Xttw5A,7,WEB_ID,android,1
2024-11-26 20:01:00,2a00:5400:e051::,AAFcvU7LIAoAABO-Xttw5A,7,WEB_ID,android,1
2024-11-26 20:03:00,2a00:5400:e051::,AAFcvU7LIAoAABO-Xttw5A,7,WEB_ID,android,1
2024-11-26 20:03:00,2a00:5400:e051::,AAFcvU7LIAoAABO-Xttw5A,7,WEB_ID,android,1
2024-11-26 20:04:00,2a00:5400:e051::,AAFcvU7LIAoAABO-Xttw5A,7,WEB_ID,android,1
2024-11-26 20:04:00,2a00:5400:e051::,AAFcvU7LIAoAABO-Xttw5A,7,WEB_ID,android,1
2024-11-26 20:05:00,2a00:5400:e051::,AAFcvU7LIAoAABO-Xttw5A,7,WEB_ID,android,1
2024-11-26 20:05:00,2a00:5400:e051::,AAFcvU7LIAoAABO-Xttw5A,7,WEB_ID,android,1
2024-11-26 20:11:00,2a00:5400:f012::,AAKRGE7P9eIAABxfJkTLVA,7,WEB_ID,android,1
2024-11-26 20:18:00,2a00:5400:f012::,AAKRGE7P9eIAABxfJkTLVA,7,WEB_ID,android,1
2024-11-26 20:25:00,2a00:5400:e337::,AAA7PE7OD50AABQ_9xhR4Q,7,WEB_ID,android,1
2024-11-26 20:30:00,2a00:5400:f012::,AAKRGE7P9eIAABxfJkTLVA,7,WEB_ID,android,1
2024-11-26 20:31:00,2a00:5400:f012::,AAKRGE7P9eIAABxfJkTLVA,7,WEB_ID,android,1
2024-11-26 20:32:00,2a00:5400:f012::,AAKRGE7P9eIAABxfJkTLVA,7,WEB_ID,android,1
2024-11-26 20:34:00,2a00:5400:f012::,AAKRGE7P9eIAABxfJkTLVA,7,WEB_ID,android,1
2024-11-27 08:43:00,2a00:5400:f012::,AAKRGE7P9eIAABxfJkTLVA,7,WEB_ID,android,1
2024-11-27 08:44:00,2a00:5400:f012::,AAKRGE7P9eIAABxfJkTLVA,7,WEB_ID,android,1
2024-11-27 08:45:00,2a00:5400:f012::,AAKRGE7P9eIAABxfJkTLVA,7,WEB_ID,android,1
2024-11-27 08:46:00,2a00:5400:f012::,AAKRGE7P9eIAABxfJkTLVA,7,WEB_ID,android,1
2024-11-27 08:46:00,2a00:5400:f012::,AAKRGE7P9eIAABxfJkTLVA,7,WEB_ID,android,1
2024-11-27 12:00:00,82.167.74.123,AAKT707IOKgAAB_bLwHDew,6,WEB_ID,ios,1
2024-11-27 12:32:00,2a00:5400:f026::,AALKVk7RajkAABv5BSiD8w,6,WEB_ID,android,1
2024-11-15 14:56:00,148.227.93.182,8819aef2-1a40-4291-b4a4-bcc08c8a4b74,1,GAID,android,0
2024-11-15 15:02:00,148.227.93.182,8819aef2-1a40-4291-b4a4-bcc08c8a4b74,1,GAID,android,0
2024-11-15 15:03:00,148.227.93.182,8819aef2-1a40-4291-b4a4-bcc08c8a4b74,1,GAID,android,0
2024-11-15 16:04:00,148.227.93.182,8819aef2-1a40-4291-b4a4-bcc08c8a4b74,1,GAID,android,0
2024-11-15 16:08:00,148.227.93.182,8819aef2-1a40-4291-b4a4-bcc08c8a4b74,1,GAID,android,0
2024-11-15 16:22:00,148.227.93.182,8819aef2-1a40-4291-b4a4-bcc08c8a4b74,1,GAID,android,0
2024-11-15 16:27:00,148.227.93.182,8819aef2-1a40-4291-b4a4-bcc08c8a4b74,1,GAID,android,0
2024-11-15 16:29:00,148.227.93.182,8819aef2-1a40-4291-b4a4-bcc08c8a4b74,1,GAID,android,0
2024-11-15 16:44:00,2803:9810:6289:8608::,8819aef2-1a40-4291-b4a4-bcc08c8a4b74,1,GAID,android,0
2024-11-16 19:59:00,148.227.93.182,8819aef2-1a40-4291-b4a4-bcc08c8a4b74,1,GAID,android,0
2024-11-27 09:22:00,2a00:5400:f012::,AAKRGE7P9eIAABxfJkTLVA,7,WEB_ID,android,1
2024-11-16 20:16:00,2803:9810:6289:8608::,8819aef2-1a40-4291-b4a4-bcc08c8a4b74,1,GAID,android,0
2024-11-16 20:17:00,148.227.93.16,8819aef2-1a40-4291-b4a4-bcc08c8a4b74,1,GAID,android,0
2024-11-16 20:20:00,148.227.93.16,8819aef2-1a40-4291-b4a4-bcc08c8a4b74,1,GAID,android,0
2024-11-16 20:28:00,148.227.93.16,8819aef2-1a40-4291-b4a4-bcc08c8a4b74,1,GAID,android,0
2024-11-16 20:34:00,148.227.93.16,8819aef2-1a40-4291-b4a4-bcc08c8a4b74,1,GAID,android,0
2024-11-16 20:35:00,148.227.93.16,8819aef2-1a40-4291-b4a4-bcc08c8a4b74,1,GAID,android,0
2024-11-16 20:44:00,148.227.93.16,8819aef2-1a40-4291-b4a4-bcc08c8a4b74,1,GAID,android,0
2024-11-16 20:56:00,148.227.93.16,8819aef2-1a40-4291-b4a4-bcc08c8a4b74,1,GAID,android,0
2024-11-16 21:01:00,148.227.93.16,8819aef2-1a40-4291-b4a4-bcc08c8a4b74,1,GAID,android,0
2024-11-17 09:09:00,148.227.93.16,8819aef2-1a40-4291-b4a4-bcc08c8a4b74,1,GAID,android,0
2024-11-17 09:19:00,148.227.93.16,8819aef2-1a40-4291-b4a4-bcc08c8a4b74,1,GAID,android,0
2024-11-17 09:19:00,148.227.93.16,8819aef2-1a40-4291-b4a4-bcc08c8a4b74,1,GAID,android,0
2024-11-17 09:29:00,148.227.93.16,8819aef2-1a40-4291-b4a4-bcc08c8a4b74,1,GAID,android,0
2024-11-17 09:31:00,148.227.93.16,8819aef2-1a40-4291-b4a4-bcc08c8a4b74,1,GAID,android,0
2024-11-17 09:36:00,148.227.93.16,8819aef2-1a40-4291-b4a4-bcc08c8a4b74,1,GAID,android,0
2024-11-17 14:09:00,148.227.93.16,8819aef2-1a40-4291-b4a4-bcc08c8a4b74,1,GAID,android,0
2024-11-17 14:14:00,148.227.93.16,8819aef2-1a40-4291-b4a4-bcc08c8a4b74,1,GAID,android,0
2024-11-17 14:17:00,148.227.93.16,8819aef2-1a40-4291-b4a4-bcc08c8a4b74,1,GAID,android,0
2024-11-17 14:21:00,148.227.93.16,8819aef2-1a40-4291-b4a4-bcc08c8a4b74,1,GAID,android,0
2024-11-17 14:39:00,148.227.93.16,8819aef2-1a40-4291-b4a4-bcc08c8a4b74,1,GAID,android,0
2024-11-17 16:36:00,148.227.93.16,8819aef2-1a40-4291-b4a4-bcc08c8a4b74,1,GAID,android,0
2024-11-17 16:38:00,148.227.93.16,8819aef2-1a40-4291-b4a4-bcc08c8a4b74,1,GAID,android,0
2024-11-17 16:44:00,148.227.93.16,8819aef2-1a40-4291-b4a4-bcc08c8a4b74,1,GAID,android,0
2024-11-27 09:04:00,82.167.71.2,AAFcvU7LIAoAABO-Xttw5A,7,WEB_ID,android,1
2024-11-27 09:05:00,82.167.71.2,AAFcvU7LIAoAABO-Xttw5A,7,WEB_ID,android,1
2024-11-27 09:05:00,82.167.71.2,AAFcvU7LIAoAABO-Xttw5A,7,WEB_ID,android,1
2024-11-27 09:06:00,82.167.71.2,AAFcvU7LIAoAABO-Xttw5A,7,WEB_ID,android,1
2024-11-27 09:06:00,82.167.71.2,AAFcvU7LIAoAABO-Xttw5A,7,WEB_ID,android,1
2024-11-27 09:06:00,82.167.71.2,AAFcvU7LIAoAABO-Xttw5A,7,WEB_ID,android,1
2024-11-27 09:06:00,82.167.71.2,AAFcvU7LIAoAABO-Xttw5A,7,WEB_ID,android,1
2024-11-27 09:07:00,82.167.71.2,AAFcvU7LIAoAABO-Xttw5A,7,WEB_ID,android,1
2024-11-27 09:07:00,82.167.71.2,AAFcvU7LIAoAABO-Xttw5A,7,WEB_ID,android,1
2024-11-27 09:08:00,82.167.71.2,AAFcvU7LIAoAABO-Xttw5A,7,WEB_ID,android,1
2024-11-27 09:09:00,2a00:5400:e051::,AAFcvU7LIAoAABO-Xttw5A,7,WEB_ID,android,1
2024-11-27 09:14:00,2a00:5400:e051::,AAFcvU7LIAoAABO-Xttw5A,7,WEB_ID,android,1
2024-11-17 17:10:00,148.227.93.16,8819aef2-1a40-4291-b4a4-bcc08c8a4b74,1,GAID,android,0
2024-11-17 17:13:00,148.227.93.16,8819aef2-1a40-4291-b4a4-bcc08c8a4b74,1,GAID,android,0
2024-11-17 17:14:00,148.227.93.16,8819aef2-1a40-4291-b4a4-bcc08c8a4b74,1,GAID,android,0
2024-11-17 17:17:00,148.227.93.16,8819aef2-1a40-4291-b4a4-bcc08c8a4b74,1,GAID,android,0
2024-11-17 17:18:00,148.227.93.16,8819aef2-1a40-4291-b4a4-bcc08c8a4b74,1,GAID,android,0
2024-11-17 17:02:00,148.227.93.16,8819aef2-1a40-4291-b4a4-bcc08c8a4b74,1,GAID,android,0
2024-11-17 17:05:00,148.227.93.16,8819aef2-1a40-4291-b4a4-bcc08c8a4b74,1,GAID,android,0
2024-11-17 17:06:00,148.227.93.16,8819aef2-1a40-4291-b4a4-bcc08c8a4b74,1,GAID,android,0
2024-11-17 17:07:00,148.227.93.16,8819aef2-1a40-4291-b4a4-bcc08c8a4b74,1,GAID,android,0
2024-11-17 17:08:00,148.227.93.16,8819aef2-1a40-4291-b4a4-bcc08c8a4b74,1,GAID,android,0
2024-11-17 17:11:00,148.227.93.16,8819aef2-1a40-4291-b4a4-bcc08c8a4b74,1,GAID,android,0
2024-11-17 17:28:00,148.227.93.16,8819aef2-1a40-4291-b4a4-bcc08c8a4b74,1,GAID,android,0
2024-11-17 17:38:00,148.227.93.16,8819aef2-1a40-4291-b4a4-bcc08c8a4b74,1,GAID,android,0
2024-11-17 17:46:00,148.227.93.16,8819aef2-1a40-4291-b4a4-bcc08c8a4b74,1,GAID,android,0
2024-11-17 17:50:00,148.227.93.16,8819aef2-1a40-4291-b4a4-bcc08c8a4b74,1,GAID,android,0
2024-11-18 08:56:00,148.227.93.16,8819aef2-1a40-4291-b4a4-bcc08c8a4b74,1,GAID,android,0
2024-11-18 08:59:00,148.227.93.16,8819aef2-1a40-4291-b4a4-bcc08c8a4b74,1,GAID,android,0
2024-11-18 09:03:00,148.227.93.16,8819aef2-1a40-4291-b4a4-bcc08c8a4b74,1,GAID,android,0
2024-11-27 16:22:00,2a00:5400:f026::,AALKVk7RajkAABv5BSiD8w,6,WEB_ID,android,1
2024-11-18 17:53:00,148.227.93.16,8819aef2-1a40-4291-b4a4-bcc08c8a4b74,1,GAID,android,0
2024-11-18 17:58:00,148.227.93.16,8819aef2-1a40-4291-b4a4-bcc08c8a4b74,1,GAID,android,0
2024-11-18 18:03:00,148.227.93.16,8819aef2-1a40-4291-b4a4-bcc08c8a4b74,1,GAID,android,0
2024-11-27 09:29:00,2a00:5400:f012::,AAKRGE7P9eIAABxfJkTLVA,7,WEB_ID,android,1
2024-11-27 09:56:00,2a00:5400:f012::,AAKRGE7P9eIAABxfJkTLVA,7,WEB_ID,android,1
2024-11-18 18:24:00,148.227.93.16,8819aef2-1a40-4291-b4a4-bcc08c8a4b74,1,GAID,android,0
2024-11-18 18:29:00,148.227.93.16,8819aef2-1a40-4291-b4a4-bcc08c8a4b74,1,GAID,android,0
2024-11-18 18:36:00,148.227.93.16,8819aef2-1a40-4291-b4a4-bcc08c8a4b74,1,GAID,android,0
2024-11-18 18:36:00,148.227.93.16,8819aef2-1a40-4291-b4a4-bcc08c8a4b74,1,GAID,android,0
2024-11-18 18:48:00,148.227.93.16,8819aef2-1a40-4291-b4a4-bcc08c8a4b74,1,GAID,android,0
2024-11-18 19:32:00,148.227.93.16,8819aef2-1a40-4291-b4a4-bcc08c8a4b74,1,GAID,android,0
2024-11-18 19:39:00,148.227.93.16,8819aef2-1a40-4291-b4a4-bcc08c8a4b74,1,GAID,android,0
2024-11-18 19:44:00,148.227.93.16,8819aef2-1a40-4291-b4a4-bcc08c8a4b74,1,GAID,android,0
2024-11-18 19:48:00,148.227.93.16,8819aef2-1a40-4291-b4a4-bcc08c8a4b74,1,GAID,android,0
2024-11-18 19:53:00,148.227.93.16,8819aef2-1a40-4291-b4a4-bcc08c8a4b74,1,GAID,android,0
2024-11-18 19:58:00,148.227.93.16,8819aef2-1a40-4291-b4a4-bcc08c8a4b74,1,GAID,android,0
2024-11-18 20:01:00,148.227.93.16,8819aef2-1a40-4291-b4a4-bcc08c8a4b74,1,GAID,android,0
2024-11-18 20:04:00,148.227.93.16,8819aef2-1a40-4291-b4a4-bcc08c8a4b74,1,GAID,android,0
2024-11-18 20:13:00,148.227.93.16,8819aef2-1a40-4291-b4a4-bcc08c8a4b74,1,GAID,android,0
2024-11-18 20:19:00,148.227.93.16,8819aef2-1a40-4291-b4a4-bcc08c8a4b74,1,GAID,android,0
2024-11-18 20:20:00,148.227.93.16,8819aef2-1a40-4291-b4a4-bcc08c8a4b74,1,GAID,android,0
2024-11-18 20:27:00,148.227.93.16,8819aef2-1a40-4291-b4a4-bcc08c8a4b74,1,GAID,android,0
2024-11-18 20:00:00,148.227.93.16,8819aef2-1a40-4291-b4a4-bcc08c8a4b74,1,GAID,android,0
2024-11-18 20:06:00,148.227.93.16,8819aef2-1a40-4291-b4a4-bcc08c8a4b74,1,GAID,android,0
2024-11-18 20:06:00,148.227.93.16,8819aef2-1a40-4291-b4a4-bcc08c8a4b74,1,GAID,android,0
2024-11-18 20:13:00,148.227.93.16,8819aef2-1a40-4291-b4a4-bcc08c8a4b74,1,GAID,android,0
2024-11-18 20:18:00,148.227.93.16,8819aef2-1a40-4291-b4a4-bcc08c8a4b74,1,GAID,android,0
2024-11-18 20:22:00,148.227.93.16,8819aef2-1a40-4291-b4a4-bcc08c8a4b74,1,GAID,android,0
2024-11-18 20:24:00,148.227.93.16,8819aef2-1a40-4291-b4a4-bcc08c8a4b74,1,GAID,android,0
2024-11-18 20:25:00,148.227.93.16,8819aef2-1a40-4291-b4a4-bcc08c8a4b74,1,GAID,android,0
2024-11-18 20:31:00,148.227.93.16,8819aef2-1a40-4291-b4a4-bcc08c8a4b74,1,GAID,android,0
2024-11-19 08:53:00,148.227.93.123,8819aef2-1a40-4291-b4a4-bcc08c8a4b74,1,GAID,android,0
2024-11-19 08:57:00,148.227.93.123,8819aef2-1a40-4291-b4a4-bcc08c8a4b74,1,GAID,android,0
2024-11-19 09:03:00,148.227.93.123,8819aef2-1a40-4291-b4a4-bcc08c8a4b74,1,GAID,android,0
2024-11-19 09:07:00,148.227.93.123,8819aef2-1a40-4291-b4a4-bcc08c8a4b74,1,GAID,android,0
2024-11-19 09:08:00,148.227.93.123,8819aef2-1a40-4291-b4a4-bcc08c8a4b74,1,GAID,android,0
2024-11-19 09:16:00,148.227.93.123,8819aef2-1a40-4291-b4a4-bcc08c8a4b74,1,GAID,android,0
2024-11-19 09:21:00,148.227.93.123,8819aef2-1a40-4291-b4a4-bcc08c8a4b74,1,GAID,android,0
2024-11-19 09:28:00,148.227.93.123,8819aef2-1a40-4291-b4a4-bcc08c8a4b74,1,GAID,android,0
2024-11-19 09:33:00,148.227.93.123,8819aef2-1a40-4291-b4a4-bcc08c8a4b74,1,GAID,android,0
2024-11-19 09:35:00,148.227.93.123,8819aef2-1a40-4291-b4a4-bcc08c8a4b74,1,GAID,android,0
2024-11-19 12:11:00,148.227.93.123,8819aef2-1a40-4291-b4a4-bcc08c8a4b74,1,GAID,android,0
2024-11-19 12:52:00,148.227.93.123,8819aef2-1a40-4291-b4a4-bcc08c8a4b74,1,GAID,android,0
2024-11-19 12:55:00,148.227.93.123,8819aef2-1a40-4291-b4a4-bcc08c8a4b74,1,GAID,android,0
2024-11-19 14:35:00,148.227.93.123,8819aef2-1a40-4291-b4a4-bcc08c8a4b74,1,GAID,android,0
2024-11-19 14:45:00,148.227.93.123,8819aef2-1a40-4291-b4a4-bcc08c8a4b74,1,GAID,android,0
2024-11-19 14:51:00,148.227.93.123,8819aef2-1a40-4291-b4a4-bcc08c8a4b74,1,GAID,android,0
2024-11-19 14:57:00,148.227.93.123,8819aef2-1a40-4291-b4a4-bcc08c8a4b74,1,GAID,android,0
2024-11-19 14:58:00,148.227.93.123,8819aef2-1a40-4291-b4a4-bcc08c8a4b74,1,GAID,android,0
2024-11-19 15:05:00,148.227.93.123,8819aef2-1a40-4291-b4a4-bcc08c8a4b74,1,GAID,android,0
2024-11-19 15:06:00,148.227.93.123,8819aef2-1a40-4291-b4a4-bcc08c8a4b74,1,GAID,android,0
2024-11-19 15:11:00,148.227.93.123,8819aef2-1a40-4291-b4a4-bcc08c8a4b74,1,GAID,android,0
2024-11-19 15:17:00,148.227.93.123,8819aef2-1a40-4291-b4a4-bcc08c8a4b74,1,GAID,android,0
2024-11-19 15:20:00,148.227.93.123,8819aef2-1a40-4291-b4a4-bcc08c8a4b74,1,GAID,android,0
2024-11-20 09:01:00,148.227.93.123,8819aef2-1a40-4291-b4a4-bcc08c8a4b74,1,GAID,android,0
2024-11-20 09:06:00,148.227.93.123,8819aef2-1a40-4291-b4a4-bcc08c8a4b74,1,GAID,android,0
2024-11-20 09:16:00,148.227.93.123,8819aef2-1a40-4291-b4a4-bcc08c8a4b74,1,GAID,android,0
2024-11-20 09:24:00,148.227.93.123,8819aef2-1a40-4291-b4a4-bcc08c8a4b74,1,GAID,android,0
2024-11-20 09:32:00,148.227.93.123,8819aef2-1a40-4291-b4a4-bcc08c8a4b74,1,GAID,android,0
2024-11-20 09:35:00,148.227.93.123,8819aef2-1a40-4291-b4a4-bcc08c8a4b74,1,GAID,android,0
2024-11-20 09:47:00,148.227.93.123,8819aef2-1a40-4291-b4a4-bcc08c8a4b74,1,GAID,android,0
2024-11-20 09:50:00,148.227.93.123,8819aef2-1a40-4291-b4a4-bcc08c8a4b74,1,GAID,android,0
2024-11-20 11:16:00,148.227.93.123,8819aef2-1a40-4291-b4a4-bcc08c8a4b74,1,GAID,android,0
2024-11-20 11:19:00,148.227.93.123,8819aef2-1a40-4291-b4a4-bcc08c8a4b74,1,GAID,android,0
2024-11-20 11:24:00,148.227.93.123,8819aef2-1a40-4291-b4a4-bcc08c8a4b74,1,GAID,android,0
2024-11-20 11:31:00,148.227.93.123,8819aef2-1a40-4291-b4a4-bcc08c8a4b74,1,GAID,android,0
2024-11-20 11:32:00,148.227.93.123,8819aef2-1a40-4291-b4a4-bcc08c8a4b74,1,GAID,android,0
2024-11-20 11:38:00,148.227.93.123,8819aef2-1a40-4291-b4a4-bcc08c8a4b74,1,GAID,android,0
2024-11-20 11:44:00,148.227.93.123,8819aef2-1a40-4291-b4a4-bcc08c8a4b74,1,GAID,android,0
2024-11-20 11:47:00,148.227.93.123,8819aef2-1a40-4291-b4a4-bcc08c8a4b74,1,GAID,android,0
2024-11-20 11:53:00,148.227.93.123,8819aef2-1a40-4291-b4a4-bcc08c8a4b74,1,GAID,android,0
2024-11-20 11:59:00,148.227.93.123,8819aef2-1a40-4291-b4a4-bcc08c8a4b74,1,GAID,android,0
2024-11-20 12:02:00,148.227.93.123,8819aef2-1a40-4291-b4a4-bcc08c8a4b74,1,GAID,android,0
2024-11-20 14:04:00,148.227.93.123,8819aef2-1a40-4291-b4a4-bcc08c8a4b74,1,GAID,android,0
2024-11-20 14:09:00,148.227.93.123,8819aef2-1a40-4291-b4a4-bcc08c8a4b74,1,GAID,android,0
2024-11-20 14:20:00,148.227.93.123,8819aef2-1a40-4291-b4a4-bcc08c8a4b74,1,GAID,android,0
2024-11-20 14:26:00,148.227.93.123,8819aef2-1a40-4291-b4a4-bcc08c8a4b74,1,GAID,android,0
2024-11-20 14:40:00,148.227.93.123,8819aef2-1a40-4291-b4a4-bcc08c8a4b74,1,GAID,android,0
2024-11-20 14:44:00,148.227.93.123,8819aef2-1a40-4291-b4a4-bcc08c8a4b74,1,GAID,android,0
2024-11-20 14:47:00,148.227.93.123,8819aef2-1a40-4291-b4a4-bcc08c8a4b74,1,GAID,android,0
2024-11-20 15:10:00,148.227.93.123,8819aef2-1a40-4291-b4a4-bcc08c8a4b74,1,GAID,android,0
2024-11-20 15:23:00,148.227.93.123,8819aef2-1a40-4291-b4a4-bcc08c8a4b74,1,GAID,android,0
2024-11-20 15:29:00,148.227.93.123,8819aef2-1a40-4291-b4a4-bcc08c8a4b74,1,GAID,android,0
2024-11-20 15:39:00,148.227.93.123,8819aef2-1a40-4291-b4a4-bcc08c8a4b74,1,GAID,android,0
2024-11-20 15:53:00,148.227.93.123,8819aef2-1a40-4291-b4a4-bcc08c8a4b74,1,GAID,android,0
2024-11-20 15:53:00,2803:9810:6289:8608::,8819aef2-1a40-4291-b4a4-bcc08c8a4b74,1,GAID,android,0
2024-11-20 16:02:00,148.227.93.123,8819aef2-1a40-4291-b4a4-bcc08c8a4b74,1,GAID,android,0
2024-11-20 18:16:00,148.227.93.123,8819aef2-1a40-4291-b4a4-bcc08c8a4b74,1,GAID,android,0
2024-11-20 18:20:00,148.227.93.123,8819aef2-1a40-4291-b4a4-bcc08c8a4b74,1,GAID,android,0
2024-11-20 18:32:00,148.227.93.123,8819aef2-1a40-4291-b4a4-bcc08c8a4b74,1,GAID,android,0
2024-11-20 18:36:00,148.227.93.123,8819aef2-1a40-4291-b4a4-bcc08c8a4b74,1,GAID,android,0
2024-11-20 18:44:00,148.227.93.218,8819aef2-1a40-4291-b4a4-bcc08c8a4b74,1,GAID,android,0
2024-11-20 18:51:00,148.227.93.218,8819aef2-1a40-4291-b4a4-bcc08c8a4b74,1,GAID,android,0
2024-11-20 18:56:00,148.227.93.218,8819aef2-1a40-4291-b4a4-bcc08c8a4b74,1,GAID,android,0
2024-11-20 18:58:00,148.227.93.218,8819aef2-1a40-4291-b4a4-bcc08c8a4b74,1,GAID,android,0
2024-11-20 19:09:00,148.227.93.218,8819aef2-1a40-4291-b4a4-bcc08c8a4b74,1,GAID,android,0
2024-11-20 18:50:00,148.227.93.218,8819aef2-1a40-4291-b4a4-bcc08c8a4b74,1,GAID,android,0
2024-11-20 18:55:00,148.227.93.218,8819aef2-1a40-4291-b4a4-bcc08c8a4b74,1,GAID,android,0
2024-11-20 18:58:00,148.227.93.218,8819aef2-1a40-4291-b4a4-bcc08c8a4b74,1,GAID,android,0
2024-11-20 19:08:00,148.227.93.218,8819aef2-1a40-4291-b4a4-bcc08c8a4b74,1,GAID,android,0
2024-11-20 19:14:00,148.227.93.218,8819aef2-1a40-4291-b4a4-bcc08c8a4b74,1,GAID,android,0
2024-11-20 19:20:00,148.227.93.218,8819aef2-1a40-4291-b4a4-bcc08c8a4b74,1,GAID,android,0
2024-11-20 19:23:00,148.227.93.218,8819aef2-1a40-4291-b4a4-bcc08c8a4b74,1,GAID,android,0
2024-11-20 19:24:00,148.227.93.218,8819aef2-1a40-4291-b4a4-bcc08c8a4b74,1,GAID,android,0
2024-11-20 19:24:00,148.227.93.218,8819aef2-1a40-4291-b4a4-bcc08c8a4b74,1,GAID,android,0
2024-11-20 19:26:00,2803:9810:6289:8608::,8819aef2-1a40-4291-b4a4-bcc08c8a4b74,1,GAID,android,0
2024-11-20 19:27:00,148.227.93.218,8819aef2-1a40-4291-b4a4-bcc08c8a4b74,1,GAID,android,0
2024-11-20 19:31:00,2803:9810:6289:8608::,8819aef2-1a40-4291-b4a4-bcc08c8a4b74,1,GAID,android,0
2024-11-20 19:31:00,148.227.93.218,8819aef2-1a40-4291-b4a4-bcc08c8a4b74,1,GAID,android,0
2024-11-20 19:31:00,148.227.93.218,8819aef2-1a40-4291-b4a4-bcc08c8a4b74,1,GAID,android,0
2024-11-20 19:33:00,148.227.93.218,8819aef2-1a40-4291-b4a4-bcc08c8a4b74,1,GAID,android,0
2024-11-20 19:34:00,2803:9810:6289:8608::,8819aef2-1a40-4291-b4a4-bcc08c8a4b74,1,GAID,android,0
2024-11-20 19:34:00,148.227.93.218,8819aef2-1a40-4291-b4a4-bcc08c8a4b74,1,GAID,android,0
2024-11-20 19:36:00,148.227.93.218,8819aef2-1a40-4291-b4a4-bcc08c8a4b74,1,GAID,android,0
2024-11-20 19:42:00,148.227.93.218,8819aef2-1a40-4291-b4a4-bcc08c8a4b74,1,GAID,android,0
2024-11-20 19:52:00,148.227.93.218,8819aef2-1a40-4291-b4a4-bcc08c8a4b74,1,GAID,android,0
2024-11-20 19:53:00,148.227.93.218,8819aef2-1a40-4291-b4a4-bcc08c8a4b74,1,GAID,android,0
2024-11-20 20:00:00,148.227.93.218,8819aef2-1a40-4291-b4a4-bcc08c8a4b74,1,GAID,android,0
2024-11-20 20:03:00,148.227.93.218,8819aef2-1a40-4291-b4a4-bcc08c8a4b74,1,GAID,android,0
2024-11-20 20:09:00,148.227.93.218,8819aef2-1a40-4291-b4a4-bcc08c8a4b74,1,GAID,android,0
2024-11-20 20:11:00,148.227.93.218,8819aef2-1a40-4291-b4a4-bcc08c8a4b74,1,GAID,android,0
2024-11-20 20:13:00,148.227.93.218,8819aef2-1a40-4291-b4a4-bcc08c8a4b74,1,GAID,android,0
2024-11-20 20:13:00,148.227.93.218,8819aef2-1a40-4291-b4a4-bcc08c8a4b74,1,GAID,android,0
2024-11-20 20:17:00,148.227.93.218,8819aef2-1a40-4291-b4a4-bcc08c8a4b74,1,GAID,android,0
2024-11-20 20:18:00,148.227.93.218,8819aef2-1a40-4291-b4a4-bcc08c8a4b74,1,GAID,android,0
2024-11-27 10:10:00,2a00:5400:f012::,AAKRGE7P9eIAABxfJkTLVA,7,WEB_ID,android,1
2024-11-27 17:49:00,2a00:5400:e053:b76:b92c:1a3e:341c:af66,AAKT707IOKgAAB_bLwHDew,6,WEB_ID,ios,1
2024-11-20 20:45:00,148.227.93.218,8819aef2-1a40-4291-b4a4-bcc08c8a4b74,1,GAID,android,0
2024-11-20 20:45:00,2803:9810:6289:8608::,8819aef2-1a40-4291-b4a4-bcc08c8a4b74,1,GAID,android,0
2024-11-20 20:48:00,148.227.93.218,8819aef2-1a40-4291-b4a4-bcc08c8a4b74,1,GAID,android,0
2024-11-21 10:05:00,148.227.93.218,8819aef2-1a40-4291-b4a4-bcc08c8a4b74,1,GAID,android,0
2024-11-21 10:29:00,148.227.93.218,8819aef2-1a40-4291-b4a4-bcc08c8a4b74,1,GAID,android,0
2024-11-21 10:33:00,148.227.93.218,8819aef2-1a40-4291-b4a4-bcc08c8a4b74,1,GAID,android,0
2024-11-21 13:22:00,148.227.93.218,8819aef2-1a40-4291-b4a4-bcc08c8a4b74,1,GAID,android,0
2024-11-21 13:29:00,148.227.93.218,8819aef2-1a40-4291-b4a4-bcc08c8a4b74,1,GAID,android,0
2024-11-21 13:42:00,148.227.93.218,8819aef2-1a40-4291-b4a4-bcc08c8a4b74,1,GAID,android,0
2024-11-21 13:47:00,148.227.93.218,8819aef2-1a40-4291-b4a4-bcc08c8a4b74,1,GAID,android,0
2024-11-21 13:48:00,148.227.93.218,8819aef2-1a40-4291-b4a4-bcc08c8a4b74,1,GAID,android,0
2024-11-21 14:06:00,148.227.93.218,8819aef2-1a40-4291-b4a4-bcc08c8a4b74,1,GAID,android,0
2024-11-21 14:10:00,2803:9810:6289:8608::,8819aef2-1a40-4291-b4a4-bcc08c8a4b74,1,GAID,android,0
2024-11-21 14:11:00,148.227.93.218,8819aef2-1a40-4291-b4a4-bcc08c8a4b74,1,GAID,android,0
2024-11-27 18:10:00,2a00:5400:f020::,AALKVk7RajkAABv5BSiD8w,6,WEB_ID,android,1
2024-11-22 08:01:00,148.227.93.75,8819aef2-1a40-4291-b4a4-bcc08c8a4b74,1,GAID,android,0
2024-11-22 08:05:00,148.227.93.75,8819aef2-1a40-4291-b4a4-bcc08c8a4b74,1,GAID,android,0
2024-11-22 08:11:00,148.227.93.75,8819aef2-1a40-4291-b4a4-bcc08c8a4b74,1,GAID,android,0
2024-11-22 08:14:00,2803:9810:6289:8608::,8819aef2-1a40-4291-b4a4-bcc08c8a4b74,1,GAID,android,0
2024-11-22 08:14:00,148.227.93.75,8819aef2-1a40-4291-b4a4-bcc08c8a4b74,1,GAID,android,0
2024-11-22 08:18:00,148.227.93.75,8819aef2-1a40-4291-b4a4-bcc08c8a4b74,1,GAID,android,0
2024-11-22 08:23:00,148.227.93.75,8819aef2-1a40-4291-b4a4-bcc08c8a4b74,1,GAID,android,0
2024-11-22 08:26:00,148.227.93.75,8819aef2-1a40-4291-b4a4-bcc08c8a4b74,1,GAID,android,0
2024-11-22 08:31:00,148.227.93.75,8819aef2-1a40-4291-b4a4-bcc08c8a4b74,1,GAID,android,0
2024-11-22 08:37:00,148.227.93.75,8819aef2-1a40-4291-b4a4-bcc08c8a4b74,1,GAID,android,0
2024-11-22 16:27:00,148.227.93.75,8819aef2-1a40-4291-b4a4-bcc08c8a4b74,1,GAID,android,0
2024-11-22 16:32:00,148.227.93.75,8819aef2-1a40-4291-b4a4-bcc08c8a4b74,1,GAID,android,0
2024-11-22 16:34:00,148.227.93.75,8819aef2-1a40-4291-b4a4-bcc08c8a4b74,1,GAID,android,0
2024-11-22 16:41:00,148.227.93.75,8819aef2-1a40-4291-b4a4-bcc08c8a4b74,1,GAID,android,0
2024-11-22 16:48:00,148.227.93.75,8819aef2-1a40-4291-b4a4-bcc08c8a4b74,1,GAID,android,0
2024-11-22 16:49:00,148.227.93.75,8819aef2-1a40-4291-b4a4-bcc08c8a4b74,1,GAID,android,0
2024-11-22 16:59:00,148.227.93.75,8819aef2-1a40-4291-b4a4-bcc08c8a4b74,1,GAID,android,0
2024-11-22 17:04:00,148.227.93.75,8819aef2-1a40-4291-b4a4-bcc08c8a4b74,1,GAID,android,0
2024-11-22 17:12:00,148.227.93.75,8819aef2-1a40-4291-b4a4-bcc08c8a4b74,1,GAID,android,0
2024-11-22 17:16:00,148.227.93.75,8819aef2-1a40-4291-b4a4-bcc08c8a4b74,1,GAID,android,0
2024-11-22 17:20:00,148.227.93.75,8819aef2-1a40-4291-b4a4-bcc08c8a4b74,1,GAID,android,0
2024-11-23 10:59:00,148.227.93.75,8819aef2-1a40-4291-b4a4-bcc08c8a4b74,1,GAID,android,0
2024-11-23 11:07:00,148.227.93.75,8819aef2-1a40-4291-b4a4-bcc08c8a4b74,1,GAID,android,0
2024-11-23 11:10:00,148.227.93.75,8819aef2-1a40-4291-b4a4-bcc08c8a4b74,1,GAID,android,0
2024-11-23 11:12:00,148.227.93.75,8819aef2-1a40-4291-b4a4-bcc08c8a4b74,1,GAID,android,0
2024-11-23 11:21:00,2803:9810:6289:8608::,8819aef2-1a40-4291-b4a4-bcc08c8a4b74,1,GAID,android,0
2024-11-23 11:21:00,148.227.93.75,8819aef2-1a40-4291-b4a4-bcc08c8a4b74,1,GAID,android,0
2024-11-23 13:12:00,2803:9810:6289:8608::,8819aef2-1a40-4291-b4a4-bcc08c8a4b74,1,GAID,android,0
2024-11-23 13:50:00,148.227.93.75,8819aef2-1a40-4291-b4a4-bcc08c8a4b74,1,GAID,android,0
2024-11-23 16:47:00,148.227.93.75,8819aef2-1a40-4291-b4a4-bcc08c8a4b74,1,GAID,android,0
2024-11-27 10:42:00,2a00:5400:e051::,AAFcvU7LIAoAABO-Xttw5A,7,WEB_ID,android,1
2024-11-27 10:42:00,2a00:5400:e051::,AAFcvU7LIAoAABO-Xttw5A,7,WEB_ID,android,1
2024-11-27 10:45:00,2a00:5400:e051::,AAFcvU7LIAoAABO-Xttw5A,7,WEB_ID,android,1
2024-11-27 10:45:00,2a00:5400:e051::,AAFcvU7LIAoAABO-Xttw5A,7,WEB_ID,android,1
2024-11-27 10:49:00,2a00:5400:e051::,AAFcvU7LIAoAABO-Xttw5A,7,WEB_ID,android,1
2024-11-27 10:49:00,2a00:5400:e051::,AAFcvU7LIAoAABO-Xttw5A,7,WEB_ID,android,1
2024-11-27 10:49:00,2a00:5400:e051::,AAFcvU7LIAoAABO-Xttw5A,7,WEB_ID,android,1
2024-11-27 10:51:00,2a00:5400:e051::,AAFcvU7LIAoAABO-Xttw5A,7,WEB_ID,android,1
2024-11-27 10:51:00,2a00:5400:e051::,AAFcvU7LIAoAABO-Xttw5A,7,WEB_ID,android,1
2024-11-27 10:52:00,2a00:5400:e051::,AAFcvU7LIAoAABO-Xttw5A,7,WEB_ID,android,1
2024-11-27 10:52:00,2a00:5400:e051::,AAFcvU7LIAoAABO-Xttw5A,7,WEB_ID,android,1
2024-11-27 10:52:00,2a00:5400:e051::,AAFcvU7LIAoAABO-Xttw5A,7,WEB_ID,android,1
2024-11-27 10:53:00,2a00:5400:e051::,AAFcvU7LIAoAABO-Xttw5A,7,WEB_ID,android,1
2024-11-27 10:53:00,2a00:5400:e051::,AAFcvU7LIAoAABO-Xttw5A,7,WEB_ID,android,1
2024-11-27 10:53:00,2a00:5400:e051::,AAFcvU7LIAoAABO-Xttw5A,7,WEB_ID,android,1
2024-11-27 10:56:00,2a00:5400:e051::,AAFcvU7LIAoAABO-Xttw5A,7,WEB_ID,android,1
2024-11-27 10:58:00,2a00:5400:e051::,AAFcvU7LIAoAABO-Xttw5A,7,WEB_ID,android,1
2024-11-27 10:58:00,2a00:5400:e051::,AAFcvU7LIAoAABO-Xttw5A,7,WEB_ID,android,1
2024-11-27 10:59:00,2a00:5400:e051::,AAFcvU7LIAoAABO-Xttw5A,7,WEB_ID,android,1
2024-11-27 11:01:00,2a00:5400:e051::,AAFcvU7LIAoAABO-Xttw5A,7,WEB_ID,android,1
2024-11-27 11:01:00,2a00:5400:e051::,AAFcvU7LIAoAABO-Xttw5A,7,WEB_ID,android,1
2024-11-27 11:02:00,2a00:5400:e051::,AAFcvU7LIAoAABO-Xttw5A,7,WEB_ID,android,1
2024-11-27 11:06:00,2a00:5400:e051::,AAFcvU7LIAoAABO-Xttw5A,7,WEB_ID,android,1
2024-11-27 11:06:00,2a00:5400:e051::,AAFcvU7LIAoAABO-Xttw5A,7,WEB_ID,android,1
2024-11-27 11:07:00,2a00:5400:e051::,AAFcvU7LIAoAABO-Xttw5A,7,WEB_ID,android,1
2024-11-27 11:07:00,2a00:5400:e051::,AAFcvU7LIAoAABO-Xttw5A,7,WEB_ID,android,1
2024-11-27 11:22:00,2a00:5400:e051::,AAFcvU7LIAoAABO-Xttw5A,7,WEB_ID,android,1
2024-11-27 14:30:00,2a00:5400:e051::,AAFcvU7LIAoAABO-Xttw5A,7,WEB_ID,android,1
2024-11-27 14:44:00,2a00:5400:e337::,AAA7PE7OD50AABQ_9xhR4Q,7,WEB_ID,android,1
2024-11-27 17:25:00,2a00:5400:f012::,AAKRGE7P9eIAABxfJkTLVA,7,WEB_ID,android,1
2024-11-27 17:26:00,2a00:5400:f012::,AAKRGE7P9eIAABxfJkTLVA,7,WEB_ID,android,1
2024-11-27 17:27:00,2a00:5400:f012::,AAKRGE7P9eIAABxfJkTLVA,7,WEB_ID,android,1
2024-11-27 17:31:00,2a00:5400:f012::,AAKRGE7P9eIAABxfJkTLVA,7,WEB_ID,android,1
2024-11-27 17:32:00,2a00:5400:f012::,AAKRGE7P9eIAABxfJkTLVA,7,WEB_ID,android,1
2024-11-27 17:33:00,2a00:5400:f012::,AAKRGE7P9eIAABxfJkTLVA,7,WEB_ID,android,1
2024-11-27 17:34:00,2a00:5400:f012::,AAKRGE7P9eIAABxfJkTLVA,7,WEB_ID,android,1
2024-11-23 16:56:00,148.227.93.75,8819aef2-1a40-4291-b4a4-bcc08c8a4b74,1,GAID,android,0
2024-11-28 10:19:00,2a00:5400:f020::,AALKVk7RajkAABv5BSiD8w,6,WEB_ID,android,1
2024-11-23 16:58:00,148.227.93.75,8819aef2-1a40-4291-b4a4-bcc08c8a4b74,1,GAID,android,0
2024-11-23 17:09:00,148.227.93.75,8819aef2-1a40-4291-b4a4-bcc08c8a4b74,1,GAID,android,0
2024-11-23 16:54:00,2803:9810:6289:8608::,8819aef2-1a40-4291-b4a4-bcc08c8a4b74,1,GAID,android,0
2024-11-23 16:55:00,2803:9810:6289:8608::,8819aef2-1a40-4291-b4a4-bcc08c8a4b74,1,GAID,android,0
2024-11-23 17:02:00,2803:9810:6289:8608::,8819aef2-1a40-4291-b4a4-bcc08c8a4b74,1,GAID,android,0
2024-11-23 17:02:00,148.227.93.75,8819aef2-1a40-4291-b4a4-bcc08c8a4b74,1,GAID,android,0
2024-11-23 17:04:00,148.227.93.75,8819aef2-1a40-4291-b4a4-bcc08c8a4b74,1,GAID,android,0
2024-11-23 17:05:00,148.227.93.75,8819aef2-1a40-4291-b4a4-bcc08c8a4b74,1,GAID,android,0
2024-11-23 18:05:00,2803:9810:6289:8608::,8819aef2-1a40-4291-b4a4-bcc08c8a4b74,1,GAID,android,0
2024-11-23 18:06:00,2803:9810:6289:8608::,8819aef2-1a40-4291-b4a4-bcc08c8a4b74,1,GAID,android,0
2024-11-23 18:07:00,148.227.93.75,8819aef2-1a40-4291-b4a4-bcc08c8a4b74,1,GAID,android,0
2024-11-23 18:08:00,148.227.93.75,8819aef2-1a40-4291-b4a4-bcc08c8a4b74,1,GAID,android,0
2024-11-23 18:08:00,148.227.93.75,8819aef2-1a40-4291-b4a4-bcc08c8a4b74,1,GAID,android,0
2024-11-23 18:13:00,148.227.93.75,8819aef2-1a40-4291-b4a4-bcc08c8a4b74,1,GAID,android,0
2024-11-23 18:13:00,148.227.93.75,8819aef2-1a40-4291-b4a4-bcc08c8a4b74,1,GAID,android,0
2024-11-23 18:15:00,148.227.93.75,8819aef2-1a40-4291-b4a4-bcc08c8a4b74,1,GAID,android,0
2024-11-23 18:15:00,2803:9810:6289:8608:8157:dea6:8adc:8c5a,8819aef2-1a40-4291-b4a4-bcc08c8a4b74,1,GAID,android,0
2024-11-23 18:15:00,148.227.93.75,8819aef2-1a40-4291-b4a4-bcc08c8a4b74,1,GAID,android,0
2024-11-23 18:18:00,148.227.93.75,8819aef2-1a40-4291-b4a4-bcc08c8a4b74,1,GAID,android,0
2024-11-23 18:22:00,148.227.93.75,8819aef2-1a40-4291-b4a4-bcc08c8a4b74,1,GAID,android,0
2024-11-23 18:25:00,148.227.93.75,8819aef2-1a40-4291-b4a4-bcc08c8a4b74,1,GAID,android,0
2024-11-23 18:35:00,148.227.93.75,8819aef2-1a40-4291-b4a4-bcc08c8a4b74,1,GAID,android,0
2024-11-23 18:43:00,148.227.93.75,8819aef2-1a40-4291-b4a4-bcc08c8a4b74,1,GAID,android,0
2024-11-27 17:34:00,2a00:5400:f012::,AAKRGE7P9eIAABxfJkTLVA,7,WEB_ID,android,1
2024-11-27 17:37:00,2a00:5400:f012::,AAKRGE7P9eIAABxfJkTLVA,7,WEB_ID,android,1
2024-11-27 17:39:00,2a00:5400:f012::,AAKRGE7P9eIAABxfJkTLVA,7,WEB_ID,android,1
2024-11-27 17:40:00,2a00:5400:f012::,AAKRGE7P9eIAABxfJkTLVA,7,WEB_ID,android,1
2024-11-27 17:40:00,2a00:5400:f012::,AAKRGE7P9eIAABxfJkTLVA,7,WEB_ID,android,1
2024-11-27 17:41:00,2a00:5400:f012::,AAKRGE7P9eIAABxfJkTLVA,7,WEB_ID,android,1
2024-11-27 17:41:00,2a00:5400:f012::,AAKRGE7P9eIAABxfJkTLVA,7,WEB_ID,android,1
2024-11-27 17:41:00,2a00:5400:f012::,AAKRGE7P9eIAABxfJkTLVA,7,WEB_ID,android,1
2024-11-27 17:41:00,2a00:5400:f012::,AAKRGE7P9eIAABxfJkTLVA,7,WEB_ID,android,1
2024-11-27 17:43:00,2a00:5400:f012::,AAKRGE7P9eIAABxfJkTLVA,7,WEB_ID,android,1
2024-11-27 17:44:00,2a00:5400:f012::,AAKRGE7P9eIAABxfJkTLVA,7,WEB_ID,android,1
2024-11-27 17:49:00,2a00:5400:f012::,AAKRGE7P9eIAABxfJkTLVA,7,WEB_ID,android,1
2024-11-27 17:51:00,2a00:5400:f012::,AAKRGE7P9eIAABxfJkTLVA,7,WEB_ID,android,1
2024-11-27 17:53:00,2a00:5400:f012::,AAKRGE7P9eIAABxfJkTLVA,7,WEB_ID,android,1
2024-11-27 17:53:00,2a00:5400:f012::,AAKRGE7P9eIAABxfJkTLVA,7,WEB_ID,android,1
2024-11-27 17:53:00,2a00:5400:f012::,AAKRGE7P9eIAABxfJkTLVA,7,WEB_ID,android,1
2024-11-27 17:53:00,2a00:5400:f012::,AAKRGE7P9eIAABxfJkTLVA,7,WEB_ID,android,1
2024-11-27 17:53:00,2a00:5400:f012::,AAKRGE7P9eIAABxfJkTLVA,7,WEB_ID,android,1
2024-11-27 17:54:00,2a00:5400:f012::,AAKRGE7P9eIAABxfJkTLVA,7,WEB_ID,android,1
2024-11-27 17:54:00,2a00:5400:f012::,AAKRGE7P9eIAABxfJkTLVA,7,WEB_ID,android,1
2024-11-23 18:41:00,148.227.93.254,8819aef2-1a40-4291-b4a4-bcc08c8a4b74,1,GAID,android,0
2024-11-23 18:41:00,148.227.93.254,8819aef2-1a40-4291-b4a4-bcc08c8a4b74,1,GAID,android,0
2024-11-23 18:41:00,148.227.93.254,8819aef2-1a40-4291-b4a4-bcc08c8a4b74,1,GAID,android,0
2024-11-23 18:42:00,148.227.93.254,8819aef2-1a40-4291-b4a4-bcc08c8a4b74,1,GAID,android,0
2024-11-23 18:53:00,148.227.93.254,8819aef2-1a40-4291-b4a4-bcc08c8a4b74,1,GAID,android,0
2024-11-23 18:54:00,148.227.93.254,8819aef2-1a40-4291-b4a4-bcc08c8a4b74,1,GAID,android,0
2024-11-23 18:59:00,148.227.93.254,8819aef2-1a40-4291-b4a4-bcc08c8a4b74,1,GAID,android,0
2024-11-23 19:04:00,148.227.93.254,8819aef2-1a40-4291-b4a4-bcc08c8a4b74,1,GAID,android,0
2024-11-23 19:07:00,148.227.93.254,8819aef2-1a40-4291-b4a4-bcc08c8a4b74,1,GAID,android,0
2024-11-23 19:10:00,148.227.93.254,8819aef2-1a40-4291-b4a4-bcc08c8a4b74,1,GAID,android,0
2024-11-23 19:14:00,148.227.93.254,8819aef2-1a40-4291-b4a4-bcc08c8a4b74,1,GAID,android,0
2024-11-23 19:19:00,148.227.93.254,8819aef2-1a40-4291-b4a4-bcc08c8a4b74,1,GAID,android,0
2024-11-23 19:21:00,148.227.93.254,8819aef2-1a40-4291-b4a4-bcc08c8a4b74,1,GAID,android,0
2024-11-23 19:26:00,148.227.93.254,8819aef2-1a40-4291-b4a4-bcc08c8a4b74,1,GAID,android,0
2024-11-23 19:34:00,148.227.93.254,8819aef2-1a40-4291-b4a4-bcc08c8a4b74,1,GAID,android,0
2024-11-23 19:35:00,148.227.93.254,8819aef2-1a40-4291-b4a4-bcc08c8a4b74,1,GAID,android,0
2024-11-23 19:58:00,148.227.93.254,8819aef2-1a40-4291-b4a4-bcc08c8a4b74,1,GAID,android,0
2024-11-23 20:02:00,148.227.93.254,8819aef2-1a40-4291-b4a4-bcc08c8a4b74,1,GAID,android,0
2024-11-23 20:05:00,148.227.93.254,8819aef2-1a40-4291-b4a4-bcc08c8a4b74,1,GAID,android,0
2024-11-23 20:42:00,148.227.93.254,8819aef2-1a40-4291-b4a4-bcc08c8a4b74,1,GAID,android,0
2024-11-23 20:46:00,148.227.93.254,8819aef2-1a40-4291-b4a4-bcc08c8a4b74,1,GAID,android,0
2024-11-24 10:38:00,148.227.93.254,8819aef2-1a40-4291-b4a4-bcc08c8a4b74,1,GAID,android,0
2024-11-24 10:43:00,148.227.93.254,8819aef2-1a40-4291-b4a4-bcc08c8a4b74,1,GAID,android,0
2024-11-24 10:45:00,148.227.93.254,8819aef2-1a40-4291-b4a4-bcc08c8a4b74,1,GAID,android,0
2024-11-24 11:08:00,148.227.93.254,8819aef2-1a40-4291-b4a4-bcc08c8a4b74,1,GAID,android,0
2024-11-24 11:23:00,148.227.93.254,8819aef2-1a40-4291-b4a4-bcc08c8a4b74,1,GAID,android,0
2024-11-24 11:34:00,148.227.93.254,8819aef2-1a40-4291-b4a4-bcc08c8a4b74,1,GAID,android,0
2024-11-24 13:58:00,148.227.93.254,8819aef2-1a40-4291-b4a4-bcc08c8a4b74,1,GAID,android,0
2024-11-24 14:04:00,148.227.93.254,8819aef2-1a40-4291-b4a4-bcc08c8a4b74,1,GAID,android,0
2024-11-28 08:00:00,2a00:5400:e051::,AAFcvU7LIAoAABO-Xttw5A,7,WEB_ID,android,1
2024-11-28 08:02:00,2a00:5400:e051::,AAFcvU7LIAoAABO-Xttw5A,7,WEB_ID,android,1
2024-11-28 08:04:00,2a00:5400:e051::,AAFcvU7LIAoAABO-Xttw5A,7,WEB_ID,android,1
2024-11-28 08:04:00,2a00:5400:e051::,AAFcvU7LIAoAABO-Xttw5A,7,WEB_ID,android,1
2024-11-28 08:05:00,2a00:5400:e051::,AAFcvU7LIAoAABO-Xttw5A,7,WEB_ID,android,1
2024-11-28 08:08:00,2a00:5400:e051::,AAFcvU7LIAoAABO-Xttw5A,7,WEB_ID,android,1
2024-11-28 08:08:00,2a00:5400:e051::,AAFcvU7LIAoAABO-Xttw5A,7,WEB_ID,android,1
2024-11-28 08:09:00,2a00:5400:e051::,AAFcvU7LIAoAABO-Xttw5A,7,WEB_ID,android,1
2024-11-24 14:14:00,148.227.93.254,8819aef2-1a40-4291-b4a4-bcc08c8a4b74,1,GAID,android,0
2024-11-24 14:18:00,148.227.93.254,8819aef2-1a40-4291-b4a4-bcc08c8a4b74,1,GAID,android,0
2024-11-24 14:31:00,148.227.93.254,8819aef2-1a40-4291-b4a4-bcc08c8a4b74,1,GAID,android,0
2024-11-28 08:43:00,2a00:5400:e051::,AAFcvU7LIAoAABO-Xttw5A,7,WEB_ID,android,1
2024-11-24 14:47:00,148.227.93.254,8819aef2-1a40-4291-b4a4-bcc08c8a4b74,1,GAID,android,0
2024-11-28 08:44:00,2a00:5400:e051::,AAFcvU7LIAoAABO-Xttw5A,7,WEB_ID,android,1
2024-11-28 08:47:00,2a00:5400:e051::,AAFcvU7LIAoAABO-Xttw5A,7,WEB_ID,android,1
2024-11-28 08:48:00,2a00:5400:e051::,AAFcvU7LIAoAABO-Xttw5A,7,WEB_ID,android,1
2024-11-28 08:49:00,2a00:5400:e051::,AAFcvU7LIAoAABO-Xttw5A,7,WEB_ID,android,1
2024-11-28 08:49:00,2a00:5400:e051::,AAFcvU7LIAoAABO-Xttw5A,7,WEB_ID,android,1
2024-11-28 08:50:00,2a00:5400:e051::,AAFcvU7LIAoAABO-Xttw5A,7,WEB_ID,android,1
2024-11-28 18:19:00,2a00:5400:e051::,AAFcvU7LIAoAABO-Xttw5A,7,WEB_ID,android,1
2024-11-28 18:20:00,2a00:5400:e051::,AAFcvU7LIAoAABO-Xttw5A,7,WEB_ID,android,1
2024-11-24 14:36:00,148.227.93.254,8819aef2-1a40-4291-b4a4-bcc08c8a4b74,1,GAID,android,0
2024-11-28 18:24:00,2a00:5400:e051::,AAFcvU7LIAoAABO-Xttw5A,7,WEB_ID,android,1
2024-11-28 18:24:00,2a00:5400:e051::,AAFcvU7LIAoAABO-Xttw5A,7,WEB_ID,android,1
2024-11-28 18:25:00,2a00:5400:e051::,AAFcvU7LIAoAABO-Xttw5A,7,WEB_ID,android,1
2024-11-28 18:28:00,2a00:5400:e051::,AAFcvU7LIAoAABO-Xttw5A,7,WEB_ID,android,1
2024-11-28 18:31:00,2a00:5400:e051::,AAFcvU7LIAoAABO-Xttw5A,7,WEB_ID,android,1
2024-11-24 14:47:00,148.227.93.254,8819aef2-1a40-4291-b4a4-bcc08c8a4b74,1,GAID,android,0
2024-11-28 18:32:00,2a00:5400:e051::,AAFcvU7LIAoAABO-Xttw5A,7,WEB_ID,android,1
2024-11-28 18:34:00,2a00:5400:e051::,AAFcvU7LIAoAABO-Xttw5A,7,WEB_ID,android,1
2024-11-28 18:36:00,2a00:5400:e051::,AAFcvU7LIAoAABO-Xttw5A,7,WEB_ID,android,1
2024-11-24 14:56:00,148.227.93.254,8819aef2-1a40-4291-b4a4-bcc08c8a4b74,1,GAID,android,0
2024-11-28 18:42:00,2a00:5400:e051::,AAFcvU7LIAoAABO-Xttw5A,7,WEB_ID,android,1
2024-11-28 18:44:00,2a00:5400:e051::,AAFcvU7LIAoAABO-Xttw5A,7,WEB_ID,android,1
2024-11-28 18:44:00,2a00:5400:e051::,AAFcvU7LIAoAABO-Xttw5A,7,WEB_ID,android,1
2024-11-24 15:00:00,148.227.93.254,8819aef2-1a40-4291-b4a4-bcc08c8a4b74,1,GAID,android,0
2024-11-28 18:45:00,2a00:5400:e051::,AAFcvU7LIAoAABO-Xttw5A,7,WEB_ID,android,1
2024-11-28 18:46:00,2a00:5400:e051::,AAFcvU7LIAoAABO-Xttw5A,7,WEB_ID,android,1
2024-11-28 18:46:00,2a00:5400:e051::,AAFcvU7LIAoAABO-Xttw5A,7,WEB_ID,android,1
2024-11-28 18:46:00,2a00:5400:e051::,AAFcvU7LIAoAABO-Xttw5A,7,WEB_ID,android,1
2024-11-28 18:46:00,2a00:5400:e051::,AAFcvU7LIAoAABO-Xttw5A,7,WEB_ID,android,1
2024-11-28 18:46:00,2a00:5400:e051::,AAFcvU7LIAoAABO-Xttw5A,7,WEB_ID,android,1
2024-11-28 18:49:00,2a00:5400:e051::,AAFcvU7LIAoAABO-Xttw5A,7,WEB_ID,android,1
2024-11-28 18:51:00,2a00:5400:e051::,AAFcvU7LIAoAABO-Xttw5A,7,WEB_ID,android,1
2024-11-24 15:06:00,148.227.93.254,8819aef2-1a40-4291-b4a4-bcc08c8a4b74,1,GAID,android,0
2024-11-28 18:51:00,2a00:5400:e051::,AAFcvU7LIAoAABO-Xttw5A,7,WEB_ID,android,1
2024-11-28 18:52:00,2a00:5400:e051::,AAFcvU7LIAoAABO-Xttw5A,7,WEB_ID,android,1
2024-11-28 18:54:00,2a00:5400:e051::,AAFcvU7LIAoAABO-Xttw5A,7,WEB_ID,android,1
2024-11-28 18:56:00,2a00:5400:e051::,AAFcvU7LIAoAABO-Xttw5A,7,WEB_ID,android,1
2024-11-28 18:56:00,82.167.71.2,AAFcvU7LIAoAABO-Xttw5A,7,WEB_ID,android,1
2024-11-24 15:13:00,148.227.93.254,8819aef2-1a40-4291-b4a4-bcc08c8a4b74,1,GAID,android,0
2024-11-28 18:58:00,2a00:5400:e051::,AAFcvU7LIAoAABO-Xttw5A,7,WEB_ID,android,1
2024-11-28 18:59:00,2a00:5400:e051::,AAFcvU7LIAoAABO-Xttw5A,7,WEB_ID,android,1
2024-11-24 15:17:00,148.227.93.254,8819aef2-1a40-4291-b4a4-bcc08c8a4b74,1,GAID,android,0
2024-11-24 15:29:00,148.227.93.254,8819aef2-1a40-4291-b4a4-bcc08c8a4b74,1,GAID,android,0
2024-11-24 16:16:00,148.227.93.254,8819aef2-1a40-4291-b4a4-bcc08c8a4b74,1,GAID,android,0
2024-11-24 16:23:00,148.227.93.254,8819aef2-1a40-4291-b4a4-bcc08c8a4b74,1,GAID,android,0
2024-11-24 16:23:00,148.227.93.254,8819aef2-1a40-4291-b4a4-bcc08c8a4b74,1,GAID,android,0
2024-11-24 16:36:00,148.227.93.254,8819aef2-1a40-4291-b4a4-bcc08c8a4b74,1,GAID,android,0
2024-11-24 16:46:00,148.227.93.254,8819aef2-1a40-4291-b4a4-bcc08c8a4b74,1,GAID,android,0
2024-11-24 16:49:00,2803:9810:6289:8608::,8819aef2-1a40-4291-b4a4-bcc08c8a4b74,1,GAID,android,0
2024-11-24 16:50:00,148.227.93.254,8819aef2-1a40-4291-b4a4-bcc08c8a4b74,1,GAID,android,0
2024-11-24 16:58:00,148.227.93.254,8819aef2-1a40-4291-b4a4-bcc08c8a4b74,1,GAID,android,0
2024-11-24 17:02:00,148.227.93.254,8819aef2-1a40-4291-b4a4-bcc08c8a4b74,1,GAID,android,0
2024-11-24 17:03:00,148.227.93.254,8819aef2-1a40-4291-b4a4-bcc08c8a4b74,1,GAID,android,0
2024-11-24 17:13:00,148.227.93.254,8819aef2-1a40-4291-b4a4-bcc08c8a4b74,1,GAID,android,0
2024-11-24 16:47:00,148.227.93.254,8819aef2-1a40-4291-b4a4-bcc08c8a4b74,1,GAID,android,0
2024-11-24 16:51:00,148.227.93.254,8819aef2-1a40-4291-b4a4-bcc08c8a4b74,1,GAID,android,0
2024-11-24 16:58:00,148.227.93.254,8819aef2-1a40-4291-b4a4-bcc08c8a4b74,1,GAID,android,0
2024-11-28 14:49:00,2a00:5400:f020::,AALKVk7RajkAABv5BSiD8w,6,WEB_ID,android,1
2024-11-24 17:08:00,148.227.93.254,8819aef2-1a40-4291-b4a4-bcc08c8a4b74,1,GAID,android,0
2024-11-24 17:09:00,148.227.93.254,8819aef2-1a40-4291-b4a4-bcc08c8a4b74,1,GAID,android,0
2024-11-24 17:18:00,148.227.93.254,8819aef2-1a40-4291-b4a4-bcc08c8a4b74,1,GAID,android,0
2024-11-24 17:25:00,148.227.93.254,8819aef2-1a40-4291-b4a4-bcc08c8a4b74,1,GAID,android,0
2024-11-24 17:42:00,148.227.93.254,8819aef2-1a40-4291-b4a4-bcc08c8a4b74,1,GAID,android,0
2024-11-24 17:56:00,148.227.93.254,8819aef2-1a40-4291-b4a4-bcc08c8a4b74,1,GAID,android,0
2024-11-24 18:03:00,148.227.93.254,8819aef2-1a40-4291-b4a4-bcc08c8a4b74,1,GAID,android,0
2024-11-24 18:06:00,148.227.93.254,8819aef2-1a40-4291-b4a4-bcc08c8a4b74,1,GAID,android,0
2024-11-24 18:08:00,148.227.93.254,8819aef2-1a40-4291-b4a4-bcc08c8a4b74,1,GAID,android,0
2024-11-24 18:12:00,148.227.93.254,8819aef2-1a40-4291-b4a4-bcc08c8a4b74,1,GAID,android,0
2024-11-24 18:13:00,148.227.93.254,8819aef2-1a40-4291-b4a4-bcc08c8a4b74,1,GAID,android,0
2024-11-24 18:15:00,148.227.93.254,8819aef2-1a40-4291-b4a4-bcc08c8a4b74,1,GAID,android,0
2024-11-24 18:17:00,148.227.93.254,8819aef2-1a40-4291-b4a4-bcc08c8a4b74,1,GAID,android,0
2024-11-24 18:22:00,148.227.93.254,8819aef2-1a40-4291-b4a4-bcc08c8a4b74,1,GAID,android,0
2024-11-24 18:36:00,148.227.93.254,8819aef2-1a40-4291-b4a4-bcc08c8a4b74,1,GAID,android,0
2024-11-24 18:37:00,148.227.93.254,8819aef2-1a40-4291-b4a4-bcc08c8a4b74,1,GAID,android,0
2024-11-24 20:16:00,148.227.93.254,8819aef2-1a40-4291-b4a4-bcc08c8a4b74,1,GAID,android,0
2024-11-24 20:19:00,148.227.93.254,8819aef2-1a40-4291-b4a4-bcc08c8a4b74,1,GAID,android,0
2024-11-24 20:20:00,148.227.93.254,8819aef2-1a40-4291-b4a4-bcc08c8a4b74,1,GAID,android,0
2024-11-24 20:25:00,148.227.93.254,8819aef2-1a40-4291-b4a4-bcc08c8a4b74,1,GAID,android,0
2024-11-24 20:26:00,148.227.93.254,8819aef2-1a40-4291-b4a4-bcc08c8a4b74,1,GAID,android,0
2024-11-24 20:29:00,148.227.93.254,8819aef2-1a40-4291-b4a4-bcc08c8a4b74,1,GAID,android,0
2024-11-24 20:35:00,148.227.93.254,8819aef2-1a40-4291-b4a4-bcc08c8a4b74,1,GAID,android,0
2024-11-24 20:39:00,148.227.93.254,8819aef2-1a40-4291-b4a4-bcc08c8a4b74,1,GAID,android,0
2024-11-24 20:45:00,148.227.93.254,8819aef2-1a40-4291-b4a4-bcc08c8a4b74,1,GAID,android,0
2024-11-24 20:49:00,148.227.93.254,8819aef2-1a40-4291-b4a4-bcc08c8a4b74,1,GAID,android,0
2024-11-24 20:55:00,2803:9810:6289:8608::,8819aef2-1a40-4291-b4a4-bcc08c8a4b74,1,GAID,android,0
2024-11-24 20:55:00,148.227.93.254,8819aef2-1a40-4291-b4a4-bcc08c8a4b74,1,GAID,android,0
2024-11-24 21:01:00,148.227.93.254,8819aef2-1a40-4291-b4a4-bcc08c8a4b74,1,GAID,android,0
2024-11-24 21:04:00,148.227.93.254,8819aef2-1a40-4291-b4a4-bcc08c8a4b74,1,GAID,android,0
2024-11-24 21:06:00,148.227.93.254,8819aef2-1a40-4291-b4a4-bcc08c8a4b74,1,GAID,android,0
2024-11-24 21:08:00,148.227.93.254,8819aef2-1a40-4291-b4a4-bcc08c8a4b74,1,GAID,android,0
2024-11-25 08:28:00,148.227.93.254,8819aef2-1a40-4291-b4a4-bcc08c8a4b74,1,GAID,android,0
2024-11-25 08:28:00,148.227.93.254,8819aef2-1a40-4291-b4a4-bcc08c8a4b74,1,GAID,android,0
2024-11-25 08:29:00,2803:9810:6289:8608::,8819aef2-1a40-4291-b4a4-bcc08c8a4b74,1,GAID,android,0
2024-11-25 08:33:00,148.227.93.254,8819aef2-1a40-4291-b4a4-bcc08c8a4b74,1,GAID,android,0
2024-11-25 08:34:00,148.227.93.254,8819aef2-1a40-4291-b4a4-bcc08c8a4b74,1,GAID,android,0
2024-11-25 08:36:00,148.227.93.254,8819aef2-1a40-4291-b4a4-bcc08c8a4b74,1,GAID,android,0
2024-11-25 08:43:00,148.227.93.254,8819aef2-1a40-4291-b4a4-bcc08c8a4b74,1,GAID,android,0
2024-11-25 08:45:00,148.227.93.254,8819aef2-1a40-4291-b4a4-bcc08c8a4b74,1,GAID,android,0
2024-11-25 08:54:00,148.227.93.254,8819aef2-1a40-4291-b4a4-bcc08c8a4b74,1,GAID,android,0
2024-11-25 09:04:00,148.227.93.254,8819aef2-1a40-4291-b4a4-bcc08c8a4b74,1,GAID,android,0
2024-11-25 09:05:00,148.227.93.254,8819aef2-1a40-4291-b4a4-bcc08c8a4b74,1,GAID,android,0
2024-11-25 09:10:00,148.227.93.254,8819aef2-1a40-4291-b4a4-bcc08c8a4b74,1,GAID,android,0
2024-11-25 09:18:00,148.227.93.254,8819aef2-1a40-4291-b4a4-bcc08c8a4b74,1,GAID,android,0
2024-11-25 09:19:00,148.227.93.254,8819aef2-1a40-4291-b4a4-bcc08c8a4b74,1,GAID,android,0
2024-11-25 09:16:00,148.227.93.254,8819aef2-1a40-4291-b4a4-bcc08c8a4b74,1,GAID,android,0
2024-11-25 09:22:00,148.227.93.254,8819aef2-1a40-4291-b4a4-bcc08c8a4b74,1,GAID,android,0
2024-11-25 09:26:00,148.227.93.254,8819aef2-1a40-4291-b4a4-bcc08c8a4b74,1,GAID,android,0
2024-11-25 09:31:00,148.227.93.254,8819aef2-1a40-4291-b4a4-bcc08c8a4b74,1,GAID,android,0
2024-11-25 09:37:00,148.227.93.254,8819aef2-1a40-4291-b4a4-bcc08c8a4b74,1,GAID,android,0
2024-11-25 09:47:00,2803:9810:6289:8608::,8819aef2-1a40-4291-b4a4-bcc08c8a4b74,1,GAID,android,0
2024-11-25 11:26:00,148.227.93.254,8819aef2-1a40-4291-b4a4-bcc08c8a4b74,1,GAID,android,0
2024-11-25 11:43:00,148.227.93.254,8819aef2-1a40-4291-b4a4-bcc08c8a4b74,1,GAID,android,0
2024-11-25 14:57:00,148.227.93.254,8819aef2-1a40-4291-b4a4-bcc08c8a4b74,1,GAID,android,0
2024-11-25 14:59:00,148.227.93.254,8819aef2-1a40-4291-b4a4-bcc08c8a4b74,1,GAID,android,0
2024-11-25 15:01:00,148.227.93.254,8819aef2-1a40-4291-b4a4-bcc08c8a4b74,1,GAID,android,0
2024-11-25 15:03:00,148.227.93.254,8819aef2-1a40-4291-b4a4-bcc08c8a4b74,1,GAID,android,0
2024-11-25 15:04:00,148.227.93.254,8819aef2-1a40-4291-b4a4-bcc08c8a4b74,1,GAID,android,0
2024-11-25 15:07:00,148.227.93.254,8819aef2-1a40-4291-b4a4-bcc08c8a4b74,1,GAID,android,0
2024-11-25 15:12:00,148.227.93.254,8819aef2-1a40-4291-b4a4-bcc08c8a4b74,1,GAID,android,0
2024-11-29 12:18:00,2a00:5400:e337::,AAA7PE7OD50AABQ_9xhR4Q,7,WEB_ID,android,1
2024-11-25 16:00:00,148.227.93.254,8819aef2-1a40-4291-b4a4-bcc08c8a4b74,1,GAID,android,0
2024-11-25 16:01:00,148.227.93.254,8819aef2-1a40-4291-b4a4-bcc08c8a4b74,1,GAID,android,0
2024-11-25 16:01:00,2803:9810:6289:8608::,8819aef2-1a40-4291-b4a4-bcc08c8a4b74,1,GAID,android,0
2024-11-25 16:01:00,148.227.93.254,8819aef2-1a40-4291-b4a4-bcc08c8a4b74,1,GAID,android,0
2024-11-25 16:06:00,148.227.93.254,8819aef2-1a40-4291-b4a4-bcc08c8a4b74,1,GAID,android,0
2024-11-25 16:08:00,148.227.93.254,8819aef2-1a40-4291-b4a4-bcc08c8a4b74,1,GAID,android,0
2024-11-25 16:44:00,148.227.93.254,8819aef2-1a40-4291-b4a4-bcc08c8a4b74,1,GAID,android,0
2024-11-25 16:45:00,148.227.93.254,8819aef2-1a40-4291-b4a4-bcc08c8a4b74,1,GAID,android,0
2024-11-25 17:22:00,148.227.93.254,8819aef2-1a40-4291-b4a4-bcc08c8a4b74,1,GAID,android,0
2024-11-25 17:50:00,148.227.93.254,8819aef2-1a40-4291-b4a4-bcc08c8a4b74,1,GAID,android,0
2024-11-25 20:18:00,148.227.93.176,8819aef2-1a40-4291-b4a4-bcc08c8a4b74,1,GAID,android,0
2024-11-25 20:34:00,148.227.93.176,8819aef2-1a40-4291-b4a4-bcc08c8a4b74,1,GAID,android,0
2024-11-25 20:39:00,148.227.93.176,8819aef2-1a40-4291-b4a4-bcc08c8a4b74,1,GAID,android,0
2024-11-25 20:48:00,148.227.93.176,8819aef2-1a40-4291-b4a4-bcc08c8a4b74,1,GAID,android,0
2024-11-25 20:57:00,148.227.93.176,8819aef2-1a40-4291-b4a4-bcc08c8a4b74,1,GAID,android,0
2024-11-25 21:00:00,148.227.93.176,8819aef2-1a40-4291-b4a4-bcc08c8a4b74,1,GAID,android,0
2024-11-25 21:06:00,148.227.93.176,8819aef2-1a40-4291-b4a4-bcc08c8a4b74,1,GAID,android,0
2024-11-25 21:09:00,148.227.93.176,8819aef2-1a40-4291-b4a4-bcc08c8a4b74,1,GAID,android,0
2024-11-25 20:29:00,148.227.93.176,8819aef2-1a40-4291-b4a4-bcc08c8a4b74,1,GAID,android,0
2024-11-25 21:03:00,148.227.93.176,8819aef2-1a40-4291-b4a4-bcc08c8a4b74,1,GAID,android,0
2024-11-25 21:04:00,148.227.93.176,8819aef2-1a40-4291-b4a4-bcc08c8a4b74,1,GAID,android,0
2024-11-25 21:12:00,148.227.93.176,8819aef2-1a40-4291-b4a4-bcc08c8a4b74,1,GAID,android,0
2024-11-25 21:12:00,148.227.93.176,8819aef2-1a40-4291-b4a4-bcc08c8a4b74,1,GAID,android,0
2024-11-26 14:39:00,148.227.93.176,8819aef2-1a40-4291-b4a4-bcc08c8a4b74,1,GAID,android,0
2024-11-26 15:33:00,148.227.93.176,8819aef2-1a40-4291-b4a4-bcc08c8a4b74,1,GAID,android,0
2024-11-26 15:36:00,148.227.93.176,8819aef2-1a40-4291-b4a4-bcc08c8a4b74,1,GAID,android,0
2024-11-26 15:48:00,148.227.93.176,8819aef2-1a40-4291-b4a4-bcc08c8a4b74,1,GAID,android,0
2024-11-26 15:58:00,148.227.93.176,8819aef2-1a40-4291-b4a4-bcc08c8a4b74,1,GAID,android,0
2024-11-26 16:01:00,148.227.93.176,8819aef2-1a40-4291-b4a4-bcc08c8a4b74,1,GAID,android,0
2024-11-26 16:02:00,148.227.93.176,8819aef2-1a40-4291-b4a4-bcc08c8a4b74,1,GAID,android,0
2024-11-26 17:47:00,148.227.93.176,8819aef2-1a40-4291-b4a4-bcc08c8a4b74,1,GAID,android,0
2024-11-26 17:50:00,148.227.93.176,8819aef2-1a40-4291-b4a4-bcc08c8a4b74,1,GAID,android,0
2024-11-26 17:51:00,148.227.93.176,8819aef2-1a40-4291-b4a4-bcc08c8a4b74,1,GAID,android,0
2024-11-26 17:52:00,148.227.93.176,8819aef2-1a40-4291-b4a4-bcc08c8a4b74,1,GAID,android,0
2024-11-26 17:53:00,148.227.93.176,8819aef2-1a40-4291-b4a4-bcc08c8a4b74,1,GAID,android,0
2024-11-26 17:53:00,148.227.93.176,8819aef2-1a40-4291-b4a4-bcc08c8a4b74,1,GAID,android,0
2024-11-26 17:57:00,148.227.93.176,8819aef2-1a40-4291-b4a4-bcc08c8a4b74,1,GAID,android,0
2024-11-26 18:01:00,148.227.93.176,8819aef2-1a40-4291-b4a4-bcc08c8a4b74,1,GAID,android,0
2024-11-26 18:12:00,148.227.93.176,8819aef2-1a40-4291-b4a4-bcc08c8a4b74,1,GAID,android,0
2024-11-26 18:15:00,148.227.93.176,8819aef2-1a40-4291-b4a4-bcc08c8a4b74,1,GAID,android,0
2024-11-26 18:25:00,148.227.93.176,8819aef2-1a40-4291-b4a4-bcc08c8a4b74,1,GAID,android,0
2024-11-26 18:30:00,148.227.93.176,8819aef2-1a40-4291-b4a4-bcc08c8a4b74,1,GAID,android,0
2024-11-26 18:30:00,148.227.93.176,8819aef2-1a40-4291-b4a4-bcc08c8a4b74,1,GAID,android,0
2024-11-26 18:31:00,148.227.93.176,8819aef2-1a40-4291-b4a4-bcc08c8a4b74,1,GAID,android,0
2024-11-26 18:35:00,148.227.93.176,8819aef2-1a40-4291-b4a4-bcc08c8a4b74,1,GAID,android,0
2024-11-26 18:36:00,148.227.93.176,8819aef2-1a40-4291-b4a4-bcc08c8a4b74,1,GAID,android,0
2024-11-26 18:42:00,148.227.93.176,8819aef2-1a40-4291-b4a4-bcc08c8a4b74,1,GAID,android,0
2024-11-27 08:31:00,148.227.93.176,8819aef2-1a40-4291-b4a4-bcc08c8a4b74,1,GAID,android,0
2024-11-27 08:36:00,148.227.93.176,8819aef2-1a40-4291-b4a4-bcc08c8a4b74,1,GAID,android,0
2024-11-27 08:38:00,148.227.93.176,8819aef2-1a40-4291-b4a4-bcc08c8a4b74,1,GAID,android,0
2024-11-27 08:43:00,148.227.93.176,8819aef2-1a40-4291-b4a4-bcc08c8a4b74,1,GAID,android,0
2024-11-27 08:44:00,148.227.93.176,8819aef2-1a40-4291-b4a4-bcc08c8a4b74,1,GAID,android,0
2024-11-29 12:39:00,2a00:5400:e337::,AAA7PE7OD50AABQ_9xhR4Q,7,WEB_ID,android,1
2024-11-29 12:44:00,2a00:5400:e051::,AAFcvU7LIAoAABO-Xttw5A,7,WEB_ID,android,1
2024-11-29 12:47:00,2a00:5400:e051::,AAFcvU7LIAoAABO-Xttw5A,7,WEB_ID,android,1
2024-11-29 12:49:00,2a00:5400:e051::,AAFcvU7LIAoAABO-Xttw5A,7,WEB_ID,android,1
2024-11-29 12:50:00,2a00:5400:e051::,AAFcvU7LIAoAABO-Xttw5A,7,WEB_ID,android,1
2024-11-29 12:53:00,2a00:5400:e051::,AAFcvU7LIAoAABO-Xttw5A,7,WEB_ID,android,1
2024-11-29 12:53:00,2a00:5400:e051::,AAFcvU7LIAoAABO-Xttw5A,7,WEB_ID,android,1
2024-11-29 12:54:00,2a00:5400:e051::,AAFcvU7LIAoAABO-Xttw5A,7,WEB_ID,android,1
2024-11-29 12:54:00,2a00:5400:e051::,AAFcvU7LIAoAABO-Xttw5A,7,WEB_ID,android,1
2024-11-29 12:55:00,2a00:5400:e051::,AAFcvU7LIAoAABO-Xttw5A,7,WEB_ID,android,1
2024-11-29 12:55:00,2a00:5400:e051::,AAFcvU7LIAoAABO-Xttw5A,7,WEB_ID,android,1
2024-11-29 12:55:00,2a00:5400:e051::,AAFcvU7LIAoAABO-Xttw5A,7,WEB_ID,android,1
2024-11-29 12:57:00,2a00:5400:e051::,AAFcvU7LIAoAABO-Xttw5A,7,WEB_ID,android,1
2024-11-29 12:59:00,2a00:5400:e051::,AAFcvU7LIAoAABO-Xttw5A,7,WEB_ID,android,1
2024-11-29 12:59:00,2a00:5400:e051::,AAFcvU7LIAoAABO-Xttw5A,7,WEB_ID,android,1
2024-11-29 13:00:00,2a00:5400:e051::,AAFcvU7LIAoAABO-Xttw5A,7,WEB_ID,android,1
2024-11-29 13:00:00,2a00:5400:e051::,AAFcvU7LIAoAABO-Xttw5A,7,WEB_ID,android,1
2024-11-29 13:00:00,2a00:5400:e051::,AAFcvU7LIAoAABO-Xttw5A,7,WEB_ID,android,1
2024-11-29 13:10:00,2a00:5400:e051::,AAFcvU7LIAoAABO-Xttw5A,7,WEB_ID,android,1
2024-11-29 13:40:00,2a00:5400:f020::,AALKVk7RajkAABv5BSiD8w,6,WEB_ID,android,1
2024-11-27 09:15:00,148.227.93.59,8819aef2-1a40-4291-b4a4-bcc08c8a4b74,1,GAID,android,0
2024-11-27 09:20:00,148.227.93.59,8819aef2-1a40-4291-b4a4-bcc08c8a4b74,1,GAID,android,0
2024-11-27 09:20:00,2803:9810:6289:8608::,8819aef2-1a40-4291-b4a4-bcc08c8a4b74,1,GAID,android,0
2024-11-27 09:21:00,148.227.93.59,8819aef2-1a40-4291-b4a4-bcc08c8a4b74,1,GAID,android,0
2024-11-27 13:14:00,148.227.93.59,8819aef2-1a40-4291-b4a4-bcc08c8a4b74,1,GAID,android,0
2024-11-27 13:16:00,148.227.93.59,8819aef2-1a40-4291-b4a4-bcc08c8a4b74,1,GAID,android,0
2024-11-27 13:50:00,2803:9810:6289:8608::,8819aef2-1a40-4291-b4a4-bcc08c8a4b74,1,GAID,android,0
2024-11-27 13:51:00,148.227.93.111,8819aef2-1a40-4291-b4a4-bcc08c8a4b74,1,GAID,android,0
2024-11-27 13:51:00,148.227.93.111,8819aef2-1a40-4291-b4a4-bcc08c8a4b74,1,GAID,android,0
2024-11-27 13:53:00,148.227.93.111,8819aef2-1a40-4291-b4a4-bcc08c8a4b74,1,GAID,android,0
2024-11-27 13:55:00,148.227.93.111,8819aef2-1a40-4291-b4a4-bcc08c8a4b74,1,GAID,android,0
2024-11-27 13:57:00,148.227.93.111,8819aef2-1a40-4291-b4a4-bcc08c8a4b74,1,GAID,android,0
2024-11-27 14:07:00,148.227.93.111,8819aef2-1a40-4291-b4a4-bcc08c8a4b74,1,GAID,android,0
2024-11-27 14:12:00,148.227.93.111,8819aef2-1a40-4291-b4a4-bcc08c8a4b74,1,GAID,android,0
2024-11-27 19:25:00,148.227.93.111,8819aef2-1a40-4291-b4a4-bcc08c8a4b74,1,GAID,android,0
2024-11-27 19:26:00,148.227.93.111,8819aef2-1a40-4291-b4a4-bcc08c8a4b74,1,GAID,android,0
2024-11-27 19:28:00,148.227.93.111,8819aef2-1a40-4291-b4a4-bcc08c8a4b74,1,GAID,android,0
2024-11-27 19:29:00,148.227.93.111,8819aef2-1a40-4291-b4a4-bcc08c8a4b74,1,GAID,android,0
2024-11-27 19:33:00,148.227.93.111,8819aef2-1a40-4291-b4a4-bcc08c8a4b74,1,GAID,android,0
2024-11-27 19:33:00,148.227.93.111,8819aef2-1a40-4291-b4a4-bcc08c8a4b74,1,GAID,android,0
2024-11-27 19:35:00,148.227.93.111,8819aef2-1a40-4291-b4a4-bcc08c8a4b74,1,GAID,android,0
2024-11-27 19:41:00,148.227.93.111,8819aef2-1a40-4291-b4a4-bcc08c8a4b74,1,GAID,android,0
2024-11-27 19:45:00,148.227.93.111,8819aef2-1a40-4291-b4a4-bcc08c8a4b74,1,GAID,android,0
2024-11-27 19:57:00,148.227.93.111,8819aef2-1a40-4291-b4a4-bcc08c8a4b74,1,GAID,android,0
2024-11-27 20:00:00,148.227.93.111,8819aef2-1a40-4291-b4a4-bcc08c8a4b74,1,GAID,android,0
2024-11-27 20:02:00,148.227.93.111,8819aef2-1a40-4291-b4a4-bcc08c8a4b74,1,GAID,android,0
2024-11-29 14:08:00,2a00:5400:f020::,AALKVk7RajkAABv5BSiD8w,6,WEB_ID,android,1
2024-11-27 20:06:00,148.227.93.111,8819aef2-1a40-4291-b4a4-bcc08c8a4b74,1,GAID,android,0
2024-11-27 20:06:00,148.227.93.111,8819aef2-1a40-4291-b4a4-bcc08c8a4b74,1,GAID,android,0
2024-11-27 20:12:00,148.227.93.111,8819aef2-1a40-4291-b4a4-bcc08c8a4b74,1,GAID,android,0
2024-11-27 20:17:00,148.227.93.111,8819aef2-1a40-4291-b4a4-bcc08c8a4b74,1,GAID,android,0
2024-11-27 20:18:00,148.227.93.111,8819aef2-1a40-4291-b4a4-bcc08c8a4b74,1,GAID,android,0
2024-11-27 19:44:00,148.227.93.111,8819aef2-1a40-4291-b4a4-bcc08c8a4b74,1,GAID,android,0
2024-11-27 19:45:00,148.227.93.111,8819aef2-1a40-4291-b4a4-bcc08c8a4b74,1,GAID,android,0
2024-11-29 14:53:00,2a00:5400:e051::,AAFcvU7LIAoAABO-Xttw5A,7,WEB_ID,android,1
2024-11-29 14:53:00,2a00:5400:e051::,AAFcvU7LIAoAABO-Xttw5A,7,WEB_ID,android,1
2024-11-29 14:53:00,2a00:5400:e051::,AAFcvU7LIAoAABO-Xttw5A,7,WEB_ID,android,1
2024-11-29 14:53:00,2a00:5400:e051::,AAFcvU7LIAoAABO-Xttw5A,7,WEB_ID,android,1
2024-11-29 14:56:00,2a00:5400:e051::,AAFcvU7LIAoAABO-Xttw5A,7,WEB_ID,android,1
2024-11-29 14:56:00,2a00:5400:e051::,AAFcvU7LIAoAABO-Xttw5A,7,WEB_ID,android,1
2024-11-29 14:59:00,2a00:5400:e051::,AAFcvU7LIAoAABO-Xttw5A,7,WEB_ID,android,1
2024-11-29 14:59:00,2a00:5400:e051:9f58::,AAFcvU7LIAoAABO-Xttw5A,7,WEB_ID,android,1
2024-11-29 14:59:00,2a00:5400:e051:9f58::,AAFcvU7LIAoAABO-Xttw5A,7,WEB_ID,android,1
2024-11-29 15:00:00,2a00:5400:e051:9f58::,AAFcvU7LIAoAABO-Xttw5A,7,WEB_ID,android,1
2024-11-29 15:00:00,2a00:5400:e051:9f58::,AAFcvU7LIAoAABO-Xttw5A,7,WEB_ID,android,1
2024-11-29 15:01:00,2a00:5400:e051:9f58::,AAFcvU7LIAoAABO-Xttw5A,7,WEB_ID,android,1
2024-11-29 15:04:00,2a00:5400:e051:9f58::,AAFcvU7LIAoAABO-Xttw5A,7,WEB_ID,android,1
2024-11-29 15:06:00,2a00:5400:e051:9f58::,AAFcvU7LIAoAABO-Xttw5A,7,WEB_ID,android,1
2024-11-29 15:09:00,2a00:5400:e051:9f58::,AAFcvU7LIAoAABO-Xttw5A,7,WEB_ID,android,1
2024-11-29 15:09:00,2a00:5400:e051:9f58::,AAFcvU7LIAoAABO-Xttw5A,7,WEB_ID,android,1
2024-11-29 15:09:00,2a00:5400:e051:9f58::,AAFcvU7LIAoAABO-Xttw5A,7,WEB_ID,android,1
2024-11-29 15:10:00,2a00:5400:e051:9f58::,AAFcvU7LIAoAABO-Xttw5A,7,WEB_ID,android,1
2024-11-29 15:12:00,2a00:5400:e051:9f58::,AAFcvU7LIAoAABO-Xttw5A,7,WEB_ID,android,1
2024-11-29 15:12:00,2a00:5400:e051:9f58::,AAFcvU7LIAoAABO-Xttw5A,7,WEB_ID,android,1
2024-11-27 20:08:00,148.227.93.111,8819aef2-1a40-4291-b4a4-bcc08c8a4b74,1,GAID,android,0
2024-11-27 20:09:00,148.227.93.111,8819aef2-1a40-4291-b4a4-bcc08c8a4b74,1,GAID,android,0
2024-11-27 20:09:00,148.227.93.111,8819aef2-1a40-4291-b4a4-bcc08c8a4b74,1,GAID,android,0
2024-11-27 20:14:00,148.227.93.111,8819aef2-1a40-4291-b4a4-bcc08c8a4b74,1,GAID,android,0
2024-11-27 20:17:00,148.227.93.111,8819aef2-1a40-4291-b4a4-bcc08c8a4b74,1,GAID,android,0
2024-11-29 15:31:00,2a00:5400:e051:9f58::,AAFcvU7LIAoAABO-Xttw5A,7,WEB_ID,android,1
2024-11-29 15:31:00,2a00:5400:e051:9f58::,AAFcvU7LIAoAABO-Xttw5A,7,WEB_ID,android,1
2024-11-27 20:24:00,148.227.93.111,8819aef2-1a40-4291-b4a4-bcc08c8a4b74,1,GAID,android,0
2024-11-27 20:24:00,148.227.93.111,8819aef2-1a40-4291-b4a4-bcc08c8a4b74,1,GAID,android,0
2024-11-27 20:31:00,148.227.93.111,8819aef2-1a40-4291-b4a4-bcc08c8a4b74,1,GAID,android,0
2024-11-27 20:32:00,148.227.93.111,8819aef2-1a40-4291-b4a4-bcc08c8a4b74,1,GAID,android,0
2024-11-27 20:38:00,148.227.93.111,8819aef2-1a40-4291-b4a4-bcc08c8a4b74,1,GAID,android,0
2024-11-27 20:38:00,148.227.93.111,8819aef2-1a40-4291-b4a4-bcc08c8a4b74,1,GAID,android,0
2024-11-28 12:57:00,148.227.93.111,8819aef2-1a40-4291-b4a4-bcc08c8a4b74,1,GAID,android,0
2024-11-28 13:00:00,148.227.93.111,8819aef2-1a40-4291-b4a4-bcc08c8a4b74,1,GAID,android,0
2024-11-28 13:05:00,148.227.93.111,8819aef2-1a40-4291-b4a4-bcc08c8a4b74,1,GAID,android,0
2024-11-28 13:07:00,148.227.93.111,8819aef2-1a40-4291-b4a4-bcc08c8a4b74,1,GAID,android,0
2024-11-28 13:10:00,148.227.93.111,8819aef2-1a40-4291-b4a4-bcc08c8a4b74,1,GAID,android,0
2024-11-28 13:10:00,148.227.93.111,8819aef2-1a40-4291-b4a4-bcc08c8a4b74,1,GAID,android,0
2024-11-28 13:15:00,148.227.93.111,8819aef2-1a40-4291-b4a4-bcc08c8a4b74,1,GAID,android,0
2024-11-28 13:16:00,148.227.93.111,8819aef2-1a40-4291-b4a4-bcc08c8a4b74,1,GAID,android,0
2024-11-28 13:20:00,148.227.93.111,8819aef2-1a40-4291-b4a4-bcc08c8a4b74,1,GAID,android,0
2024-11-28 13:21:00,148.227.93.111,8819aef2-1a40-4291-b4a4-bcc08c8a4b74,1,GAID,android,0
2024-11-28 13:26:00,148.227.93.111,8819aef2-1a40-4291-b4a4-bcc08c8a4b74,1,GAID,android,0
2024-11-28 13:27:00,148.227.93.111,8819aef2-1a40-4291-b4a4-bcc08c8a4b74,1,GAID,android,0
2024-11-28 13:29:00,148.227.93.111,8819aef2-1a40-4291-b4a4-bcc08c8a4b74,1,GAID,android,0
2024-11-28 13:30:00,148.227.93.111,8819aef2-1a40-4291-b4a4-bcc08c8a4b74,1,GAID,android,0
2024-11-28 13:35:00,148.227.93.111,8819aef2-1a40-4291-b4a4-bcc08c8a4b74,1,GAID,android,0
2024-11-28 13:35:00,148.227.93.111,8819aef2-1a40-4291-b4a4-bcc08c8a4b74,1,GAID,android,0
2024-11-28 13:37:00,148.227.93.111,8819aef2-1a40-4291-b4a4-bcc08c8a4b74,1,GAID,android,0
2024-11-28 13:40:00,148.227.93.111,8819aef2-1a40-4291-b4a4-bcc08c8a4b74,1,GAID,android,0
2024-11-28 13:45:00,148.227.93.111,8819aef2-1a40-4291-b4a4-bcc08c8a4b74,1,GAID,android,0
2024-11-28 13:48:00,148.227.93.111,8819aef2-1a40-4291-b4a4-bcc08c8a4b74,1,GAID,android,0
2024-11-28 13:51:00,148.227.93.111,8819aef2-1a40-4291-b4a4-bcc08c8a4b74,1,GAID,android,0
2024-11-28 13:54:00,148.227.93.111,8819aef2-1a40-4291-b4a4-bcc08c8a4b74,1,GAID,android,0
2024-11-28 13:55:00,148.227.93.111,8819aef2-1a40-4291-b4a4-bcc08c8a4b74,1,GAID,android,0
2024-11-28 13:13:00,148.227.93.111,8819aef2-1a40-4291-b4a4-bcc08c8a4b74,1,GAID,android,0
2024-11-28 13:17:00,148.227.93.111,8819aef2-1a40-4291-b4a4-bcc08c8a4b74,1,GAID,android,0
2024-11-28 13:18:00,148.227.93.111,8819aef2-1a40-4291-b4a4-bcc08c8a4b74,1,GAID,android,0
2024-11-28 13:23:00,148.227.93.111,8819aef2-1a40-4291-b4a4-bcc08c8a4b74,1,GAID,android,0
2024-11-28 13:24:00,148.227.93.111,8819aef2-1a40-4291-b4a4-bcc08c8a4b74,1,GAID,android,0
2024-11-28 13:24:00,148.227.93.111,8819aef2-1a40-4291-b4a4-bcc08c8a4b74,1,GAID,android,0
2024-11-28 13:33:00,148.227.93.111,8819aef2-1a40-4291-b4a4-bcc08c8a4b74,1,GAID,android,0
2024-11-28 13:38:00,148.227.93.111,8819aef2-1a40-4291-b4a4-bcc08c8a4b74,1,GAID,android,0
2024-11-28 13:41:00,148.227.93.111,8819aef2-1a40-4291-b4a4-bcc08c8a4b74,1,GAID,android,0
2024-11-28 13:45:00,148.227.93.111,8819aef2-1a40-4291-b4a4-bcc08c8a4b74,1,GAID,android,0
2024-11-28 13:52:00,148.227.93.111,8819aef2-1a40-4291-b4a4-bcc08c8a4b74,1,GAID,android,0
2024-11-28 13:52:00,148.227.93.111,8819aef2-1a40-4291-b4a4-bcc08c8a4b74,1,GAID,android,0
2024-11-28 13:55:00,148.227.93.111,8819aef2-1a40-4291-b4a4-bcc08c8a4b74,1,GAID,android,0
2024-11-28 13:57:00,148.227.93.111,8819aef2-1a40-4291-b4a4-bcc08c8a4b74,1,GAID,android,0
2024-11-28 14:01:00,148.227.93.111,8819aef2-1a40-4291-b4a4-bcc08c8a4b74,1,GAID,android,0
2024-11-28 14:03:00,148.227.93.111,8819aef2-1a40-4291-b4a4-bcc08c8a4b74,1,GAID,android,0
2024-11-28 14:05:00,148.227.93.111,8819aef2-1a40-4291-b4a4-bcc08c8a4b74,1,GAID,android,0
2024-11-28 14:06:00,148.227.93.111,8819aef2-1a40-4291-b4a4-bcc08c8a4b74,1,GAID,android,0
2024-11-28 14:12:00,148.227.93.111,8819aef2-1a40-4291-b4a4-bcc08c8a4b74,1,GAID,android,0
2024-11-28 16:19:00,148.227.93.111,8819aef2-1a40-4291-b4a4-bcc08c8a4b74,1,GAID,android,0
2024-11-28 16:24:00,148.227.93.111,8819aef2-1a40-4291-b4a4-bcc08c8a4b74,1,GAID,android,0
2024-11-28 16:26:00,148.227.93.111,8819aef2-1a40-4291-b4a4-bcc08c8a4b74,1,GAID,android,0
2024-11-28 16:28:00,148.227.93.111,8819aef2-1a40-4291-b4a4-bcc08c8a4b74,1,GAID,android,0
2024-11-28 16:30:00,148.227.93.111,8819aef2-1a40-4291-b4a4-bcc08c8a4b74,1,GAID,android,0
2024-11-28 16:34:00,148.227.93.111,8819aef2-1a40-4291-b4a4-bcc08c8a4b74,1,GAID,android,0
2024-11-28 16:36:00,148.227.93.111,8819aef2-1a40-4291-b4a4-bcc08c8a4b74,1,GAID,android,0
2024-11-28 16:37:00,148.227.93.111,8819aef2-1a40-4291-b4a4-bcc08c8a4b74,1,GAID,android,0
2024-11-28 16:45:00,148.227.93.111,8819aef2-1a40-4291-b4a4-bcc08c8a4b74,1,GAID,android,0
2024-11-28 16:54:00,148.227.93.111,8819aef2-1a40-4291-b4a4-bcc08c8a4b74,1,GAID,android,0
2024-11-28 16:54:00,148.227.93.111,8819aef2-1a40-4291-b4a4-bcc08c8a4b74,1,GAID,android,0
2024-11-28 16:56:00,148.227.93.111,8819aef2-1a40-4291-b4a4-bcc08c8a4b74,1,GAID,android,0
2024-11-28 16:58:00,148.227.93.111,8819aef2-1a40-4291-b4a4-bcc08c8a4b74,1,GAID,android,0
2024-11-28 17:02:00,148.227.93.111,8819aef2-1a40-4291-b4a4-bcc08c8a4b74,1,GAID,android,0
2024-11-28 17:04:00,148.227.93.111,8819aef2-1a40-4291-b4a4-bcc08c8a4b74,1,GAID,android,0
2024-11-28 17:10:00,148.227.93.111,8819aef2-1a40-4291-b4a4-bcc08c8a4b74,1,GAID,android,0
2024-11-28 17:10:00,148.227.93.111,8819aef2-1a40-4291-b4a4-bcc08c8a4b74,1,GAID,android,0
2024-11-28 17:11:00,148.227.93.111,8819aef2-1a40-4291-b4a4-bcc08c8a4b74,1,GAID,android,0
2024-11-28 17:13:00,148.227.93.111,8819aef2-1a40-4291-b4a4-bcc08c8a4b74,1,GAID,android,0
2024-11-28 18:36:00,148.227.93.111,8819aef2-1a40-4291-b4a4-bcc08c8a4b74,1,GAID,android,0
2024-11-28 18:39:00,148.227.93.111,8819aef2-1a40-4291-b4a4-bcc08c8a4b74,1,GAID,android,0
2024-11-28 18:40:00,148.227.93.111,8819aef2-1a40-4291-b4a4-bcc08c8a4b74,1,GAID,android,0
2024-11-28 18:45:00,148.227.93.111,8819aef2-1a40-4291-b4a4-bcc08c8a4b74,1,GAID,android,0
2024-11-28 18:47:00,148.227.93.111,8819aef2-1a40-4291-b4a4-bcc08c8a4b74,1,GAID,android,0
2024-11-28 18:49:00,148.227.93.111,8819aef2-1a40-4291-b4a4-bcc08c8a4b74,1,GAID,android,0
2024-11-28 18:49:00,148.227.93.111,8819aef2-1a40-4291-b4a4-bcc08c8a4b74,1,GAID,android,0
2024-11-28 19:02:00,148.227.93.111,8819aef2-1a40-4291-b4a4-bcc08c8a4b74,1,GAID,android,0
2024-11-28 19:02:00,148.227.93.111,8819aef2-1a40-4291-b4a4-bcc08c8a4b74,1,GAID,android,0
2024-11-28 19:08:00,148.227.93.111,8819aef2-1a40-4291-b4a4-bcc08c8a4b74,1,GAID,android,0
2024-11-28 19:21:00,148.227.93.111,8819aef2-1a40-4291-b4a4-bcc08c8a4b74,1,GAID,android,0
2024-11-28 19:22:00,148.227.93.111,8819aef2-1a40-4291-b4a4-bcc08c8a4b74,1,GAID,android,0
2024-11-28 19:27:00,148.227.93.111,8819aef2-1a40-4291-b4a4-bcc08c8a4b74,1,GAID,android,0
2024-11-28 19:27:00,148.227.93.111,8819aef2-1a40-4291-b4a4-bcc08c8a4b74,1,GAID,android,0
2024-11-28 19:30:00,148.227.93.111,8819aef2-1a40-4291-b4a4-bcc08c8a4b74,1,GAID,android,0
2024-11-28 19:33:00,148.227.93.111,8819aef2-1a40-4291-b4a4-bcc08c8a4b74,1,GAID,android,0
2024-11-28 19:02:00,148.227.93.111,8819aef2-1a40-4291-b4a4-bcc08c8a4b74,1,GAID,android,0
2024-11-28 19:07:00,148.227.93.111,8819aef2-1a40-4291-b4a4-bcc08c8a4b74,1,GAID,android,0
2024-11-28 19:08:00,148.227.93.111,8819aef2-1a40-4291-b4a4-bcc08c8a4b74,1,GAID,android,0
2024-11-28 19:11:00,148.227.93.111,8819aef2-1a40-4291-b4a4-bcc08c8a4b74,1,GAID,android,0
2024-11-28 19:16:00,148.227.93.111,8819aef2-1a40-4291-b4a4-bcc08c8a4b74,1,GAID,android,0
2024-11-28 19:19:00,148.227.93.111,8819aef2-1a40-4291-b4a4-bcc08c8a4b74,1,GAID,android,0
2024-11-28 19:25:00,148.227.93.111,8819aef2-1a40-4291-b4a4-bcc08c8a4b74,1,GAID,android,0
2024-11-28 19:26:00,148.227.93.111,8819aef2-1a40-4291-b4a4-bcc08c8a4b74,1,GAID,android,0
2024-11-28 19:32:00,148.227.93.111,8819aef2-1a40-4291-b4a4-bcc08c8a4b74,1,GAID,android,0
2024-11-28 19:34:00,148.227.93.111,8819aef2-1a40-4291-b4a4-bcc08c8a4b74,1,GAID,android,0
2024-11-28 19:36:00,148.227.93.111,8819aef2-1a40-4291-b4a4-bcc08c8a4b74,1,GAID,android,0
2024-11-29 17:49:00,2a00:5400:e051:9f58::,AAFcvU7LIAoAABO-Xttw5A,7,WEB_ID,android,1
2024-11-29 17:49:00,2a00:5400:e051:9f58::,AAFcvU7LIAoAABO-Xttw5A,7,WEB_ID,android,1
2024-11-29 17:50:00,2a00:5400:e051:9f58::,AAFcvU7LIAoAABO-Xttw5A,7,WEB_ID,android,1
2024-11-29 17:53:00,2a00:5400:e051:9f58::,AAFcvU7LIAoAABO-Xttw5A,7,WEB_ID,android,1
2024-11-29 17:53:00,2a00:5400:e051:9f58::,AAFcvU7LIAoAABO-Xttw5A,7,WEB_ID,android,1
2024-11-29 17:54:00,2a00:5400:e051:9f58::,AAFcvU7LIAoAABO-Xttw5A,7,WEB_ID,android,1
2024-11-29 17:54:00,2a00:5400:e051:9f58::,AAFcvU7LIAoAABO-Xttw5A,7,WEB_ID,android,1
2024-11-29 17:58:00,2a00:5400:e051:9f58::,AAFcvU7LIAoAABO-Xttw5A,7,WEB_ID,android,1
2024-11-29 17:59:00,2a00:5400:e051:9f58::,AAFcvU7LIAoAABO-Xttw5A,7,WEB_ID,android,1
2024-11-29 18:00:00,2a00:5400:e051:9f58::,AAFcvU7LIAoAABO-Xttw5A,7,WEB_ID,android,1
2024-11-29 18:01:00,2a00:5400:e051:9f58::,AAFcvU7LIAoAABO-Xttw5A,7,WEB_ID,android,1
2024-11-28 20:45:00,148.227.93.129,8819aef2-1a40-4291-b4a4-bcc08c8a4b74,1,GAID,android,0
2024-11-28 20:47:00,148.227.93.129,8819aef2-1a40-4291-b4a4-bcc08c8a4b74,1,GAID,android,0
2024-11-28 20:55:00,148.227.93.129,8819aef2-1a40-4291-b4a4-bcc08c8a4b74,1,GAID,android,0
2024-11-28 21:01:00,148.227.93.129,8819aef2-1a40-4291-b4a4-bcc08c8a4b74,1,GAID,android,0
2024-11-28 21:02:00,148.227.93.129,8819aef2-1a40-4291-b4a4-bcc08c8a4b74,1,GAID,android,0
2024-11-29 13:14:00,148.227.93.129,8819aef2-1a40-4291-b4a4-bcc08c8a4b74,1,GAID,android,0
2024-11-29 13:19:00,148.227.93.129,8819aef2-1a40-4291-b4a4-bcc08c8a4b74,1,GAID,android,0
2024-11-29 13:28:00,148.227.93.129,8819aef2-1a40-4291-b4a4-bcc08c8a4b74,1,GAID,android,0
2024-11-29 13:32:00,148.227.93.129,8819aef2-1a40-4291-b4a4-bcc08c8a4b74,1,GAID,android,0
2024-11-29 13:36:00,148.227.93.129,8819aef2-1a40-4291-b4a4-bcc08c8a4b74,1,GAID,android,0
2024-11-29 19:39:00,2a00:5400:e051:9f58::,AAFcvU7LIAoAABO-Xttw5A,7,WEB_ID,android,1
2024-11-29 19:39:00,2a00:5400:e051:9f58::,AAFcvU7LIAoAABO-Xttw5A,7,WEB_ID,android,1
2024-11-29 13:51:00,148.227.93.129,8819aef2-1a40-4291-b4a4-bcc08c8a4b74,1,GAID,android,0
2024-11-29 13:56:00,148.227.93.129,8819aef2-1a40-4291-b4a4-bcc08c8a4b74,1,GAID,android,0
2024-11-29 13:58:00,148.227.93.129,8819aef2-1a40-4291-b4a4-bcc08c8a4b74,1,GAID,android,0
2024-11-29 14:05:00,148.227.93.129,8819aef2-1a40-4291-b4a4-bcc08c8a4b74,1,GAID,android,0
2024-11-29 14:17:00,148.227.93.129,8819aef2-1a40-4291-b4a4-bcc08c8a4b74,1,GAID,android,0
2024-11-29 20:09:00,2a00:5400:e051:9f58::,AAFcvU7LIAoAABO-Xttw5A,7,WEB_ID,android,1
2024-11-29 20:10:00,2a00:5400:e051:9f58::,AAFcvU7LIAoAABO-Xttw5A,7,WEB_ID,android,1
2024-11-29 20:10:00,2a00:5400:e051:9f58::,AAFcvU7LIAoAABO-Xttw5A,7,WEB_ID,android,1
2024-11-29 20:11:00,2a00:5400:e051:9f58::,AAFcvU7LIAoAABO-Xttw5A,7,WEB_ID,android,1
2024-11-29 20:12:00,2a00:5400:e051:9f58::,AAFcvU7LIAoAABO-Xttw5A,7,WEB_ID,android,1
2024-11-29 20:12:00,2a00:5400:e051:9f58::,AAFcvU7LIAoAABO-Xttw5A,7,WEB_ID,android,1
2024-11-29 14:25:00,148.227.93.129,8819aef2-1a40-4291-b4a4-bcc08c8a4b74,1,GAID,android,0
2024-11-29 14:29:00,148.227.93.129,8819aef2-1a40-4291-b4a4-bcc08c8a4b74,1,GAID,android,0
2024-11-29 14:38:00,148.227.93.129,8819aef2-1a40-4291-b4a4-bcc08c8a4b74,1,GAID,android,0
2024-11-29 20:20:00,2a00:5400:e051:9f58::,AAFcvU7LIAoAABO-Xttw5A,7,WEB_ID,android,1
2024-11-29 20:21:00,2a00:5400:e051:9f58::,AAFcvU7LIAoAABO-Xttw5A,7,WEB_ID,android,1
2024-11-29 20:24:00,2a00:5400:e051:9f58::,AAFcvU7LIAoAABO-Xttw5A,7,WEB_ID,android,1
2024-11-29 20:24:00,2a00:5400:e051:9f58::,AAFcvU7LIAoAABO-Xttw5A,7,WEB_ID,android,1
2024-11-29 20:24:00,2a00:5400:e051:9f58::,AAFcvU7LIAoAABO-Xttw5A,7,WEB_ID,android,1
2024-11-29 20:25:00,2a00:5400:e051:9f58::,AAFcvU7LIAoAABO-Xttw5A,7,WEB_ID,android,1
2024-11-29 20:26:00,2a00:5400:e051:9f58::,AAFcvU7LIAoAABO-Xttw5A,7,WEB_ID,android,1
2024-11-29 20:26:00,2a00:5400:e051:9f58::,AAFcvU7LIAoAABO-Xttw5A,7,WEB_ID,android,1
2024-11-29 20:26:00,2a00:5400:e051:9f58::,AAFcvU7LIAoAABO-Xttw5A,7,WEB_ID,android,1
