REQUEST_TIME,DEVICE_IP,ID,USER_ID,ID_TYPE,OPERATING_SYSTEM
10/1/2024 9:17,2a00:5400:e266::,AAA7PE7OD50AABQ_9xhR4Q,7,WEB_ID,android
10/1/2024 9:19,2a00:5400:e266::,AAA7PE7OD50AABQ_9xhR4Q,7,WEB_ID,android
10/1/2024 9:22,2a00:5400:e266::,AAA7PE7OD50AABQ_9xhR4Q,7,WEB_ID,android
10/1/2024 9:27,2a00:5400:e266::,AAA7PE7OD50AABQ_9xhR4Q,7,WEB_ID,android
10/1/2024 9:36,2a00:5400:e266::,AAA7PE7OD50AABQ_9xhR4Q,7,WEB_ID,android
10/1/2024 9:55,2a00:5400:e266::,AAA7PE7OD50AABQ_9xhR4Q,7,WEB_ID,android
10/1/2024 10:02,2a00:5400:e266::,AAA7PE7OD50AABQ_9xhR4Q,7,WEB_ID,android
10/1/2024 10:10,2a00:5400:e266::,AAA7PE7OD50AABQ_9xhR4Q,7,WEB_ID,android
10/1/2024 10:11,2a00:5400:e266::,AAA7PE7OD50AABQ_9xhR4Q,7,WEB_ID,android
10/1/2024 10:30,2a00:5400:e266::,AAA7PE7OD50AABQ_9xhR4Q,7,WEB_ID,android
10/1/2024 10:34,2a00:5400:e266::,AAA7PE7OD50AABQ_9xhR4Q,7,WEB_ID,android
10/1/2024 12:47,2a00:5400:e266::,AAA7PE7OD50AABQ_9xhR4Q,7,WEB_ID,android
10/1/2024 12:47,2a00:5400:e266::,AAA7PE7OD50AABQ_9xhR4Q,7,WEB_ID,android
10/1/2024 13:00,2a00:5400:e266::,AAA7PE7OD50AABQ_9xhR4Q,7,WEB_ID,android
10/1/2024 13:05,2a00:5400:e266::,AAA7PE7OD50AABQ_9xhR4Q,7,WEB_ID,android
10/1/2024 13:41,2a00:5400:e266::,AAA7PE7OD50AABQ_9xhR4Q,7,WEB_ID,android
10/1/2024 15:06,2a00:5400:e266::,AAA7PE7OD50AABQ_9xhR4Q,7,WEB_ID,android
10/1/2024 15:19,2a00:5400:e266::,AAA7PE7OD50AABQ_9xhR4Q,7,WEB_ID,android
10/1/2024 15:36,2a00:5400:e266::,AAA7PE7OD50AABQ_9xhR4Q,7,WEB_ID,android
10/1/2024 15:58,2a00:5400:e266::,AAA7PE7OD50AABQ_9xhR4Q,7,WEB_ID,android
10/1/2024 16:20,2a02:9b0:8014::,AAA7PE7OD50AABQ_9xhR4Q,7,WEB_ID,android
10/2/2024 9:42,2a00:5400:e266::,AAA7PE7OD50AABQ_9xhR4Q,7,WEB_ID,android
10/2/2024 11:15,2a00:5400:e266::,AAA7PE7OD50AABQ_9xhR4Q,7,WEB_ID,android
10/2/2024 13:00,82.167.216.0,AAA7PE7OD50AABQ_9xhR4Q,7,WEB_ID,android
10/2/2024 13:19,2a00:5400:e266::,AAA7PE7OD50AABQ_9xhR4Q,7,WEB_ID,android
10/2/2024 13:22,2a00:5400:e266::,AAA7PE7OD50AABQ_9xhR4Q,7,WEB_ID,android
10/2/2024 13:37,2a00:5400:e266::,AAA7PE7OD50AABQ_9xhR4Q,7,WEB_ID,android
10/2/2024 18:13,2a00:5400:e266::,AAA7PE7OD50AABQ_9xhR4Q,7,WEB_ID,android
10/2/2024 18:24,2a00:5400:e266::,AAA7PE7OD50AABQ_9xhR4Q,7,WEB_ID,android
10/2/2024 18:42,2a00:5400:e266::,AAA7PE7OD50AABQ_9xhR4Q,7,WEB_ID,android
10/2/2024 19:00,2a00:5400:e266::,AAA7PE7OD50AABQ_9xhR4Q,7,WEB_ID,android
10/3/2024 8:03,2a00:5400:e266::,AAA7PE7OD50AABQ_9xhR4Q,7,WEB_ID,android
10/3/2024 12:27,2a00:5400:e266::,AAA7PE7OD50AABQ_9xhR4Q,7,WEB_ID,android
10/3/2024 12:45,2a00:5400:e266::,AAA7PE7OD50AABQ_9xhR4Q,7,WEB_ID,android
10/3/2024 20:02,2a00:5400:e266::,AAA7PE7OD50AABQ_9xhR4Q,7,WEB_ID,android
10/3/2024 20:47,2a00:5400:e266::,AAA7PE7OD50AABQ_9xhR4Q,7,WEB_ID,android
10/3/2024 20:48,2a00:5400:e266::,AAA7PE7OD50AABQ_9xhR4Q,7,WEB_ID,android
10/3/2024 20:48,2a00:5400:e266::,AAA7PE7OD50AABQ_9xhR4Q,7,WEB_ID,android
10/3/2024 20:51,2a00:5400:e266::,AAA7PE7OD50AABQ_9xhR4Q,7,WEB_ID,android
10/3/2024 20:54,2a00:5400:e266::,AAA7PE7OD50AABQ_9xhR4Q,7,WEB_ID,android
10/4/2024 8:54,2a00:5400:e266::,AAA7PE7OD50AABQ_9xhR4Q,7,WEB_ID,android
10/4/2024 9:01,2a00:5400:e266::,AAA7PE7OD50AABQ_9xhR4Q,7,WEB_ID,android
10/4/2024 9:03,2a00:5400:e266::,AAA7PE7OD50AABQ_9xhR4Q,7,WEB_ID,android
10/4/2024 9:03,2a00:5400:e266::,AAA7PE7OD50AABQ_9xhR4Q,7,WEB_ID,android
10/4/2024 12:10,82.167.220.0,AAA7PE7OD50AABQ_9xhR4Q,7,WEB_ID,android
10/4/2024 12:18,2a00:5400:e266::,AAA7PE7OD50AABQ_9xhR4Q,7,WEB_ID,android
10/4/2024 12:33,2a00:5400:e266::,AAA7PE7OD50AABQ_9xhR4Q,7,WEB_ID,android
10/4/2024 12:40,2a00:5400:e266::,AAA7PE7OD50AABQ_9xhR4Q,7,WEB_ID,android
10/4/2024 12:41,2a00:5400:e266::,AAA7PE7OD50AABQ_9xhR4Q,7,WEB_ID,android
10/4/2024 12:41,2a00:5400:e266::,AAA7PE7OD50AABQ_9xhR4Q,7,WEB_ID,android
10/4/2024 12:42,2a00:5400:e266::,AAA7PE7OD50AABQ_9xhR4Q,7,WEB_ID,android
10/4/2024 12:43,2a00:5400:e266::,AAA7PE7OD50AABQ_9xhR4Q,7,WEB_ID,android
10/4/2024 12:43,2a00:5400:e266::,AAA7PE7OD50AABQ_9xhR4Q,7,WEB_ID,android
10/4/2024 12:44,2a00:5400:e266::,AAA7PE7OD50AABQ_9xhR4Q,7,WEB_ID,android
10/4/2024 13:42,2a00:5400:e266::,AAA7PE7OD50AABQ_9xhR4Q,7,WEB_ID,android
10/4/2024 14:01,2a00:5400:e266::,AAA7PE7OD50AABQ_9xhR4Q,7,WEB_ID,android
10/4/2024 15:19,2a00:5400:e266::,AAA7PE7OD50AABQ_9xhR4Q,7,WEB_ID,android
10/1/2024 14:24,2405:8d40:40c0::,AAKT707IOKgAAB_bLwHDew,6,WEB_ID,ios
10/4/2024 15:57,2a00:5400:e051::,AAFcvU7LIAoAABO-Xttw5A,7,WEB_ID,android
10/4/2024 18:08,2a00:5400:e051::,AAFcvU7LIAoAABO-Xttw5A,7,WEB_ID,android
10/4/2024 18:08,2a00:5400:e051::,AAFcvU7LIAoAABO-Xttw5A,7,WEB_ID,android
10/4/2024 18:17,2a00:5400:e266::,AAA7PE7OD50AABQ_9xhR4Q,7,WEB_ID,android
10/4/2024 18:32,2a00:5400:f013::,AAKRGE7P9eIAABxfJkTLVA,7,WEB_ID,android
10/4/2024 18:33,2a00:5400:f013::,AAKRGE7P9eIAABxfJkTLVA,7,WEB_ID,android
10/4/2024 18:33,2a00:5400:f013::,AAKRGE7P9eIAABxfJkTLVA,7,WEB_ID,android
10/4/2024 18:33,2a00:5400:f013::,AAKRGE7P9eIAABxfJkTLVA,7,WEB_ID,android
10/5/2024 8:34,46.143.152.0,AAKRGE7P9eIAABxfJkTLVA,7,WEB_ID,android
10/5/2024 8:34,2a00:5400:f013::,AAKRGE7P9eIAABxfJkTLVA,7,WEB_ID,android
10/5/2024 8:35,2a00:5400:f013::,AAKRGE7P9eIAABxfJkTLVA,7,WEB_ID,android
10/5/2024 8:36,2a00:5400:f013::,AAKRGE7P9eIAABxfJkTLVA,7,WEB_ID,android
10/5/2024 8:37,2a00:5400:f013::,AAKRGE7P9eIAABxfJkTLVA,7,WEB_ID,android
10/5/2024 8:37,2a00:5400:f013::,AAKRGE7P9eIAABxfJkTLVA,7,WEB_ID,android
10/5/2024 8:39,2a00:5400:f013::,AAKRGE7P9eIAABxfJkTLVA,7,WEB_ID,android
10/5/2024 8:40,2a00:5400:f013::,AAKRGE7P9eIAABxfJkTLVA,7,WEB_ID,android
10/5/2024 8:40,2a00:5400:f013::,AAKRGE7P9eIAABxfJkTLVA,7,WEB_ID,android
10/5/2024 8:41,2a00:5400:f013::,AAKRGE7P9eIAABxfJkTLVA,7,WEB_ID,android
10/5/2024 8:42,2a00:5400:f013::,AAKRGE7P9eIAABxfJkTLVA,7,WEB_ID,android
10/5/2024 8:42,2a00:5400:f013::,AAKRGE7P9eIAABxfJkTLVA,7,WEB_ID,android
10/5/2024 8:44,2a00:5400:f013::,AAKRGE7P9eIAABxfJkTLVA,7,WEB_ID,android
10/5/2024 8:44,2a00:5400:f013::,AAKRGE7P9eIAABxfJkTLVA,7,WEB_ID,android
10/5/2024 8:44,2a00:5400:f013::,AAKRGE7P9eIAABxfJkTLVA,7,WEB_ID,android
10/5/2024 8:45,2a00:5400:f013::,AAKRGE7P9eIAABxfJkTLVA,7,WEB_ID,android
10/5/2024 8:45,2a00:5400:f013::,AAKRGE7P9eIAABxfJkTLVA,7,WEB_ID,android
10/5/2024 11:50,2a00:5400:e051::,AAFcvU7LIAoAABO-Xttw5A,7,WEB_ID,android
10/5/2024 12:08,2001:16a2:c1e0::,AAA7PE7OD50AABQ_9xhR4Q,7,WEB_ID,android
10/5/2024 12:11,2001:16a2:c1e0::,AAA7PE7OD50AABQ_9xhR4Q,7,WEB_ID,android
10/5/2024 14:09,2a00:5400:e051::,AAFcvU7LIAoAABO-Xttw5A,7,WEB_ID,android
10/5/2024 14:42,2a00:5400:f011::,AAKRGE7P9eIAABxfJkTLVA,7,WEB_ID,android
10/5/2024 14:43,2a00:5400:f011::,AAKRGE7P9eIAABxfJkTLVA,7,WEB_ID,android
10/5/2024 14:43,2a00:5400:f011::,AAKRGE7P9eIAABxfJkTLVA,7,WEB_ID,android
10/5/2024 14:44,2a00:5400:f011::,AAKRGE7P9eIAABxfJkTLVA,7,WEB_ID,android
10/5/2024 14:46,2a00:5400:f011::,AAKRGE7P9eIAABxfJkTLVA,7,WEB_ID,android
10/5/2024 14:47,2a00:5400:f011::,AAKRGE7P9eIAABxfJkTLVA,7,WEB_ID,android
10/5/2024 14:50,2a00:5400:f011::,AAKRGE7P9eIAABxfJkTLVA,7,WEB_ID,android
10/5/2024 14:51,2a00:5400:f011::,AAKRGE7P9eIAABxfJkTLVA,7,WEB_ID,android
10/5/2024 14:53,2a00:5400:f011::,AAKRGE7P9eIAABxfJkTLVA,7,WEB_ID,android
10/5/2024 14:54,2a00:5400:f011::,AAKRGE7P9eIAABxfJkTLVA,7,WEB_ID,android
10/5/2024 14:56,2a00:5400:f011::,AAKRGE7P9eIAABxfJkTLVA,7,WEB_ID,android
10/5/2024 14:57,2a00:5400:f011::,AAKRGE7P9eIAABxfJkTLVA,7,WEB_ID,android
10/5/2024 14:58,2a00:5400:f011::,AAKRGE7P9eIAABxfJkTLVA,7,WEB_ID,android
10/5/2024 14:59,2a00:5400:f011::,AAKRGE7P9eIAABxfJkTLVA,7,WEB_ID,android
10/5/2024 15:00,2a00:5400:f011::,AAKRGE7P9eIAABxfJkTLVA,7,WEB_ID,android
10/5/2024 15:01,2a00:5400:f011::,AAKRGE7P9eIAABxfJkTLVA,7,WEB_ID,android
10/5/2024 15:02,2a00:5400:f011::,AAKRGE7P9eIAABxfJkTLVA,7,WEB_ID,android
10/5/2024 15:00,2a00:5400:f011::,AAKRGE7P9eIAABxfJkTLVA,7,WEB_ID,android
10/5/2024 15:08,2001:16a2:c1e0::,AAA7PE7OD50AABQ_9xhR4Q,7,WEB_ID,android
10/5/2024 17:21,2a00:5400:f011::,AAKRGE7P9eIAABxfJkTLVA,7,WEB_ID,android
10/5/2024 18:49,2001:16a2:c1f0::,AAA7PE7OD50AABQ_9xhR4Q,7,WEB_ID,android
10/5/2024 19:33,2001:16a2:c1f0::,AAA7PE7OD50AABQ_9xhR4Q,7,WEB_ID,android
10/5/2024 19:34,2001:16a2:c1f0::,AAA7PE7OD50AABQ_9xhR4Q,7,WEB_ID,android
10/5/2024 19:38,2001:16a2:c1f0::,AAA7PE7OD50AABQ_9xhR4Q,7,WEB_ID,android
10/5/2024 19:40,2001:16a2:c1f0::,AAA7PE7OD50AABQ_9xhR4Q,7,WEB_ID,android
10/5/2024 20:17,2001:16a2:c1f3::,AAA7PE7OD50AABQ_9xhR4Q,7,WEB_ID,android
10/5/2024 20:35,51.253.242.0,AAA7PE7OD50AABQ_9xhR4Q,7,WEB_ID,android
10/5/2024 20:52,51.253.210.0,AAA7PE7OD50AABQ_9xhR4Q,7,WEB_ID,android
10/5/2024 20:56,51.253.210.0,AAA7PE7OD50AABQ_9xhR4Q,7,WEB_ID,android
10/5/2024 20:34,51.253.210.0,AAA7PE7OD50AABQ_9xhR4Q,7,WEB_ID,android
10/5/2024 20:36,51.253.210.0,AAA7PE7OD50AABQ_9xhR4Q,7,WEB_ID,android
10/5/2024 20:42,2001:16a2:c1e3::,AAA7PE7OD50AABQ_9xhR4Q,7,WEB_ID,android
10/6/2024 8:51,2001:16a2:c1e3::,AAA7PE7OD50AABQ_9xhR4Q,7,WEB_ID,android
10/6/2024 9:33,2a00:5400:f011::,AAKRGE7P9eIAABxfJkTLVA,7,WEB_ID,android
10/6/2024 9:37,2a00:5400:f011::,AAKRGE7P9eIAABxfJkTLVA,7,WEB_ID,android
10/6/2024 9:55,2a00:5400:f011::,AAKRGE7P9eIAABxfJkTLVA,7,WEB_ID,android
10/6/2024 12:14,2a00:5400:e266::,AAA7PE7OD50AABQ_9xhR4Q,7,WEB_ID,android
10/6/2024 12:52,2a00:5400:f015::,AAKRGE7P9eIAABxfJkTLVA,7,WEB_ID,android
10/6/2024 12:16,2a00:5400:e266::,AAA7PE7OD50AABQ_9xhR4Q,7,WEB_ID,android
10/6/2024 12:17,2a00:5400:e266::,AAA7PE7OD50AABQ_9xhR4Q,7,WEB_ID,android
10/6/2024 12:18,2a00:5400:e266::,AAA7PE7OD50AABQ_9xhR4Q,7,WEB_ID,android
10/6/2024 12:18,2a00:5400:e266::,AAA7PE7OD50AABQ_9xhR4Q,7,WEB_ID,android
10/6/2024 12:18,2a00:5400:e266::,AAA7PE7OD50AABQ_9xhR4Q,7,WEB_ID,android
10/6/2024 12:27,2a00:5400:e266::,AAA7PE7OD50AABQ_9xhR4Q,7,WEB_ID,android
10/6/2024 12:30,2a00:5400:f013::,AAKRGE7P9eIAABxfJkTLVA,7,WEB_ID,android
10/6/2024 12:31,2a00:5400:f013::,AAKRGE7P9eIAABxfJkTLVA,7,WEB_ID,android
10/6/2024 12:32,2a00:5400:f013::,AAKRGE7P9eIAABxfJkTLVA,7,WEB_ID,android
10/6/2024 12:32,2a00:5400:f013::,AAKRGE7P9eIAABxfJkTLVA,7,WEB_ID,android
10/6/2024 12:33,2a00:5400:f013::,AAKRGE7P9eIAABxfJkTLVA,7,WEB_ID,android
10/6/2024 12:34,2a00:5400:f013::,AAKRGE7P9eIAABxfJkTLVA,7,WEB_ID,android
10/6/2024 12:35,2a00:5400:f013::,AAKRGE7P9eIAABxfJkTLVA,7,WEB_ID,android
10/6/2024 12:36,2a00:5400:f013::,AAKRGE7P9eIAABxfJkTLVA,7,WEB_ID,android
10/6/2024 18:02,2a00:5400:f013::,AAKRGE7P9eIAABxfJkTLVA,7,WEB_ID,android
10/6/2024 18:05,2a00:5400:f013::,AAKRGE7P9eIAABxfJkTLVA,7,WEB_ID,android
10/6/2024 18:15,2a00:5400:f013::,AAKRGE7P9eIAABxfJkTLVA,7,WEB_ID,android
10/6/2024 18:18,2a00:5400:f013::,AAKRGE7P9eIAABxfJkTLVA,7,WEB_ID,android
10/6/2024 18:20,2a00:5400:f013::,AAKRGE7P9eIAABxfJkTLVA,7,WEB_ID,android
10/6/2024 18:24,2a00:5400:f013::,AAKRGE7P9eIAABxfJkTLVA,7,WEB_ID,android
10/6/2024 18:25,2a00:5400:f013::,AAKRGE7P9eIAABxfJkTLVA,7,WEB_ID,android
10/6/2024 18:26,2a00:5400:f013::,AAKRGE7P9eIAABxfJkTLVA,7,WEB_ID,android
10/6/2024 18:27,2a00:5400:f013::,AAKRGE7P9eIAABxfJkTLVA,7,WEB_ID,android
10/6/2024 18:44,2a00:5400:f013::,AAKRGE7P9eIAABxfJkTLVA,7,WEB_ID,android
10/6/2024 18:45,2a00:5400:f013::,AAKRGE7P9eIAABxfJkTLVA,7,WEB_ID,android
10/6/2024 18:49,2a00:5400:f013::,AAKRGE7P9eIAABxfJkTLVA,7,WEB_ID,android
10/6/2024 18:56,2a00:5400:f013::,AAKRGE7P9eIAABxfJkTLVA,7,WEB_ID,android
10/6/2024 18:58,2a00:5400:f013::,AAKRGE7P9eIAABxfJkTLVA,7,WEB_ID,android
10/6/2024 18:59,2a00:5400:f013::,AAKRGE7P9eIAABxfJkTLVA,7,WEB_ID,android
10/6/2024 19:00,2a00:5400:f013::,AAKRGE7P9eIAABxfJkTLVA,7,WEB_ID,android
10/6/2024 19:01,2a00:5400:f013::,AAKRGE7P9eIAABxfJkTLVA,7,WEB_ID,android
10/6/2024 19:02,2a00:5400:f013::,AAKRGE7P9eIAABxfJkTLVA,7,WEB_ID,android
10/6/2024 19:32,2a00:5400:e266::,AAA7PE7OD50AABQ_9xhR4Q,7,WEB_ID,android
10/6/2024 20:19,2a00:5400:e266::,AAA7PE7OD50AABQ_9xhR4Q,7,WEB_ID,android
10/7/2024 8:55,2a00:5400:f012::,AAKRGE7P9eIAABxfJkTLVA,7,WEB_ID,android
10/7/2024 9:11,2a00:5400:f012::,AAKRGE7P9eIAABxfJkTLVA,7,WEB_ID,android
10/7/2024 9:12,2a00:5400:f012::,AAKRGE7P9eIAABxfJkTLVA,7,WEB_ID,android
10/7/2024 9:13,2a00:5400:f012::,AAKRGE7P9eIAABxfJkTLVA,7,WEB_ID,android
10/7/2024 9:13,2a00:5400:f012::,AAKRGE7P9eIAABxfJkTLVA,7,WEB_ID,android
10/7/2024 9:13,2a00:5400:f012::,AAKRGE7P9eIAABxfJkTLVA,7,WEB_ID,android
10/7/2024 9:14,2a00:5400:f012::,AAKRGE7P9eIAABxfJkTLVA,7,WEB_ID,android
10/7/2024 9:14,2a00:5400:f012::,AAKRGE7P9eIAABxfJkTLVA,7,WEB_ID,android
10/7/2024 9:15,2a00:5400:f012::,AAKRGE7P9eIAABxfJkTLVA,7,WEB_ID,android
10/7/2024 9:21,2a00:5400:f012::,AAKRGE7P9eIAABxfJkTLVA,7,WEB_ID,android
10/7/2024 9:22,2a00:5400:f012::,AAKRGE7P9eIAABxfJkTLVA,7,WEB_ID,android
10/7/2024 9:24,46.143.163.0,AAKRGE7P9eIAABxfJkTLVA,7,WEB_ID,android
10/7/2024 9:25,46.143.163.0,AAKRGE7P9eIAABxfJkTLVA,7,WEB_ID,android
10/7/2024 9:25,46.143.163.0,AAKRGE7P9eIAABxfJkTLVA,7,WEB_ID,android
10/7/2024 9:27,46.143.163.0,AAKRGE7P9eIAABxfJkTLVA,7,WEB_ID,android
10/7/2024 9:27,46.143.163.0,AAKRGE7P9eIAABxfJkTLVA,7,WEB_ID,android
10/7/2024 9:20,46.143.163.0,AAKRGE7P9eIAABxfJkTLVA,7,WEB_ID,android
10/7/2024 9:20,46.143.163.0,AAKRGE7P9eIAABxfJkTLVA,7,WEB_ID,android
10/7/2024 9:26,2a00:5400:f012::,AAKRGE7P9eIAABxfJkTLVA,7,WEB_ID,android
10/7/2024 9:26,2a00:5400:f012::,AAKRGE7P9eIAABxfJkTLVA,7,WEB_ID,android
10/7/2024 9:27,2a00:5400:f012::,AAKRGE7P9eIAABxfJkTLVA,7,WEB_ID,android
10/7/2024 9:29,2a00:5400:f012::,AAKRGE7P9eIAABxfJkTLVA,7,WEB_ID,android
10/7/2024 9:31,2a00:5400:f012::,AAKRGE7P9eIAABxfJkTLVA,7,WEB_ID,android
10/7/2024 9:31,2a00:5400:f012::,AAKRGE7P9eIAABxfJkTLVA,7,WEB_ID,android
10/7/2024 9:31,2a00:5400:f012::,AAKRGE7P9eIAABxfJkTLVA,7,WEB_ID,android
10/7/2024 9:36,2a00:5400:f012::,AAKRGE7P9eIAABxfJkTLVA,7,WEB_ID,android
10/7/2024 9:39,2a00:5400:f012::,AAKRGE7P9eIAABxfJkTLVA,7,WEB_ID,android
10/7/2024 9:50,2a00:5400:f012::,AAKRGE7P9eIAABxfJkTLVA,7,WEB_ID,android
10/7/2024 9:52,46.143.147.0,AAKRGE7P9eIAABxfJkTLVA,7,WEB_ID,android
10/7/2024 9:53,2a00:5400:f012::,AAKRGE7P9eIAABxfJkTLVA,7,WEB_ID,android
10/7/2024 9:54,2a00:5400:f012::,AAKRGE7P9eIAABxfJkTLVA,7,WEB_ID,android
10/7/2024 9:54,2a00:5400:f012::,AAKRGE7P9eIAABxfJkTLVA,7,WEB_ID,android
10/7/2024 9:55,2a00:5400:f012::,AAKRGE7P9eIAABxfJkTLVA,7,WEB_ID,android
10/7/2024 9:55,2a00:5400:f012::,AAKRGE7P9eIAABxfJkTLVA,7,WEB_ID,android
10/7/2024 9:55,2a00:5400:f012::,AAKRGE7P9eIAABxfJkTLVA,7,WEB_ID,android
10/7/2024 10:10,82.167.201.0,AAA7PE7OD50AABQ_9xhR4Q,7,WEB_ID,android
10/7/2024 10:14,2a00:5400:f012::,AAKRGE7P9eIAABxfJkTLVA,7,WEB_ID,android
10/7/2024 10:16,2a00:5400:f012::,AAKRGE7P9eIAABxfJkTLVA,7,WEB_ID,android
10/7/2024 10:16,2a00:5400:f012::,AAKRGE7P9eIAABxfJkTLVA,7,WEB_ID,android
10/7/2024 10:17,2a00:5400:f012::,AAKRGE7P9eIAABxfJkTLVA,7,WEB_ID,android
10/7/2024 10:18,2a00:5400:f012::,AAKRGE7P9eIAABxfJkTLVA,7,WEB_ID,android
10/7/2024 10:19,2a00:5400:f012::,AAKRGE7P9eIAABxfJkTLVA,7,WEB_ID,android
10/7/2024 9:41,2a00:5400:f012::,AAKRGE7P9eIAABxfJkTLVA,7,WEB_ID,android
10/7/2024 9:41,2a00:5400:f012::,AAKRGE7P9eIAABxfJkTLVA,7,WEB_ID,android
10/7/2024 9:41,2a00:5400:f012::,AAKRGE7P9eIAABxfJkTLVA,7,WEB_ID,android
10/7/2024 9:41,2a00:5400:f012::,AAKRGE7P9eIAABxfJkTLVA,7,WEB_ID,android
10/7/2024 9:42,2a00:5400:f012::,AAKRGE7P9eIAABxfJkTLVA,7,WEB_ID,android
10/7/2024 9:43,2a00:5400:f012::,AAKRGE7P9eIAABxfJkTLVA,7,WEB_ID,android
10/7/2024 9:43,2a00:5400:f012::,AAKRGE7P9eIAABxfJkTLVA,7,WEB_ID,android
10/7/2024 9:48,2a00:5400:f012::,AAKRGE7P9eIAABxfJkTLVA,7,WEB_ID,android
10/7/2024 9:49,2a00:5400:f012::,AAKRGE7P9eIAABxfJkTLVA,7,WEB_ID,android
10/7/2024 9:51,2a00:5400:f012::,AAKRGE7P9eIAABxfJkTLVA,7,WEB_ID,android
10/7/2024 9:52,2a00:5400:f012::,AAKRGE7P9eIAABxfJkTLVA,7,WEB_ID,android
10/7/2024 9:52,2a00:5400:f012::,AAKRGE7P9eIAABxfJkTLVA,7,WEB_ID,android
10/7/2024 9:52,2a00:5400:f012::,AAKRGE7P9eIAABxfJkTLVA,7,WEB_ID,android
10/7/2024 9:58,2a00:5400:f012::,AAKRGE7P9eIAABxfJkTLVA,7,WEB_ID,android
10/7/2024 9:58,2a00:5400:f012::,AAKRGE7P9eIAABxfJkTLVA,7,WEB_ID,android
10/7/2024 9:59,2a00:5400:f012::,AAKRGE7P9eIAABxfJkTLVA,7,WEB_ID,android
10/7/2024 9:59,2a00:5400:f012::,AAKRGE7P9eIAABxfJkTLVA,7,WEB_ID,android
10/7/2024 10:00,2a00:5400:f012::,AAKRGE7P9eIAABxfJkTLVA,7,WEB_ID,android
10/7/2024 10:00,2a00:5400:f012::,AAKRGE7P9eIAABxfJkTLVA,7,WEB_ID,android
10/7/2024 10:00,2a00:5400:f012::,AAKRGE7P9eIAABxfJkTLVA,7,WEB_ID,android
10/7/2024 10:00,2a00:5400:f012::,AAKRGE7P9eIAABxfJkTLVA,7,WEB_ID,android
10/7/2024 10:02,2a00:5400:f012::,AAKRGE7P9eIAABxfJkTLVA,7,WEB_ID,android
10/7/2024 10:04,2a00:5400:f012::,AAKRGE7P9eIAABxfJkTLVA,7,WEB_ID,android
10/7/2024 10:05,2a00:5400:f012::,AAKRGE7P9eIAABxfJkTLVA,7,WEB_ID,android
10/7/2024 10:06,2a00:5400:f012::,AAKRGE7P9eIAABxfJkTLVA,7,WEB_ID,android
10/7/2024 10:08,2a00:5400:f012::,AAKRGE7P9eIAABxfJkTLVA,7,WEB_ID,android
10/7/2024 10:09,2a00:5400:f012::,AAKRGE7P9eIAABxfJkTLVA,7,WEB_ID,android
10/7/2024 10:10,2a00:5400:f012::,AAKRGE7P9eIAABxfJkTLVA,7,WEB_ID,android
10/7/2024 10:11,2a00:5400:f012::,AAKRGE7P9eIAABxfJkTLVA,7,WEB_ID,android
10/7/2024 10:11,2a00:5400:f012::,AAKRGE7P9eIAABxfJkTLVA,7,WEB_ID,android
10/7/2024 10:12,2a00:5400:f012::,AAKRGE7P9eIAABxfJkTLVA,7,WEB_ID,android
10/7/2024 10:13,2a00:5400:f012::,AAKRGE7P9eIAABxfJkTLVA,7,WEB_ID,android
10/7/2024 10:13,2a00:5400:f012::,AAKRGE7P9eIAABxfJkTLVA,7,WEB_ID,android
10/7/2024 10:19,2a00:5400:f012::,AAKRGE7P9eIAABxfJkTLVA,7,WEB_ID,android
10/7/2024 10:19,2a00:5400:f012::,AAKRGE7P9eIAABxfJkTLVA,7,WEB_ID,android
10/7/2024 10:19,2a00:5400:f012::,AAKRGE7P9eIAABxfJkTLVA,7,WEB_ID,android
10/7/2024 10:20,2a00:5400:f012::,AAKRGE7P9eIAABxfJkTLVA,7,WEB_ID,android
10/7/2024 10:20,2a00:5400:f012::,AAKRGE7P9eIAABxfJkTLVA,7,WEB_ID,android
10/7/2024 10:21,2a00:5400:f012::,AAKRGE7P9eIAABxfJkTLVA,7,WEB_ID,android
10/7/2024 10:21,2a00:5400:f012::,AAKRGE7P9eIAABxfJkTLVA,7,WEB_ID,android
10/7/2024 10:24,2a00:5400:f012::,AAKRGE7P9eIAABxfJkTLVA,7,WEB_ID,android
10/7/2024 10:25,2a00:5400:f012::,AAKRGE7P9eIAABxfJkTLVA,7,WEB_ID,android
10/7/2024 10:25,2a00:5400:f012::,AAKRGE7P9eIAABxfJkTLVA,7,WEB_ID,android
10/7/2024 10:25,2a00:5400:f012::,AAKRGE7P9eIAABxfJkTLVA,7,WEB_ID,android
10/7/2024 10:28,2a00:5400:f012::,AAKRGE7P9eIAABxfJkTLVA,7,WEB_ID,android
10/7/2024 10:28,2a00:5400:f012::,AAKRGE7P9eIAABxfJkTLVA,7,WEB_ID,android
10/7/2024 10:29,2a00:5400:f012::,AAKRGE7P9eIAABxfJkTLVA,7,WEB_ID,android
10/7/2024 10:30,2a00:5400:f012::,AAKRGE7P9eIAABxfJkTLVA,7,WEB_ID,android
10/7/2024 10:32,2a00:5400:f012::,AAKRGE7P9eIAABxfJkTLVA,7,WEB_ID,android
10/7/2024 10:32,2a00:5400:f012::,AAKRGE7P9eIAABxfJkTLVA,7,WEB_ID,android
10/7/2024 10:32,2a00:5400:f012::,AAKRGE7P9eIAABxfJkTLVA,7,WEB_ID,android
10/7/2024 10:33,2a00:5400:f012::,AAKRGE7P9eIAABxfJkTLVA,7,WEB_ID,android
10/7/2024 10:34,2a00:5400:f012::,AAKRGE7P9eIAABxfJkTLVA,7,WEB_ID,android
10/7/2024 10:26,2a00:5400:e266::,AAA7PE7OD50AABQ_9xhR4Q,7,WEB_ID,android
10/7/2024 10:36,2a00:5400:e266::,AAA7PE7OD50AABQ_9xhR4Q,7,WEB_ID,android
10/7/2024 14:26,2a00:5400:f011::,AAKRGE7P9eIAABxfJkTLVA,7,WEB_ID,android
10/7/2024 15:11,2a00:5400:f013::,AAKRGE7P9eIAABxfJkTLVA,7,WEB_ID,android
10/7/2024 14:57,2a00:5400:f013::,AAKRGE7P9eIAABxfJkTLVA,7,WEB_ID,android
10/7/2024 14:59,2a00:5400:f013::,AAKRGE7P9eIAABxfJkTLVA,7,WEB_ID,android
10/7/2024 15:00,2a00:5400:f013::,AAKRGE7P9eIAABxfJkTLVA,7,WEB_ID,android
10/7/2024 15:00,2a00:5400:f013::,AAKRGE7P9eIAABxfJkTLVA,7,WEB_ID,android
10/7/2024 15:01,2a00:5400:f013::,AAKRGE7P9eIAABxfJkTLVA,7,WEB_ID,android
10/7/2024 15:01,2a00:5400:f013::,AAKRGE7P9eIAABxfJkTLVA,7,WEB_ID,android
10/7/2024 15:02,2a00:5400:f013::,AAKRGE7P9eIAABxfJkTLVA,7,WEB_ID,android
10/7/2024 15:03,2a00:5400:f013::,AAKRGE7P9eIAABxfJkTLVA,7,WEB_ID,android
10/7/2024 15:04,2a00:5400:f013::,AAKRGE7P9eIAABxfJkTLVA,7,WEB_ID,android
10/7/2024 15:05,2a00:5400:f013::,AAKRGE7P9eIAABxfJkTLVA,7,WEB_ID,android
10/7/2024 15:06,2a00:5400:f013::,AAKRGE7P9eIAABxfJkTLVA,7,WEB_ID,android
10/7/2024 15:07,2a00:5400:f013::,AAKRGE7P9eIAABxfJkTLVA,7,WEB_ID,android
10/7/2024 15:07,2a00:5400:f013::,AAKRGE7P9eIAABxfJkTLVA,7,WEB_ID,android
10/7/2024 15:08,2a00:5400:f013::,AAKRGE7P9eIAABxfJkTLVA,7,WEB_ID,android
10/7/2024 15:09,2a00:5400:f013::,AAKRGE7P9eIAABxfJkTLVA,7,WEB_ID,android
10/7/2024 15:10,2a00:5400:f013::,AAKRGE7P9eIAABxfJkTLVA,7,WEB_ID,android
10/7/2024 15:12,2a00:5400:f013::,AAKRGE7P9eIAABxfJkTLVA,7,WEB_ID,android
10/7/2024 15:13,2a00:5400:f013::,AAKRGE7P9eIAABxfJkTLVA,7,WEB_ID,android
10/7/2024 15:14,2a00:5400:f013::,AAKRGE7P9eIAABxfJkTLVA,7,WEB_ID,android
10/7/2024 15:15,2a00:5400:f013::,AAKRGE7P9eIAABxfJkTLVA,7,WEB_ID,android
10/7/2024 15:15,2a00:5400:f013::,AAKRGE7P9eIAABxfJkTLVA,7,WEB_ID,android
10/7/2024 15:15,2a00:5400:f013::,AAKRGE7P9eIAABxfJkTLVA,7,WEB_ID,android
10/7/2024 15:15,2a00:5400:f013::,AAKRGE7P9eIAABxfJkTLVA,7,WEB_ID,android
10/7/2024 15:16,2a00:5400:f013::,AAKRGE7P9eIAABxfJkTLVA,7,WEB_ID,android
10/7/2024 15:16,2a00:5400:f013::,AAKRGE7P9eIAABxfJkTLVA,7,WEB_ID,android
10/7/2024 15:17,2a00:5400:f013::,AAKRGE7P9eIAABxfJkTLVA,7,WEB_ID,android
10/7/2024 15:18,2a00:5400:f013::,AAKRGE7P9eIAABxfJkTLVA,7,WEB_ID,android
10/7/2024 15:19,2a00:5400:f013::,AAKRGE7P9eIAABxfJkTLVA,7,WEB_ID,android
10/7/2024 15:20,2a00:5400:f013::,AAKRGE7P9eIAABxfJkTLVA,7,WEB_ID,android
10/7/2024 15:21,2a00:5400:f013::,AAKRGE7P9eIAABxfJkTLVA,7,WEB_ID,android
10/7/2024 15:21,2a00:5400:f013::,AAKRGE7P9eIAABxfJkTLVA,7,WEB_ID,android
10/7/2024 15:21,2a00:5400:f013::,AAKRGE7P9eIAABxfJkTLVA,7,WEB_ID,android
10/7/2024 15:22,2a00:5400:f013::,AAKRGE7P9eIAABxfJkTLVA,7,WEB_ID,android
10/7/2024 15:23,2a00:5400:f013::,AAKRGE7P9eIAABxfJkTLVA,7,WEB_ID,android
10/7/2024 15:23,2a00:5400:f013::,AAKRGE7P9eIAABxfJkTLVA,7,WEB_ID,android
10/7/2024 15:26,2a00:5400:f013::,AAKRGE7P9eIAABxfJkTLVA,7,WEB_ID,android
10/7/2024 15:27,2a00:5400:f013::,AAKRGE7P9eIAABxfJkTLVA,7,WEB_ID,android
10/7/2024 15:28,2a00:5400:f013::,AAKRGE7P9eIAABxfJkTLVA,7,WEB_ID,android
10/7/2024 15:28,2a00:5400:f013::,AAKRGE7P9eIAABxfJkTLVA,7,WEB_ID,android
10/7/2024 15:28,2a00:5400:f013::,AAKRGE7P9eIAABxfJkTLVA,7,WEB_ID,android
10/7/2024 15:31,2a00:5400:f013::,AAKRGE7P9eIAABxfJkTLVA,7,WEB_ID,android
10/7/2024 15:32,2a00:5400:f013::,AAKRGE7P9eIAABxfJkTLVA,7,WEB_ID,android
10/7/2024 18:51,2a00:5400:f013::,AAKRGE7P9eIAABxfJkTLVA,7,WEB_ID,android
10/7/2024 18:52,2a00:5400:f013::,AAKRGE7P9eIAABxfJkTLVA,7,WEB_ID,android
10/7/2024 18:57,2a00:5400:f013::,AAKRGE7P9eIAABxfJkTLVA,7,WEB_ID,android
10/7/2024 19:39,2a00:5400:f013::,AAKRGE7P9eIAABxfJkTLVA,7,WEB_ID,android
10/7/2024 19:49,82.167.201.0,AAA7PE7OD50AABQ_9xhR4Q,7,WEB_ID,android
10/7/2024 19:59,2a00:5400:f013::,AAKRGE7P9eIAABxfJkTLVA,7,WEB_ID,android
10/7/2024 20:00,2a00:5400:f013::,AAKRGE7P9eIAABxfJkTLVA,7,WEB_ID,android
10/7/2024 20:00,2a00:5400:f013::,AAKRGE7P9eIAABxfJkTLVA,7,WEB_ID,android
10/7/2024 20:01,2a00:5400:f013::,AAKRGE7P9eIAABxfJkTLVA,7,WEB_ID,android
10/7/2024 20:01,2a00:5400:f013::,AAKRGE7P9eIAABxfJkTLVA,7,WEB_ID,android
10/7/2024 20:02,2a00:5400:f013::,AAKRGE7P9eIAABxfJkTLVA,7,WEB_ID,android
10/7/2024 20:02,2a00:5400:f013::,AAKRGE7P9eIAABxfJkTLVA,7,WEB_ID,android
10/7/2024 20:02,2a00:5400:f013::,AAKRGE7P9eIAABxfJkTLVA,7,WEB_ID,android
10/7/2024 20:04,2a00:5400:f013::,AAKRGE7P9eIAABxfJkTLVA,7,WEB_ID,android
10/7/2024 20:08,2a00:5400:f013::,AAKRGE7P9eIAABxfJkTLVA,7,WEB_ID,android
10/7/2024 20:09,2a00:5400:f013::,AAKRGE7P9eIAABxfJkTLVA,7,WEB_ID,android
10/7/2024 20:09,2a00:5400:f013::,AAKRGE7P9eIAABxfJkTLVA,7,WEB_ID,android
10/7/2024 20:10,2a00:5400:f013::,AAKRGE7P9eIAABxfJkTLVA,7,WEB_ID,android
10/7/2024 20:10,2a00:5400:f013::,AAKRGE7P9eIAABxfJkTLVA,7,WEB_ID,android
10/7/2024 20:11,2a00:5400:f013::,AAKRGE7P9eIAABxfJkTLVA,7,WEB_ID,android
10/7/2024 20:11,2a00:5400:f013::,AAKRGE7P9eIAABxfJkTLVA,7,WEB_ID,android
10/7/2024 20:12,2a00:5400:f013::,AAKRGE7P9eIAABxfJkTLVA,7,WEB_ID,android
10/7/2024 20:12,2a00:5400:f013::,AAKRGE7P9eIAABxfJkTLVA,7,WEB_ID,android
10/7/2024 20:13,2a00:5400:f013::,AAKRGE7P9eIAABxfJkTLVA,7,WEB_ID,android
10/7/2024 20:13,2a00:5400:f013::,AAKRGE7P9eIAABxfJkTLVA,7,WEB_ID,android
10/7/2024 20:13,2a00:5400:f013::,AAKRGE7P9eIAABxfJkTLVA,7,WEB_ID,android
10/7/2024 20:15,2a00:5400:f013::,AAKRGE7P9eIAABxfJkTLVA,7,WEB_ID,android
10/7/2024 20:16,2a00:5400:f013::,AAKRGE7P9eIAABxfJkTLVA,7,WEB_ID,android
10/7/2024 20:17,2a00:5400:f013::,AAKRGE7P9eIAABxfJkTLVA,7,WEB_ID,android
10/7/2024 20:17,2a00:5400:f013::,AAKRGE7P9eIAABxfJkTLVA,7,WEB_ID,android
10/7/2024 20:18,2a00:5400:f013::,AAKRGE7P9eIAABxfJkTLVA,7,WEB_ID,android
10/7/2024 20:19,2a00:5400:f013::,AAKRGE7P9eIAABxfJkTLVA,7,WEB_ID,android
10/7/2024 20:20,2a00:5400:f013::,AAKRGE7P9eIAABxfJkTLVA,7,WEB_ID,android
10/7/2024 20:21,2a00:5400:f013::,AAKRGE7P9eIAABxfJkTLVA,7,WEB_ID,android
10/7/2024 20:22,2a00:5400:f013::,AAKRGE7P9eIAABxfJkTLVA,7,WEB_ID,android
10/7/2024 20:23,2a00:5400:f013::,AAKRGE7P9eIAABxfJkTLVA,7,WEB_ID,android
10/7/2024 20:24,2a00:5400:e266::,AAA7PE7OD50AABQ_9xhR4Q,7,WEB_ID,android
10/7/2024 20:26,2a00:5400:e266::,AAA7PE7OD50AABQ_9xhR4Q,7,WEB_ID,android
10/7/2024 20:26,2a00:5400:e266::,AAA7PE7OD50AABQ_9xhR4Q,7,WEB_ID,android
10/8/2024 12:45,2a00:5400:e266::,AAA7PE7OD50AABQ_9xhR4Q,7,WEB_ID,android
10/8/2024 12:46,2a00:5400:e266::,AAA7PE7OD50AABQ_9xhR4Q,7,WEB_ID,android
10/8/2024 12:48,2a00:5400:e266::,AAA7PE7OD50AABQ_9xhR4Q,7,WEB_ID,android
10/8/2024 12:49,2a00:5400:e266::,AAA7PE7OD50AABQ_9xhR4Q,7,WEB_ID,android
10/8/2024 12:49,2a00:5400:e266::,AAA7PE7OD50AABQ_9xhR4Q,7,WEB_ID,android
10/8/2024 12:51,2a00:5400:e266::,AAA7PE7OD50AABQ_9xhR4Q,7,WEB_ID,android
10/8/2024 12:52,2a00:5400:e266::,AAA7PE7OD50AABQ_9xhR4Q,7,WEB_ID,android
10/8/2024 12:53,2a00:5400:e266::,AAA7PE7OD50AABQ_9xhR4Q,7,WEB_ID,android
10/8/2024 12:57,2a00:5400:e266::,AAA7PE7OD50AABQ_9xhR4Q,7,WEB_ID,android
10/8/2024 14:36,2a00:5400:f014::,AAKRGE7P9eIAABxfJkTLVA,7,WEB_ID,android
10/9/2024 8:45,2001:16a2:c025::,AAFcvU7LIAoAABO-Xttw5A,7,WEB_ID,android
10/9/2024 9:51,2a00:5400:e266::,AAA7PE7OD50AABQ_9xhR4Q,7,WEB_ID,android
10/9/2024 9:52,2a00:5400:e266::,AAA7PE7OD50AABQ_9xhR4Q,7,WEB_ID,android
10/9/2024 9:56,2a00:5400:e266::,AAA7PE7OD50AABQ_9xhR4Q,7,WEB_ID,android
10/9/2024 10:32,2a00:5400:e266::,AAA7PE7OD50AABQ_9xhR4Q,7,WEB_ID,android
10/9/2024 14:21,2a00:5400:f014::,AAKRGE7P9eIAABxfJkTLVA,7,WEB_ID,android
10/9/2024 14:36,2a00:5400:f014::,AAKRGE7P9eIAABxfJkTLVA,7,WEB_ID,android
10/9/2024 14:37,2a00:5400:f014::,AAKRGE7P9eIAABxfJkTLVA,7,WEB_ID,android
10/9/2024 14:37,2a00:5400:f014::,AAKRGE7P9eIAABxfJkTLVA,7,WEB_ID,android
10/9/2024 14:38,2a00:5400:f014::,AAKRGE7P9eIAABxfJkTLVA,7,WEB_ID,android
10/9/2024 14:38,2a00:5400:f014::,AAKRGE7P9eIAABxfJkTLVA,7,WEB_ID,android
10/9/2024 14:38,2a00:5400:f014::,AAKRGE7P9eIAABxfJkTLVA,7,WEB_ID,android
10/9/2024 14:38,2a00:5400:f014::,AAKRGE7P9eIAABxfJkTLVA,7,WEB_ID,android
10/9/2024 18:23,2a00:5400:f014::,AAKRGE7P9eIAABxfJkTLVA,7,WEB_ID,android
10/9/2024 18:24,2a00:5400:f014::,AAKRGE7P9eIAABxfJkTLVA,7,WEB_ID,android
10/9/2024 18:26,2a00:5400:f014::,AAKRGE7P9eIAABxfJkTLVA,7,WEB_ID,android
10/9/2024 18:30,2a00:5400:f014::,AAKRGE7P9eIAABxfJkTLVA,7,WEB_ID,android
10/9/2024 18:31,2a00:5400:f014::,AAKRGE7P9eIAABxfJkTLVA,7,WEB_ID,android
10/9/2024 18:32,2a00:5400:f014::,AAKRGE7P9eIAABxfJkTLVA,7,WEB_ID,android
10/9/2024 18:39,2a00:5400:f014::,AAKRGE7P9eIAABxfJkTLVA,7,WEB_ID,android
10/9/2024 19:12,2a00:5400:f012::,AAKRGE7P9eIAABxfJkTLVA,7,WEB_ID,android
10/9/2024 20:00,2a00:5400:f012::,AAKRGE7P9eIAABxfJkTLVA,7,WEB_ID,android
10/9/2024 20:14,2a00:5400:f012::,AAKRGE7P9eIAABxfJkTLVA,7,WEB_ID,android
10/9/2024 20:23,2a00:5400:e266::,AAA7PE7OD50AABQ_9xhR4Q,7,WEB_ID,android
10/10/2024 8:26,2a00:5400:e266::,AAA7PE7OD50AABQ_9xhR4Q,7,WEB_ID,android
10/10/2024 8:26,2a00:5400:e266::,AAA7PE7OD50AABQ_9xhR4Q,7,WEB_ID,android
10/10/2024 8:27,2a00:5400:e266::,AAA7PE7OD50AABQ_9xhR4Q,7,WEB_ID,android
10/10/2024 8:28,2a00:5400:e266::,AAA7PE7OD50AABQ_9xhR4Q,7,WEB_ID,android
10/10/2024 8:33,2a00:5400:e266::,AAA7PE7OD50AABQ_9xhR4Q,7,WEB_ID,android
10/10/2024 8:53,2a02:cb80:401c::,AAA7PE7OD50AABQ_9xhR4Q,7,WEB_ID,android
10/10/2024 11:27,2a02:cb80:401c::,AAA7PE7OD50AABQ_9xhR4Q,7,WEB_ID,android
10/6/2024 12:23,2a00:20:4000::,d70be07e-05ff-4037-98c5-d059c20f4a1e,5,IDFA,ios
10/10/2024 12:24,2a00:5400:f012::,AAKRGE7P9eIAABxfJkTLVA,7,WEB_ID,android
10/10/2024 11:55,2a00:5400:f012::,AAKRGE7P9eIAABxfJkTLVA,7,WEB_ID,android
10/10/2024 12:57,2a00:5400:f012::,AAKRGE7P9eIAABxfJkTLVA,7,WEB_ID,android
10/10/2024 12:58,2a00:5400:f012::,AAKRGE7P9eIAABxfJkTLVA,7,WEB_ID,android
10/10/2024 12:58,2a00:5400:f012::,AAKRGE7P9eIAABxfJkTLVA,7,WEB_ID,android
10/10/2024 13:08,2a00:5400:f012::,AAKRGE7P9eIAABxfJkTLVA,7,WEB_ID,android
10/10/2024 13:09,2a00:5400:f012::,AAKRGE7P9eIAABxfJkTLVA,7,WEB_ID,android
10/10/2024 13:09,2a00:5400:f012::,AAKRGE7P9eIAABxfJkTLVA,7,WEB_ID,android
10/10/2024 13:10,2a00:5400:f012::,AAKRGE7P9eIAABxfJkTLVA,7,WEB_ID,android
10/10/2024 13:10,2a00:5400:f012::,AAKRGE7P9eIAABxfJkTLVA,7,WEB_ID,android
10/10/2024 13:11,2a00:5400:f012::,AAKRGE7P9eIAABxfJkTLVA,7,WEB_ID,android
10/10/2024 13:11,2a00:5400:f012::,AAKRGE7P9eIAABxfJkTLVA,7,WEB_ID,android
10/10/2024 13:12,2a00:5400:f012::,AAKRGE7P9eIAABxfJkTLVA,7,WEB_ID,android
10/10/2024 13:15,2a00:5400:f012::,AAKRGE7P9eIAABxfJkTLVA,7,WEB_ID,android
10/10/2024 13:15,2a00:5400:f012::,AAKRGE7P9eIAABxfJkTLVA,7,WEB_ID,android
10/10/2024 13:15,2a00:5400:f012::,AAKRGE7P9eIAABxfJkTLVA,7,WEB_ID,android
10/10/2024 13:16,2a00:5400:f012::,AAKRGE7P9eIAABxfJkTLVA,7,WEB_ID,android
10/10/2024 13:16,2a00:5400:f012::,AAKRGE7P9eIAABxfJkTLVA,7,WEB_ID,android
10/10/2024 13:16,2a00:5400:f012::,AAKRGE7P9eIAABxfJkTLVA,7,WEB_ID,android
10/10/2024 13:16,2a00:5400:f012::,AAKRGE7P9eIAABxfJkTLVA,7,WEB_ID,android
10/10/2024 13:29,2a00:5400:f012::,AAKRGE7P9eIAABxfJkTLVA,7,WEB_ID,android
10/10/2024 15:49,2a00:5400:f012::,AAKRGE7P9eIAABxfJkTLVA,7,WEB_ID,android
10/10/2024 16:35,2a00:5400:f012::,AAKRGE7P9eIAABxfJkTLVA,7,WEB_ID,android
10/10/2024 19:25,2a00:5400:f012::,AAKRGE7P9eIAABxfJkTLVA,7,WEB_ID,android
10/10/2024 19:26,2a00:5400:f012::,AAKRGE7P9eIAABxfJkTLVA,7,WEB_ID,android
10/10/2024 19:27,2a00:5400:f012::,AAKRGE7P9eIAABxfJkTLVA,7,WEB_ID,android
10/10/2024 19:27,2a00:5400:f012::,AAKRGE7P9eIAABxfJkTLVA,7,WEB_ID,android
10/10/2024 19:35,2a00:5400:f012::,AAKRGE7P9eIAABxfJkTLVA,7,WEB_ID,android
10/10/2024 19:37,2a00:5400:f012::,AAKRGE7P9eIAABxfJkTLVA,7,WEB_ID,android
10/10/2024 19:38,2a00:5400:f012::,AAKRGE7P9eIAABxfJkTLVA,7,WEB_ID,android
10/10/2024 19:39,2a00:5400:f012::,AAKRGE7P9eIAABxfJkTLVA,7,WEB_ID,android
10/10/2024 19:39,2a00:5400:f012::,AAKRGE7P9eIAABxfJkTLVA,7,WEB_ID,android
10/10/2024 19:42,2a00:5400:f012::,AAKRGE7P9eIAABxfJkTLVA,7,WEB_ID,android
10/10/2024 19:42,2a00:5400:f012::,AAKRGE7P9eIAABxfJkTLVA,7,WEB_ID,android
10/10/2024 19:42,2a00:5400:f012::,AAKRGE7P9eIAABxfJkTLVA,7,WEB_ID,android
10/10/2024 19:43,2a00:5400:f012::,AAKRGE7P9eIAABxfJkTLVA,7,WEB_ID,android
10/10/2024 19:45,2a00:5400:f012::,AAKRGE7P9eIAABxfJkTLVA,7,WEB_ID,android
10/10/2024 19:49,2a00:5400:f012::,AAKRGE7P9eIAABxfJkTLVA,7,WEB_ID,android
10/10/2024 19:50,2a00:5400:f012::,AAKRGE7P9eIAABxfJkTLVA,7,WEB_ID,android
10/10/2024 19:50,2a00:5400:f012::,AAKRGE7P9eIAABxfJkTLVA,7,WEB_ID,android
10/10/2024 19:50,2a00:5400:f012::,AAKRGE7P9eIAABxfJkTLVA,7,WEB_ID,android
10/10/2024 19:50,2a00:5400:f012::,AAKRGE7P9eIAABxfJkTLVA,7,WEB_ID,android
10/10/2024 19:52,2a00:5400:f012::,AAKRGE7P9eIAABxfJkTLVA,7,WEB_ID,android
10/10/2024 19:52,2a00:5400:f012::,AAKRGE7P9eIAABxfJkTLVA,7,WEB_ID,android
10/10/2024 19:52,2a00:5400:f012::,AAKRGE7P9eIAABxfJkTLVA,7,WEB_ID,android
10/10/2024 19:53,2a00:5400:f012::,AAKRGE7P9eIAABxfJkTLVA,7,WEB_ID,android
10/10/2024 19:53,2a00:5400:f012::,AAKRGE7P9eIAABxfJkTLVA,7,WEB_ID,android
10/10/2024 19:55,2a00:5400:f012::,AAKRGE7P9eIAABxfJkTLVA,7,WEB_ID,android
10/10/2024 19:56,2a00:5400:f012::,AAKRGE7P9eIAABxfJkTLVA,7,WEB_ID,android
10/10/2024 19:57,2a00:5400:f012::,AAKRGE7P9eIAABxfJkTLVA,7,WEB_ID,android
10/10/2024 20:00,2a00:5400:f012::,AAKRGE7P9eIAABxfJkTLVA,7,WEB_ID,android
10/10/2024 19:56,2a00:5400:f012::,AAKRGE7P9eIAABxfJkTLVA,7,WEB_ID,android
10/10/2024 20:01,2a00:5400:f012::,AAKRGE7P9eIAABxfJkTLVA,7,WEB_ID,android
10/10/2024 20:02,2a00:5400:f012::,AAKRGE7P9eIAABxfJkTLVA,7,WEB_ID,android
10/10/2024 20:02,2a00:5400:f012::,AAKRGE7P9eIAABxfJkTLVA,7,WEB_ID,android
10/10/2024 20:03,2a00:5400:f012::,AAKRGE7P9eIAABxfJkTLVA,7,WEB_ID,android
10/10/2024 20:05,2a00:5400:f012::,AAKRGE7P9eIAABxfJkTLVA,7,WEB_ID,android
10/10/2024 20:06,2a00:5400:f012::,AAKRGE7P9eIAABxfJkTLVA,7,WEB_ID,android
10/10/2024 20:09,2a00:5400:f012::,AAKRGE7P9eIAABxfJkTLVA,7,WEB_ID,android
10/10/2024 20:10,2a00:5400:f012::,AAKRGE7P9eIAABxfJkTLVA,7,WEB_ID,android
10/10/2024 20:18,2a00:5400:f012::,AAKRGE7P9eIAABxfJkTLVA,7,WEB_ID,android
10/10/2024 20:20,2a00:5400:f012::,AAKRGE7P9eIAABxfJkTLVA,7,WEB_ID,android
10/11/2024 9:02,2a00:5400:f012::,AAKRGE7P9eIAABxfJkTLVA,7,WEB_ID,android
10/11/2024 9:02,2a00:5400:f012::,AAKRGE7P9eIAABxfJkTLVA,7,WEB_ID,android
10/11/2024 9:05,2a00:5400:f012::,AAKRGE7P9eIAABxfJkTLVA,7,WEB_ID,android
10/11/2024 9:06,2a00:5400:f012::,AAKRGE7P9eIAABxfJkTLVA,7,WEB_ID,android
10/11/2024 9:07,2a00:5400:f012::,AAKRGE7P9eIAABxfJkTLVA,7,WEB_ID,android
10/11/2024 9:09,2a00:5400:f012::,AAKRGE7P9eIAABxfJkTLVA,7,WEB_ID,android
10/11/2024 12:49,2a00:5400:f012::,AAKRGE7P9eIAABxfJkTLVA,7,WEB_ID,android
10/11/2024 12:54,2a00:5400:f012::,AAKRGE7P9eIAABxfJkTLVA,7,WEB_ID,android
10/11/2024 12:59,2a00:5400:f012::,AAKRGE7P9eIAABxfJkTLVA,7,WEB_ID,android
10/11/2024 13:02,2a00:5400:f012::,AAKRGE7P9eIAABxfJkTLVA,7,WEB_ID,android
10/11/2024 13:04,2a00:5400:f012::,AAKRGE7P9eIAABxfJkTLVA,7,WEB_ID,android
10/11/2024 13:11,2a00:5400:f012::,AAKRGE7P9eIAABxfJkTLVA,7,WEB_ID,android
10/11/2024 13:12,2a00:5400:f012::,AAKRGE7P9eIAABxfJkTLVA,7,WEB_ID,android
10/11/2024 13:13,2a00:5400:f012::,AAKRGE7P9eIAABxfJkTLVA,7,WEB_ID,android
10/11/2024 13:16,2a00:5400:f012::,AAKRGE7P9eIAABxfJkTLVA,7,WEB_ID,android
10/11/2024 13:17,46.143.148.0,AAKRGE7P9eIAABxfJkTLVA,7,WEB_ID,android
10/11/2024 13:18,2a00:5400:f012::,AAKRGE7P9eIAABxfJkTLVA,7,WEB_ID,android
10/11/2024 13:20,2a00:5400:f012::,AAKRGE7P9eIAABxfJkTLVA,7,WEB_ID,android
10/11/2024 13:23,2a00:5400:f012::,AAKRGE7P9eIAABxfJkTLVA,7,WEB_ID,android
10/11/2024 13:23,2a00:5400:f012::,AAKRGE7P9eIAABxfJkTLVA,7,WEB_ID,android
10/11/2024 13:24,2a00:5400:f012::,AAKRGE7P9eIAABxfJkTLVA,7,WEB_ID,android
10/11/2024 13:24,2a00:5400:f012::,AAKRGE7P9eIAABxfJkTLVA,7,WEB_ID,android
10/11/2024 13:25,2a00:5400:f012::,AAKRGE7P9eIAABxfJkTLVA,7,WEB_ID,android
10/11/2024 13:26,2a00:5400:f012::,AAKRGE7P9eIAABxfJkTLVA,7,WEB_ID,android
10/11/2024 13:26,2a00:5400:f012::,AAKRGE7P9eIAABxfJkTLVA,7,WEB_ID,android
10/11/2024 13:27,2a00:5400:f012::,AAKRGE7P9eIAABxfJkTLVA,7,WEB_ID,android
10/11/2024 13:27,2a00:5400:f012::,AAKRGE7P9eIAABxfJkTLVA,7,WEB_ID,android
10/11/2024 13:28,2a00:5400:f012::,AAKRGE7P9eIAABxfJkTLVA,7,WEB_ID,android
10/11/2024 13:29,2a00:5400:f012::,AAKRGE7P9eIAABxfJkTLVA,7,WEB_ID,android
10/11/2024 13:29,2a00:5400:f012::,AAKRGE7P9eIAABxfJkTLVA,7,WEB_ID,android
10/11/2024 13:31,2a00:5400:f012::,AAKRGE7P9eIAABxfJkTLVA,7,WEB_ID,android
10/11/2024 13:31,2a00:5400:f012::,AAKRGE7P9eIAABxfJkTLVA,7,WEB_ID,android
10/11/2024 13:32,2a00:5400:f012::,AAKRGE7P9eIAABxfJkTLVA,7,WEB_ID,android
10/11/2024 13:32,2a00:5400:f012::,AAKRGE7P9eIAABxfJkTLVA,7,WEB_ID,android
10/11/2024 13:33,2a00:5400:f012::,AAKRGE7P9eIAABxfJkTLVA,7,WEB_ID,android
10/11/2024 13:34,2a00:5400:f012::,AAKRGE7P9eIAABxfJkTLVA,7,WEB_ID,android
10/11/2024 13:34,2a00:5400:f012::,AAKRGE7P9eIAABxfJkTLVA,7,WEB_ID,android
10/11/2024 13:35,2a00:5400:f012::,AAKRGE7P9eIAABxfJkTLVA,7,WEB_ID,android
10/11/2024 13:36,2a00:5400:f012::,AAKRGE7P9eIAABxfJkTLVA,7,WEB_ID,android
10/11/2024 13:37,2a00:5400:f012::,AAKRGE7P9eIAABxfJkTLVA,7,WEB_ID,android
10/11/2024 14:44,2a00:5400:f012::,AAKRGE7P9eIAABxfJkTLVA,7,WEB_ID,android
10/11/2024 14:45,2a00:5400:f012::,AAKRGE7P9eIAABxfJkTLVA,7,WEB_ID,android
10/11/2024 14:45,2a00:5400:f012::,AAKRGE7P9eIAABxfJkTLVA,7,WEB_ID,android
10/11/2024 14:46,2a00:5400:f012::,AAKRGE7P9eIAABxfJkTLVA,7,WEB_ID,android
10/11/2024 14:46,2a00:5400:f012::,AAKRGE7P9eIAABxfJkTLVA,7,WEB_ID,android
10/11/2024 14:47,2a00:5400:f012::,AAKRGE7P9eIAABxfJkTLVA,7,WEB_ID,android
10/11/2024 14:48,2a00:5400:f012::,AAKRGE7P9eIAABxfJkTLVA,7,WEB_ID,android
10/11/2024 14:48,2a00:5400:f012::,AAKRGE7P9eIAABxfJkTLVA,7,WEB_ID,android
10/11/2024 14:48,2a00:5400:f012::,AAKRGE7P9eIAABxfJkTLVA,7,WEB_ID,android
10/11/2024 14:49,2a00:5400:f012::,AAKRGE7P9eIAABxfJkTLVA,7,WEB_ID,android
10/11/2024 14:50,2a00:5400:f012::,AAKRGE7P9eIAABxfJkTLVA,7,WEB_ID,android
10/11/2024 14:51,2a00:5400:f012::,AAKRGE7P9eIAABxfJkTLVA,7,WEB_ID,android
10/11/2024 14:53,2a00:5400:f012::,AAKRGE7P9eIAABxfJkTLVA,7,WEB_ID,android
10/11/2024 14:53,2a00:5400:f012::,AAKRGE7P9eIAABxfJkTLVA,7,WEB_ID,android
10/11/2024 14:53,2a00:5400:f012::,AAKRGE7P9eIAABxfJkTLVA,7,WEB_ID,android
10/11/2024 14:55,2a00:5400:f012::,AAKRGE7P9eIAABxfJkTLVA,7,WEB_ID,android
10/11/2024 14:55,2a00:5400:f012::,AAKRGE7P9eIAABxfJkTLVA,7,WEB_ID,android
10/11/2024 14:53,2a00:5400:f012::,AAKRGE7P9eIAABxfJkTLVA,7,WEB_ID,android
10/11/2024 15:05,82.167.116.0,AAFcvU7LIAoAABO-Xttw5A,7,WEB_ID,android
10/11/2024 15:23,2a00:5400:f012::,AAKRGE7P9eIAABxfJkTLVA,7,WEB_ID,android
10/11/2024 15:43,2a00:5400:f012::,AAKRGE7P9eIAABxfJkTLVA,7,WEB_ID,android
10/11/2024 15:45,2a00:5400:f012::,AAKRGE7P9eIAABxfJkTLVA,7,WEB_ID,android
10/11/2024 15:48,2a00:5400:f012::,AAKRGE7P9eIAABxfJkTLVA,7,WEB_ID,android
10/11/2024 15:48,2a00:5400:f012::,AAKRGE7P9eIAABxfJkTLVA,7,WEB_ID,android
10/11/2024 15:50,2a00:5400:f012::,AAKRGE7P9eIAABxfJkTLVA,7,WEB_ID,android
10/11/2024 15:53,2a00:5400:f012::,AAKRGE7P9eIAABxfJkTLVA,7,WEB_ID,android
10/11/2024 15:53,2a00:5400:f012::,AAKRGE7P9eIAABxfJkTLVA,7,WEB_ID,android
10/11/2024 15:54,2a00:5400:f012::,AAKRGE7P9eIAABxfJkTLVA,7,WEB_ID,android
10/11/2024 15:54,2a00:5400:f012::,AAKRGE7P9eIAABxfJkTLVA,7,WEB_ID,android
10/11/2024 16:15,2a00:5400:f012::,AAKRGE7P9eIAABxfJkTLVA,7,WEB_ID,android
10/11/2024 15:58,2a00:5400:f012::,AAKRGE7P9eIAABxfJkTLVA,7,WEB_ID,android
10/11/2024 16:02,2a00:5400:f012::,AAKRGE7P9eIAABxfJkTLVA,7,WEB_ID,android
10/11/2024 16:02,2a00:5400:f012::,AAKRGE7P9eIAABxfJkTLVA,7,WEB_ID,android
10/11/2024 16:04,2a00:5400:f012::,AAKRGE7P9eIAABxfJkTLVA,7,WEB_ID,android
10/11/2024 16:06,2a00:5400:f012::,AAKRGE7P9eIAABxfJkTLVA,7,WEB_ID,android
10/11/2024 16:07,2a00:5400:f012::,AAKRGE7P9eIAABxfJkTLVA,7,WEB_ID,android
10/11/2024 16:07,2a00:5400:f012::,AAKRGE7P9eIAABxfJkTLVA,7,WEB_ID,android
10/11/2024 16:08,2a00:5400:f012::,AAKRGE7P9eIAABxfJkTLVA,7,WEB_ID,android
10/11/2024 16:10,2a00:5400:f012::,AAKRGE7P9eIAABxfJkTLVA,7,WEB_ID,android
10/11/2024 16:11,2a00:5400:f012::,AAKRGE7P9eIAABxfJkTLVA,7,WEB_ID,android
10/11/2024 16:12,2a00:5400:f012::,AAKRGE7P9eIAABxfJkTLVA,7,WEB_ID,android
10/11/2024 16:12,2a00:5400:f012::,AAKRGE7P9eIAABxfJkTLVA,7,WEB_ID,android
10/11/2024 16:14,2a00:5400:f012::,AAKRGE7P9eIAABxfJkTLVA,7,WEB_ID,android
10/11/2024 16:15,2a00:5400:f012::,AAKRGE7P9eIAABxfJkTLVA,7,WEB_ID,android
10/11/2024 16:16,2a00:5400:f012::,AAKRGE7P9eIAABxfJkTLVA,7,WEB_ID,android
10/11/2024 16:16,2a00:5400:f012::,AAKRGE7P9eIAABxfJkTLVA,7,WEB_ID,android
10/11/2024 16:17,2a00:5400:f012::,AAKRGE7P9eIAABxfJkTLVA,7,WEB_ID,android
10/11/2024 16:17,2a00:5400:f012::,AAKRGE7P9eIAABxfJkTLVA,7,WEB_ID,android
10/11/2024 16:21,2a00:5400:f012::,AAKRGE7P9eIAABxfJkTLVA,7,WEB_ID,android
10/11/2024 16:23,2a00:5400:f012::,AAKRGE7P9eIAABxfJkTLVA,7,WEB_ID,android
10/11/2024 16:25,2a00:5400:f012::,AAKRGE7P9eIAABxfJkTLVA,7,WEB_ID,android
10/11/2024 16:27,2a00:5400:f012::,AAKRGE7P9eIAABxfJkTLVA,7,WEB_ID,android
10/11/2024 16:29,2a00:5400:f012::,AAKRGE7P9eIAABxfJkTLVA,7,WEB_ID,android
10/11/2024 16:29,2a00:5400:f012::,AAKRGE7P9eIAABxfJkTLVA,7,WEB_ID,android
10/11/2024 16:30,2a00:5400:f012::,AAKRGE7P9eIAABxfJkTLVA,7,WEB_ID,android
10/11/2024 16:30,2a00:5400:f012::,AAKRGE7P9eIAABxfJkTLVA,7,WEB_ID,android
10/11/2024 16:31,2a00:5400:f012::,AAKRGE7P9eIAABxfJkTLVA,7,WEB_ID,android
10/11/2024 16:32,2a00:5400:f012::,AAKRGE7P9eIAABxfJkTLVA,7,WEB_ID,android
10/11/2024 16:32,2a00:5400:f012::,AAKRGE7P9eIAABxfJkTLVA,7,WEB_ID,android
10/11/2024 16:33,2a00:5400:f012::,AAKRGE7P9eIAABxfJkTLVA,7,WEB_ID,android
10/11/2024 16:35,2a00:5400:f012::,AAKRGE7P9eIAABxfJkTLVA,7,WEB_ID,android
10/11/2024 16:41,2a00:5400:f012::,AAKRGE7P9eIAABxfJkTLVA,7,WEB_ID,android
10/11/2024 16:41,2a00:5400:f012::,AAKRGE7P9eIAABxfJkTLVA,7,WEB_ID,android
10/11/2024 16:43,2a00:5400:f012::,AAKRGE7P9eIAABxfJkTLVA,7,WEB_ID,android
10/11/2024 16:46,2a00:5400:f012::,AAKRGE7P9eIAABxfJkTLVA,7,WEB_ID,android
10/11/2024 16:49,2a00:5400:f012::,AAKRGE7P9eIAABxfJkTLVA,7,WEB_ID,android
10/2/2024 15:10,2a00:5400:e053::,AAKT707IOKgAAB_bLwHDew,6,WEB_ID,ios
10/2/2024 15:13,82.167.77.186,AAKT707IOKgAAB_bLwHDew,6,WEB_ID,ios
10/2/2024 15:13,2a00:5400:e053:631e::,AAKT707IOKgAAB_bLwHDew,6,WEB_ID,ios
10/2/2024 15:18,2a00:5400:e053:631e::,AAKT707IOKgAAB_bLwHDew,6,WEB_ID,ios
10/2/2024 15:19,82.167.77.186,AAKT707IOKgAAB_bLwHDew,6,WEB_ID,ios
10/2/2024 15:24,82.167.77.186,AAKT707IOKgAAB_bLwHDew,6,WEB_ID,ios
10/2/2024 15:24,2a00:5400:e053:631e::,AAKT707IOKgAAB_bLwHDew,6,WEB_ID,ios
10/2/2024 15:29,2a00:5400:e053:631e::,AAKT707IOKgAAB_bLwHDew,6,WEB_ID,ios
10/2/2024 15:29,82.167.77.186,AAKT707IOKgAAB_bLwHDew,6,WEB_ID,ios
10/2/2024 15:30,2a00:5400:e053:631e:ad36:af62:f7a3:8ccf,AAKT707IOKgAAB_bLwHDew,6,WEB_ID,ios
10/2/2024 15:33,82.167.77.186,AAKT707IOKgAAB_bLwHDew,6,WEB_ID,ios
10/2/2024 15:34,2a00:5400:e053:631e::,AAKT707IOKgAAB_bLwHDew,6,WEB_ID,ios
10/3/2024 8:33,82.167.77.186,AAKT707IOKgAAB_bLwHDew,6,WEB_ID,ios
10/3/2024 8:35,2a00:5400:e053:631e::,AAKT707IOKgAAB_bLwHDew,6,WEB_ID,ios
10/11/2024 16:02,46.143.132.0,AAKRGE7P9eIAABxfJkTLVA,7,WEB_ID,android
10/11/2024 16:09,82.167.116.0,AAFcvU7LIAoAABO-Xttw5A,7,WEB_ID,android
10/11/2024 16:14,82.167.116.0,AAFcvU7LIAoAABO-Xttw5A,7,WEB_ID,android
10/11/2024 16:15,82.167.116.0,AAFcvU7LIAoAABO-Xttw5A,7,WEB_ID,android
10/11/2024 16:19,82.167.116.0,AAFcvU7LIAoAABO-Xttw5A,7,WEB_ID,android
10/11/2024 16:24,82.167.116.0,AAFcvU7LIAoAABO-Xttw5A,7,WEB_ID,android
10/11/2024 16:24,82.167.116.0,AAFcvU7LIAoAABO-Xttw5A,7,WEB_ID,android
10/11/2024 16:26,82.167.116.0,AAFcvU7LIAoAABO-Xttw5A,7,WEB_ID,android
10/11/2024 16:26,82.167.116.0,AAFcvU7LIAoAABO-Xttw5A,7,WEB_ID,android
10/11/2024 16:27,82.167.116.0,AAFcvU7LIAoAABO-Xttw5A,7,WEB_ID,android
10/11/2024 16:27,82.167.116.0,AAFcvU7LIAoAABO-Xttw5A,7,WEB_ID,android
10/11/2024 16:31,82.167.116.0,AAFcvU7LIAoAABO-Xttw5A,7,WEB_ID,android
10/11/2024 16:34,82.167.116.0,AAFcvU7LIAoAABO-Xttw5A,7,WEB_ID,android
10/11/2024 16:36,82.167.116.0,AAFcvU7LIAoAABO-Xttw5A,7,WEB_ID,android
10/11/2024 16:41,82.167.116.0,AAFcvU7LIAoAABO-Xttw5A,7,WEB_ID,android
10/11/2024 16:41,82.167.116.0,AAFcvU7LIAoAABO-Xttw5A,7,WEB_ID,android
10/11/2024 16:42,82.167.116.0,AAFcvU7LIAoAABO-Xttw5A,7,WEB_ID,android
10/11/2024 16:45,82.167.116.0,AAFcvU7LIAoAABO-Xttw5A,7,WEB_ID,android
10/11/2024 16:47,82.167.116.0,AAFcvU7LIAoAABO-Xttw5A,7,WEB_ID,android
10/11/2024 16:49,82.167.116.0,AAFcvU7LIAoAABO-Xttw5A,7,WEB_ID,android
10/11/2024 16:50,82.167.116.0,AAFcvU7LIAoAABO-Xttw5A,7,WEB_ID,android
10/11/2024 16:51,82.167.116.0,AAFcvU7LIAoAABO-Xttw5A,7,WEB_ID,android
10/11/2024 16:52,82.167.116.0,AAFcvU7LIAoAABO-Xttw5A,7,WEB_ID,android
10/11/2024 16:56,82.167.116.0,AAFcvU7LIAoAABO-Xttw5A,7,WEB_ID,android
10/11/2024 16:56,82.167.116.0,AAFcvU7LIAoAABO-Xttw5A,7,WEB_ID,android
10/11/2024 16:15,82.167.116.0,AAFcvU7LIAoAABO-Xttw5A,7,WEB_ID,android
10/11/2024 16:17,82.167.116.0,AAFcvU7LIAoAABO-Xttw5A,7,WEB_ID,android
10/11/2024 16:17,82.167.116.0,AAFcvU7LIAoAABO-Xttw5A,7,WEB_ID,android
10/11/2024 16:19,82.167.116.0,AAFcvU7LIAoAABO-Xttw5A,7,WEB_ID,android
10/11/2024 16:19,82.167.116.0,AAFcvU7LIAoAABO-Xttw5A,7,WEB_ID,android
10/11/2024 16:22,82.167.116.0,AAFcvU7LIAoAABO-Xttw5A,7,WEB_ID,android
10/11/2024 16:23,82.167.116.0,AAFcvU7LIAoAABO-Xttw5A,7,WEB_ID,android
10/11/2024 16:43,82.167.116.0,AAFcvU7LIAoAABO-Xttw5A,7,WEB_ID,android
10/11/2024 16:44,82.167.116.0,AAFcvU7LIAoAABO-Xttw5A,7,WEB_ID,android
10/11/2024 16:44,82.167.116.0,AAFcvU7LIAoAABO-Xttw5A,7,WEB_ID,android
10/11/2024 16:46,82.167.116.0,AAFcvU7LIAoAABO-Xttw5A,7,WEB_ID,android
10/11/2024 16:47,82.167.116.0,AAFcvU7LIAoAABO-Xttw5A,7,WEB_ID,android
10/11/2024 16:53,82.167.116.0,AAFcvU7LIAoAABO-Xttw5A,7,WEB_ID,android
10/11/2024 16:55,82.167.116.0,AAFcvU7LIAoAABO-Xttw5A,7,WEB_ID,android
10/11/2024 16:59,82.167.116.0,AAFcvU7LIAoAABO-Xttw5A,7,WEB_ID,android
10/11/2024 17:03,82.167.116.0,AAFcvU7LIAoAABO-Xttw5A,7,WEB_ID,android
10/11/2024 17:04,82.167.116.0,AAFcvU7LIAoAABO-Xttw5A,7,WEB_ID,android
10/11/2024 17:05,82.167.116.0,AAFcvU7LIAoAABO-Xttw5A,7,WEB_ID,android
10/11/2024 17:06,82.167.116.0,AAFcvU7LIAoAABO-Xttw5A,7,WEB_ID,android
10/11/2024 17:07,82.167.116.0,AAFcvU7LIAoAABO-Xttw5A,7,WEB_ID,android
10/11/2024 17:07,82.167.116.0,AAFcvU7LIAoAABO-Xttw5A,7,WEB_ID,android
10/11/2024 17:07,82.167.116.0,AAFcvU7LIAoAABO-Xttw5A,7,WEB_ID,android
10/11/2024 17:08,82.167.116.0,AAFcvU7LIAoAABO-Xttw5A,7,WEB_ID,android
10/11/2024 17:08,82.167.116.0,AAFcvU7LIAoAABO-Xttw5A,7,WEB_ID,android
10/11/2024 17:09,82.167.116.0,AAFcvU7LIAoAABO-Xttw5A,7,WEB_ID,android
10/11/2024 17:12,82.167.116.0,AAFcvU7LIAoAABO-Xttw5A,7,WEB_ID,android
10/11/2024 17:13,82.167.116.0,AAFcvU7LIAoAABO-Xttw5A,7,WEB_ID,android
10/11/2024 17:14,82.167.116.0,AAFcvU7LIAoAABO-Xttw5A,7,WEB_ID,android
10/11/2024 16:24,82.167.116.0,AAFcvU7LIAoAABO-Xttw5A,7,WEB_ID,android
10/11/2024 16:26,82.167.116.0,AAFcvU7LIAoAABO-Xttw5A,7,WEB_ID,android
10/11/2024 16:31,82.167.116.0,AAFcvU7LIAoAABO-Xttw5A,7,WEB_ID,android
10/11/2024 16:32,82.167.116.0,AAFcvU7LIAoAABO-Xttw5A,7,WEB_ID,android
10/11/2024 16:33,82.167.116.0,AAFcvU7LIAoAABO-Xttw5A,7,WEB_ID,android
10/11/2024 16:34,82.167.116.0,AAFcvU7LIAoAABO-Xttw5A,7,WEB_ID,android
10/11/2024 16:36,82.167.116.0,AAFcvU7LIAoAABO-Xttw5A,7,WEB_ID,android
10/11/2024 16:40,82.167.116.0,AAFcvU7LIAoAABO-Xttw5A,7,WEB_ID,android
10/11/2024 16:41,82.167.116.0,AAFcvU7LIAoAABO-Xttw5A,7,WEB_ID,android
10/11/2024 16:43,82.167.116.0,AAFcvU7LIAoAABO-Xttw5A,7,WEB_ID,android
10/11/2024 16:43,82.167.116.0,AAFcvU7LIAoAABO-Xttw5A,7,WEB_ID,android
10/11/2024 16:44,82.167.116.0,AAFcvU7LIAoAABO-Xttw5A,7,WEB_ID,android
10/11/2024 16:44,82.167.116.0,AAFcvU7LIAoAABO-Xttw5A,7,WEB_ID,android
10/11/2024 16:44,82.167.116.0,AAFcvU7LIAoAABO-Xttw5A,7,WEB_ID,android
10/11/2024 16:45,82.167.116.0,AAFcvU7LIAoAABO-Xttw5A,7,WEB_ID,android
10/11/2024 16:47,82.167.116.0,AAFcvU7LIAoAABO-Xttw5A,7,WEB_ID,android
10/11/2024 16:48,82.167.116.0,AAFcvU7LIAoAABO-Xttw5A,7,WEB_ID,android
10/11/2024 16:48,82.167.116.0,AAFcvU7LIAoAABO-Xttw5A,7,WEB_ID,android
10/11/2024 16:52,82.167.116.0,AAFcvU7LIAoAABO-Xttw5A,7,WEB_ID,android
10/11/2024 16:52,82.167.116.0,AAFcvU7LIAoAABO-Xttw5A,7,WEB_ID,android
10/11/2024 16:53,82.167.116.0,AAFcvU7LIAoAABO-Xttw5A,7,WEB_ID,android
10/11/2024 16:54,82.167.116.0,AAFcvU7LIAoAABO-Xttw5A,7,WEB_ID,android
10/11/2024 16:55,82.167.116.0,AAFcvU7LIAoAABO-Xttw5A,7,WEB_ID,android
10/11/2024 16:56,82.167.116.0,AAFcvU7LIAoAABO-Xttw5A,7,WEB_ID,android
10/11/2024 16:59,82.167.116.0,AAFcvU7LIAoAABO-Xttw5A,7,WEB_ID,android
10/11/2024 17:01,82.167.116.0,AAFcvU7LIAoAABO-Xttw5A,7,WEB_ID,android
10/11/2024 17:02,82.167.116.0,AAFcvU7LIAoAABO-Xttw5A,7,WEB_ID,android
10/11/2024 17:03,82.167.116.0,AAFcvU7LIAoAABO-Xttw5A,7,WEB_ID,android
10/11/2024 17:03,82.167.116.0,AAFcvU7LIAoAABO-Xttw5A,7,WEB_ID,android
10/11/2024 17:06,82.167.116.0,AAFcvU7LIAoAABO-Xttw5A,7,WEB_ID,android
10/11/2024 17:06,82.167.116.0,AAFcvU7LIAoAABO-Xttw5A,7,WEB_ID,android
10/11/2024 17:06,82.167.116.0,AAFcvU7LIAoAABO-Xttw5A,7,WEB_ID,android
10/11/2024 17:07,82.167.116.0,AAFcvU7LIAoAABO-Xttw5A,7,WEB_ID,android
10/11/2024 17:07,82.167.116.0,AAFcvU7LIAoAABO-Xttw5A,7,WEB_ID,android
10/11/2024 17:08,82.167.116.0,AAFcvU7LIAoAABO-Xttw5A,7,WEB_ID,android
10/11/2024 17:08,82.167.116.0,AAFcvU7LIAoAABO-Xttw5A,7,WEB_ID,android
10/11/2024 17:08,82.167.116.0,AAFcvU7LIAoAABO-Xttw5A,7,WEB_ID,android
10/11/2024 17:09,82.167.116.0,AAFcvU7LIAoAABO-Xttw5A,7,WEB_ID,android
10/11/2024 17:10,82.167.116.0,AAFcvU7LIAoAABO-Xttw5A,7,WEB_ID,android
10/11/2024 17:10,82.167.116.0,AAFcvU7LIAoAABO-Xttw5A,7,WEB_ID,android
10/11/2024 17:12,82.167.116.0,AAFcvU7LIAoAABO-Xttw5A,7,WEB_ID,android
10/11/2024 17:13,82.167.116.0,AAFcvU7LIAoAABO-Xttw5A,7,WEB_ID,android
10/11/2024 17:14,82.167.116.0,AAFcvU7LIAoAABO-Xttw5A,7,WEB_ID,android
10/11/2024 17:16,82.167.116.0,AAFcvU7LIAoAABO-Xttw5A,7,WEB_ID,android
10/11/2024 17:16,82.167.116.0,AAFcvU7LIAoAABO-Xttw5A,7,WEB_ID,android
10/11/2024 17:17,82.167.116.0,AAFcvU7LIAoAABO-Xttw5A,7,WEB_ID,android
10/11/2024 17:17,82.167.116.0,AAFcvU7LIAoAABO-Xttw5A,7,WEB_ID,android
10/11/2024 17:17,82.167.116.0,AAFcvU7LIAoAABO-Xttw5A,7,WEB_ID,android
10/11/2024 17:19,82.167.116.0,AAFcvU7LIAoAABO-Xttw5A,7,WEB_ID,android
10/11/2024 17:20,82.167.116.0,AAFcvU7LIAoAABO-Xttw5A,7,WEB_ID,android
10/11/2024 17:21,82.167.116.0,AAFcvU7LIAoAABO-Xttw5A,7,WEB_ID,android
10/11/2024 17:22,82.167.116.0,AAFcvU7LIAoAABO-Xttw5A,7,WEB_ID,android
10/11/2024 17:23,82.167.116.0,AAFcvU7LIAoAABO-Xttw5A,7,WEB_ID,android
10/11/2024 17:43,82.167.116.0,AAFcvU7LIAoAABO-Xttw5A,7,WEB_ID,android
10/11/2024 17:44,82.167.116.0,AAFcvU7LIAoAABO-Xttw5A,7,WEB_ID,android
10/11/2024 17:45,82.167.116.0,AAFcvU7LIAoAABO-Xttw5A,7,WEB_ID,android
10/11/2024 17:47,82.167.116.0,AAFcvU7LIAoAABO-Xttw5A,7,WEB_ID,android
10/11/2024 18:39,82.167.116.0,AAFcvU7LIAoAABO-Xttw5A,7,WEB_ID,android
10/11/2024 18:42,82.167.116.0,AAFcvU7LIAoAABO-Xttw5A,7,WEB_ID,android
10/11/2024 18:42,82.167.116.0,AAFcvU7LIAoAABO-Xttw5A,7,WEB_ID,android
10/11/2024 20:23,82.167.116.0,AAFcvU7LIAoAABO-Xttw5A,7,WEB_ID,android
10/11/2024 20:23,82.167.116.0,AAFcvU7LIAoAABO-Xttw5A,7,WEB_ID,android
10/11/2024 20:26,82.167.116.0,AAFcvU7LIAoAABO-Xttw5A,7,WEB_ID,android
10/11/2024 20:26,82.167.116.0,AAFcvU7LIAoAABO-Xttw5A,7,WEB_ID,android
10/11/2024 20:29,82.167.116.0,AAFcvU7LIAoAABO-Xttw5A,7,WEB_ID,android
10/11/2024 20:36,82.167.116.0,AAFcvU7LIAoAABO-Xttw5A,7,WEB_ID,android
10/11/2024 20:40,82.167.116.0,AAFcvU7LIAoAABO-Xttw5A,7,WEB_ID,android
10/11/2024 20:40,82.167.116.0,AAFcvU7LIAoAABO-Xttw5A,7,WEB_ID,android
10/11/2024 20:44,82.167.116.0,AAFcvU7LIAoAABO-Xttw5A,7,WEB_ID,android
10/11/2024 20:48,82.167.116.0,AAFcvU7LIAoAABO-Xttw5A,7,WEB_ID,android
10/11/2024 20:49,82.167.116.0,AAFcvU7LIAoAABO-Xttw5A,7,WEB_ID,android
10/11/2024 20:51,82.167.116.0,AAFcvU7LIAoAABO-Xttw5A,7,WEB_ID,android
10/11/2024 20:52,82.167.116.0,AAFcvU7LIAoAABO-Xttw5A,7,WEB_ID,android
10/12/2024 18:34,82.167.116.0,AAFcvU7LIAoAABO-Xttw5A,7,WEB_ID,android
10/12/2024 18:35,82.167.116.0,AAFcvU7LIAoAABO-Xttw5A,7,WEB_ID,android
10/12/2024 18:42,82.167.116.0,AAFcvU7LIAoAABO-Xttw5A,7,WEB_ID,android
10/12/2024 18:42,82.167.116.0,AAFcvU7LIAoAABO-Xttw5A,7,WEB_ID,android
10/12/2024 18:45,82.167.116.0,AAFcvU7LIAoAABO-Xttw5A,7,WEB_ID,android
10/12/2024 18:48,82.167.116.0,AAFcvU7LIAoAABO-Xttw5A,7,WEB_ID,android
10/12/2024 18:48,82.167.116.0,AAFcvU7LIAoAABO-Xttw5A,7,WEB_ID,android
10/12/2024 18:49,82.167.116.0,AAFcvU7LIAoAABO-Xttw5A,7,WEB_ID,android
10/12/2024 18:51,82.167.116.0,AAFcvU7LIAoAABO-Xttw5A,7,WEB_ID,android
10/12/2024 18:51,82.167.116.0,AAFcvU7LIAoAABO-Xttw5A,7,WEB_ID,android
10/12/2024 18:53,82.167.116.0,AAFcvU7LIAoAABO-Xttw5A,7,WEB_ID,android
10/12/2024 18:53,82.167.116.0,AAFcvU7LIAoAABO-Xttw5A,7,WEB_ID,android
10/12/2024 18:53,82.167.116.0,AAFcvU7LIAoAABO-Xttw5A,7,WEB_ID,android
10/12/2024 18:55,82.167.116.0,AAFcvU7LIAoAABO-Xttw5A,7,WEB_ID,android
10/12/2024 18:56,82.167.116.0,AAFcvU7LIAoAABO-Xttw5A,7,WEB_ID,android
10/12/2024 18:56,82.167.116.0,AAFcvU7LIAoAABO-Xttw5A,7,WEB_ID,android
10/12/2024 18:59,82.167.116.0,AAFcvU7LIAoAABO-Xttw5A,7,WEB_ID,android
10/12/2024 18:59,82.167.116.0,AAFcvU7LIAoAABO-Xttw5A,7,WEB_ID,android
10/12/2024 19:03,82.167.116.0,AAFcvU7LIAoAABO-Xttw5A,7,WEB_ID,android
10/12/2024 19:05,82.167.116.0,AAFcvU7LIAoAABO-Xttw5A,7,WEB_ID,android
10/12/2024 19:07,82.167.116.0,AAFcvU7LIAoAABO-Xttw5A,7,WEB_ID,android
10/12/2024 19:07,82.167.116.0,AAFcvU7LIAoAABO-Xttw5A,7,WEB_ID,android
10/12/2024 19:08,82.167.116.0,AAFcvU7LIAoAABO-Xttw5A,7,WEB_ID,android
10/12/2024 19:09,82.167.116.0,AAFcvU7LIAoAABO-Xttw5A,7,WEB_ID,android
10/12/2024 19:09,82.167.116.0,AAFcvU7LIAoAABO-Xttw5A,7,WEB_ID,android
10/12/2024 19:10,82.167.116.0,AAFcvU7LIAoAABO-Xttw5A,7,WEB_ID,android
10/12/2024 19:10,82.167.116.0,AAFcvU7LIAoAABO-Xttw5A,7,WEB_ID,android
10/12/2024 19:11,82.167.116.0,AAFcvU7LIAoAABO-Xttw5A,7,WEB_ID,android
10/12/2024 19:11,82.167.116.0,AAFcvU7LIAoAABO-Xttw5A,7,WEB_ID,android
10/12/2024 19:12,82.167.116.0,AAFcvU7LIAoAABO-Xttw5A,7,WEB_ID,android
10/12/2024 19:14,82.167.116.0,AAFcvU7LIAoAABO-Xttw5A,7,WEB_ID,android
10/12/2024 19:15,82.167.116.0,AAFcvU7LIAoAABO-Xttw5A,7,WEB_ID,android
10/12/2024 19:15,82.167.116.0,AAFcvU7LIAoAABO-Xttw5A,7,WEB_ID,android
10/12/2024 19:15,82.167.116.0,AAFcvU7LIAoAABO-Xttw5A,7,WEB_ID,android
10/12/2024 19:16,82.167.116.0,AAFcvU7LIAoAABO-Xttw5A,7,WEB_ID,android
10/12/2024 19:16,82.167.116.0,AAFcvU7LIAoAABO-Xttw5A,7,WEB_ID,android
10/12/2024 19:17,82.167.116.0,AAFcvU7LIAoAABO-Xttw5A,7,WEB_ID,android
10/12/2024 19:18,82.167.116.0,AAFcvU7LIAoAABO-Xttw5A,7,WEB_ID,android
10/12/2024 19:19,82.167.116.0,AAFcvU7LIAoAABO-Xttw5A,7,WEB_ID,android
10/13/2024 9:43,2a00:5400:f012::,AAKRGE7P9eIAABxfJkTLVA,7,WEB_ID,android
10/13/2024 9:44,2a00:5400:f012::,AAKRGE7P9eIAABxfJkTLVA,7,WEB_ID,android
10/13/2024 9:46,2a00:5400:f012::,AAKRGE7P9eIAABxfJkTLVA,7,WEB_ID,android
10/13/2024 9:47,2a00:5400:f012::,AAKRGE7P9eIAABxfJkTLVA,7,WEB_ID,android
10/13/2024 9:47,2a00:5400:f012::,AAKRGE7P9eIAABxfJkTLVA,7,WEB_ID,android
10/13/2024 9:48,2a00:5400:f012::,AAKRGE7P9eIAABxfJkTLVA,7,WEB_ID,android
10/13/2024 10:13,2001:16a4:209::,AAA7PE7OD50AABQ_9xhR4Q,7,WEB_ID,android
10/13/2024 10:35,2001:16a4:209::,AAA7PE7OD50AABQ_9xhR4Q,7,WEB_ID,android
10/13/2024 10:37,82.167.116.0,AAFcvU7LIAoAABO-Xttw5A,7,WEB_ID,android
10/13/2024 10:38,82.167.116.0,AAFcvU7LIAoAABO-Xttw5A,7,WEB_ID,android
10/13/2024 10:46,82.167.116.0,AAFcvU7LIAoAABO-Xttw5A,7,WEB_ID,android
10/13/2024 10:48,82.167.116.0,AAFcvU7LIAoAABO-Xttw5A,7,WEB_ID,android
10/13/2024 10:49,82.167.116.0,AAFcvU7LIAoAABO-Xttw5A,7,WEB_ID,android
10/13/2024 10:53,82.167.116.0,AAFcvU7LIAoAABO-Xttw5A,7,WEB_ID,android
10/13/2024 10:57,82.167.116.0,AAFcvU7LIAoAABO-Xttw5A,7,WEB_ID,android
10/13/2024 12:38,82.167.116.0,AAFcvU7LIAoAABO-Xttw5A,7,WEB_ID,android
10/13/2024 12:41,82.167.116.0,AAFcvU7LIAoAABO-Xttw5A,7,WEB_ID,android
10/13/2024 12:41,82.167.116.0,AAFcvU7LIAoAABO-Xttw5A,7,WEB_ID,android
10/13/2024 12:44,82.167.116.0,AAFcvU7LIAoAABO-Xttw5A,7,WEB_ID,android
10/13/2024 12:45,82.167.116.0,AAFcvU7LIAoAABO-Xttw5A,7,WEB_ID,android
10/13/2024 12:47,82.167.116.0,AAFcvU7LIAoAABO-Xttw5A,7,WEB_ID,android
10/13/2024 12:47,82.167.116.0,AAFcvU7LIAoAABO-Xttw5A,7,WEB_ID,android
10/13/2024 12:56,82.167.116.0,AAFcvU7LIAoAABO-Xttw5A,7,WEB_ID,android
10/13/2024 12:56,82.167.116.0,AAFcvU7LIAoAABO-Xttw5A,7,WEB_ID,android
10/13/2024 12:59,82.167.116.0,AAFcvU7LIAoAABO-Xttw5A,7,WEB_ID,android
10/13/2024 13:08,82.167.116.0,AAFcvU7LIAoAABO-Xttw5A,7,WEB_ID,android
10/13/2024 13:10,82.167.116.0,AAFcvU7LIAoAABO-Xttw5A,7,WEB_ID,android
10/13/2024 14:37,82.167.116.0,AAFcvU7LIAoAABO-Xttw5A,7,WEB_ID,android
10/13/2024 14:42,82.167.116.0,AAFcvU7LIAoAABO-Xttw5A,7,WEB_ID,android
10/13/2024 14:51,82.167.116.0,AAFcvU7LIAoAABO-Xttw5A,7,WEB_ID,android
10/13/2024 15:07,82.167.116.0,AAFcvU7LIAoAABO-Xttw5A,7,WEB_ID,android
10/13/2024 15:08,82.167.116.0,AAFcvU7LIAoAABO-Xttw5A,7,WEB_ID,android
10/13/2024 15:08,82.167.116.0,AAFcvU7LIAoAABO-Xttw5A,7,WEB_ID,android
10/13/2024 15:39,82.167.116.0,AAFcvU7LIAoAABO-Xttw5A,7,WEB_ID,android
10/13/2024 15:48,82.167.116.0,AAFcvU7LIAoAABO-Xttw5A,7,WEB_ID,android
10/13/2024 15:56,82.167.116.0,AAFcvU7LIAoAABO-Xttw5A,7,WEB_ID,android
10/13/2024 15:56,82.167.116.0,AAFcvU7LIAoAABO-Xttw5A,7,WEB_ID,android
10/13/2024 16:00,82.167.116.0,AAFcvU7LIAoAABO-Xttw5A,7,WEB_ID,android
10/13/2024 16:01,82.167.116.0,AAFcvU7LIAoAABO-Xttw5A,7,WEB_ID,android
10/13/2024 16:02,82.167.116.0,AAFcvU7LIAoAABO-Xttw5A,7,WEB_ID,android
10/13/2024 16:02,82.167.116.0,AAFcvU7LIAoAABO-Xttw5A,7,WEB_ID,android
10/13/2024 16:07,82.167.116.0,AAFcvU7LIAoAABO-Xttw5A,7,WEB_ID,android
10/13/2024 16:10,82.167.116.0,AAFcvU7LIAoAABO-Xttw5A,7,WEB_ID,android
10/13/2024 16:12,82.167.116.0,AAFcvU7LIAoAABO-Xttw5A,7,WEB_ID,android
10/13/2024 16:21,82.167.116.0,AAFcvU7LIAoAABO-Xttw5A,7,WEB_ID,android
10/13/2024 16:23,82.167.116.0,AAFcvU7LIAoAABO-Xttw5A,7,WEB_ID,android
10/13/2024 16:27,82.167.116.0,AAFcvU7LIAoAABO-Xttw5A,7,WEB_ID,android
10/13/2024 16:27,82.167.116.0,AAFcvU7LIAoAABO-Xttw5A,7,WEB_ID,android
10/13/2024 16:27,82.167.116.0,AAFcvU7LIAoAABO-Xttw5A,7,WEB_ID,android
10/13/2024 16:27,82.167.116.0,AAFcvU7LIAoAABO-Xttw5A,7,WEB_ID,android
10/13/2024 16:28,82.167.116.0,AAFcvU7LIAoAABO-Xttw5A,7,WEB_ID,android
10/13/2024 16:28,82.167.116.0,AAFcvU7LIAoAABO-Xttw5A,7,WEB_ID,android
10/13/2024 16:28,82.167.116.0,AAFcvU7LIAoAABO-Xttw5A,7,WEB_ID,android
10/13/2024 16:29,82.167.116.0,AAFcvU7LIAoAABO-Xttw5A,7,WEB_ID,android
10/13/2024 17:45,2a00:5400:f012::,AAKRGE7P9eIAABxfJkTLVA,7,WEB_ID,android
10/13/2024 17:52,2a00:5400:f012::,AAKRGE7P9eIAABxfJkTLVA,7,WEB_ID,android
10/13/2024 17:54,2a00:5400:f012::,AAKRGE7P9eIAABxfJkTLVA,7,WEB_ID,android
10/13/2024 19:49,2a00:5400:f012::,AAKRGE7P9eIAABxfJkTLVA,7,WEB_ID,android
10/13/2024 19:51,2a00:5400:f012::,AAKRGE7P9eIAABxfJkTLVA,7,WEB_ID,android
10/13/2024 19:52,2a00:5400:f012::,AAKRGE7P9eIAABxfJkTLVA,7,WEB_ID,android
10/13/2024 19:52,2a00:5400:f012::,AAKRGE7P9eIAABxfJkTLVA,7,WEB_ID,android
10/13/2024 19:53,2a00:5400:f012::,AAKRGE7P9eIAABxfJkTLVA,7,WEB_ID,android
10/13/2024 19:53,2a00:5400:f012::,AAKRGE7P9eIAABxfJkTLVA,7,WEB_ID,android
10/13/2024 19:57,82.167.116.0,AAFcvU7LIAoAABO-Xttw5A,7,WEB_ID,android
10/13/2024 20:00,82.167.116.0,AAFcvU7LIAoAABO-Xttw5A,7,WEB_ID,android
10/13/2024 20:10,82.167.116.0,AAFcvU7LIAoAABO-Xttw5A,7,WEB_ID,android
10/13/2024 20:14,82.167.116.0,AAFcvU7LIAoAABO-Xttw5A,7,WEB_ID,android
10/13/2024 20:14,82.167.116.0,AAFcvU7LIAoAABO-Xttw5A,7,WEB_ID,android
10/13/2024 20:32,82.167.116.0,AAFcvU7LIAoAABO-Xttw5A,7,WEB_ID,android
10/13/2024 20:43,82.167.116.0,AAFcvU7LIAoAABO-Xttw5A,7,WEB_ID,android
10/13/2024 20:58,82.167.116.0,AAFcvU7LIAoAABO-Xttw5A,7,WEB_ID,android
10/13/2024 21:09,82.167.116.0,AAFcvU7LIAoAABO-Xttw5A,7,WEB_ID,android
10/13/2024 21:21,2a00:5400:f012::,AAKRGE7P9eIAABxfJkTLVA,7,WEB_ID,android
10/13/2024 21:21,2a00:5400:f012::,AAKRGE7P9eIAABxfJkTLVA,7,WEB_ID,android
10/13/2024 21:21,2a00:5400:f012::,AAKRGE7P9eIAABxfJkTLVA,7,WEB_ID,android
10/13/2024 21:22,2a00:5400:f012::,AAKRGE7P9eIAABxfJkTLVA,7,WEB_ID,android
10/13/2024 21:22,2a00:5400:f012::,AAKRGE7P9eIAABxfJkTLVA,7,WEB_ID,android
10/13/2024 21:39,2001:16a2:c054::,AAFcvU7LIAoAABO-Xttw5A,7,WEB_ID,android
10/13/2024 21:48,2001:16a4:209::,AAA7PE7OD50AABQ_9xhR4Q,7,WEB_ID,android
10/14/2024 12:14,82.167.116.0,AAFcvU7LIAoAABO-Xttw5A,7,WEB_ID,android
10/14/2024 12:16,82.167.116.0,AAFcvU7LIAoAABO-Xttw5A,7,WEB_ID,android
10/14/2024 12:17,82.167.116.0,AAFcvU7LIAoAABO-Xttw5A,7,WEB_ID,android
10/14/2024 14:14,82.167.116.0,AAFcvU7LIAoAABO-Xttw5A,7,WEB_ID,android
10/14/2024 14:19,82.167.116.0,AAFcvU7LIAoAABO-Xttw5A,7,WEB_ID,android
10/14/2024 14:22,82.167.116.0,AAFcvU7LIAoAABO-Xttw5A,7,WEB_ID,android
10/14/2024 14:22,82.167.116.0,AAFcvU7LIAoAABO-Xttw5A,7,WEB_ID,android
10/14/2024 14:22,82.167.116.0,AAFcvU7LIAoAABO-Xttw5A,7,WEB_ID,android
10/14/2024 14:22,82.167.116.0,AAFcvU7LIAoAABO-Xttw5A,7,WEB_ID,android
10/14/2024 14:23,82.167.116.0,AAFcvU7LIAoAABO-Xttw5A,7,WEB_ID,android
10/14/2024 14:27,82.167.116.0,AAFcvU7LIAoAABO-Xttw5A,7,WEB_ID,android
10/14/2024 14:31,82.167.116.0,AAFcvU7LIAoAABO-Xttw5A,7,WEB_ID,android
10/14/2024 14:32,82.167.116.0,AAFcvU7LIAoAABO-Xttw5A,7,WEB_ID,android
10/14/2024 14:35,82.167.116.0,AAFcvU7LIAoAABO-Xttw5A,7,WEB_ID,android
10/14/2024 14:37,82.167.116.0,AAFcvU7LIAoAABO-Xttw5A,7,WEB_ID,android
10/14/2024 14:39,82.167.116.0,AAFcvU7LIAoAABO-Xttw5A,7,WEB_ID,android
10/14/2024 14:42,82.167.116.0,AAFcvU7LIAoAABO-Xttw5A,7,WEB_ID,android
10/14/2024 14:44,82.167.116.0,AAFcvU7LIAoAABO-Xttw5A,7,WEB_ID,android
10/14/2024 14:45,82.167.116.0,AAFcvU7LIAoAABO-Xttw5A,7,WEB_ID,android
10/14/2024 14:48,82.167.116.0,AAFcvU7LIAoAABO-Xttw5A,7,WEB_ID,android
10/14/2024 14:48,82.167.116.0,AAFcvU7LIAoAABO-Xttw5A,7,WEB_ID,android
10/14/2024 14:52,82.167.116.0,AAFcvU7LIAoAABO-Xttw5A,7,WEB_ID,android
10/14/2024 14:54,82.167.116.0,AAFcvU7LIAoAABO-Xttw5A,7,WEB_ID,android
10/14/2024 14:56,82.167.116.0,AAFcvU7LIAoAABO-Xttw5A,7,WEB_ID,android
10/14/2024 15:18,2001:16a4:209::,AAA7PE7OD50AABQ_9xhR4Q,7,WEB_ID,android
10/14/2024 15:18,82.167.116.0,AAFcvU7LIAoAABO-Xttw5A,7,WEB_ID,android
10/14/2024 15:21,82.167.116.0,AAFcvU7LIAoAABO-Xttw5A,7,WEB_ID,android
10/14/2024 15:23,82.167.116.0,AAFcvU7LIAoAABO-Xttw5A,7,WEB_ID,android
10/14/2024 15:24,82.167.116.0,AAFcvU7LIAoAABO-Xttw5A,7,WEB_ID,android
10/14/2024 15:25,82.167.116.0,AAFcvU7LIAoAABO-Xttw5A,7,WEB_ID,android
10/14/2024 15:27,82.167.116.0,AAFcvU7LIAoAABO-Xttw5A,7,WEB_ID,android
10/14/2024 15:27,82.167.116.0,AAFcvU7LIAoAABO-Xttw5A,7,WEB_ID,android
10/14/2024 15:28,82.167.116.0,AAFcvU7LIAoAABO-Xttw5A,7,WEB_ID,android
10/14/2024 15:29,82.167.116.0,AAFcvU7LIAoAABO-Xttw5A,7,WEB_ID,android
10/14/2024 15:31,82.167.116.0,AAFcvU7LIAoAABO-Xttw5A,7,WEB_ID,android
10/14/2024 15:32,82.167.116.0,AAFcvU7LIAoAABO-Xttw5A,7,WEB_ID,android
10/14/2024 15:34,82.167.116.0,AAFcvU7LIAoAABO-Xttw5A,7,WEB_ID,android
10/14/2024 15:35,82.167.116.0,AAFcvU7LIAoAABO-Xttw5A,7,WEB_ID,android
10/14/2024 15:36,82.167.116.0,AAFcvU7LIAoAABO-Xttw5A,7,WEB_ID,android
10/14/2024 15:38,82.167.116.0,AAFcvU7LIAoAABO-Xttw5A,7,WEB_ID,android
10/14/2024 15:43,82.167.116.0,AAFcvU7LIAoAABO-Xttw5A,7,WEB_ID,android
10/14/2024 15:43,82.167.116.0,AAFcvU7LIAoAABO-Xttw5A,7,WEB_ID,android
10/14/2024 15:45,82.167.116.0,AAFcvU7LIAoAABO-Xttw5A,7,WEB_ID,android
10/14/2024 15:45,82.167.116.0,AAFcvU7LIAoAABO-Xttw5A,7,WEB_ID,android
10/14/2024 15:47,82.167.116.0,AAFcvU7LIAoAABO-Xttw5A,7,WEB_ID,android
10/14/2024 15:51,82.167.116.0,AAFcvU7LIAoAABO-Xttw5A,7,WEB_ID,android
10/14/2024 15:52,82.167.116.0,AAFcvU7LIAoAABO-Xttw5A,7,WEB_ID,android
10/14/2024 15:54,82.167.116.0,AAFcvU7LIAoAABO-Xttw5A,7,WEB_ID,android
10/14/2024 15:55,82.167.116.0,AAFcvU7LIAoAABO-Xttw5A,7,WEB_ID,android
10/14/2024 15:55,82.167.116.0,AAFcvU7LIAoAABO-Xttw5A,7,WEB_ID,android
10/14/2024 15:56,82.167.116.0,AAFcvU7LIAoAABO-Xttw5A,7,WEB_ID,android
10/14/2024 15:56,82.167.116.0,AAFcvU7LIAoAABO-Xttw5A,7,WEB_ID,android
10/14/2024 15:57,82.167.116.0,AAFcvU7LIAoAABO-Xttw5A,7,WEB_ID,android
10/14/2024 15:57,82.167.116.0,AAFcvU7LIAoAABO-Xttw5A,7,WEB_ID,android
10/14/2024 15:58,82.167.116.0,AAFcvU7LIAoAABO-Xttw5A,7,WEB_ID,android
10/14/2024 15:58,82.167.116.0,AAFcvU7LIAoAABO-Xttw5A,7,WEB_ID,android
10/14/2024 16:01,82.167.116.0,AAFcvU7LIAoAABO-Xttw5A,7,WEB_ID,android
10/14/2024 16:02,82.167.116.0,AAFcvU7LIAoAABO-Xttw5A,7,WEB_ID,android
10/14/2024 16:03,82.167.116.0,AAFcvU7LIAoAABO-Xttw5A,7,WEB_ID,android
10/14/2024 16:04,82.167.116.0,AAFcvU7LIAoAABO-Xttw5A,7,WEB_ID,android
10/14/2024 15:49,82.167.116.0,AAFcvU7LIAoAABO-Xttw5A,7,WEB_ID,android
10/14/2024 15:50,82.167.116.0,AAFcvU7LIAoAABO-Xttw5A,7,WEB_ID,android
10/14/2024 15:51,82.167.116.0,AAFcvU7LIAoAABO-Xttw5A,7,WEB_ID,android
10/14/2024 15:53,82.167.116.0,AAFcvU7LIAoAABO-Xttw5A,7,WEB_ID,android
10/14/2024 15:54,82.167.116.0,AAFcvU7LIAoAABO-Xttw5A,7,WEB_ID,android
10/14/2024 15:55,82.167.116.0,AAFcvU7LIAoAABO-Xttw5A,7,WEB_ID,android
10/14/2024 16:12,82.167.116.0,AAFcvU7LIAoAABO-Xttw5A,7,WEB_ID,android
10/14/2024 16:12,82.167.116.0,AAFcvU7LIAoAABO-Xttw5A,7,WEB_ID,android
10/14/2024 16:13,82.167.116.0,AAFcvU7LIAoAABO-Xttw5A,7,WEB_ID,android
10/14/2024 16:13,82.167.116.0,AAFcvU7LIAoAABO-Xttw5A,7,WEB_ID,android
10/14/2024 16:14,82.167.116.0,AAFcvU7LIAoAABO-Xttw5A,7,WEB_ID,android
10/14/2024 16:15,82.167.116.0,AAFcvU7LIAoAABO-Xttw5A,7,WEB_ID,android
10/14/2024 16:20,82.167.116.0,AAFcvU7LIAoAABO-Xttw5A,7,WEB_ID,android
10/14/2024 16:22,82.167.116.0,AAFcvU7LIAoAABO-Xttw5A,7,WEB_ID,android
10/14/2024 16:23,82.167.116.0,AAFcvU7LIAoAABO-Xttw5A,7,WEB_ID,android
10/14/2024 16:25,82.167.116.0,AAFcvU7LIAoAABO-Xttw5A,7,WEB_ID,android
10/14/2024 16:27,82.167.116.0,AAFcvU7LIAoAABO-Xttw5A,7,WEB_ID,android
10/14/2024 16:30,82.167.116.0,AAFcvU7LIAoAABO-Xttw5A,7,WEB_ID,android
10/14/2024 16:31,82.167.116.0,AAFcvU7LIAoAABO-Xttw5A,7,WEB_ID,android
10/14/2024 16:35,82.167.116.0,AAFcvU7LIAoAABO-Xttw5A,7,WEB_ID,android
10/14/2024 16:37,82.167.116.0,AAFcvU7LIAoAABO-Xttw5A,7,WEB_ID,android
10/14/2024 16:37,82.167.116.0,AAFcvU7LIAoAABO-Xttw5A,7,WEB_ID,android
10/14/2024 16:39,82.167.116.0,AAFcvU7LIAoAABO-Xttw5A,7,WEB_ID,android
10/14/2024 16:40,82.167.116.0,AAFcvU7LIAoAABO-Xttw5A,7,WEB_ID,android
10/14/2024 16:41,82.167.116.0,AAFcvU7LIAoAABO-Xttw5A,7,WEB_ID,android
10/14/2024 16:42,82.167.116.0,AAFcvU7LIAoAABO-Xttw5A,7,WEB_ID,android
10/14/2024 16:43,82.167.116.0,AAFcvU7LIAoAABO-Xttw5A,7,WEB_ID,android
10/14/2024 16:43,82.167.116.0,AAFcvU7LIAoAABO-Xttw5A,7,WEB_ID,android
10/14/2024 16:45,82.167.116.0,AAFcvU7LIAoAABO-Xttw5A,7,WEB_ID,android
10/14/2024 16:45,82.167.116.0,AAFcvU7LIAoAABO-Xttw5A,7,WEB_ID,android
10/14/2024 16:46,82.167.116.0,AAFcvU7LIAoAABO-Xttw5A,7,WEB_ID,android
10/14/2024 16:46,82.167.116.0,AAFcvU7LIAoAABO-Xttw5A,7,WEB_ID,android
10/14/2024 16:48,82.167.116.0,AAFcvU7LIAoAABO-Xttw5A,7,WEB_ID,android
10/14/2024 17:48,82.167.116.0,AAFcvU7LIAoAABO-Xttw5A,7,WEB_ID,android
10/14/2024 17:50,82.167.116.0,AAFcvU7LIAoAABO-Xttw5A,7,WEB_ID,android
10/14/2024 17:50,82.167.116.0,AAFcvU7LIAoAABO-Xttw5A,7,WEB_ID,android
10/14/2024 17:51,82.167.116.0,AAFcvU7LIAoAABO-Xttw5A,7,WEB_ID,android
10/14/2024 17:52,82.167.116.0,AAFcvU7LIAoAABO-Xttw5A,7,WEB_ID,android
10/14/2024 17:53,82.167.116.0,AAFcvU7LIAoAABO-Xttw5A,7,WEB_ID,android
10/14/2024 17:54,82.167.116.0,AAFcvU7LIAoAABO-Xttw5A,7,WEB_ID,android
10/14/2024 17:54,82.167.116.0,AAFcvU7LIAoAABO-Xttw5A,7,WEB_ID,android
10/14/2024 17:55,82.167.116.0,AAFcvU7LIAoAABO-Xttw5A,7,WEB_ID,android
10/14/2024 17:56,82.167.116.0,AAFcvU7LIAoAABO-Xttw5A,7,WEB_ID,android
10/14/2024 17:57,82.167.116.0,AAFcvU7LIAoAABO-Xttw5A,7,WEB_ID,android
10/14/2024 18:00,82.167.116.0,AAFcvU7LIAoAABO-Xttw5A,7,WEB_ID,android
10/14/2024 18:01,82.167.116.0,AAFcvU7LIAoAABO-Xttw5A,7,WEB_ID,android
10/14/2024 18:21,2a00:5400:f012::,AAKRGE7P9eIAABxfJkTLVA,7,WEB_ID,android
10/14/2024 18:27,2a00:5400:f012::,AAKRGE7P9eIAABxfJkTLVA,7,WEB_ID,android
10/14/2024 18:28,2a00:5400:f012::,AAKRGE7P9eIAABxfJkTLVA,7,WEB_ID,android
10/14/2024 18:32,82.167.116.0,AAFcvU7LIAoAABO-Xttw5A,7,WEB_ID,android
10/14/2024 18:33,2a00:5400:f012::,AAKRGE7P9eIAABxfJkTLVA,7,WEB_ID,android
10/14/2024 18:35,2a00:5400:f012::,AAKRGE7P9eIAABxfJkTLVA,7,WEB_ID,android
10/14/2024 18:35,2a00:5400:f012::,AAKRGE7P9eIAABxfJkTLVA,7,WEB_ID,android
10/14/2024 18:36,2a00:5400:f012::,AAKRGE7P9eIAABxfJkTLVA,7,WEB_ID,android
10/14/2024 18:36,2a00:5400:f012::,AAKRGE7P9eIAABxfJkTLVA,7,WEB_ID,android
10/14/2024 18:36,2a00:5400:f012::,AAKRGE7P9eIAABxfJkTLVA,7,WEB_ID,android
10/14/2024 18:37,2a00:5400:f012::,AAKRGE7P9eIAABxfJkTLVA,7,WEB_ID,android
10/14/2024 18:38,82.167.116.0,AAFcvU7LIAoAABO-Xttw5A,7,WEB_ID,android
10/14/2024 18:39,2a00:5400:f012::,AAKRGE7P9eIAABxfJkTLVA,7,WEB_ID,android
10/14/2024 18:39,2a00:5400:f012::,AAKRGE7P9eIAABxfJkTLVA,7,WEB_ID,android
10/14/2024 18:40,82.167.116.0,AAFcvU7LIAoAABO-Xttw5A,7,WEB_ID,android
10/14/2024 18:40,2a00:5400:f012::,AAKRGE7P9eIAABxfJkTLVA,7,WEB_ID,android
10/14/2024 18:40,2a00:5400:f012::,AAKRGE7P9eIAABxfJkTLVA,7,WEB_ID,android
10/14/2024 18:41,2a00:5400:f012::,AAKRGE7P9eIAABxfJkTLVA,7,WEB_ID,android
10/14/2024 18:41,2a00:5400:f012::,AAKRGE7P9eIAABxfJkTLVA,7,WEB_ID,android
10/14/2024 18:43,2a00:5400:f012::,AAKRGE7P9eIAABxfJkTLVA,7,WEB_ID,android
10/14/2024 18:43,2a00:5400:f012::,AAKRGE7P9eIAABxfJkTLVA,7,WEB_ID,android
10/14/2024 18:44,82.167.116.0,AAFcvU7LIAoAABO-Xttw5A,7,WEB_ID,android
10/14/2024 18:44,2a00:5400:f012::,AAKRGE7P9eIAABxfJkTLVA,7,WEB_ID,android
10/14/2024 18:44,82.167.116.0,AAFcvU7LIAoAABO-Xttw5A,7,WEB_ID,android
10/14/2024 18:45,2a00:5400:f012::,AAKRGE7P9eIAABxfJkTLVA,7,WEB_ID,android
10/14/2024 18:45,2a00:5400:f012::,AAKRGE7P9eIAABxfJkTLVA,7,WEB_ID,android
10/14/2024 18:45,2a00:5400:f012::,AAKRGE7P9eIAABxfJkTLVA,7,WEB_ID,android
10/14/2024 18:46,2a00:5400:f012::,AAKRGE7P9eIAABxfJkTLVA,7,WEB_ID,android
10/14/2024 18:46,82.167.116.0,AAFcvU7LIAoAABO-Xttw5A,7,WEB_ID,android
10/14/2024 18:46,2a00:5400:f012::,AAKRGE7P9eIAABxfJkTLVA,7,WEB_ID,android
10/14/2024 18:47,2a00:5400:f012::,AAKRGE7P9eIAABxfJkTLVA,7,WEB_ID,android
10/14/2024 18:47,2a00:5400:f012::,AAKRGE7P9eIAABxfJkTLVA,7,WEB_ID,android
10/14/2024 19:55,2a00:5400:f012::,AAKRGE7P9eIAABxfJkTLVA,7,WEB_ID,android
10/14/2024 19:55,82.167.116.0,AAFcvU7LIAoAABO-Xttw5A,7,WEB_ID,android
10/14/2024 19:56,2a00:5400:f012::,AAKRGE7P9eIAABxfJkTLVA,7,WEB_ID,android
10/14/2024 19:56,2a00:5400:f012::,AAKRGE7P9eIAABxfJkTLVA,7,WEB_ID,android
10/14/2024 20:02,82.167.116.0,AAFcvU7LIAoAABO-Xttw5A,7,WEB_ID,android
10/14/2024 20:03,82.167.116.0,AAFcvU7LIAoAABO-Xttw5A,7,WEB_ID,android
10/14/2024 20:03,2a00:5400:f012::,AAKRGE7P9eIAABxfJkTLVA,7,WEB_ID,android
10/14/2024 20:04,82.167.116.0,AAFcvU7LIAoAABO-Xttw5A,7,WEB_ID,android
10/14/2024 20:04,2a00:5400:f012::,AAKRGE7P9eIAABxfJkTLVA,7,WEB_ID,android
10/14/2024 20:05,82.167.116.0,AAFcvU7LIAoAABO-Xttw5A,7,WEB_ID,android
10/14/2024 20:05,2a00:5400:f012::,AAKRGE7P9eIAABxfJkTLVA,7,WEB_ID,android
10/14/2024 20:06,82.167.116.0,AAFcvU7LIAoAABO-Xttw5A,7,WEB_ID,android
10/14/2024 20:07,82.167.116.0,AAFcvU7LIAoAABO-Xttw5A,7,WEB_ID,android
10/14/2024 20:07,82.167.116.0,AAFcvU7LIAoAABO-Xttw5A,7,WEB_ID,android
10/14/2024 20:11,82.167.116.0,AAFcvU7LIAoAABO-Xttw5A,7,WEB_ID,android
10/14/2024 20:11,82.167.116.0,AAFcvU7LIAoAABO-Xttw5A,7,WEB_ID,android
10/14/2024 20:11,82.167.116.0,AAFcvU7LIAoAABO-Xttw5A,7,WEB_ID,android
10/14/2024 20:12,82.167.116.0,AAFcvU7LIAoAABO-Xttw5A,7,WEB_ID,android
10/14/2024 20:13,82.167.116.0,AAFcvU7LIAoAABO-Xttw5A,7,WEB_ID,android
10/14/2024 20:14,82.167.116.0,AAFcvU7LIAoAABO-Xttw5A,7,WEB_ID,android
10/14/2024 20:14,82.167.116.0,AAFcvU7LIAoAABO-Xttw5A,7,WEB_ID,android
10/14/2024 20:14,2a00:5400:f012::,AAKRGE7P9eIAABxfJkTLVA,7,WEB_ID,android
10/14/2024 20:15,2a00:5400:f012::,AAKRGE7P9eIAABxfJkTLVA,7,WEB_ID,android
10/14/2024 20:15,82.167.116.0,AAFcvU7LIAoAABO-Xttw5A,7,WEB_ID,android
10/14/2024 20:18,2a00:5400:f012::,AAKRGE7P9eIAABxfJkTLVA,7,WEB_ID,android
10/14/2024 20:18,2a00:5400:f012::,AAKRGE7P9eIAABxfJkTLVA,7,WEB_ID,android
10/14/2024 20:20,46.143.148.0,AAKRGE7P9eIAABxfJkTLVA,7,WEB_ID,android
10/14/2024 20:20,46.143.148.0,AAKRGE7P9eIAABxfJkTLVA,7,WEB_ID,android
10/14/2024 20:20,2a00:5400:f012::,AAKRGE7P9eIAABxfJkTLVA,7,WEB_ID,android
10/14/2024 20:21,2a00:5400:f012::,AAKRGE7P9eIAABxfJkTLVA,7,WEB_ID,android
10/14/2024 20:22,2a00:5400:f012::,AAKRGE7P9eIAABxfJkTLVA,7,WEB_ID,android
10/14/2024 20:23,2a00:5400:f012::,AAKRGE7P9eIAABxfJkTLVA,7,WEB_ID,android
10/14/2024 20:23,2a00:5400:f012::,AAKRGE7P9eIAABxfJkTLVA,7,WEB_ID,android
10/14/2024 20:24,2a00:5400:f012::,AAKRGE7P9eIAABxfJkTLVA,7,WEB_ID,android
10/14/2024 20:26,2a00:5400:f012::,AAKRGE7P9eIAABxfJkTLVA,7,WEB_ID,android
10/14/2024 20:26,2a00:5400:f012::,AAKRGE7P9eIAABxfJkTLVA,7,WEB_ID,android
10/14/2024 20:26,2a00:5400:f012::,AAKRGE7P9eIAABxfJkTLVA,7,WEB_ID,android
10/14/2024 20:28,2a00:5400:f012::,AAKRGE7P9eIAABxfJkTLVA,7,WEB_ID,android
10/14/2024 20:30,82.167.116.0,AAFcvU7LIAoAABO-Xttw5A,7,WEB_ID,android
10/14/2024 20:48,2a00:5400:f012::,AAKRGE7P9eIAABxfJkTLVA,7,WEB_ID,android
10/14/2024 20:11,2a00:5400:f012::,AAKRGE7P9eIAABxfJkTLVA,7,WEB_ID,android
10/14/2024 20:11,2a00:5400:f012::,AAKRGE7P9eIAABxfJkTLVA,7,WEB_ID,android
10/14/2024 20:12,2a00:5400:f012::,AAKRGE7P9eIAABxfJkTLVA,7,WEB_ID,android
10/14/2024 20:15,2a00:5400:f012::,AAKRGE7P9eIAABxfJkTLVA,7,WEB_ID,android
10/14/2024 20:15,2a00:5400:f012::,AAKRGE7P9eIAABxfJkTLVA,7,WEB_ID,android
10/14/2024 20:24,2a00:5400:f012::,AAKRGE7P9eIAABxfJkTLVA,7,WEB_ID,android
10/14/2024 20:25,2a00:5400:f012::,AAKRGE7P9eIAABxfJkTLVA,7,WEB_ID,android
10/14/2024 20:26,2a00:5400:f012::,AAKRGE7P9eIAABxfJkTLVA,7,WEB_ID,android
10/14/2024 20:24,82.167.116.0,AAFcvU7LIAoAABO-Xttw5A,7,WEB_ID,android
10/14/2024 20:25,82.167.116.0,AAFcvU7LIAoAABO-Xttw5A,7,WEB_ID,android
10/14/2024 20:25,82.167.116.0,AAFcvU7LIAoAABO-Xttw5A,7,WEB_ID,android
10/14/2024 20:30,82.167.116.0,AAFcvU7LIAoAABO-Xttw5A,7,WEB_ID,android
10/14/2024 20:31,82.167.116.0,AAFcvU7LIAoAABO-Xttw5A,7,WEB_ID,android
10/3/2024 8:37,2a00:5400:e053:631e::,AAKT707IOKgAAB_bLwHDew,6,WEB_ID,ios
10/14/2024 20:45,82.167.116.0,AAFcvU7LIAoAABO-Xttw5A,7,WEB_ID,android
10/14/2024 20:47,82.167.116.0,AAFcvU7LIAoAABO-Xttw5A,7,WEB_ID,android
10/14/2024 20:51,82.167.116.0,AAFcvU7LIAoAABO-Xttw5A,7,WEB_ID,android
10/14/2024 20:54,82.167.116.0,AAFcvU7LIAoAABO-Xttw5A,7,WEB_ID,android
10/14/2024 20:55,82.167.116.0,AAFcvU7LIAoAABO-Xttw5A,7,WEB_ID,android
10/14/2024 20:56,82.167.116.0,AAFcvU7LIAoAABO-Xttw5A,7,WEB_ID,android
10/14/2024 20:56,82.167.116.0,AAFcvU7LIAoAABO-Xttw5A,7,WEB_ID,android
10/14/2024 20:57,82.167.116.0,AAFcvU7LIAoAABO-Xttw5A,7,WEB_ID,android
10/14/2024 20:57,82.167.116.0,AAFcvU7LIAoAABO-Xttw5A,7,WEB_ID,android
10/14/2024 20:58,82.167.116.0,AAFcvU7LIAoAABO-Xttw5A,7,WEB_ID,android
10/14/2024 20:58,82.167.116.0,AAFcvU7LIAoAABO-Xttw5A,7,WEB_ID,android
10/14/2024 20:59,82.167.116.0,AAFcvU7LIAoAABO-Xttw5A,7,WEB_ID,android
10/14/2024 20:59,82.167.116.0,AAFcvU7LIAoAABO-Xttw5A,7,WEB_ID,android
10/14/2024 21:00,82.167.116.0,AAFcvU7LIAoAABO-Xttw5A,7,WEB_ID,android
10/14/2024 21:00,82.167.116.0,AAFcvU7LIAoAABO-Xttw5A,7,WEB_ID,android
10/14/2024 21:01,82.167.116.0,AAFcvU7LIAoAABO-Xttw5A,7,WEB_ID,android
10/14/2024 21:01,82.167.116.0,AAFcvU7LIAoAABO-Xttw5A,7,WEB_ID,android
10/14/2024 21:01,82.167.116.0,AAFcvU7LIAoAABO-Xttw5A,7,WEB_ID,android
10/14/2024 21:02,82.167.116.0,AAFcvU7LIAoAABO-Xttw5A,7,WEB_ID,android
10/14/2024 21:02,82.167.116.0,AAFcvU7LIAoAABO-Xttw5A,7,WEB_ID,android
10/14/2024 21:03,82.167.116.0,AAFcvU7LIAoAABO-Xttw5A,7,WEB_ID,android
10/14/2024 21:04,82.167.116.0,AAFcvU7LIAoAABO-Xttw5A,7,WEB_ID,android
10/14/2024 21:05,82.167.116.0,AAFcvU7LIAoAABO-Xttw5A,7,WEB_ID,android
10/14/2024 21:06,82.167.116.0,AAFcvU7LIAoAABO-Xttw5A,7,WEB_ID,android
10/14/2024 21:07,82.167.116.0,AAFcvU7LIAoAABO-Xttw5A,7,WEB_ID,android
10/14/2024 21:07,82.167.116.0,AAFcvU7LIAoAABO-Xttw5A,7,WEB_ID,android
10/14/2024 21:08,82.167.116.0,AAFcvU7LIAoAABO-Xttw5A,7,WEB_ID,android
10/14/2024 21:09,82.167.116.0,AAFcvU7LIAoAABO-Xttw5A,7,WEB_ID,android
10/14/2024 21:10,82.167.116.0,AAFcvU7LIAoAABO-Xttw5A,7,WEB_ID,android
10/14/2024 21:11,82.167.116.0,AAFcvU7LIAoAABO-Xttw5A,7,WEB_ID,android
10/14/2024 21:14,82.167.116.0,AAFcvU7LIAoAABO-Xttw5A,7,WEB_ID,android
10/14/2024 21:16,82.167.116.0,AAFcvU7LIAoAABO-Xttw5A,7,WEB_ID,android
10/14/2024 21:18,82.167.116.0,AAFcvU7LIAoAABO-Xttw5A,7,WEB_ID,android
10/14/2024 21:18,82.167.116.0,AAFcvU7LIAoAABO-Xttw5A,7,WEB_ID,android
10/15/2024 8:25,82.167.116.0,AAFcvU7LIAoAABO-Xttw5A,7,WEB_ID,android
10/15/2024 8:32,82.167.116.0,AAFcvU7LIAoAABO-Xttw5A,7,WEB_ID,android
10/15/2024 8:32,82.167.116.0,AAFcvU7LIAoAABO-Xttw5A,7,WEB_ID,android
10/15/2024 8:33,82.167.116.0,AAFcvU7LIAoAABO-Xttw5A,7,WEB_ID,android
10/15/2024 8:33,82.167.116.0,AAFcvU7LIAoAABO-Xttw5A,7,WEB_ID,android
10/15/2024 8:34,82.167.116.0,AAFcvU7LIAoAABO-Xttw5A,7,WEB_ID,android
10/15/2024 8:35,82.167.116.0,AAFcvU7LIAoAABO-Xttw5A,7,WEB_ID,android
10/15/2024 8:35,82.167.116.0,AAFcvU7LIAoAABO-Xttw5A,7,WEB_ID,android
10/15/2024 8:35,82.167.116.0,AAFcvU7LIAoAABO-Xttw5A,7,WEB_ID,android
10/15/2024 8:35,82.167.116.0,AAFcvU7LIAoAABO-Xttw5A,7,WEB_ID,android
10/15/2024 8:36,82.167.116.0,AAFcvU7LIAoAABO-Xttw5A,7,WEB_ID,android
10/15/2024 8:37,82.167.116.0,AAFcvU7LIAoAABO-Xttw5A,7,WEB_ID,android
10/15/2024 8:37,82.167.116.0,AAFcvU7LIAoAABO-Xttw5A,7,WEB_ID,android
10/15/2024 8:38,82.167.116.0,AAFcvU7LIAoAABO-Xttw5A,7,WEB_ID,android
10/15/2024 8:38,82.167.116.0,AAFcvU7LIAoAABO-Xttw5A,7,WEB_ID,android
10/15/2024 8:39,82.167.116.0,AAFcvU7LIAoAABO-Xttw5A,7,WEB_ID,android
10/15/2024 8:39,82.167.116.0,AAFcvU7LIAoAABO-Xttw5A,7,WEB_ID,android
10/15/2024 8:39,82.167.116.0,AAFcvU7LIAoAABO-Xttw5A,7,WEB_ID,android
10/15/2024 8:39,82.167.116.0,AAFcvU7LIAoAABO-Xttw5A,7,WEB_ID,android
10/15/2024 8:40,82.167.116.0,AAFcvU7LIAoAABO-Xttw5A,7,WEB_ID,android
10/15/2024 8:41,82.167.116.0,AAFcvU7LIAoAABO-Xttw5A,7,WEB_ID,android
10/15/2024 8:41,82.167.116.0,AAFcvU7LIAoAABO-Xttw5A,7,WEB_ID,android
10/15/2024 8:56,2a00:5400:f012::,AAKRGE7P9eIAABxfJkTLVA,7,WEB_ID,android
10/15/2024 9:00,2a00:5400:f012::,AAKRGE7P9eIAABxfJkTLVA,7,WEB_ID,android
10/15/2024 9:01,2a00:5400:f012::,AAKRGE7P9eIAABxfJkTLVA,7,WEB_ID,android
10/15/2024 9:03,2a00:5400:f012::,AAKRGE7P9eIAABxfJkTLVA,7,WEB_ID,android
10/15/2024 9:04,2a00:5400:f012::,AAKRGE7P9eIAABxfJkTLVA,7,WEB_ID,android
10/15/2024 9:04,2a00:5400:f012::,AAKRGE7P9eIAABxfJkTLVA,7,WEB_ID,android
10/15/2024 9:06,2a00:5400:f012::,AAKRGE7P9eIAABxfJkTLVA,7,WEB_ID,android
10/15/2024 9:09,2a00:5400:f012::,AAKRGE7P9eIAABxfJkTLVA,7,WEB_ID,android
10/15/2024 9:10,2a00:5400:f012::,AAKRGE7P9eIAABxfJkTLVA,7,WEB_ID,android
10/15/2024 9:12,2a00:5400:f012::,AAKRGE7P9eIAABxfJkTLVA,7,WEB_ID,android
10/15/2024 9:12,2a00:5400:f012::,AAKRGE7P9eIAABxfJkTLVA,7,WEB_ID,android
10/15/2024 9:13,2a00:5400:f012::,AAKRGE7P9eIAABxfJkTLVA,7,WEB_ID,android
10/15/2024 9:19,2a00:5400:f012::,AAKRGE7P9eIAABxfJkTLVA,7,WEB_ID,android
10/15/2024 9:21,2a00:5400:f012::,AAKRGE7P9eIAABxfJkTLVA,7,WEB_ID,android
10/15/2024 9:21,2a00:5400:f012::,AAKRGE7P9eIAABxfJkTLVA,7,WEB_ID,android
10/15/2024 8:35,2a00:5400:f012::,AAKRGE7P9eIAABxfJkTLVA,7,WEB_ID,android
10/15/2024 8:54,2a00:5400:f012::,AAKRGE7P9eIAABxfJkTLVA,7,WEB_ID,android
10/15/2024 8:54,2a00:5400:f012::,AAKRGE7P9eIAABxfJkTLVA,7,WEB_ID,android
10/15/2024 8:58,2a00:5400:f012::,AAKRGE7P9eIAABxfJkTLVA,7,WEB_ID,android
10/15/2024 8:59,2a00:5400:f012::,AAKRGE7P9eIAABxfJkTLVA,7,WEB_ID,android
10/15/2024 8:59,2a00:5400:f012::,AAKRGE7P9eIAABxfJkTLVA,7,WEB_ID,android
10/15/2024 9:00,2a00:5400:f012::,AAKRGE7P9eIAABxfJkTLVA,7,WEB_ID,android
10/15/2024 9:04,2a00:5400:f012::,AAKRGE7P9eIAABxfJkTLVA,7,WEB_ID,android
10/15/2024 10:31,2a00:5400:f012::,AAKRGE7P9eIAABxfJkTLVA,7,WEB_ID,android
10/15/2024 10:33,2a00:5400:f012::,AAKRGE7P9eIAABxfJkTLVA,7,WEB_ID,android
10/15/2024 10:33,2a00:5400:f012::,AAKRGE7P9eIAABxfJkTLVA,7,WEB_ID,android
10/15/2024 10:34,2a00:5400:f012::,AAKRGE7P9eIAABxfJkTLVA,7,WEB_ID,android
10/15/2024 10:36,2a00:5400:f012::,AAKRGE7P9eIAABxfJkTLVA,7,WEB_ID,android
10/15/2024 10:37,2a00:5400:f012::,AAKRGE7P9eIAABxfJkTLVA,7,WEB_ID,android
10/15/2024 11:31,82.167.116.0,AAFcvU7LIAoAABO-Xttw5A,7,WEB_ID,android
10/15/2024 11:12,82.167.116.0,AAFcvU7LIAoAABO-Xttw5A,7,WEB_ID,android
10/15/2024 11:14,82.167.116.0,AAFcvU7LIAoAABO-Xttw5A,7,WEB_ID,android
10/15/2024 11:14,82.167.116.0,AAFcvU7LIAoAABO-Xttw5A,7,WEB_ID,android
10/15/2024 11:16,82.167.116.0,AAFcvU7LIAoAABO-Xttw5A,7,WEB_ID,android
10/15/2024 11:16,82.167.116.0,AAFcvU7LIAoAABO-Xttw5A,7,WEB_ID,android
10/15/2024 11:18,82.167.116.0,AAFcvU7LIAoAABO-Xttw5A,7,WEB_ID,android
10/15/2024 11:19,82.167.116.0,AAFcvU7LIAoAABO-Xttw5A,7,WEB_ID,android
10/15/2024 11:19,82.167.116.0,AAFcvU7LIAoAABO-Xttw5A,7,WEB_ID,android
10/15/2024 11:20,82.167.116.0,AAFcvU7LIAoAABO-Xttw5A,7,WEB_ID,android
10/15/2024 11:20,82.167.116.0,AAFcvU7LIAoAABO-Xttw5A,7,WEB_ID,android
10/15/2024 11:21,82.167.116.0,AAFcvU7LIAoAABO-Xttw5A,7,WEB_ID,android
10/15/2024 11:21,82.167.116.0,AAFcvU7LIAoAABO-Xttw5A,7,WEB_ID,android
10/15/2024 11:22,82.167.116.0,AAFcvU7LIAoAABO-Xttw5A,7,WEB_ID,android
10/15/2024 11:23,82.167.116.0,AAFcvU7LIAoAABO-Xttw5A,7,WEB_ID,android
10/15/2024 11:24,82.167.116.0,AAFcvU7LIAoAABO-Xttw5A,7,WEB_ID,android
10/15/2024 11:25,82.167.116.0,AAFcvU7LIAoAABO-Xttw5A,7,WEB_ID,android
10/15/2024 11:27,82.167.116.0,AAFcvU7LIAoAABO-Xttw5A,7,WEB_ID,android
10/15/2024 11:27,82.167.116.0,AAFcvU7LIAoAABO-Xttw5A,7,WEB_ID,android
10/15/2024 11:29,82.167.116.0,AAFcvU7LIAoAABO-Xttw5A,7,WEB_ID,android
10/15/2024 11:30,82.167.116.0,AAFcvU7LIAoAABO-Xttw5A,7,WEB_ID,android
10/15/2024 11:30,82.167.116.0,AAFcvU7LIAoAABO-Xttw5A,7,WEB_ID,android
10/15/2024 11:42,46.143.148.0,AAKRGE7P9eIAABxfJkTLVA,7,WEB_ID,android
10/15/2024 11:42,2a00:5400:f012::,AAKRGE7P9eIAABxfJkTLVA,7,WEB_ID,android
10/15/2024 11:46,82.167.116.0,AAFcvU7LIAoAABO-Xttw5A,7,WEB_ID,android
10/15/2024 11:51,82.167.116.0,AAFcvU7LIAoAABO-Xttw5A,7,WEB_ID,android
10/15/2024 11:51,82.167.116.0,AAFcvU7LIAoAABO-Xttw5A,7,WEB_ID,android
10/15/2024 11:54,82.167.116.0,AAFcvU7LIAoAABO-Xttw5A,7,WEB_ID,android
10/15/2024 11:55,82.167.116.0,AAFcvU7LIAoAABO-Xttw5A,7,WEB_ID,android
10/15/2024 11:56,82.167.116.0,AAFcvU7LIAoAABO-Xttw5A,7,WEB_ID,android
10/15/2024 11:58,82.167.116.0,AAFcvU7LIAoAABO-Xttw5A,7,WEB_ID,android
10/15/2024 11:59,82.167.116.0,AAFcvU7LIAoAABO-Xttw5A,7,WEB_ID,android
10/15/2024 11:59,82.167.116.0,AAFcvU7LIAoAABO-Xttw5A,7,WEB_ID,android
10/15/2024 12:00,82.167.116.0,AAFcvU7LIAoAABO-Xttw5A,7,WEB_ID,android
10/15/2024 12:01,82.167.116.0,AAFcvU7LIAoAABO-Xttw5A,7,WEB_ID,android
10/15/2024 12:03,82.167.116.0,AAFcvU7LIAoAABO-Xttw5A,7,WEB_ID,android
10/15/2024 12:03,82.167.116.0,AAFcvU7LIAoAABO-Xttw5A,7,WEB_ID,android
10/15/2024 12:04,82.167.116.0,AAFcvU7LIAoAABO-Xttw5A,7,WEB_ID,android
10/15/2024 12:04,82.167.116.0,AAFcvU7LIAoAABO-Xttw5A,7,WEB_ID,android
10/15/2024 12:04,82.167.116.0,AAFcvU7LIAoAABO-Xttw5A,7,WEB_ID,android
10/15/2024 12:07,82.167.116.0,AAFcvU7LIAoAABO-Xttw5A,7,WEB_ID,android
10/15/2024 12:07,82.167.116.0,AAFcvU7LIAoAABO-Xttw5A,7,WEB_ID,android
10/15/2024 12:08,82.167.116.0,AAFcvU7LIAoAABO-Xttw5A,7,WEB_ID,android
10/15/2024 11:37,82.167.116.0,AAFcvU7LIAoAABO-Xttw5A,7,WEB_ID,android
10/15/2024 11:38,82.167.116.0,AAFcvU7LIAoAABO-Xttw5A,7,WEB_ID,android
10/15/2024 11:39,82.167.116.0,AAFcvU7LIAoAABO-Xttw5A,7,WEB_ID,android
10/15/2024 11:40,82.167.116.0,AAFcvU7LIAoAABO-Xttw5A,7,WEB_ID,android
10/15/2024 11:40,82.167.116.0,AAFcvU7LIAoAABO-Xttw5A,7,WEB_ID,android
10/15/2024 11:41,82.167.116.0,AAFcvU7LIAoAABO-Xttw5A,7,WEB_ID,android
10/15/2024 11:41,82.167.116.0,AAFcvU7LIAoAABO-Xttw5A,7,WEB_ID,android
10/15/2024 11:41,82.167.116.0,AAFcvU7LIAoAABO-Xttw5A,7,WEB_ID,android
10/15/2024 11:42,82.167.116.0,AAFcvU7LIAoAABO-Xttw5A,7,WEB_ID,android
10/15/2024 11:43,82.167.116.0,AAFcvU7LIAoAABO-Xttw5A,7,WEB_ID,android
10/15/2024 11:43,82.167.116.0,AAFcvU7LIAoAABO-Xttw5A,7,WEB_ID,android
10/15/2024 11:44,82.167.116.0,AAFcvU7LIAoAABO-Xttw5A,7,WEB_ID,android
10/15/2024 11:45,82.167.116.0,AAFcvU7LIAoAABO-Xttw5A,7,WEB_ID,android
10/15/2024 11:45,82.167.116.0,AAFcvU7LIAoAABO-Xttw5A,7,WEB_ID,android
10/15/2024 11:45,82.167.116.0,AAFcvU7LIAoAABO-Xttw5A,7,WEB_ID,android
10/15/2024 11:45,82.167.116.0,AAFcvU7LIAoAABO-Xttw5A,7,WEB_ID,android
10/15/2024 11:45,82.167.116.0,AAFcvU7LIAoAABO-Xttw5A,7,WEB_ID,android
10/15/2024 11:46,82.167.116.0,AAFcvU7LIAoAABO-Xttw5A,7,WEB_ID,android
10/15/2024 11:46,82.167.116.0,AAFcvU7LIAoAABO-Xttw5A,7,WEB_ID,android
10/15/2024 11:47,82.167.116.0,AAFcvU7LIAoAABO-Xttw5A,7,WEB_ID,android
10/15/2024 11:47,82.167.116.0,AAFcvU7LIAoAABO-Xttw5A,7,WEB_ID,android
10/15/2024 11:48,82.167.116.0,AAFcvU7LIAoAABO-Xttw5A,7,WEB_ID,android
10/15/2024 11:49,82.167.116.0,AAFcvU7LIAoAABO-Xttw5A,7,WEB_ID,android
10/15/2024 11:49,82.167.116.0,AAFcvU7LIAoAABO-Xttw5A,7,WEB_ID,android
10/15/2024 11:51,82.167.116.0,AAFcvU7LIAoAABO-Xttw5A,7,WEB_ID,android
10/15/2024 11:52,82.167.116.0,AAFcvU7LIAoAABO-Xttw5A,7,WEB_ID,android
10/15/2024 11:52,82.167.116.0,AAFcvU7LIAoAABO-Xttw5A,7,WEB_ID,android
10/15/2024 11:55,82.167.116.0,AAFcvU7LIAoAABO-Xttw5A,7,WEB_ID,android
10/15/2024 11:56,82.167.116.0,AAFcvU7LIAoAABO-Xttw5A,7,WEB_ID,android
10/15/2024 11:56,82.167.116.0,AAFcvU7LIAoAABO-Xttw5A,7,WEB_ID,android
10/15/2024 11:57,82.167.116.0,AAFcvU7LIAoAABO-Xttw5A,7,WEB_ID,android
10/15/2024 11:57,82.167.116.0,AAFcvU7LIAoAABO-Xttw5A,7,WEB_ID,android
10/15/2024 12:06,82.167.116.0,AAFcvU7LIAoAABO-Xttw5A,7,WEB_ID,android
10/15/2024 12:06,82.167.116.0,AAFcvU7LIAoAABO-Xttw5A,7,WEB_ID,android
10/15/2024 12:06,82.167.116.0,AAFcvU7LIAoAABO-Xttw5A,7,WEB_ID,android
10/15/2024 12:07,82.167.116.0,AAFcvU7LIAoAABO-Xttw5A,7,WEB_ID,android
10/15/2024 12:08,82.167.116.0,AAFcvU7LIAoAABO-Xttw5A,7,WEB_ID,android
10/15/2024 12:09,82.167.116.0,AAFcvU7LIAoAABO-Xttw5A,7,WEB_ID,android
10/15/2024 11:37,2a00:5400:f012::,AAKRGE7P9eIAABxfJkTLVA,7,WEB_ID,android
10/15/2024 11:38,2a00:5400:f012::,AAKRGE7P9eIAABxfJkTLVA,7,WEB_ID,android
10/15/2024 11:39,2a00:5400:f012::,AAKRGE7P9eIAABxfJkTLVA,7,WEB_ID,android
10/15/2024 11:53,2a00:5400:f012::,AAKRGE7P9eIAABxfJkTLVA,7,WEB_ID,android
10/15/2024 11:58,2a00:5400:f012::,AAKRGE7P9eIAABxfJkTLVA,7,WEB_ID,android
10/15/2024 12:13,2a00:5400:f012::,AAKRGE7P9eIAABxfJkTLVA,7,WEB_ID,android
10/15/2024 12:17,2a00:5400:f012::,AAKRGE7P9eIAABxfJkTLVA,7,WEB_ID,android
10/15/2024 12:17,2a00:5400:f012::,AAKRGE7P9eIAABxfJkTLVA,7,WEB_ID,android
10/15/2024 13:16,2a00:5400:f012::,AAKRGE7P9eIAABxfJkTLVA,7,WEB_ID,android
10/15/2024 13:16,2a00:5400:f012::,AAKRGE7P9eIAABxfJkTLVA,7,WEB_ID,android
10/15/2024 13:20,2a00:5400:f012::,AAKRGE7P9eIAABxfJkTLVA,7,WEB_ID,android
10/15/2024 13:22,2a00:5400:f012::,AAKRGE7P9eIAABxfJkTLVA,7,WEB_ID,android
10/15/2024 14:07,2a00:5400:f012::,AAKRGE7P9eIAABxfJkTLVA,7,WEB_ID,android
10/15/2024 14:11,2a00:5400:f012::,AAKRGE7P9eIAABxfJkTLVA,7,WEB_ID,android
10/15/2024 14:12,2a00:5400:f012::,AAKRGE7P9eIAABxfJkTLVA,7,WEB_ID,android
10/15/2024 14:13,2a00:5400:f012::,AAKRGE7P9eIAABxfJkTLVA,7,WEB_ID,android
10/15/2024 20:27,2a00:5400:f012::,AAKRGE7P9eIAABxfJkTLVA,7,WEB_ID,android
10/15/2024 20:28,2a00:5400:f012::,AAKRGE7P9eIAABxfJkTLVA,7,WEB_ID,android
10/15/2024 20:29,2a00:5400:f012::,AAKRGE7P9eIAABxfJkTLVA,7,WEB_ID,android
10/15/2024 20:29,2a00:5400:f012::,AAKRGE7P9eIAABxfJkTLVA,7,WEB_ID,android
10/15/2024 20:31,2a00:5400:f012::,AAKRGE7P9eIAABxfJkTLVA,7,WEB_ID,android
10/15/2024 20:32,2a00:5400:f012::,AAKRGE7P9eIAABxfJkTLVA,7,WEB_ID,android
10/15/2024 20:32,2a00:5400:f012::,AAKRGE7P9eIAABxfJkTLVA,7,WEB_ID,android
10/15/2024 20:34,2a00:5400:f012::,AAKRGE7P9eIAABxfJkTLVA,7,WEB_ID,android
10/15/2024 20:35,2a00:5400:f012::,AAKRGE7P9eIAABxfJkTLVA,7,WEB_ID,android
10/15/2024 20:35,2a00:5400:f012::,AAKRGE7P9eIAABxfJkTLVA,7,WEB_ID,android
10/15/2024 20:40,2a00:5400:f012::,AAKRGE7P9eIAABxfJkTLVA,7,WEB_ID,android
10/15/2024 20:45,2a00:5400:f012::,AAKRGE7P9eIAABxfJkTLVA,7,WEB_ID,android
10/15/2024 20:48,2a00:5400:f012::,AAKRGE7P9eIAABxfJkTLVA,7,WEB_ID,android
10/15/2024 20:59,2001:16a2:c1a1::,AAA7PE7OD50AABQ_9xhR4Q,7,WEB_ID,android
10/15/2024 21:12,2a00:5400:f012::,AAKRGE7P9eIAABxfJkTLVA,7,WEB_ID,android
10/15/2024 21:15,2a00:5400:f012::,AAKRGE7P9eIAABxfJkTLVA,7,WEB_ID,android
10/15/2024 21:15,2a00:5400:f012::,AAKRGE7P9eIAABxfJkTLVA,7,WEB_ID,android
10/16/2024 9:03,2001:16a2:c054::,AAFcvU7LIAoAABO-Xttw5A,7,WEB_ID,android
10/16/2024 9:05,2001:16a2:c054::,AAFcvU7LIAoAABO-Xttw5A,7,WEB_ID,android
10/16/2024 9:07,2001:16a2:c054::,AAFcvU7LIAoAABO-Xttw5A,7,WEB_ID,android
10/16/2024 9:09,2001:16a2:c054::,AAFcvU7LIAoAABO-Xttw5A,7,WEB_ID,android
10/16/2024 9:09,2a00:5400:f012::,AAKRGE7P9eIAABxfJkTLVA,7,WEB_ID,android
10/16/2024 9:09,2001:16a2:c054::,AAFcvU7LIAoAABO-Xttw5A,7,WEB_ID,android
10/16/2024 9:10,2001:16a2:c054::,AAFcvU7LIAoAABO-Xttw5A,7,WEB_ID,android
10/16/2024 9:10,2a00:5400:f012::,AAKRGE7P9eIAABxfJkTLVA,7,WEB_ID,android
10/16/2024 9:11,2001:16a2:c054::,AAFcvU7LIAoAABO-Xttw5A,7,WEB_ID,android
10/16/2024 9:11,2001:16a2:c054::,AAFcvU7LIAoAABO-Xttw5A,7,WEB_ID,android
10/16/2024 9:12,2a00:5400:f012::,AAKRGE7P9eIAABxfJkTLVA,7,WEB_ID,android
10/16/2024 9:12,2001:16a2:c054::,AAFcvU7LIAoAABO-Xttw5A,7,WEB_ID,android
10/16/2024 9:14,2001:16a2:c054::,AAFcvU7LIAoAABO-Xttw5A,7,WEB_ID,android
10/16/2024 9:16,2a00:5400:f012::,AAKRGE7P9eIAABxfJkTLVA,7,WEB_ID,android
10/16/2024 9:17,2001:16a2:c054::,AAFcvU7LIAoAABO-Xttw5A,7,WEB_ID,android
10/16/2024 9:18,2a00:5400:f012::,AAKRGE7P9eIAABxfJkTLVA,7,WEB_ID,android
10/16/2024 9:19,2001:16a2:c054::,AAFcvU7LIAoAABO-Xttw5A,7,WEB_ID,android
10/16/2024 9:21,2001:16a2:c054::,AAFcvU7LIAoAABO-Xttw5A,7,WEB_ID,android
10/16/2024 9:22,2001:16a2:c054::,AAFcvU7LIAoAABO-Xttw5A,7,WEB_ID,android
10/16/2024 9:22,2001:16a2:c054::,AAFcvU7LIAoAABO-Xttw5A,7,WEB_ID,android
10/16/2024 9:23,2001:16a2:c054::,AAFcvU7LIAoAABO-Xttw5A,7,WEB_ID,android
10/16/2024 9:23,2001:16a2:c054::,AAFcvU7LIAoAABO-Xttw5A,7,WEB_ID,android
10/16/2024 9:26,2a00:5400:f012::,AAKRGE7P9eIAABxfJkTLVA,7,WEB_ID,android
10/16/2024 9:28,2a00:5400:f012::,AAKRGE7P9eIAABxfJkTLVA,7,WEB_ID,android
10/16/2024 9:29,2a00:5400:f012::,AAKRGE7P9eIAABxfJkTLVA,7,WEB_ID,android
10/16/2024 9:33,2001:16a2:c054::,AAFcvU7LIAoAABO-Xttw5A,7,WEB_ID,android
10/16/2024 9:34,2001:16a2:c054::,AAFcvU7LIAoAABO-Xttw5A,7,WEB_ID,android
10/16/2024 9:34,2001:16a2:c054::,AAFcvU7LIAoAABO-Xttw5A,7,WEB_ID,android
10/16/2024 9:34,2001:16a2:c054::,AAFcvU7LIAoAABO-Xttw5A,7,WEB_ID,android
10/16/2024 9:36,2a00:5400:f012::,AAKRGE7P9eIAABxfJkTLVA,7,WEB_ID,android
10/16/2024 9:36,2001:16a2:c054::,AAFcvU7LIAoAABO-Xttw5A,7,WEB_ID,android
10/16/2024 9:37,2001:16a2:c054::,AAFcvU7LIAoAABO-Xttw5A,7,WEB_ID,android
10/16/2024 9:38,2001:16a2:c054::,AAFcvU7LIAoAABO-Xttw5A,7,WEB_ID,android
10/16/2024 9:38,2001:16a2:c054::,AAFcvU7LIAoAABO-Xttw5A,7,WEB_ID,android
10/16/2024 9:39,2001:16a2:c054::,AAFcvU7LIAoAABO-Xttw5A,7,WEB_ID,android
10/16/2024 9:39,2001:16a2:c054::,AAFcvU7LIAoAABO-Xttw5A,7,WEB_ID,android
10/16/2024 9:39,2001:16a2:c054::,AAFcvU7LIAoAABO-Xttw5A,7,WEB_ID,android
10/16/2024 9:40,2001:16a2:c054::,AAFcvU7LIAoAABO-Xttw5A,7,WEB_ID,android
10/16/2024 9:40,2001:16a2:c054::,AAFcvU7LIAoAABO-Xttw5A,7,WEB_ID,android
10/16/2024 9:41,2001:16a2:c054::,AAFcvU7LIAoAABO-Xttw5A,7,WEB_ID,android
10/16/2024 9:41,2001:16a2:c054::,AAFcvU7LIAoAABO-Xttw5A,7,WEB_ID,android
10/16/2024 9:41,2001:16a2:c054::,AAFcvU7LIAoAABO-Xttw5A,7,WEB_ID,android
10/16/2024 9:42,51.252.155.0,AAFcvU7LIAoAABO-Xttw5A,7,WEB_ID,android
10/16/2024 9:45,2001:16a2:c054::,AAFcvU7LIAoAABO-Xttw5A,7,WEB_ID,android
10/16/2024 9:22,2001:16a2:c054::,AAFcvU7LIAoAABO-Xttw5A,7,WEB_ID,android
10/16/2024 9:22,2001:16a2:c054::,AAFcvU7LIAoAABO-Xttw5A,7,WEB_ID,android
10/16/2024 9:22,2001:16a2:c054::,AAFcvU7LIAoAABO-Xttw5A,7,WEB_ID,android
10/16/2024 9:25,2001:16a2:c054::,AAFcvU7LIAoAABO-Xttw5A,7,WEB_ID,android
10/16/2024 9:25,2001:16a2:c054::,AAFcvU7LIAoAABO-Xttw5A,7,WEB_ID,android
10/16/2024 9:26,2001:16a2:c054::,AAFcvU7LIAoAABO-Xttw5A,7,WEB_ID,android
10/16/2024 9:26,2001:16a2:c054::,AAFcvU7LIAoAABO-Xttw5A,7,WEB_ID,android
10/16/2024 9:26,2001:16a2:c054::,AAFcvU7LIAoAABO-Xttw5A,7,WEB_ID,android
10/16/2024 9:26,2001:16a2:c054::,AAFcvU7LIAoAABO-Xttw5A,7,WEB_ID,android
10/16/2024 9:27,2001:16a2:c054::,AAFcvU7LIAoAABO-Xttw5A,7,WEB_ID,android
10/16/2024 9:28,2001:16a2:c054::,AAFcvU7LIAoAABO-Xttw5A,7,WEB_ID,android
10/16/2024 9:28,2001:16a2:c054::,AAFcvU7LIAoAABO-Xttw5A,7,WEB_ID,android
10/16/2024 9:28,2001:16a2:c054::,AAFcvU7LIAoAABO-Xttw5A,7,WEB_ID,android
10/16/2024 9:29,2001:16a2:c054::,AAFcvU7LIAoAABO-Xttw5A,7,WEB_ID,android
10/16/2024 9:30,2001:16a2:c054::,AAFcvU7LIAoAABO-Xttw5A,7,WEB_ID,android
10/16/2024 9:30,2001:16a2:c054::,AAFcvU7LIAoAABO-Xttw5A,7,WEB_ID,android
10/16/2024 9:30,2001:16a2:c054::,AAFcvU7LIAoAABO-Xttw5A,7,WEB_ID,android
10/16/2024 9:30,2001:16a2:c054::,AAFcvU7LIAoAABO-Xttw5A,7,WEB_ID,android
10/16/2024 9:32,2001:16a2:c054::,AAFcvU7LIAoAABO-Xttw5A,7,WEB_ID,android
10/16/2024 9:32,2001:16a2:c054::,AAFcvU7LIAoAABO-Xttw5A,7,WEB_ID,android
10/16/2024 9:33,2001:16a2:c054::,AAFcvU7LIAoAABO-Xttw5A,7,WEB_ID,android
10/16/2024 9:33,2001:16a2:c054::,AAFcvU7LIAoAABO-Xttw5A,7,WEB_ID,android
10/16/2024 9:34,2001:16a2:c054::,AAFcvU7LIAoAABO-Xttw5A,7,WEB_ID,android
10/16/2024 9:34,2001:16a2:c054::,AAFcvU7LIAoAABO-Xttw5A,7,WEB_ID,android
10/16/2024 9:34,2001:16a2:c054::,AAFcvU7LIAoAABO-Xttw5A,7,WEB_ID,android
10/16/2024 9:35,51.252.155.0,AAFcvU7LIAoAABO-Xttw5A,7,WEB_ID,android
10/16/2024 9:36,2001:16a2:c054::,AAFcvU7LIAoAABO-Xttw5A,7,WEB_ID,android
10/16/2024 9:37,2001:16a2:c054::,AAFcvU7LIAoAABO-Xttw5A,7,WEB_ID,android
10/16/2024 9:39,2001:16a2:c054::,AAFcvU7LIAoAABO-Xttw5A,7,WEB_ID,android
10/16/2024 9:39,2001:16a2:c054::,AAFcvU7LIAoAABO-Xttw5A,7,WEB_ID,android
10/16/2024 9:40,2001:16a2:c054::,AAFcvU7LIAoAABO-Xttw5A,7,WEB_ID,android
10/16/2024 9:40,2001:16a2:c054::,AAFcvU7LIAoAABO-Xttw5A,7,WEB_ID,android
10/16/2024 9:41,2001:16a2:c054::,AAFcvU7LIAoAABO-Xttw5A,7,WEB_ID,android
10/16/2024 9:41,2001:16a2:c054::,AAFcvU7LIAoAABO-Xttw5A,7,WEB_ID,android
10/16/2024 9:43,2001:16a2:c054::,AAFcvU7LIAoAABO-Xttw5A,7,WEB_ID,android
10/16/2024 9:43,2001:16a2:c054::,AAFcvU7LIAoAABO-Xttw5A,7,WEB_ID,android
10/16/2024 9:44,2001:16a2:c054::,AAFcvU7LIAoAABO-Xttw5A,7,WEB_ID,android
10/16/2024 9:45,2001:16a2:c054::,AAFcvU7LIAoAABO-Xttw5A,7,WEB_ID,android
10/16/2024 9:45,2001:16a2:c054::,AAFcvU7LIAoAABO-Xttw5A,7,WEB_ID,android
10/16/2024 9:45,2001:16a2:c054::,AAFcvU7LIAoAABO-Xttw5A,7,WEB_ID,android
10/16/2024 9:46,2001:16a2:c054::,AAFcvU7LIAoAABO-Xttw5A,7,WEB_ID,android
10/16/2024 9:46,2001:16a2:c054::,AAFcvU7LIAoAABO-Xttw5A,7,WEB_ID,android
10/16/2024 9:48,2001:16a2:c054::,AAFcvU7LIAoAABO-Xttw5A,7,WEB_ID,android
10/16/2024 9:48,2001:16a2:c054::,AAFcvU7LIAoAABO-Xttw5A,7,WEB_ID,android
10/16/2024 9:49,2001:16a2:c054::,AAFcvU7LIAoAABO-Xttw5A,7,WEB_ID,android
10/16/2024 9:49,2001:16a2:c054::,AAFcvU7LIAoAABO-Xttw5A,7,WEB_ID,android
10/16/2024 9:51,51.252.155.0,AAFcvU7LIAoAABO-Xttw5A,7,WEB_ID,android
10/16/2024 9:51,51.252.155.0,AAFcvU7LIAoAABO-Xttw5A,7,WEB_ID,android
10/16/2024 9:53,2001:16a2:c054::,AAFcvU7LIAoAABO-Xttw5A,7,WEB_ID,android
10/16/2024 9:54,2001:16a2:c054::,AAFcvU7LIAoAABO-Xttw5A,7,WEB_ID,android
10/16/2024 9:54,2001:16a2:c054::,AAFcvU7LIAoAABO-Xttw5A,7,WEB_ID,android
10/16/2024 10:12,2001:16a2:c054::,AAFcvU7LIAoAABO-Xttw5A,7,WEB_ID,android
10/16/2024 10:13,2001:16a2:c054::,AAFcvU7LIAoAABO-Xttw5A,7,WEB_ID,android
10/16/2024 10:15,2001:16a2:c054::,AAFcvU7LIAoAABO-Xttw5A,7,WEB_ID,android
10/16/2024 10:12,2001:16a2:c054::,AAFcvU7LIAoAABO-Xttw5A,7,WEB_ID,android
10/16/2024 10:12,2001:16a2:c054::,AAFcvU7LIAoAABO-Xttw5A,7,WEB_ID,android
10/16/2024 10:14,2001:16a2:c054::,AAFcvU7LIAoAABO-Xttw5A,7,WEB_ID,android
10/16/2024 10:15,2001:16a2:c054::,AAFcvU7LIAoAABO-Xttw5A,7,WEB_ID,android
10/16/2024 10:15,2001:16a2:c054::,AAFcvU7LIAoAABO-Xttw5A,7,WEB_ID,android
10/16/2024 10:16,2001:16a2:c054::,AAFcvU7LIAoAABO-Xttw5A,7,WEB_ID,android
10/16/2024 10:17,2001:16a2:c054::,AAFcvU7LIAoAABO-Xttw5A,7,WEB_ID,android
10/16/2024 10:20,2001:16a2:c054::,AAFcvU7LIAoAABO-Xttw5A,7,WEB_ID,android
10/16/2024 10:21,2001:16a2:c054::,AAFcvU7LIAoAABO-Xttw5A,7,WEB_ID,android
10/16/2024 10:22,2001:16a2:c054::,AAFcvU7LIAoAABO-Xttw5A,7,WEB_ID,android
10/16/2024 10:24,2001:16a2:c054::,AAFcvU7LIAoAABO-Xttw5A,7,WEB_ID,android
10/16/2024 10:25,2001:16a2:c054::,AAFcvU7LIAoAABO-Xttw5A,7,WEB_ID,android
10/16/2024 10:25,2001:16a2:c054::,AAFcvU7LIAoAABO-Xttw5A,7,WEB_ID,android
10/16/2024 10:34,2001:16a2:c054::,AAFcvU7LIAoAABO-Xttw5A,7,WEB_ID,android
10/16/2024 10:35,2001:16a2:c054::,AAFcvU7LIAoAABO-Xttw5A,7,WEB_ID,android
10/16/2024 10:36,51.252.155.0,AAFcvU7LIAoAABO-Xttw5A,7,WEB_ID,android
10/16/2024 10:39,2001:16a2:c054::,AAFcvU7LIAoAABO-Xttw5A,7,WEB_ID,android
10/16/2024 10:40,2001:16a2:c054::,AAFcvU7LIAoAABO-Xttw5A,7,WEB_ID,android
10/16/2024 10:41,2001:16a2:c054::,AAFcvU7LIAoAABO-Xttw5A,7,WEB_ID,android
10/16/2024 10:42,2001:16a2:c054::,AAFcvU7LIAoAABO-Xttw5A,7,WEB_ID,android
10/16/2024 10:42,2001:16a2:c054::,AAFcvU7LIAoAABO-Xttw5A,7,WEB_ID,android
10/16/2024 10:44,2001:16a2:c054::,AAFcvU7LIAoAABO-Xttw5A,7,WEB_ID,android
10/16/2024 10:46,2001:16a2:c054::,AAFcvU7LIAoAABO-Xttw5A,7,WEB_ID,android
10/16/2024 10:48,2001:16a2:c054::,AAFcvU7LIAoAABO-Xttw5A,7,WEB_ID,android
10/16/2024 10:49,2001:16a2:c054::,AAFcvU7LIAoAABO-Xttw5A,7,WEB_ID,android
10/16/2024 10:49,2001:16a2:c054::,AAFcvU7LIAoAABO-Xttw5A,7,WEB_ID,android
10/16/2024 10:50,2001:16a2:c054::,AAFcvU7LIAoAABO-Xttw5A,7,WEB_ID,android
10/16/2024 10:50,2001:16a2:c054::,AAFcvU7LIAoAABO-Xttw5A,7,WEB_ID,android
10/16/2024 10:50,2001:16a2:c054::,AAFcvU7LIAoAABO-Xttw5A,7,WEB_ID,android
10/16/2024 10:51,2001:16a2:c054::,AAFcvU7LIAoAABO-Xttw5A,7,WEB_ID,android
10/16/2024 10:52,2001:16a2:c054::,AAFcvU7LIAoAABO-Xttw5A,7,WEB_ID,android
10/16/2024 10:53,2001:16a2:c054::,AAFcvU7LIAoAABO-Xttw5A,7,WEB_ID,android
10/16/2024 10:53,2001:16a2:c054::,AAFcvU7LIAoAABO-Xttw5A,7,WEB_ID,android
10/16/2024 10:54,2001:16a2:c054::,AAFcvU7LIAoAABO-Xttw5A,7,WEB_ID,android
10/16/2024 10:54,2001:16a2:c054::,AAFcvU7LIAoAABO-Xttw5A,7,WEB_ID,android
10/16/2024 10:54,2001:16a2:c054::,AAFcvU7LIAoAABO-Xttw5A,7,WEB_ID,android
10/16/2024 10:55,2001:16a2:c054::,AAFcvU7LIAoAABO-Xttw5A,7,WEB_ID,android
10/16/2024 10:55,2001:16a2:c054::,AAFcvU7LIAoAABO-Xttw5A,7,WEB_ID,android
10/16/2024 10:56,2001:16a2:c054::,AAFcvU7LIAoAABO-Xttw5A,7,WEB_ID,android
10/16/2024 10:56,2001:16a2:c054::,AAFcvU7LIAoAABO-Xttw5A,7,WEB_ID,android
10/16/2024 10:56,2001:16a2:c054::,AAFcvU7LIAoAABO-Xttw5A,7,WEB_ID,android
10/16/2024 10:57,2001:16a2:c054::,AAFcvU7LIAoAABO-Xttw5A,7,WEB_ID,android
10/16/2024 10:57,2001:16a2:c054::,AAFcvU7LIAoAABO-Xttw5A,7,WEB_ID,android
10/16/2024 10:57,2001:16a2:c054::,AAFcvU7LIAoAABO-Xttw5A,7,WEB_ID,android
10/16/2024 10:58,2001:16a2:c054::,AAFcvU7LIAoAABO-Xttw5A,7,WEB_ID,android
10/16/2024 10:58,2001:16a2:c054::,AAFcvU7LIAoAABO-Xttw5A,7,WEB_ID,android
10/16/2024 10:58,2001:16a2:c054::,AAFcvU7LIAoAABO-Xttw5A,7,WEB_ID,android
10/16/2024 11:29,2001:16a2:c054::,AAFcvU7LIAoAABO-Xttw5A,7,WEB_ID,android
10/16/2024 11:29,2001:16a2:c054::,AAFcvU7LIAoAABO-Xttw5A,7,WEB_ID,android
10/16/2024 11:30,2001:16a2:c054::,AAFcvU7LIAoAABO-Xttw5A,7,WEB_ID,android
10/16/2024 11:30,2001:16a2:c054::,AAFcvU7LIAoAABO-Xttw5A,7,WEB_ID,android
10/16/2024 11:30,2001:16a2:c054::,AAFcvU7LIAoAABO-Xttw5A,7,WEB_ID,android
10/16/2024 11:31,2001:16a2:c054::,AAFcvU7LIAoAABO-Xttw5A,7,WEB_ID,android
10/16/2024 11:31,2001:16a2:c054::,AAFcvU7LIAoAABO-Xttw5A,7,WEB_ID,android
10/16/2024 11:32,2001:16a2:c054::,AAFcvU7LIAoAABO-Xttw5A,7,WEB_ID,android
10/16/2024 11:32,2001:16a2:c054::,AAFcvU7LIAoAABO-Xttw5A,7,WEB_ID,android
10/16/2024 11:33,2001:16a2:c054::,AAFcvU7LIAoAABO-Xttw5A,7,WEB_ID,android
10/16/2024 11:33,2001:16a2:c054::,AAFcvU7LIAoAABO-Xttw5A,7,WEB_ID,android
10/16/2024 11:33,2001:16a2:c054::,AAFcvU7LIAoAABO-Xttw5A,7,WEB_ID,android
10/16/2024 11:33,2001:16a2:c054::,AAFcvU7LIAoAABO-Xttw5A,7,WEB_ID,android
10/16/2024 11:33,2001:16a2:c054::,AAFcvU7LIAoAABO-Xttw5A,7,WEB_ID,android
10/16/2024 11:34,2001:16a2:c054::,AAFcvU7LIAoAABO-Xttw5A,7,WEB_ID,android
10/16/2024 11:35,2001:16a2:c054::,AAFcvU7LIAoAABO-Xttw5A,7,WEB_ID,android
10/16/2024 11:35,2001:16a2:c054::,AAFcvU7LIAoAABO-Xttw5A,7,WEB_ID,android
10/16/2024 11:36,2001:16a2:c054::,AAFcvU7LIAoAABO-Xttw5A,7,WEB_ID,android
10/16/2024 11:36,2001:16a2:c054::,AAFcvU7LIAoAABO-Xttw5A,7,WEB_ID,android
10/16/2024 11:36,2001:16a2:c054::,AAFcvU7LIAoAABO-Xttw5A,7,WEB_ID,android
10/16/2024 11:37,2001:16a2:c054::,AAFcvU7LIAoAABO-Xttw5A,7,WEB_ID,android
10/16/2024 11:37,2001:16a2:c054::,AAFcvU7LIAoAABO-Xttw5A,7,WEB_ID,android
10/16/2024 11:38,2001:16a2:c054::,AAFcvU7LIAoAABO-Xttw5A,7,WEB_ID,android
10/16/2024 11:38,2001:16a2:c054::,AAFcvU7LIAoAABO-Xttw5A,7,WEB_ID,android
10/16/2024 11:39,2001:16a2:c054::,AAFcvU7LIAoAABO-Xttw5A,7,WEB_ID,android
10/16/2024 11:39,2001:16a2:c054::,AAFcvU7LIAoAABO-Xttw5A,7,WEB_ID,android
10/16/2024 11:39,2001:16a2:c054::,AAFcvU7LIAoAABO-Xttw5A,7,WEB_ID,android
10/16/2024 11:39,2001:16a2:c054::,AAFcvU7LIAoAABO-Xttw5A,7,WEB_ID,android
10/16/2024 12:00,2001:16a2:c054::,AAFcvU7LIAoAABO-Xttw5A,7,WEB_ID,android
10/16/2024 12:00,2001:16a2:c054::,AAFcvU7LIAoAABO-Xttw5A,7,WEB_ID,android
10/16/2024 12:01,2001:16a2:c054::,AAFcvU7LIAoAABO-Xttw5A,7,WEB_ID,android
10/16/2024 12:01,2001:16a2:c054::,AAFcvU7LIAoAABO-Xttw5A,7,WEB_ID,android
10/16/2024 12:02,2001:16a2:c054::,AAFcvU7LIAoAABO-Xttw5A,7,WEB_ID,android
10/16/2024 12:02,2001:16a2:c054::,AAFcvU7LIAoAABO-Xttw5A,7,WEB_ID,android
10/16/2024 12:02,2001:16a2:c054::,AAFcvU7LIAoAABO-Xttw5A,7,WEB_ID,android
10/16/2024 12:04,2001:16a2:c054::,AAFcvU7LIAoAABO-Xttw5A,7,WEB_ID,android
10/16/2024 12:04,2001:16a2:c054::,AAFcvU7LIAoAABO-Xttw5A,7,WEB_ID,android
10/16/2024 12:04,2001:16a2:c054::,AAFcvU7LIAoAABO-Xttw5A,7,WEB_ID,android
10/16/2024 12:04,2001:16a2:c054::,AAFcvU7LIAoAABO-Xttw5A,7,WEB_ID,android
10/16/2024 12:05,2001:16a2:c054::,AAFcvU7LIAoAABO-Xttw5A,7,WEB_ID,android
10/16/2024 12:18,2001:16a2:c054::,AAFcvU7LIAoAABO-Xttw5A,7,WEB_ID,android
10/16/2024 12:19,2001:16a2:c054::,AAFcvU7LIAoAABO-Xttw5A,7,WEB_ID,android
10/16/2024 12:22,2001:16a2:c054::,AAFcvU7LIAoAABO-Xttw5A,7,WEB_ID,android
10/16/2024 12:24,2001:16a2:c054::,AAFcvU7LIAoAABO-Xttw5A,7,WEB_ID,android
10/16/2024 12:25,2001:16a2:c054::,AAFcvU7LIAoAABO-Xttw5A,7,WEB_ID,android
10/16/2024 12:26,2001:16a2:c054::,AAFcvU7LIAoAABO-Xttw5A,7,WEB_ID,android
10/16/2024 12:03,2001:16a2:c054::,AAFcvU7LIAoAABO-Xttw5A,7,WEB_ID,android
10/16/2024 12:05,2001:16a2:c054::,AAFcvU7LIAoAABO-Xttw5A,7,WEB_ID,android
10/16/2024 12:45,2001:16a2:c054::,AAFcvU7LIAoAABO-Xttw5A,7,WEB_ID,android
10/16/2024 12:48,2001:16a2:c054::,AAFcvU7LIAoAABO-Xttw5A,7,WEB_ID,android
10/16/2024 12:49,2001:16a2:c054::,AAFcvU7LIAoAABO-Xttw5A,7,WEB_ID,android
10/16/2024 12:50,2001:16a2:c054::,AAFcvU7LIAoAABO-Xttw5A,7,WEB_ID,android
10/16/2024 12:50,2001:16a2:c054::,AAFcvU7LIAoAABO-Xttw5A,7,WEB_ID,android
10/16/2024 12:51,2001:16a2:c054::,AAFcvU7LIAoAABO-Xttw5A,7,WEB_ID,android
10/16/2024 12:53,2001:16a2:c054::,AAFcvU7LIAoAABO-Xttw5A,7,WEB_ID,android
10/16/2024 12:54,2001:16a2:c054::,AAFcvU7LIAoAABO-Xttw5A,7,WEB_ID,android
10/16/2024 12:55,2001:16a2:c054::,AAFcvU7LIAoAABO-Xttw5A,7,WEB_ID,android
10/16/2024 12:56,2001:16a2:c054::,AAFcvU7LIAoAABO-Xttw5A,7,WEB_ID,android
10/16/2024 12:57,51.252.155.0,AAFcvU7LIAoAABO-Xttw5A,7,WEB_ID,android
10/16/2024 12:58,51.252.155.0,AAFcvU7LIAoAABO-Xttw5A,7,WEB_ID,android
10/16/2024 12:58,51.252.155.0,AAFcvU7LIAoAABO-Xttw5A,7,WEB_ID,android
10/16/2024 12:59,2001:16a2:c054::,AAFcvU7LIAoAABO-Xttw5A,7,WEB_ID,android
10/16/2024 13:00,2001:16a2:c054::,AAFcvU7LIAoAABO-Xttw5A,7,WEB_ID,android
10/16/2024 13:00,2001:16a2:c054::,AAFcvU7LIAoAABO-Xttw5A,7,WEB_ID,android
10/16/2024 13:01,2001:16a2:c054::,AAFcvU7LIAoAABO-Xttw5A,7,WEB_ID,android
10/16/2024 13:02,2001:16a2:c054::,AAFcvU7LIAoAABO-Xttw5A,7,WEB_ID,android
10/16/2024 12:05,2001:16a2:c054::,AAFcvU7LIAoAABO-Xttw5A,7,WEB_ID,android
10/16/2024 12:06,2001:16a2:c054::,AAFcvU7LIAoAABO-Xttw5A,7,WEB_ID,android
10/16/2024 12:09,2001:16a2:c054::,AAFcvU7LIAoAABO-Xttw5A,7,WEB_ID,android
10/16/2024 12:09,2001:16a2:c054::,AAFcvU7LIAoAABO-Xttw5A,7,WEB_ID,android
10/16/2024 12:09,2001:16a2:c054::,AAFcvU7LIAoAABO-Xttw5A,7,WEB_ID,android
10/16/2024 12:09,2001:16a2:c054::,AAFcvU7LIAoAABO-Xttw5A,7,WEB_ID,android
10/16/2024 12:10,2001:16a2:c054::,AAFcvU7LIAoAABO-Xttw5A,7,WEB_ID,android
10/16/2024 12:12,2001:16a2:c054::,AAFcvU7LIAoAABO-Xttw5A,7,WEB_ID,android
10/16/2024 12:12,2001:16a2:c054::,AAFcvU7LIAoAABO-Xttw5A,7,WEB_ID,android
10/16/2024 12:12,2001:16a2:c054::,AAFcvU7LIAoAABO-Xttw5A,7,WEB_ID,android
10/16/2024 12:12,2001:16a2:c054::,AAFcvU7LIAoAABO-Xttw5A,7,WEB_ID,android
10/16/2024 12:13,2001:16a2:c054::,AAFcvU7LIAoAABO-Xttw5A,7,WEB_ID,android
10/16/2024 12:14,2001:16a2:c054::,AAFcvU7LIAoAABO-Xttw5A,7,WEB_ID,android
10/16/2024 12:14,2001:16a2:c054::,AAFcvU7LIAoAABO-Xttw5A,7,WEB_ID,android
10/16/2024 12:17,2001:16a2:c054::,AAFcvU7LIAoAABO-Xttw5A,7,WEB_ID,android
10/16/2024 12:17,2001:16a2:c054::,AAFcvU7LIAoAABO-Xttw5A,7,WEB_ID,android
10/16/2024 12:17,2001:16a2:c054::,AAFcvU7LIAoAABO-Xttw5A,7,WEB_ID,android
10/16/2024 12:18,2001:16a2:c054::,AAFcvU7LIAoAABO-Xttw5A,7,WEB_ID,android
10/16/2024 12:18,2001:16a2:c054::,AAFcvU7LIAoAABO-Xttw5A,7,WEB_ID,android
10/16/2024 12:23,2001:16a2:c054::,AAFcvU7LIAoAABO-Xttw5A,7,WEB_ID,android
10/16/2024 12:24,2001:16a2:c054::,AAFcvU7LIAoAABO-Xttw5A,7,WEB_ID,android
10/16/2024 12:26,2001:16a2:c054::,AAFcvU7LIAoAABO-Xttw5A,7,WEB_ID,android
10/16/2024 12:31,2001:16a2:c054::,AAFcvU7LIAoAABO-Xttw5A,7,WEB_ID,android
10/16/2024 12:31,2001:16a2:c054::,AAFcvU7LIAoAABO-Xttw5A,7,WEB_ID,android
10/16/2024 12:31,2001:16a2:c054::,AAFcvU7LIAoAABO-Xttw5A,7,WEB_ID,android
10/16/2024 12:32,2001:16a2:c054::,AAFcvU7LIAoAABO-Xttw5A,7,WEB_ID,android
10/16/2024 12:32,2001:16a2:c054::,AAFcvU7LIAoAABO-Xttw5A,7,WEB_ID,android
10/16/2024 12:32,2001:16a2:c054::,AAFcvU7LIAoAABO-Xttw5A,7,WEB_ID,android
10/16/2024 12:33,2001:16a2:c054::,AAFcvU7LIAoAABO-Xttw5A,7,WEB_ID,android
10/16/2024 12:33,2001:16a2:c054::,AAFcvU7LIAoAABO-Xttw5A,7,WEB_ID,android
10/16/2024 12:54,2001:16a2:c054::,AAFcvU7LIAoAABO-Xttw5A,7,WEB_ID,android
10/16/2024 12:50,82.167.79.0,AAFcvU7LIAoAABO-Xttw5A,7,WEB_ID,android
10/16/2024 12:52,82.167.79.0,AAFcvU7LIAoAABO-Xttw5A,7,WEB_ID,android
10/16/2024 12:54,82.167.79.0,AAFcvU7LIAoAABO-Xttw5A,7,WEB_ID,android
10/16/2024 12:57,82.167.79.0,AAFcvU7LIAoAABO-Xttw5A,7,WEB_ID,android
10/16/2024 12:57,82.167.79.0,AAFcvU7LIAoAABO-Xttw5A,7,WEB_ID,android
10/16/2024 12:57,82.167.79.0,AAFcvU7LIAoAABO-Xttw5A,7,WEB_ID,android
10/16/2024 12:58,82.167.79.0,AAFcvU7LIAoAABO-Xttw5A,7,WEB_ID,android
10/16/2024 13:01,82.167.79.0,AAFcvU7LIAoAABO-Xttw5A,7,WEB_ID,android
10/16/2024 13:02,82.167.79.0,AAFcvU7LIAoAABO-Xttw5A,7,WEB_ID,android
10/16/2024 13:02,82.167.79.0,AAFcvU7LIAoAABO-Xttw5A,7,WEB_ID,android
10/16/2024 13:03,82.167.79.0,AAFcvU7LIAoAABO-Xttw5A,7,WEB_ID,android
10/16/2024 13:06,82.167.79.0,AAFcvU7LIAoAABO-Xttw5A,7,WEB_ID,android
10/16/2024 13:08,82.167.79.0,AAFcvU7LIAoAABO-Xttw5A,7,WEB_ID,android
10/16/2024 13:08,82.167.79.0,AAFcvU7LIAoAABO-Xttw5A,7,WEB_ID,android
10/16/2024 13:09,82.167.79.0,AAFcvU7LIAoAABO-Xttw5A,7,WEB_ID,android
10/16/2024 13:12,82.167.79.0,AAFcvU7LIAoAABO-Xttw5A,7,WEB_ID,android
10/16/2024 13:12,82.167.79.0,AAFcvU7LIAoAABO-Xttw5A,7,WEB_ID,android
10/16/2024 13:13,82.167.79.0,AAFcvU7LIAoAABO-Xttw5A,7,WEB_ID,android
10/16/2024 13:16,82.167.79.0,AAFcvU7LIAoAABO-Xttw5A,7,WEB_ID,android
10/16/2024 13:16,82.167.79.0,AAFcvU7LIAoAABO-Xttw5A,7,WEB_ID,android
10/16/2024 13:17,82.167.79.0,AAFcvU7LIAoAABO-Xttw5A,7,WEB_ID,android
10/16/2024 13:18,82.167.79.0,AAFcvU7LIAoAABO-Xttw5A,7,WEB_ID,android
10/16/2024 13:04,82.167.79.0,AAFcvU7LIAoAABO-Xttw5A,7,WEB_ID,android
10/16/2024 13:04,82.167.79.0,AAFcvU7LIAoAABO-Xttw5A,7,WEB_ID,android
10/16/2024 13:08,82.167.79.0,AAFcvU7LIAoAABO-Xttw5A,7,WEB_ID,android
10/16/2024 13:08,82.167.79.0,AAFcvU7LIAoAABO-Xttw5A,7,WEB_ID,android
10/16/2024 13:09,82.167.79.0,AAFcvU7LIAoAABO-Xttw5A,7,WEB_ID,android
10/16/2024 13:09,82.167.79.0,AAFcvU7LIAoAABO-Xttw5A,7,WEB_ID,android
10/16/2024 13:10,82.167.79.0,AAFcvU7LIAoAABO-Xttw5A,7,WEB_ID,android
10/16/2024 13:10,82.167.79.0,AAFcvU7LIAoAABO-Xttw5A,7,WEB_ID,android
10/16/2024 13:12,82.167.79.0,AAFcvU7LIAoAABO-Xttw5A,7,WEB_ID,android
10/16/2024 13:15,82.167.79.0,AAFcvU7LIAoAABO-Xttw5A,7,WEB_ID,android
10/16/2024 13:16,82.167.79.0,AAFcvU7LIAoAABO-Xttw5A,7,WEB_ID,android
10/16/2024 13:18,82.167.79.0,AAFcvU7LIAoAABO-Xttw5A,7,WEB_ID,android
10/16/2024 13:18,82.167.79.0,AAFcvU7LIAoAABO-Xttw5A,7,WEB_ID,android
10/16/2024 13:18,82.167.79.0,AAFcvU7LIAoAABO-Xttw5A,7,WEB_ID,android
10/16/2024 13:18,82.167.79.0,AAFcvU7LIAoAABO-Xttw5A,7,WEB_ID,android
10/16/2024 13:19,82.167.79.0,AAFcvU7LIAoAABO-Xttw5A,7,WEB_ID,android
10/16/2024 13:19,82.167.79.0,AAFcvU7LIAoAABO-Xttw5A,7,WEB_ID,android
10/16/2024 13:21,82.167.79.0,AAFcvU7LIAoAABO-Xttw5A,7,WEB_ID,android
10/16/2024 13:21,82.167.79.0,AAFcvU7LIAoAABO-Xttw5A,7,WEB_ID,android
10/16/2024 13:23,82.167.79.0,AAFcvU7LIAoAABO-Xttw5A,7,WEB_ID,android
10/16/2024 13:24,82.167.79.0,AAFcvU7LIAoAABO-Xttw5A,7,WEB_ID,android
10/16/2024 13:24,82.167.79.0,AAFcvU7LIAoAABO-Xttw5A,7,WEB_ID,android
10/16/2024 13:25,82.167.79.0,AAFcvU7LIAoAABO-Xttw5A,7,WEB_ID,android
10/16/2024 13:26,82.167.79.0,AAFcvU7LIAoAABO-Xttw5A,7,WEB_ID,android
10/16/2024 13:26,2a00:5400:f012::,AAKRGE7P9eIAABxfJkTLVA,7,WEB_ID,android
10/16/2024 13:27,2a00:5400:f012::,AAKRGE7P9eIAABxfJkTLVA,7,WEB_ID,android
10/16/2024 13:27,2a00:5400:f012::,AAKRGE7P9eIAABxfJkTLVA,7,WEB_ID,android
10/16/2024 13:28,82.167.79.0,AAFcvU7LIAoAABO-Xttw5A,7,WEB_ID,android
10/16/2024 13:31,82.167.79.0,AAFcvU7LIAoAABO-Xttw5A,7,WEB_ID,android
10/16/2024 13:31,82.167.79.0,AAFcvU7LIAoAABO-Xttw5A,7,WEB_ID,android
10/16/2024 13:32,82.167.79.0,AAFcvU7LIAoAABO-Xttw5A,7,WEB_ID,android
10/16/2024 13:32,82.167.79.0,AAFcvU7LIAoAABO-Xttw5A,7,WEB_ID,android
10/16/2024 13:32,82.167.79.0,AAFcvU7LIAoAABO-Xttw5A,7,WEB_ID,android
10/16/2024 13:34,82.167.79.0,AAFcvU7LIAoAABO-Xttw5A,7,WEB_ID,android
10/16/2024 13:42,2001:16a4:290::,AAA7PE7OD50AABQ_9xhR4Q,7,WEB_ID,android
10/16/2024 16:36,2001:16a4:290::,AAA7PE7OD50AABQ_9xhR4Q,7,WEB_ID,android
10/16/2024 18:13,82.167.79.0,AAFcvU7LIAoAABO-Xttw5A,7,WEB_ID,android
10/16/2024 18:13,82.167.79.0,AAFcvU7LIAoAABO-Xttw5A,7,WEB_ID,android
10/16/2024 18:13,82.167.79.0,AAFcvU7LIAoAABO-Xttw5A,7,WEB_ID,android
10/16/2024 18:14,82.167.79.0,AAFcvU7LIAoAABO-Xttw5A,7,WEB_ID,android
10/16/2024 18:16,82.167.79.0,AAFcvU7LIAoAABO-Xttw5A,7,WEB_ID,android
10/16/2024 18:16,82.167.79.0,AAFcvU7LIAoAABO-Xttw5A,7,WEB_ID,android
10/16/2024 18:17,82.167.79.0,AAFcvU7LIAoAABO-Xttw5A,7,WEB_ID,android
10/16/2024 18:20,82.167.79.0,AAFcvU7LIAoAABO-Xttw5A,7,WEB_ID,android
10/16/2024 18:21,82.167.79.0,AAFcvU7LIAoAABO-Xttw5A,7,WEB_ID,android
10/16/2024 18:22,82.167.79.0,AAFcvU7LIAoAABO-Xttw5A,7,WEB_ID,android
10/16/2024 18:22,82.167.79.0,AAFcvU7LIAoAABO-Xttw5A,7,WEB_ID,android
10/16/2024 18:22,82.167.79.0,AAFcvU7LIAoAABO-Xttw5A,7,WEB_ID,android
10/16/2024 18:23,82.167.79.0,AAFcvU7LIAoAABO-Xttw5A,7,WEB_ID,android
10/16/2024 18:23,82.167.79.0,AAFcvU7LIAoAABO-Xttw5A,7,WEB_ID,android
10/16/2024 18:23,82.167.79.0,AAFcvU7LIAoAABO-Xttw5A,7,WEB_ID,android
10/16/2024 18:23,82.167.79.0,AAFcvU7LIAoAABO-Xttw5A,7,WEB_ID,android
10/16/2024 18:23,82.167.79.0,AAFcvU7LIAoAABO-Xttw5A,7,WEB_ID,android
10/16/2024 18:26,82.167.79.0,AAFcvU7LIAoAABO-Xttw5A,7,WEB_ID,android
10/16/2024 18:27,82.167.79.0,AAFcvU7LIAoAABO-Xttw5A,7,WEB_ID,android
10/16/2024 18:27,82.167.79.0,AAFcvU7LIAoAABO-Xttw5A,7,WEB_ID,android
10/16/2024 18:28,82.167.79.0,AAFcvU7LIAoAABO-Xttw5A,7,WEB_ID,android
10/16/2024 18:29,82.167.79.0,AAFcvU7LIAoAABO-Xttw5A,7,WEB_ID,android
10/16/2024 18:29,82.167.79.0,AAFcvU7LIAoAABO-Xttw5A,7,WEB_ID,android
10/16/2024 18:30,82.167.79.0,AAFcvU7LIAoAABO-Xttw5A,7,WEB_ID,android
10/16/2024 18:31,82.167.79.0,AAFcvU7LIAoAABO-Xttw5A,7,WEB_ID,android
10/16/2024 18:31,82.167.79.0,AAFcvU7LIAoAABO-Xttw5A,7,WEB_ID,android
10/16/2024 18:31,82.167.79.0,AAFcvU7LIAoAABO-Xttw5A,7,WEB_ID,android
10/16/2024 18:32,82.167.79.0,AAFcvU7LIAoAABO-Xttw5A,7,WEB_ID,android
10/16/2024 18:32,82.167.79.0,AAFcvU7LIAoAABO-Xttw5A,7,WEB_ID,android
10/16/2024 18:32,82.167.79.0,AAFcvU7LIAoAABO-Xttw5A,7,WEB_ID,android
10/16/2024 18:33,82.167.79.0,AAFcvU7LIAoAABO-Xttw5A,7,WEB_ID,android
10/16/2024 18:33,82.167.79.0,AAFcvU7LIAoAABO-Xttw5A,7,WEB_ID,android
10/16/2024 18:33,82.167.79.0,AAFcvU7LIAoAABO-Xttw5A,7,WEB_ID,android
10/16/2024 18:35,82.167.79.0,AAFcvU7LIAoAABO-Xttw5A,7,WEB_ID,android
10/16/2024 18:35,82.167.79.0,AAFcvU7LIAoAABO-Xttw5A,7,WEB_ID,android
10/16/2024 18:36,82.167.79.0,AAFcvU7LIAoAABO-Xttw5A,7,WEB_ID,android
10/16/2024 18:37,82.167.79.0,AAFcvU7LIAoAABO-Xttw5A,7,WEB_ID,android
10/16/2024 18:37,82.167.79.0,AAFcvU7LIAoAABO-Xttw5A,7,WEB_ID,android
10/16/2024 18:40,82.167.79.0,AAFcvU7LIAoAABO-Xttw5A,7,WEB_ID,android
10/16/2024 18:41,82.167.79.0,AAFcvU7LIAoAABO-Xttw5A,7,WEB_ID,android
10/16/2024 18:44,82.167.79.0,AAFcvU7LIAoAABO-Xttw5A,7,WEB_ID,android
10/16/2024 18:44,82.167.79.0,AAFcvU7LIAoAABO-Xttw5A,7,WEB_ID,android
10/16/2024 18:45,82.167.79.0,AAFcvU7LIAoAABO-Xttw5A,7,WEB_ID,android
10/16/2024 18:45,82.167.79.0,AAFcvU7LIAoAABO-Xttw5A,7,WEB_ID,android
10/16/2024 18:46,82.167.79.0,AAFcvU7LIAoAABO-Xttw5A,7,WEB_ID,android
10/16/2024 18:46,82.167.79.0,AAFcvU7LIAoAABO-Xttw5A,7,WEB_ID,android
10/16/2024 18:47,82.167.79.0,AAFcvU7LIAoAABO-Xttw5A,7,WEB_ID,android
10/16/2024 18:48,82.167.79.0,AAFcvU7LIAoAABO-Xttw5A,7,WEB_ID,android
10/16/2024 18:48,82.167.79.0,AAFcvU7LIAoAABO-Xttw5A,7,WEB_ID,android
10/16/2024 18:48,82.167.79.0,AAFcvU7LIAoAABO-Xttw5A,7,WEB_ID,android
10/16/2024 18:49,82.167.79.0,AAFcvU7LIAoAABO-Xttw5A,7,WEB_ID,android
10/16/2024 18:19,2a00:5400:f012::,AAKRGE7P9eIAABxfJkTLVA,7,WEB_ID,android
10/16/2024 18:19,2a00:5400:f012::,AAKRGE7P9eIAABxfJkTLVA,7,WEB_ID,android
10/16/2024 18:21,2a00:5400:f012::,AAKRGE7P9eIAABxfJkTLVA,7,WEB_ID,android
10/16/2024 18:24,2a00:5400:f012::,AAKRGE7P9eIAABxfJkTLVA,7,WEB_ID,android
10/16/2024 18:28,2a00:5400:f012::,AAKRGE7P9eIAABxfJkTLVA,7,WEB_ID,android
10/16/2024 18:29,2a00:5400:f012::,AAKRGE7P9eIAABxfJkTLVA,7,WEB_ID,android
10/16/2024 18:33,2a00:5400:f012::,AAKRGE7P9eIAABxfJkTLVA,7,WEB_ID,android
10/16/2024 18:34,2a00:5400:f012::,AAKRGE7P9eIAABxfJkTLVA,7,WEB_ID,android
10/16/2024 18:36,2a00:5400:f012::,AAKRGE7P9eIAABxfJkTLVA,7,WEB_ID,android
10/16/2024 18:36,2a00:5400:f012::,AAKRGE7P9eIAABxfJkTLVA,7,WEB_ID,android
10/16/2024 18:37,2a00:5400:f012::,AAKRGE7P9eIAABxfJkTLVA,7,WEB_ID,android
10/16/2024 18:40,2a00:5400:f012::,AAKRGE7P9eIAABxfJkTLVA,7,WEB_ID,android
10/16/2024 18:42,2a00:5400:f012::,AAKRGE7P9eIAABxfJkTLVA,7,WEB_ID,android
10/16/2024 18:42,2a00:5400:f012::,AAKRGE7P9eIAABxfJkTLVA,7,WEB_ID,android
10/16/2024 18:43,2a00:5400:f012::,AAKRGE7P9eIAABxfJkTLVA,7,WEB_ID,android
10/16/2024 18:45,2a00:5400:f012::,AAKRGE7P9eIAABxfJkTLVA,7,WEB_ID,android
10/16/2024 18:47,2a00:5400:f012::,AAKRGE7P9eIAABxfJkTLVA,7,WEB_ID,android
10/16/2024 18:32,2a00:5400:f012::,AAKRGE7P9eIAABxfJkTLVA,7,WEB_ID,android
10/16/2024 18:33,2a00:5400:f012::,AAKRGE7P9eIAABxfJkTLVA,7,WEB_ID,android
10/16/2024 18:34,2a00:5400:f012::,AAKRGE7P9eIAABxfJkTLVA,7,WEB_ID,android
10/16/2024 18:34,2a00:5400:f012::,AAKRGE7P9eIAABxfJkTLVA,7,WEB_ID,android
10/16/2024 18:37,2a00:5400:f012::,AAKRGE7P9eIAABxfJkTLVA,7,WEB_ID,android
10/16/2024 18:39,2a00:5400:f012::,AAKRGE7P9eIAABxfJkTLVA,7,WEB_ID,android
10/16/2024 18:40,2a00:5400:f012::,AAKRGE7P9eIAABxfJkTLVA,7,WEB_ID,android
10/16/2024 18:40,2a00:5400:f012::,AAKRGE7P9eIAABxfJkTLVA,7,WEB_ID,android
10/16/2024 18:41,2a00:5400:f012::,AAKRGE7P9eIAABxfJkTLVA,7,WEB_ID,android
10/16/2024 19:26,2a00:5400:f012::,AAKRGE7P9eIAABxfJkTLVA,7,WEB_ID,android
10/16/2024 20:08,2a00:5400:f012::,AAKRGE7P9eIAABxfJkTLVA,7,WEB_ID,android
10/16/2024 20:12,2a00:5400:f012::,AAKRGE7P9eIAABxfJkTLVA,7,WEB_ID,android
10/16/2024 20:12,2a00:5400:f012::,AAKRGE7P9eIAABxfJkTLVA,7,WEB_ID,android
10/16/2024 20:13,2a00:5400:f012::,AAKRGE7P9eIAABxfJkTLVA,7,WEB_ID,android
10/16/2024 20:13,2a00:5400:f012::,AAKRGE7P9eIAABxfJkTLVA,7,WEB_ID,android
10/16/2024 20:14,2a00:5400:f012::,AAKRGE7P9eIAABxfJkTLVA,7,WEB_ID,android
10/16/2024 20:17,2a00:5400:f012::,AAKRGE7P9eIAABxfJkTLVA,7,WEB_ID,android
10/16/2024 20:18,2a00:5400:f012::,AAKRGE7P9eIAABxfJkTLVA,7,WEB_ID,android
10/16/2024 20:19,2a00:5400:f012::,AAKRGE7P9eIAABxfJkTLVA,7,WEB_ID,android
10/16/2024 20:23,2a00:5400:f012::,AAKRGE7P9eIAABxfJkTLVA,7,WEB_ID,android
10/16/2024 20:24,2a00:5400:f012::,AAKRGE7P9eIAABxfJkTLVA,7,WEB_ID,android
10/16/2024 20:27,2a00:5400:f012::,AAKRGE7P9eIAABxfJkTLVA,7,WEB_ID,android
10/16/2024 20:28,2a00:5400:f012::,AAKRGE7P9eIAABxfJkTLVA,7,WEB_ID,android
10/16/2024 20:30,2a00:5400:f012::,AAKRGE7P9eIAABxfJkTLVA,7,WEB_ID,android
10/16/2024 20:32,2a00:5400:f012::,AAKRGE7P9eIAABxfJkTLVA,7,WEB_ID,android
10/16/2024 20:34,2a00:5400:f012::,AAKRGE7P9eIAABxfJkTLVA,7,WEB_ID,android
10/16/2024 20:34,2a00:5400:f012::,AAKRGE7P9eIAABxfJkTLVA,7,WEB_ID,android
10/16/2024 20:37,2a00:5400:f012::,AAKRGE7P9eIAABxfJkTLVA,7,WEB_ID,android
10/16/2024 20:39,2a00:5400:f012::,AAKRGE7P9eIAABxfJkTLVA,7,WEB_ID,android
10/16/2024 20:58,2a00:5400:f012::,AAKRGE7P9eIAABxfJkTLVA,7,WEB_ID,android
10/16/2024 21:02,2a00:5400:f012::,AAKRGE7P9eIAABxfJkTLVA,7,WEB_ID,android
10/16/2024 21:04,2a00:5400:f012::,AAKRGE7P9eIAABxfJkTLVA,7,WEB_ID,android
10/17/2024 8:41,82.167.79.0,AAFcvU7LIAoAABO-Xttw5A,7,WEB_ID,android
10/17/2024 8:41,82.167.79.0,AAFcvU7LIAoAABO-Xttw5A,7,WEB_ID,android
10/17/2024 8:43,82.167.79.0,AAFcvU7LIAoAABO-Xttw5A,7,WEB_ID,android
10/17/2024 8:50,82.167.79.0,AAFcvU7LIAoAABO-Xttw5A,7,WEB_ID,android
10/17/2024 8:52,82.167.79.0,AAFcvU7LIAoAABO-Xttw5A,7,WEB_ID,android
10/17/2024 8:55,82.167.79.0,AAFcvU7LIAoAABO-Xttw5A,7,WEB_ID,android
10/17/2024 8:56,82.167.79.0,AAFcvU7LIAoAABO-Xttw5A,7,WEB_ID,android
10/17/2024 8:56,82.167.79.0,AAFcvU7LIAoAABO-Xttw5A,7,WEB_ID,android
10/17/2024 8:57,82.167.79.0,AAFcvU7LIAoAABO-Xttw5A,7,WEB_ID,android
10/17/2024 8:57,82.167.79.0,AAFcvU7LIAoAABO-Xttw5A,7,WEB_ID,android
10/17/2024 8:57,82.167.79.0,AAFcvU7LIAoAABO-Xttw5A,7,WEB_ID,android
10/17/2024 9:03,82.167.79.0,AAFcvU7LIAoAABO-Xttw5A,7,WEB_ID,android
10/17/2024 9:05,82.167.79.0,AAFcvU7LIAoAABO-Xttw5A,7,WEB_ID,android
10/17/2024 9:09,82.167.79.0,AAFcvU7LIAoAABO-Xttw5A,7,WEB_ID,android
10/17/2024 9:10,82.167.79.0,AAFcvU7LIAoAABO-Xttw5A,7,WEB_ID,android
10/17/2024 9:14,82.167.79.0,AAFcvU7LIAoAABO-Xttw5A,7,WEB_ID,android
10/17/2024 9:17,82.167.79.0,AAFcvU7LIAoAABO-Xttw5A,7,WEB_ID,android
10/17/2024 9:20,82.167.79.0,AAFcvU7LIAoAABO-Xttw5A,7,WEB_ID,android
10/17/2024 9:21,82.167.79.0,AAFcvU7LIAoAABO-Xttw5A,7,WEB_ID,android
10/17/2024 9:23,82.167.79.0,AAFcvU7LIAoAABO-Xttw5A,7,WEB_ID,android
10/17/2024 9:24,82.167.79.0,AAFcvU7LIAoAABO-Xttw5A,7,WEB_ID,android
10/17/2024 9:24,82.167.79.0,AAFcvU7LIAoAABO-Xttw5A,7,WEB_ID,android
10/17/2024 9:25,82.167.79.0,AAFcvU7LIAoAABO-Xttw5A,7,WEB_ID,android
10/17/2024 9:25,82.167.79.0,AAFcvU7LIAoAABO-Xttw5A,7,WEB_ID,android
10/17/2024 9:25,82.167.79.0,AAFcvU7LIAoAABO-Xttw5A,7,WEB_ID,android
10/17/2024 9:26,82.167.79.0,AAFcvU7LIAoAABO-Xttw5A,7,WEB_ID,android
10/17/2024 9:26,82.167.79.0,AAFcvU7LIAoAABO-Xttw5A,7,WEB_ID,android
10/17/2024 9:26,82.167.79.0,AAFcvU7LIAoAABO-Xttw5A,7,WEB_ID,android
10/17/2024 9:46,2a00:5400:f012::,AAKRGE7P9eIAABxfJkTLVA,7,WEB_ID,android
10/17/2024 10:06,2a00:5400:f012::,AAKRGE7P9eIAABxfJkTLVA,7,WEB_ID,android
10/17/2024 10:09,2a00:5400:f012::,AAKRGE7P9eIAABxfJkTLVA,7,WEB_ID,android
10/17/2024 10:17,2a00:5400:f012::,AAKRGE7P9eIAABxfJkTLVA,7,WEB_ID,android
10/17/2024 10:24,2a00:5400:f012::,AAKRGE7P9eIAABxfJkTLVA,7,WEB_ID,android
10/17/2024 10:27,2a00:5400:f012::,AAKRGE7P9eIAABxfJkTLVA,7,WEB_ID,android
10/17/2024 10:41,2a00:5400:f012::,AAKRGE7P9eIAABxfJkTLVA,7,WEB_ID,android
10/17/2024 10:45,2a00:5400:f012::,AAKRGE7P9eIAABxfJkTLVA,7,WEB_ID,android
10/17/2024 10:32,2a00:5400:f012::,AAKRGE7P9eIAABxfJkTLVA,7,WEB_ID,android
10/17/2024 10:37,2a00:5400:f012::,AAKRGE7P9eIAABxfJkTLVA,7,WEB_ID,android
10/17/2024 10:40,2a00:5400:f012::,AAKRGE7P9eIAABxfJkTLVA,7,WEB_ID,android
10/17/2024 10:41,46.143.162.0,AAKRGE7P9eIAABxfJkTLVA,7,WEB_ID,android
10/17/2024 10:46,2a00:5400:f012::,AAKRGE7P9eIAABxfJkTLVA,7,WEB_ID,android
10/17/2024 10:46,2a00:5400:f012::,AAKRGE7P9eIAABxfJkTLVA,7,WEB_ID,android
10/17/2024 10:46,2a00:5400:f012::,AAKRGE7P9eIAABxfJkTLVA,7,WEB_ID,android
10/17/2024 10:48,2a00:5400:f012::,AAKRGE7P9eIAABxfJkTLVA,7,WEB_ID,android
10/17/2024 10:53,46.143.162.0,AAKRGE7P9eIAABxfJkTLVA,7,WEB_ID,android
10/17/2024 10:55,2a00:5400:f012::,AAKRGE7P9eIAABxfJkTLVA,7,WEB_ID,android
10/17/2024 11:00,2a00:5400:f012::,AAKRGE7P9eIAABxfJkTLVA,7,WEB_ID,android
10/17/2024 11:05,2a00:5400:f012::,AAKRGE7P9eIAABxfJkTLVA,7,WEB_ID,android
10/17/2024 16:16,82.167.79.0,AAFcvU7LIAoAABO-Xttw5A,7,WEB_ID,android
10/17/2024 16:21,82.167.79.0,AAFcvU7LIAoAABO-Xttw5A,7,WEB_ID,android
10/17/2024 16:21,82.167.79.0,AAFcvU7LIAoAABO-Xttw5A,7,WEB_ID,android
10/17/2024 16:21,82.167.79.0,AAFcvU7LIAoAABO-Xttw5A,7,WEB_ID,android
10/17/2024 16:22,82.167.79.0,AAFcvU7LIAoAABO-Xttw5A,7,WEB_ID,android
10/17/2024 16:22,82.167.79.0,AAFcvU7LIAoAABO-Xttw5A,7,WEB_ID,android
10/17/2024 16:23,82.167.79.0,AAFcvU7LIAoAABO-Xttw5A,7,WEB_ID,android
10/17/2024 16:23,82.167.79.0,AAFcvU7LIAoAABO-Xttw5A,7,WEB_ID,android
10/17/2024 16:25,82.167.79.0,AAFcvU7LIAoAABO-Xttw5A,7,WEB_ID,android
10/17/2024 16:25,82.167.79.0,AAFcvU7LIAoAABO-Xttw5A,7,WEB_ID,android
10/17/2024 16:26,82.167.79.0,AAFcvU7LIAoAABO-Xttw5A,7,WEB_ID,android
10/17/2024 16:26,82.167.79.0,AAFcvU7LIAoAABO-Xttw5A,7,WEB_ID,android
10/17/2024 16:29,82.167.79.0,AAFcvU7LIAoAABO-Xttw5A,7,WEB_ID,android
10/17/2024 16:35,82.167.79.0,AAFcvU7LIAoAABO-Xttw5A,7,WEB_ID,android
10/17/2024 16:35,82.167.79.0,AAFcvU7LIAoAABO-Xttw5A,7,WEB_ID,android
10/17/2024 16:35,82.167.79.0,AAFcvU7LIAoAABO-Xttw5A,7,WEB_ID,android
10/17/2024 16:35,82.167.79.0,AAFcvU7LIAoAABO-Xttw5A,7,WEB_ID,android
10/17/2024 16:36,82.167.79.0,AAFcvU7LIAoAABO-Xttw5A,7,WEB_ID,android
10/17/2024 16:36,82.167.79.0,AAFcvU7LIAoAABO-Xttw5A,7,WEB_ID,android
10/17/2024 16:36,82.167.79.0,AAFcvU7LIAoAABO-Xttw5A,7,WEB_ID,android
10/17/2024 16:37,82.167.79.0,AAFcvU7LIAoAABO-Xttw5A,7,WEB_ID,android
10/17/2024 16:37,82.167.79.0,AAFcvU7LIAoAABO-Xttw5A,7,WEB_ID,android
10/17/2024 16:38,82.167.79.0,AAFcvU7LIAoAABO-Xttw5A,7,WEB_ID,android
10/17/2024 16:42,82.167.79.0,AAFcvU7LIAoAABO-Xttw5A,7,WEB_ID,android
10/17/2024 18:04,82.167.79.0,AAFcvU7LIAoAABO-Xttw5A,7,WEB_ID,android
10/17/2024 18:04,2a00:5400:f012::,AAKRGE7P9eIAABxfJkTLVA,7,WEB_ID,android
10/17/2024 18:07,2a00:5400:f012::,AAKRGE7P9eIAABxfJkTLVA,7,WEB_ID,android
10/17/2024 18:07,2a00:5400:f012::,AAKRGE7P9eIAABxfJkTLVA,7,WEB_ID,android
10/17/2024 18:07,2a00:5400:f012::,AAKRGE7P9eIAABxfJkTLVA,7,WEB_ID,android
10/17/2024 18:13,2a00:5400:f012::,AAKRGE7P9eIAABxfJkTLVA,7,WEB_ID,android
10/17/2024 18:20,2a00:5400:f012::,AAKRGE7P9eIAABxfJkTLVA,7,WEB_ID,android
10/17/2024 18:24,82.167.79.0,AAFcvU7LIAoAABO-Xttw5A,7,WEB_ID,android
10/17/2024 18:26,82.167.79.0,AAFcvU7LIAoAABO-Xttw5A,7,WEB_ID,android
10/17/2024 18:27,82.167.79.0,AAFcvU7LIAoAABO-Xttw5A,7,WEB_ID,android
10/17/2024 18:35,2a00:5400:f012::,AAKRGE7P9eIAABxfJkTLVA,7,WEB_ID,android
10/18/2024 8:07,82.167.79.0,AAFcvU7LIAoAABO-Xttw5A,7,WEB_ID,android
10/18/2024 8:07,82.167.79.0,AAFcvU7LIAoAABO-Xttw5A,7,WEB_ID,android
10/18/2024 8:30,2a00:5400:f012::,AAKRGE7P9eIAABxfJkTLVA,7,WEB_ID,android
10/18/2024 8:38,2a00:5400:f012::,AAKRGE7P9eIAABxfJkTLVA,7,WEB_ID,android
10/18/2024 9:15,82.167.79.0,AAFcvU7LIAoAABO-Xttw5A,7,WEB_ID,android
10/18/2024 9:17,82.167.79.0,AAFcvU7LIAoAABO-Xttw5A,7,WEB_ID,android
10/18/2024 9:17,82.167.79.40,AAFcvU7LIAoAABO-Xttw5A,7,WEB_ID,android
10/18/2024 9:17,82.167.79.40,AAFcvU7LIAoAABO-Xttw5A,7,WEB_ID,android
10/18/2024 9:17,82.167.79.40,AAFcvU7LIAoAABO-Xttw5A,7,WEB_ID,android
10/18/2024 9:19,82.167.79.40,AAFcvU7LIAoAABO-Xttw5A,7,WEB_ID,android
10/18/2024 9:19,82.167.79.40,AAFcvU7LIAoAABO-Xttw5A,7,WEB_ID,android
10/18/2024 9:19,82.167.79.40,AAFcvU7LIAoAABO-Xttw5A,7,WEB_ID,android
10/18/2024 9:19,82.167.79.40,AAFcvU7LIAoAABO-Xttw5A,7,WEB_ID,android
10/18/2024 9:21,82.167.79.40,AAFcvU7LIAoAABO-Xttw5A,7,WEB_ID,android
10/18/2024 9:22,82.167.79.40,AAFcvU7LIAoAABO-Xttw5A,7,WEB_ID,android
10/18/2024 9:23,82.167.79.40,AAFcvU7LIAoAABO-Xttw5A,7,WEB_ID,android
10/18/2024 9:23,82.167.79.40,AAFcvU7LIAoAABO-Xttw5A,7,WEB_ID,android
10/18/2024 9:24,82.167.79.40,AAFcvU7LIAoAABO-Xttw5A,7,WEB_ID,android
10/18/2024 9:24,82.167.79.40,AAFcvU7LIAoAABO-Xttw5A,7,WEB_ID,android
10/18/2024 9:24,82.167.79.40,AAFcvU7LIAoAABO-Xttw5A,7,WEB_ID,android
10/18/2024 9:29,82.167.79.40,AAFcvU7LIAoAABO-Xttw5A,7,WEB_ID,android
10/18/2024 9:30,82.167.79.40,AAFcvU7LIAoAABO-Xttw5A,7,WEB_ID,android
10/18/2024 9:31,82.167.79.40,AAFcvU7LIAoAABO-Xttw5A,7,WEB_ID,android
10/18/2024 9:45,2a00:5400:f012::,AAKRGE7P9eIAABxfJkTLVA,7,WEB_ID,android
10/18/2024 9:47,2a00:5400:f012::,AAKRGE7P9eIAABxfJkTLVA,7,WEB_ID,android
10/18/2024 9:50,2a00:5400:f012::,AAKRGE7P9eIAABxfJkTLVA,7,WEB_ID,android
10/18/2024 9:52,2a00:5400:f012::,AAKRGE7P9eIAABxfJkTLVA,7,WEB_ID,android
10/18/2024 9:54,2a00:5400:f012::,AAKRGE7P9eIAABxfJkTLVA,7,WEB_ID,android
10/18/2024 9:55,2a00:5400:f012::,AAKRGE7P9eIAABxfJkTLVA,7,WEB_ID,android
10/18/2024 9:56,2a00:5400:f012::,AAKRGE7P9eIAABxfJkTLVA,7,WEB_ID,android
10/18/2024 9:56,2a00:5400:f012::,AAKRGE7P9eIAABxfJkTLVA,7,WEB_ID,android
10/18/2024 9:56,2a00:5400:f012::,AAKRGE7P9eIAABxfJkTLVA,7,WEB_ID,android
10/18/2024 10:01,2a00:5400:f012::,AAKRGE7P9eIAABxfJkTLVA,7,WEB_ID,android
10/18/2024 10:02,2a00:5400:f012::,AAKRGE7P9eIAABxfJkTLVA,7,WEB_ID,android
10/18/2024 10:03,2a00:5400:f012::,AAKRGE7P9eIAABxfJkTLVA,7,WEB_ID,android
10/18/2024 10:04,2a00:5400:f012::,AAKRGE7P9eIAABxfJkTLVA,7,WEB_ID,android
10/18/2024 10:11,2a00:5400:f012::,AAKRGE7P9eIAABxfJkTLVA,7,WEB_ID,android
10/18/2024 10:13,2a00:5400:f012::,AAKRGE7P9eIAABxfJkTLVA,7,WEB_ID,android
10/18/2024 10:13,2a00:5400:f012::,AAKRGE7P9eIAABxfJkTLVA,7,WEB_ID,android
10/18/2024 10:53,2a00:5400:f012::,AAKRGE7P9eIAABxfJkTLVA,7,WEB_ID,android
10/18/2024 10:55,2a00:5400:f012::,AAKRGE7P9eIAABxfJkTLVA,7,WEB_ID,android
10/18/2024 11:24,82.167.79.40,AAFcvU7LIAoAABO-Xttw5A,7,WEB_ID,android
10/18/2024 11:27,82.167.79.40,AAFcvU7LIAoAABO-Xttw5A,7,WEB_ID,android
10/18/2024 11:30,82.167.79.40,AAFcvU7LIAoAABO-Xttw5A,7,WEB_ID,android
10/18/2024 11:31,82.167.79.40,AAFcvU7LIAoAABO-Xttw5A,7,WEB_ID,android
10/18/2024 11:32,82.167.79.40,AAFcvU7LIAoAABO-Xttw5A,7,WEB_ID,android
10/18/2024 11:33,82.167.79.40,AAFcvU7LIAoAABO-Xttw5A,7,WEB_ID,android
10/18/2024 11:34,82.167.79.40,AAFcvU7LIAoAABO-Xttw5A,7,WEB_ID,android
10/18/2024 11:34,82.167.79.40,AAFcvU7LIAoAABO-Xttw5A,7,WEB_ID,android
10/18/2024 11:36,82.167.79.40,AAFcvU7LIAoAABO-Xttw5A,7,WEB_ID,android
10/18/2024 11:37,82.167.79.40,AAFcvU7LIAoAABO-Xttw5A,7,WEB_ID,android
10/18/2024 11:38,82.167.79.40,AAFcvU7LIAoAABO-Xttw5A,7,WEB_ID,android
10/18/2024 11:39,82.167.79.40,AAFcvU7LIAoAABO-Xttw5A,7,WEB_ID,android
10/18/2024 11:39,82.167.79.40,AAFcvU7LIAoAABO-Xttw5A,7,WEB_ID,android
10/18/2024 11:39,82.167.79.40,AAFcvU7LIAoAABO-Xttw5A,7,WEB_ID,android
10/18/2024 11:40,82.167.79.40,AAFcvU7LIAoAABO-Xttw5A,7,WEB_ID,android
10/18/2024 11:40,82.167.79.40,AAFcvU7LIAoAABO-Xttw5A,7,WEB_ID,android
10/18/2024 11:41,82.167.79.40,AAFcvU7LIAoAABO-Xttw5A,7,WEB_ID,android
10/18/2024 11:41,82.167.79.40,AAFcvU7LIAoAABO-Xttw5A,7,WEB_ID,android
10/18/2024 11:41,82.167.79.40,AAFcvU7LIAoAABO-Xttw5A,7,WEB_ID,android
10/18/2024 11:42,82.167.79.40,AAFcvU7LIAoAABO-Xttw5A,7,WEB_ID,android
10/18/2024 11:43,82.167.79.40,AAFcvU7LIAoAABO-Xttw5A,7,WEB_ID,android
10/18/2024 11:44,82.167.79.40,AAFcvU7LIAoAABO-Xttw5A,7,WEB_ID,android
10/18/2024 11:44,82.167.79.40,AAFcvU7LIAoAABO-Xttw5A,7,WEB_ID,android
10/18/2024 11:45,82.167.79.40,AAFcvU7LIAoAABO-Xttw5A,7,WEB_ID,android
10/18/2024 11:46,82.167.79.40,AAFcvU7LIAoAABO-Xttw5A,7,WEB_ID,android
10/18/2024 11:46,82.167.79.40,AAFcvU7LIAoAABO-Xttw5A,7,WEB_ID,android
10/18/2024 11:46,82.167.79.40,AAFcvU7LIAoAABO-Xttw5A,7,WEB_ID,android
10/18/2024 11:47,82.167.79.40,AAFcvU7LIAoAABO-Xttw5A,7,WEB_ID,android
10/18/2024 11:47,82.167.79.40,AAFcvU7LIAoAABO-Xttw5A,7,WEB_ID,android
10/18/2024 11:47,82.167.79.40,AAFcvU7LIAoAABO-Xttw5A,7,WEB_ID,android
10/18/2024 11:47,82.167.79.40,AAFcvU7LIAoAABO-Xttw5A,7,WEB_ID,android
10/18/2024 11:48,82.167.79.40,AAFcvU7LIAoAABO-Xttw5A,7,WEB_ID,android
10/18/2024 11:48,82.167.79.40,AAFcvU7LIAoAABO-Xttw5A,7,WEB_ID,android
10/18/2024 11:48,82.167.79.40,AAFcvU7LIAoAABO-Xttw5A,7,WEB_ID,android
10/18/2024 11:49,82.167.79.40,AAFcvU7LIAoAABO-Xttw5A,7,WEB_ID,android
10/18/2024 11:49,82.167.79.40,AAFcvU7LIAoAABO-Xttw5A,7,WEB_ID,android
10/18/2024 11:50,82.167.79.40,AAFcvU7LIAoAABO-Xttw5A,7,WEB_ID,android
10/18/2024 11:50,82.167.79.40,AAFcvU7LIAoAABO-Xttw5A,7,WEB_ID,android
10/18/2024 11:52,82.167.79.40,AAFcvU7LIAoAABO-Xttw5A,7,WEB_ID,android
10/18/2024 11:53,82.167.79.40,AAFcvU7LIAoAABO-Xttw5A,7,WEB_ID,android
10/18/2024 16:25,82.167.79.40,AAFcvU7LIAoAABO-Xttw5A,7,WEB_ID,android
10/18/2024 16:27,82.167.79.40,AAFcvU7LIAoAABO-Xttw5A,7,WEB_ID,android
10/18/2024 16:27,82.167.79.40,AAFcvU7LIAoAABO-Xttw5A,7,WEB_ID,android
10/18/2024 16:44,2a00:5400:f012::,AAKRGE7P9eIAABxfJkTLVA,7,WEB_ID,android
10/18/2024 17:04,2a00:5400:f012::,AAKRGE7P9eIAABxfJkTLVA,7,WEB_ID,android
10/18/2024 17:07,2a00:5400:f012::,AAKRGE7P9eIAABxfJkTLVA,7,WEB_ID,android
10/18/2024 17:09,2a00:5400:f012::,AAKRGE7P9eIAABxfJkTLVA,7,WEB_ID,android
10/18/2024 17:10,2a00:5400:f012::,AAKRGE7P9eIAABxfJkTLVA,7,WEB_ID,android
10/18/2024 17:13,2a00:5400:f012::,AAKRGE7P9eIAABxfJkTLVA,7,WEB_ID,android
10/18/2024 17:15,2a00:5400:f012::,AAKRGE7P9eIAABxfJkTLVA,7,WEB_ID,android
10/18/2024 17:16,2a00:5400:f012::,AAKRGE7P9eIAABxfJkTLVA,7,WEB_ID,android
10/18/2024 17:18,2a00:5400:f012::,AAKRGE7P9eIAABxfJkTLVA,7,WEB_ID,android
10/19/2024 11:57,82.167.79.40,AAFcvU7LIAoAABO-Xttw5A,7,WEB_ID,android
10/19/2024 12:04,82.167.79.40,AAFcvU7LIAoAABO-Xttw5A,7,WEB_ID,android
10/19/2024 12:05,82.167.79.40,AAFcvU7LIAoAABO-Xttw5A,7,WEB_ID,android
10/19/2024 12:07,82.167.79.40,AAFcvU7LIAoAABO-Xttw5A,7,WEB_ID,android
10/19/2024 12:09,82.167.79.40,AAFcvU7LIAoAABO-Xttw5A,7,WEB_ID,android
10/19/2024 12:13,82.167.79.40,AAFcvU7LIAoAABO-Xttw5A,7,WEB_ID,android
10/19/2024 15:42,82.167.79.40,AAFcvU7LIAoAABO-Xttw5A,7,WEB_ID,android
10/19/2024 15:43,82.167.79.40,AAFcvU7LIAoAABO-Xttw5A,7,WEB_ID,android
10/19/2024 15:43,82.167.79.40,AAFcvU7LIAoAABO-Xttw5A,7,WEB_ID,android
10/19/2024 15:44,82.167.79.40,AAFcvU7LIAoAABO-Xttw5A,7,WEB_ID,android
10/19/2024 15:48,82.167.79.40,AAFcvU7LIAoAABO-Xttw5A,7,WEB_ID,android
10/19/2024 15:50,82.167.79.40,AAFcvU7LIAoAABO-Xttw5A,7,WEB_ID,android
10/19/2024 15:52,82.167.79.40,AAFcvU7LIAoAABO-Xttw5A,7,WEB_ID,android
10/19/2024 15:54,82.167.79.40,AAFcvU7LIAoAABO-Xttw5A,7,WEB_ID,android
10/19/2024 15:54,82.167.79.40,AAFcvU7LIAoAABO-Xttw5A,7,WEB_ID,android
10/19/2024 15:56,82.167.79.40,AAFcvU7LIAoAABO-Xttw5A,7,WEB_ID,android
10/19/2024 15:58,82.167.79.40,AAFcvU7LIAoAABO-Xttw5A,7,WEB_ID,android
10/19/2024 16:01,82.167.79.40,AAFcvU7LIAoAABO-Xttw5A,7,WEB_ID,android
10/19/2024 15:54,2a00:5400:f012::,AAKRGE7P9eIAABxfJkTLVA,7,WEB_ID,android
10/19/2024 15:57,2a00:5400:f012::,AAKRGE7P9eIAABxfJkTLVA,7,WEB_ID,android
10/19/2024 16:00,2a00:5400:f012::,AAKRGE7P9eIAABxfJkTLVA,7,WEB_ID,android
10/19/2024 16:02,2a00:5400:f012::,AAKRGE7P9eIAABxfJkTLVA,7,WEB_ID,android
10/19/2024 16:03,2a00:5400:f012::,AAKRGE7P9eIAABxfJkTLVA,7,WEB_ID,android
10/19/2024 16:05,2a00:5400:f012::,AAKRGE7P9eIAABxfJkTLVA,7,WEB_ID,android
10/19/2024 16:14,2a00:5400:f012::,AAKRGE7P9eIAABxfJkTLVA,7,WEB_ID,android
10/19/2024 16:18,2a00:5400:f012::,AAKRGE7P9eIAABxfJkTLVA,7,WEB_ID,android
10/19/2024 16:19,2a00:5400:f012::,AAKRGE7P9eIAABxfJkTLVA,7,WEB_ID,android
10/19/2024 16:20,2a00:5400:f012::,AAKRGE7P9eIAABxfJkTLVA,7,WEB_ID,android
10/19/2024 16:21,2a00:5400:f012::,AAKRGE7P9eIAABxfJkTLVA,7,WEB_ID,android
10/19/2024 16:21,2a00:5400:f012::,AAKRGE7P9eIAABxfJkTLVA,7,WEB_ID,android
10/19/2024 16:23,2a00:5400:f012::,AAKRGE7P9eIAABxfJkTLVA,7,WEB_ID,android
10/19/2024 16:24,2a00:5400:f012::,AAKRGE7P9eIAABxfJkTLVA,7,WEB_ID,android
10/19/2024 16:32,82.167.79.40,AAFcvU7LIAoAABO-Xttw5A,7,WEB_ID,android
10/19/2024 17:23,2a00:5400:f012::,AAKRGE7P9eIAABxfJkTLVA,7,WEB_ID,android
10/19/2024 17:26,2a00:5400:f012::,AAKRGE7P9eIAABxfJkTLVA,7,WEB_ID,android
10/19/2024 17:28,2a00:5400:f012::,AAKRGE7P9eIAABxfJkTLVA,7,WEB_ID,android
10/19/2024 17:31,2a00:5400:f012::,AAKRGE7P9eIAABxfJkTLVA,7,WEB_ID,android
10/19/2024 17:33,2a00:5400:f012::,AAKRGE7P9eIAABxfJkTLVA,7,WEB_ID,android
10/19/2024 17:35,2a00:5400:f012::,AAKRGE7P9eIAABxfJkTLVA,7,WEB_ID,android
10/19/2024 17:53,2a00:5400:f012::,AAKRGE7P9eIAABxfJkTLVA,7,WEB_ID,android
10/19/2024 17:54,2a00:5400:f012::,AAKRGE7P9eIAABxfJkTLVA,7,WEB_ID,android
10/19/2024 17:54,2a00:5400:f012::,AAKRGE7P9eIAABxfJkTLVA,7,WEB_ID,android
10/19/2024 18:00,2a00:5400:f012::,AAKRGE7P9eIAABxfJkTLVA,7,WEB_ID,android
10/19/2024 18:01,2a00:5400:f012::,AAKRGE7P9eIAABxfJkTLVA,7,WEB_ID,android
10/19/2024 18:02,2a00:5400:f012::,AAKRGE7P9eIAABxfJkTLVA,7,WEB_ID,android
10/19/2024 18:03,2a00:5400:f012::,AAKRGE7P9eIAABxfJkTLVA,7,WEB_ID,android
10/19/2024 19:00,2a00:5400:f012::,AAKRGE7P9eIAABxfJkTLVA,7,WEB_ID,android
10/19/2024 19:01,2a00:5400:f012::,AAKRGE7P9eIAABxfJkTLVA,7,WEB_ID,android
10/19/2024 19:02,2a00:5400:f012::,AAKRGE7P9eIAABxfJkTLVA,7,WEB_ID,android
10/19/2024 19:05,2a00:5400:f012::,AAKRGE7P9eIAABxfJkTLVA,7,WEB_ID,android
10/19/2024 19:05,2a00:5400:f012::,AAKRGE7P9eIAABxfJkTLVA,7,WEB_ID,android
10/19/2024 19:26,82.167.79.40,AAFcvU7LIAoAABO-Xttw5A,7,WEB_ID,android
10/19/2024 19:28,82.167.79.40,AAFcvU7LIAoAABO-Xttw5A,7,WEB_ID,android
10/19/2024 19:28,82.167.79.40,AAFcvU7LIAoAABO-Xttw5A,7,WEB_ID,android
10/19/2024 19:28,82.167.79.40,AAFcvU7LIAoAABO-Xttw5A,7,WEB_ID,android
10/19/2024 19:29,82.167.79.40,AAFcvU7LIAoAABO-Xttw5A,7,WEB_ID,android
10/19/2024 19:30,82.167.79.40,AAFcvU7LIAoAABO-Xttw5A,7,WEB_ID,android
10/19/2024 19:31,82.167.79.40,AAFcvU7LIAoAABO-Xttw5A,7,WEB_ID,android
10/19/2024 19:32,82.167.79.40,AAFcvU7LIAoAABO-Xttw5A,7,WEB_ID,android
10/19/2024 19:34,82.167.79.40,AAFcvU7LIAoAABO-Xttw5A,7,WEB_ID,android
10/19/2024 19:34,82.167.79.40,AAFcvU7LIAoAABO-Xttw5A,7,WEB_ID,android
10/19/2024 19:35,82.167.79.40,AAFcvU7LIAoAABO-Xttw5A,7,WEB_ID,android
10/19/2024 19:37,82.167.79.40,AAFcvU7LIAoAABO-Xttw5A,7,WEB_ID,android
10/19/2024 19:38,82.167.79.40,AAFcvU7LIAoAABO-Xttw5A,7,WEB_ID,android
10/19/2024 19:39,82.167.79.40,AAFcvU7LIAoAABO-Xttw5A,7,WEB_ID,android
10/19/2024 19:40,82.167.79.40,AAFcvU7LIAoAABO-Xttw5A,7,WEB_ID,android
10/19/2024 19:40,82.167.79.40,AAFcvU7LIAoAABO-Xttw5A,7,WEB_ID,android
10/19/2024 19:41,82.167.79.40,AAFcvU7LIAoAABO-Xttw5A,7,WEB_ID,android
10/19/2024 19:42,82.167.79.40,AAFcvU7LIAoAABO-Xttw5A,7,WEB_ID,android
10/19/2024 19:43,82.167.79.40,AAFcvU7LIAoAABO-Xttw5A,7,WEB_ID,android
10/19/2024 19:45,82.167.79.40,AAFcvU7LIAoAABO-Xttw5A,7,WEB_ID,android
10/19/2024 19:45,82.167.79.40,AAFcvU7LIAoAABO-Xttw5A,7,WEB_ID,android
10/19/2024 19:45,82.167.79.40,AAFcvU7LIAoAABO-Xttw5A,7,WEB_ID,android
10/19/2024 19:46,82.167.79.40,AAFcvU7LIAoAABO-Xttw5A,7,WEB_ID,android
10/19/2024 19:47,82.167.79.40,AAFcvU7LIAoAABO-Xttw5A,7,WEB_ID,android
10/19/2024 19:47,82.167.79.40,AAFcvU7LIAoAABO-Xttw5A,7,WEB_ID,android
10/19/2024 19:48,82.167.79.40,AAFcvU7LIAoAABO-Xttw5A,7,WEB_ID,android
10/19/2024 19:50,82.167.79.40,AAFcvU7LIAoAABO-Xttw5A,7,WEB_ID,android
10/19/2024 19:51,82.167.79.40,AAFcvU7LIAoAABO-Xttw5A,7,WEB_ID,android
10/19/2024 19:54,82.167.79.40,AAFcvU7LIAoAABO-Xttw5A,7,WEB_ID,android
10/19/2024 19:54,82.167.79.40,AAFcvU7LIAoAABO-Xttw5A,7,WEB_ID,android
10/19/2024 19:55,82.167.79.40,AAFcvU7LIAoAABO-Xttw5A,7,WEB_ID,android
10/19/2024 19:55,82.167.79.40,AAFcvU7LIAoAABO-Xttw5A,7,WEB_ID,android
10/19/2024 19:56,82.167.79.40,AAFcvU7LIAoAABO-Xttw5A,7,WEB_ID,android
10/19/2024 19:56,82.167.79.40,AAFcvU7LIAoAABO-Xttw5A,7,WEB_ID,android
10/19/2024 20:06,82.167.79.40,AAFcvU7LIAoAABO-Xttw5A,7,WEB_ID,android
10/19/2024 20:06,82.167.79.40,AAFcvU7LIAoAABO-Xttw5A,7,WEB_ID,android
10/19/2024 20:09,82.167.79.40,AAFcvU7LIAoAABO-Xttw5A,7,WEB_ID,android
10/19/2024 20:10,82.167.79.40,AAFcvU7LIAoAABO-Xttw5A,7,WEB_ID,android
10/19/2024 20:11,82.167.79.40,AAFcvU7LIAoAABO-Xttw5A,7,WEB_ID,android
10/19/2024 20:11,82.167.79.40,AAFcvU7LIAoAABO-Xttw5A,7,WEB_ID,android
10/19/2024 20:12,82.167.79.40,AAFcvU7LIAoAABO-Xttw5A,7,WEB_ID,android
10/19/2024 20:13,82.167.79.40,AAFcvU7LIAoAABO-Xttw5A,7,WEB_ID,android
10/19/2024 20:14,82.167.79.40,AAFcvU7LIAoAABO-Xttw5A,7,WEB_ID,android
10/19/2024 20:15,82.167.79.40,AAFcvU7LIAoAABO-Xttw5A,7,WEB_ID,android
10/19/2024 20:16,82.167.79.40,AAFcvU7LIAoAABO-Xttw5A,7,WEB_ID,android
10/19/2024 20:17,82.167.79.40,AAFcvU7LIAoAABO-Xttw5A,7,WEB_ID,android
10/19/2024 20:18,82.167.79.40,AAFcvU7LIAoAABO-Xttw5A,7,WEB_ID,android
10/19/2024 20:20,2001:16a2:c054::,AAFcvU7LIAoAABO-Xttw5A,7,WEB_ID,android
10/19/2024 20:21,2001:16a2:c054::,AAFcvU7LIAoAABO-Xttw5A,7,WEB_ID,android
10/19/2024 20:21,51.252.171.0,AAFcvU7LIAoAABO-Xttw5A,7,WEB_ID,android
10/20/2024 13:13,2001:16a2:c054::,AAFcvU7LIAoAABO-Xttw5A,7,WEB_ID,android
10/20/2024 13:13,2001:16a2:c054::,AAFcvU7LIAoAABO-Xttw5A,7,WEB_ID,android
10/20/2024 13:14,82.167.79.40,AAFcvU7LIAoAABO-Xttw5A,7,WEB_ID,android
10/20/2024 13:16,82.167.79.40,AAFcvU7LIAoAABO-Xttw5A,7,WEB_ID,android
10/20/2024 13:17,82.167.79.40,AAFcvU7LIAoAABO-Xttw5A,7,WEB_ID,android
10/20/2024 13:19,82.167.79.40,AAFcvU7LIAoAABO-Xttw5A,7,WEB_ID,android
10/20/2024 13:20,82.167.79.40,AAFcvU7LIAoAABO-Xttw5A,7,WEB_ID,android
10/20/2024 13:20,82.167.79.40,AAFcvU7LIAoAABO-Xttw5A,7,WEB_ID,android
10/20/2024 13:21,82.167.79.40,AAFcvU7LIAoAABO-Xttw5A,7,WEB_ID,android
10/20/2024 13:22,82.167.79.40,AAFcvU7LIAoAABO-Xttw5A,7,WEB_ID,android
10/20/2024 13:24,82.167.79.40,AAFcvU7LIAoAABO-Xttw5A,7,WEB_ID,android
10/20/2024 13:53,2a00:5400:f012::,AAKRGE7P9eIAABxfJkTLVA,7,WEB_ID,android
10/20/2024 14:38,82.167.79.40,AAFcvU7LIAoAABO-Xttw5A,7,WEB_ID,android
10/20/2024 14:41,82.167.79.40,AAFcvU7LIAoAABO-Xttw5A,7,WEB_ID,android
10/20/2024 14:41,82.167.79.40,AAFcvU7LIAoAABO-Xttw5A,7,WEB_ID,android
10/20/2024 14:42,82.167.79.40,AAFcvU7LIAoAABO-Xttw5A,7,WEB_ID,android
10/20/2024 14:43,82.167.79.40,AAFcvU7LIAoAABO-Xttw5A,7,WEB_ID,android
10/20/2024 14:50,82.167.79.40,AAFcvU7LIAoAABO-Xttw5A,7,WEB_ID,android
10/20/2024 14:51,82.167.79.40,AAFcvU7LIAoAABO-Xttw5A,7,WEB_ID,android
10/20/2024 14:52,82.167.79.40,AAFcvU7LIAoAABO-Xttw5A,7,WEB_ID,android
10/20/2024 15:24,82.167.79.40,AAFcvU7LIAoAABO-Xttw5A,7,WEB_ID,android
10/20/2024 15:24,82.167.79.40,AAFcvU7LIAoAABO-Xttw5A,7,WEB_ID,android
10/20/2024 15:15,82.167.79.40,AAFcvU7LIAoAABO-Xttw5A,7,WEB_ID,android
10/20/2024 15:22,82.167.79.40,AAFcvU7LIAoAABO-Xttw5A,7,WEB_ID,android
10/20/2024 15:23,82.167.79.40,AAFcvU7LIAoAABO-Xttw5A,7,WEB_ID,android
10/20/2024 15:27,82.167.79.40,AAFcvU7LIAoAABO-Xttw5A,7,WEB_ID,android
10/20/2024 15:36,82.167.79.40,AAFcvU7LIAoAABO-Xttw5A,7,WEB_ID,android
10/20/2024 15:47,82.167.79.40,AAFcvU7LIAoAABO-Xttw5A,7,WEB_ID,android
10/20/2024 15:50,82.167.79.40,AAFcvU7LIAoAABO-Xttw5A,7,WEB_ID,android
10/20/2024 15:52,82.167.79.40,AAFcvU7LIAoAABO-Xttw5A,7,WEB_ID,android
10/20/2024 15:58,82.167.79.40,AAFcvU7LIAoAABO-Xttw5A,7,WEB_ID,android
10/20/2024 15:59,82.167.79.40,AAFcvU7LIAoAABO-Xttw5A,7,WEB_ID,android
10/20/2024 16:08,82.167.79.40,AAFcvU7LIAoAABO-Xttw5A,7,WEB_ID,android
10/20/2024 15:23,82.167.79.40,AAFcvU7LIAoAABO-Xttw5A,7,WEB_ID,android
10/20/2024 16:10,2a00:5400:f012::,AAKRGE7P9eIAABxfJkTLVA,7,WEB_ID,android
10/20/2024 16:15,2a00:5400:f012::,AAKRGE7P9eIAABxfJkTLVA,7,WEB_ID,android
10/20/2024 16:17,2a00:5400:f012::,AAKRGE7P9eIAABxfJkTLVA,7,WEB_ID,android
10/20/2024 16:18,2a00:5400:f012::,AAKRGE7P9eIAABxfJkTLVA,7,WEB_ID,android
10/20/2024 16:19,2a00:5400:f012::,AAKRGE7P9eIAABxfJkTLVA,7,WEB_ID,android
10/20/2024 16:21,2a00:5400:f012::,AAKRGE7P9eIAABxfJkTLVA,7,WEB_ID,android
10/20/2024 16:38,2a00:5400:f012::,AAKRGE7P9eIAABxfJkTLVA,7,WEB_ID,android
10/20/2024 16:40,2a00:5400:f012::,AAKRGE7P9eIAABxfJkTLVA,7,WEB_ID,android
10/20/2024 16:42,2a00:5400:f012::,AAKRGE7P9eIAABxfJkTLVA,7,WEB_ID,android
10/20/2024 16:42,2a00:5400:f012::,AAKRGE7P9eIAABxfJkTLVA,7,WEB_ID,android
10/20/2024 16:43,2a00:5400:f012::,AAKRGE7P9eIAABxfJkTLVA,7,WEB_ID,android
10/20/2024 16:46,2a00:5400:f012::,AAKRGE7P9eIAABxfJkTLVA,7,WEB_ID,android
10/20/2024 16:46,2a00:5400:f012::,AAKRGE7P9eIAABxfJkTLVA,7,WEB_ID,android
10/20/2024 19:37,82.167.79.40,AAFcvU7LIAoAABO-Xttw5A,7,WEB_ID,android
10/20/2024 19:38,82.167.79.40,AAFcvU7LIAoAABO-Xttw5A,7,WEB_ID,android
10/20/2024 19:39,82.167.79.40,AAFcvU7LIAoAABO-Xttw5A,7,WEB_ID,android
10/20/2024 20:00,82.167.79.40,AAFcvU7LIAoAABO-Xttw5A,7,WEB_ID,android
10/20/2024 20:01,82.167.79.40,AAFcvU7LIAoAABO-Xttw5A,7,WEB_ID,android
10/20/2024 20:02,82.167.79.40,AAFcvU7LIAoAABO-Xttw5A,7,WEB_ID,android
10/20/2024 20:03,82.167.79.40,AAFcvU7LIAoAABO-Xttw5A,7,WEB_ID,android
10/20/2024 20:04,82.167.79.40,AAFcvU7LIAoAABO-Xttw5A,7,WEB_ID,android
10/20/2024 20:05,82.167.79.40,AAFcvU7LIAoAABO-Xttw5A,7,WEB_ID,android
10/20/2024 20:05,82.167.79.40,AAFcvU7LIAoAABO-Xttw5A,7,WEB_ID,android
10/20/2024 20:06,82.167.79.40,AAFcvU7LIAoAABO-Xttw5A,7,WEB_ID,android
10/20/2024 20:07,82.167.79.40,AAFcvU7LIAoAABO-Xttw5A,7,WEB_ID,android
10/20/2024 20:07,82.167.79.40,AAFcvU7LIAoAABO-Xttw5A,7,WEB_ID,android
10/20/2024 20:10,82.167.79.40,AAFcvU7LIAoAABO-Xttw5A,7,WEB_ID,android
10/20/2024 20:12,82.167.79.40,AAFcvU7LIAoAABO-Xttw5A,7,WEB_ID,android
10/20/2024 20:13,82.167.79.40,AAFcvU7LIAoAABO-Xttw5A,7,WEB_ID,android
10/20/2024 20:20,82.167.79.40,AAFcvU7LIAoAABO-Xttw5A,7,WEB_ID,android
10/20/2024 20:43,82.167.79.40,AAFcvU7LIAoAABO-Xttw5A,7,WEB_ID,android
10/20/2024 20:46,82.167.79.40,AAFcvU7LIAoAABO-Xttw5A,7,WEB_ID,android
10/20/2024 20:53,82.167.79.40,AAFcvU7LIAoAABO-Xttw5A,7,WEB_ID,android
10/20/2024 20:54,82.167.79.40,AAFcvU7LIAoAABO-Xttw5A,7,WEB_ID,android
10/20/2024 20:59,82.167.79.40,AAFcvU7LIAoAABO-Xttw5A,7,WEB_ID,android
10/20/2024 20:59,82.167.79.40,AAFcvU7LIAoAABO-Xttw5A,7,WEB_ID,android
10/20/2024 21:01,82.167.79.40,AAFcvU7LIAoAABO-Xttw5A,7,WEB_ID,android
10/21/2024 9:01,82.167.79.40,AAFcvU7LIAoAABO-Xttw5A,7,WEB_ID,android
10/21/2024 9:01,82.167.79.40,AAFcvU7LIAoAABO-Xttw5A,7,WEB_ID,android
10/21/2024 9:01,82.167.79.40,AAFcvU7LIAoAABO-Xttw5A,7,WEB_ID,android
10/21/2024 9:11,82.167.79.40,AAFcvU7LIAoAABO-Xttw5A,7,WEB_ID,android
10/21/2024 9:11,82.167.79.40,AAFcvU7LIAoAABO-Xttw5A,7,WEB_ID,android
10/21/2024 9:12,82.167.79.40,AAFcvU7LIAoAABO-Xttw5A,7,WEB_ID,android
10/21/2024 9:13,82.167.79.40,AAFcvU7LIAoAABO-Xttw5A,7,WEB_ID,android
10/21/2024 9:17,82.167.79.40,AAFcvU7LIAoAABO-Xttw5A,7,WEB_ID,android
10/21/2024 9:26,2a00:5400:f011::,AAKRGE7P9eIAABxfJkTLVA,7,WEB_ID,android
10/21/2024 9:27,2a00:5400:f011::,AAKRGE7P9eIAABxfJkTLVA,7,WEB_ID,android
10/21/2024 9:19,2a00:5400:f011::,AAKRGE7P9eIAABxfJkTLVA,7,WEB_ID,android
10/21/2024 9:23,2a00:5400:f011::,AAKRGE7P9eIAABxfJkTLVA,7,WEB_ID,android
10/21/2024 9:23,2a00:5400:f011::,AAKRGE7P9eIAABxfJkTLVA,7,WEB_ID,android
10/21/2024 9:26,2a00:5400:f011::,AAKRGE7P9eIAABxfJkTLVA,7,WEB_ID,android
10/21/2024 15:19,82.167.79.40,AAFcvU7LIAoAABO-Xttw5A,7,WEB_ID,android
10/21/2024 15:22,2001:16a4:6d::,AAFcvU7LIAoAABO-Xttw5A,7,WEB_ID,android
10/21/2024 15:34,82.167.79.40,AAFcvU7LIAoAABO-Xttw5A,7,WEB_ID,android
10/21/2024 15:35,82.167.79.40,AAFcvU7LIAoAABO-Xttw5A,7,WEB_ID,android
10/21/2024 15:35,82.167.79.40,AAFcvU7LIAoAABO-Xttw5A,7,WEB_ID,android
10/21/2024 15:43,82.167.79.40,AAFcvU7LIAoAABO-Xttw5A,7,WEB_ID,android
10/21/2024 15:43,82.167.79.40,AAFcvU7LIAoAABO-Xttw5A,7,WEB_ID,android
10/21/2024 15:44,82.167.79.40,AAFcvU7LIAoAABO-Xttw5A,7,WEB_ID,android
10/21/2024 15:45,82.167.79.40,AAFcvU7LIAoAABO-Xttw5A,7,WEB_ID,android
10/21/2024 15:45,82.167.79.40,AAFcvU7LIAoAABO-Xttw5A,7,WEB_ID,android
10/21/2024 15:48,82.167.79.40,AAFcvU7LIAoAABO-Xttw5A,7,WEB_ID,android
10/21/2024 15:49,82.167.79.40,AAFcvU7LIAoAABO-Xttw5A,7,WEB_ID,android
10/21/2024 15:49,82.167.79.40,AAFcvU7LIAoAABO-Xttw5A,7,WEB_ID,android
10/21/2024 15:51,82.167.79.40,AAFcvU7LIAoAABO-Xttw5A,7,WEB_ID,android
10/21/2024 15:52,82.167.79.40,AAFcvU7LIAoAABO-Xttw5A,7,WEB_ID,android
10/21/2024 15:53,82.167.79.40,AAFcvU7LIAoAABO-Xttw5A,7,WEB_ID,android
10/21/2024 15:53,82.167.79.40,AAFcvU7LIAoAABO-Xttw5A,7,WEB_ID,android
10/21/2024 15:53,82.167.79.40,AAFcvU7LIAoAABO-Xttw5A,7,WEB_ID,android
10/21/2024 15:55,82.167.79.40,AAFcvU7LIAoAABO-Xttw5A,7,WEB_ID,android
10/21/2024 15:56,82.167.79.40,AAFcvU7LIAoAABO-Xttw5A,7,WEB_ID,android
10/21/2024 15:57,82.167.79.40,AAFcvU7LIAoAABO-Xttw5A,7,WEB_ID,android
10/21/2024 16:00,82.167.79.40,AAFcvU7LIAoAABO-Xttw5A,7,WEB_ID,android
10/21/2024 16:02,82.167.79.40,AAFcvU7LIAoAABO-Xttw5A,7,WEB_ID,android
10/21/2024 16:03,82.167.79.40,AAFcvU7LIAoAABO-Xttw5A,7,WEB_ID,android
10/21/2024 16:05,82.167.79.40,AAFcvU7LIAoAABO-Xttw5A,7,WEB_ID,android
10/21/2024 16:06,82.167.79.40,AAFcvU7LIAoAABO-Xttw5A,7,WEB_ID,android
10/21/2024 16:09,82.167.79.40,AAFcvU7LIAoAABO-Xttw5A,7,WEB_ID,android
10/21/2024 16:09,82.167.79.40,AAFcvU7LIAoAABO-Xttw5A,7,WEB_ID,android
10/21/2024 16:12,2001:16a4:6d::,AAFcvU7LIAoAABO-Xttw5A,7,WEB_ID,android
10/21/2024 16:12,82.167.79.40,AAFcvU7LIAoAABO-Xttw5A,7,WEB_ID,android
10/21/2024 16:27,82.167.79.40,AAFcvU7LIAoAABO-Xttw5A,7,WEB_ID,android
10/21/2024 16:28,82.167.79.40,AAFcvU7LIAoAABO-Xttw5A,7,WEB_ID,android
10/21/2024 16:29,82.167.79.40,AAFcvU7LIAoAABO-Xttw5A,7,WEB_ID,android
10/21/2024 16:31,82.167.79.40,AAFcvU7LIAoAABO-Xttw5A,7,WEB_ID,android
10/21/2024 16:31,82.167.79.40,AAFcvU7LIAoAABO-Xttw5A,7,WEB_ID,android
10/21/2024 16:35,82.167.79.40,AAFcvU7LIAoAABO-Xttw5A,7,WEB_ID,android
10/21/2024 16:36,82.167.79.40,AAFcvU7LIAoAABO-Xttw5A,7,WEB_ID,android
10/21/2024 16:37,82.167.79.40,AAFcvU7LIAoAABO-Xttw5A,7,WEB_ID,android
10/21/2024 16:38,82.167.79.40,AAFcvU7LIAoAABO-Xttw5A,7,WEB_ID,android
10/21/2024 16:39,82.167.79.40,AAFcvU7LIAoAABO-Xttw5A,7,WEB_ID,android
10/21/2024 16:41,82.167.79.40,AAFcvU7LIAoAABO-Xttw5A,7,WEB_ID,android
10/21/2024 16:44,82.167.79.40,AAFcvU7LIAoAABO-Xttw5A,7,WEB_ID,android
10/21/2024 16:46,82.167.79.40,AAFcvU7LIAoAABO-Xttw5A,7,WEB_ID,android
10/21/2024 16:50,82.167.79.40,AAFcvU7LIAoAABO-Xttw5A,7,WEB_ID,android
10/21/2024 16:56,82.167.79.40,AAFcvU7LIAoAABO-Xttw5A,7,WEB_ID,android
10/21/2024 16:57,82.167.79.40,AAFcvU7LIAoAABO-Xttw5A,7,WEB_ID,android
10/21/2024 16:59,82.167.79.40,AAFcvU7LIAoAABO-Xttw5A,7,WEB_ID,android
10/21/2024 17:00,82.167.79.40,AAFcvU7LIAoAABO-Xttw5A,7,WEB_ID,android
10/21/2024 17:05,82.167.79.40,AAFcvU7LIAoAABO-Xttw5A,7,WEB_ID,android
10/21/2024 17:08,82.167.79.40,AAFcvU7LIAoAABO-Xttw5A,7,WEB_ID,android
10/21/2024 17:09,82.167.79.40,AAFcvU7LIAoAABO-Xttw5A,7,WEB_ID,android
10/21/2024 17:11,82.167.79.40,AAFcvU7LIAoAABO-Xttw5A,7,WEB_ID,android
10/21/2024 17:12,82.167.79.40,AAFcvU7LIAoAABO-Xttw5A,7,WEB_ID,android
10/21/2024 17:13,82.167.79.40,AAFcvU7LIAoAABO-Xttw5A,7,WEB_ID,android
10/21/2024 17:16,82.167.79.40,AAFcvU7LIAoAABO-Xttw5A,7,WEB_ID,android
10/21/2024 17:17,82.167.79.40,AAFcvU7LIAoAABO-Xttw5A,7,WEB_ID,android
10/21/2024 17:20,82.167.79.40,AAFcvU7LIAoAABO-Xttw5A,7,WEB_ID,android
10/21/2024 17:21,82.167.79.40,AAFcvU7LIAoAABO-Xttw5A,7,WEB_ID,android
10/22/2024 8:30,82.167.79.40,AAFcvU7LIAoAABO-Xttw5A,7,WEB_ID,android
10/22/2024 8:48,82.167.79.40,AAFcvU7LIAoAABO-Xttw5A,7,WEB_ID,android
10/22/2024 9:01,82.167.79.40,AAFcvU7LIAoAABO-Xttw5A,7,WEB_ID,android
10/22/2024 9:01,82.167.79.40,AAFcvU7LIAoAABO-Xttw5A,7,WEB_ID,android
10/22/2024 10:01,82.167.79.40,AAFcvU7LIAoAABO-Xttw5A,7,WEB_ID,android
10/22/2024 10:06,82.167.79.40,AAFcvU7LIAoAABO-Xttw5A,7,WEB_ID,android
10/22/2024 10:07,82.167.79.40,AAFcvU7LIAoAABO-Xttw5A,7,WEB_ID,android
10/22/2024 10:07,82.167.79.40,AAFcvU7LIAoAABO-Xttw5A,7,WEB_ID,android
10/22/2024 10:08,82.167.79.40,AAFcvU7LIAoAABO-Xttw5A,7,WEB_ID,android
10/22/2024 10:09,82.167.79.40,AAFcvU7LIAoAABO-Xttw5A,7,WEB_ID,android
10/22/2024 10:09,82.167.79.40,AAFcvU7LIAoAABO-Xttw5A,7,WEB_ID,android
10/22/2024 10:09,82.167.79.40,AAFcvU7LIAoAABO-Xttw5A,7,WEB_ID,android
10/22/2024 10:10,82.167.79.40,AAFcvU7LIAoAABO-Xttw5A,7,WEB_ID,android
10/22/2024 10:10,82.167.79.40,AAFcvU7LIAoAABO-Xttw5A,7,WEB_ID,android
10/22/2024 10:10,82.167.79.40,AAFcvU7LIAoAABO-Xttw5A,7,WEB_ID,android
10/22/2024 10:12,2a00:5400:f011::,AAKRGE7P9eIAABxfJkTLVA,7,WEB_ID,android
10/22/2024 10:15,2a00:5400:f011::,AAKRGE7P9eIAABxfJkTLVA,7,WEB_ID,android
10/22/2024 10:16,2a00:5400:f011::,AAKRGE7P9eIAABxfJkTLVA,7,WEB_ID,android
10/22/2024 10:17,2a00:5400:f011::,AAKRGE7P9eIAABxfJkTLVA,7,WEB_ID,android
10/22/2024 10:17,2a00:5400:f011::,AAKRGE7P9eIAABxfJkTLVA,7,WEB_ID,android
10/22/2024 10:18,2a00:5400:f011::,AAKRGE7P9eIAABxfJkTLVA,7,WEB_ID,android
10/22/2024 10:22,46.143.156.0,AAKRGE7P9eIAABxfJkTLVA,7,WEB_ID,android
10/22/2024 10:23,2a00:5400:f011::,AAKRGE7P9eIAABxfJkTLVA,7,WEB_ID,android
10/22/2024 10:24,2a00:5400:f011::,AAKRGE7P9eIAABxfJkTLVA,7,WEB_ID,android
10/3/2024 8:51,2a00:5400:e053:631e::,AAKT707IOKgAAB_bLwHDew,6,WEB_ID,ios
10/22/2024 10:22,2001:16a2:c1c3::,AAA7PE7OD50AABQ_9xhR4Q,7,WEB_ID,android
10/22/2024 10:23,2001:16a2:c1c3::,AAA7PE7OD50AABQ_9xhR4Q,7,WEB_ID,android
10/22/2024 10:58,82.167.79.40,AAFcvU7LIAoAABO-Xttw5A,7,WEB_ID,android
10/22/2024 10:59,82.167.79.40,AAFcvU7LIAoAABO-Xttw5A,7,WEB_ID,android
10/22/2024 10:59,82.167.79.40,AAFcvU7LIAoAABO-Xttw5A,7,WEB_ID,android
10/22/2024 10:59,82.167.79.40,AAFcvU7LIAoAABO-Xttw5A,7,WEB_ID,android
10/22/2024 10:59,82.167.79.40,AAFcvU7LIAoAABO-Xttw5A,7,WEB_ID,android
10/22/2024 11:00,82.167.79.40,AAFcvU7LIAoAABO-Xttw5A,7,WEB_ID,android
10/22/2024 11:02,82.167.79.40,AAFcvU7LIAoAABO-Xttw5A,7,WEB_ID,android
10/22/2024 11:04,82.167.79.40,AAFcvU7LIAoAABO-Xttw5A,7,WEB_ID,android
10/22/2024 11:05,82.167.79.40,AAFcvU7LIAoAABO-Xttw5A,7,WEB_ID,android
10/22/2024 11:05,82.167.79.40,AAFcvU7LIAoAABO-Xttw5A,7,WEB_ID,android
10/22/2024 11:06,82.167.79.40,AAFcvU7LIAoAABO-Xttw5A,7,WEB_ID,android
10/22/2024 11:07,82.167.79.40,AAFcvU7LIAoAABO-Xttw5A,7,WEB_ID,android
10/22/2024 11:07,82.167.79.40,AAFcvU7LIAoAABO-Xttw5A,7,WEB_ID,android
10/22/2024 11:08,82.167.79.40,AAFcvU7LIAoAABO-Xttw5A,7,WEB_ID,android
10/22/2024 11:08,82.167.79.40,AAFcvU7LIAoAABO-Xttw5A,7,WEB_ID,android
10/22/2024 11:09,82.167.79.40,AAFcvU7LIAoAABO-Xttw5A,7,WEB_ID,android
10/22/2024 11:09,82.167.79.40,AAFcvU7LIAoAABO-Xttw5A,7,WEB_ID,android
10/22/2024 11:10,82.167.79.40,AAFcvU7LIAoAABO-Xttw5A,7,WEB_ID,android
10/22/2024 11:10,82.167.79.40,AAFcvU7LIAoAABO-Xttw5A,7,WEB_ID,android
10/22/2024 11:10,82.167.79.40,AAFcvU7LIAoAABO-Xttw5A,7,WEB_ID,android
10/22/2024 13:03,82.167.79.40,AAFcvU7LIAoAABO-Xttw5A,7,WEB_ID,android
10/22/2024 13:03,82.167.79.40,AAFcvU7LIAoAABO-Xttw5A,7,WEB_ID,android
10/22/2024 13:03,82.167.79.40,AAFcvU7LIAoAABO-Xttw5A,7,WEB_ID,android
10/22/2024 13:03,82.167.79.40,AAFcvU7LIAoAABO-Xttw5A,7,WEB_ID,android
10/22/2024 13:04,82.167.79.40,AAFcvU7LIAoAABO-Xttw5A,7,WEB_ID,android
10/22/2024 13:04,82.167.79.40,AAFcvU7LIAoAABO-Xttw5A,7,WEB_ID,android
10/22/2024 13:05,82.167.79.40,AAFcvU7LIAoAABO-Xttw5A,7,WEB_ID,android
10/22/2024 13:05,82.167.79.40,AAFcvU7LIAoAABO-Xttw5A,7,WEB_ID,android
10/22/2024 13:10,82.167.79.40,AAFcvU7LIAoAABO-Xttw5A,7,WEB_ID,android
10/22/2024 13:10,82.167.79.40,AAFcvU7LIAoAABO-Xttw5A,7,WEB_ID,android
10/22/2024 13:10,82.167.79.40,AAFcvU7LIAoAABO-Xttw5A,7,WEB_ID,android
10/22/2024 13:11,82.167.79.40,AAFcvU7LIAoAABO-Xttw5A,7,WEB_ID,android
10/22/2024 13:11,82.167.79.40,AAFcvU7LIAoAABO-Xttw5A,7,WEB_ID,android
10/22/2024 13:12,82.167.79.40,AAFcvU7LIAoAABO-Xttw5A,7,WEB_ID,android
10/22/2024 13:12,82.167.79.40,AAFcvU7LIAoAABO-Xttw5A,7,WEB_ID,android
10/22/2024 13:13,82.167.79.40,AAFcvU7LIAoAABO-Xttw5A,7,WEB_ID,android
10/22/2024 13:13,82.167.79.40,AAFcvU7LIAoAABO-Xttw5A,7,WEB_ID,android
10/22/2024 13:13,82.167.79.40,AAFcvU7LIAoAABO-Xttw5A,7,WEB_ID,android
10/22/2024 13:14,82.167.79.40,AAFcvU7LIAoAABO-Xttw5A,7,WEB_ID,android
10/22/2024 13:15,82.167.79.40,AAFcvU7LIAoAABO-Xttw5A,7,WEB_ID,android
10/22/2024 13:16,82.167.79.40,AAFcvU7LIAoAABO-Xttw5A,7,WEB_ID,android
10/22/2024 13:16,82.167.79.40,AAFcvU7LIAoAABO-Xttw5A,7,WEB_ID,android
10/22/2024 13:17,82.167.79.40,AAFcvU7LIAoAABO-Xttw5A,7,WEB_ID,android
10/22/2024 13:18,82.167.79.40,AAFcvU7LIAoAABO-Xttw5A,7,WEB_ID,android
10/22/2024 13:20,82.167.79.40,AAFcvU7LIAoAABO-Xttw5A,7,WEB_ID,android
10/22/2024 13:21,82.167.79.40,AAFcvU7LIAoAABO-Xttw5A,7,WEB_ID,android
10/22/2024 13:21,82.167.79.40,AAFcvU7LIAoAABO-Xttw5A,7,WEB_ID,android
10/22/2024 13:21,82.167.79.40,AAFcvU7LIAoAABO-Xttw5A,7,WEB_ID,android
10/22/2024 13:25,82.167.79.40,AAFcvU7LIAoAABO-Xttw5A,7,WEB_ID,android
10/22/2024 13:26,82.167.79.40,AAFcvU7LIAoAABO-Xttw5A,7,WEB_ID,android
10/22/2024 13:29,82.167.79.40,AAFcvU7LIAoAABO-Xttw5A,7,WEB_ID,android
10/22/2024 13:31,82.167.79.40,AAFcvU7LIAoAABO-Xttw5A,7,WEB_ID,android
10/22/2024 13:32,82.167.79.40,AAFcvU7LIAoAABO-Xttw5A,7,WEB_ID,android
10/22/2024 13:33,82.167.79.40,AAFcvU7LIAoAABO-Xttw5A,7,WEB_ID,android
10/22/2024 13:33,82.167.79.40,AAFcvU7LIAoAABO-Xttw5A,7,WEB_ID,android
10/22/2024 13:35,82.167.79.40,AAFcvU7LIAoAABO-Xttw5A,7,WEB_ID,android
10/22/2024 13:36,82.167.79.40,AAFcvU7LIAoAABO-Xttw5A,7,WEB_ID,android
10/22/2024 13:36,82.167.79.40,AAFcvU7LIAoAABO-Xttw5A,7,WEB_ID,android
10/22/2024 13:38,82.167.79.40,AAFcvU7LIAoAABO-Xttw5A,7,WEB_ID,android
10/22/2024 13:38,82.167.79.40,AAFcvU7LIAoAABO-Xttw5A,7,WEB_ID,android
10/22/2024 13:39,82.167.79.40,AAFcvU7LIAoAABO-Xttw5A,7,WEB_ID,android
10/22/2024 13:39,82.167.79.40,AAFcvU7LIAoAABO-Xttw5A,7,WEB_ID,android
10/22/2024 13:40,82.167.79.40,AAFcvU7LIAoAABO-Xttw5A,7,WEB_ID,android
10/22/2024 14:02,2a00:5400:f011::,AAKRGE7P9eIAABxfJkTLVA,7,WEB_ID,android
10/23/2024 11:48,2a00:5400:f011::,AAKRGE7P9eIAABxfJkTLVA,7,WEB_ID,android
10/23/2024 11:50,2a00:5400:f011::,AAKRGE7P9eIAABxfJkTLVA,7,WEB_ID,android
10/23/2024 13:33,2a00:5400:f011::,AAKRGE7P9eIAABxfJkTLVA,7,WEB_ID,android
10/23/2024 13:43,2a00:5400:f011::,AAKRGE7P9eIAABxfJkTLVA,7,WEB_ID,android
10/23/2024 13:45,2a00:5400:f011::,AAKRGE7P9eIAABxfJkTLVA,7,WEB_ID,android
10/23/2024 13:45,2a00:5400:f011::,AAKRGE7P9eIAABxfJkTLVA,7,WEB_ID,android
10/3/2024 9:30,2a00:5400:e053:631e::,AAKT707IOKgAAB_bLwHDew,6,WEB_ID,ios
10/23/2024 14:14,2a00:5400:f011::,AAKRGE7P9eIAABxfJkTLVA,7,WEB_ID,android
10/23/2024 14:15,2a00:5400:f011::,AAKRGE7P9eIAABxfJkTLVA,7,WEB_ID,android
10/23/2024 14:15,2a00:5400:f011::,AAKRGE7P9eIAABxfJkTLVA,7,WEB_ID,android
10/23/2024 19:40,82.167.79.40,AAFcvU7LIAoAABO-Xttw5A,7,WEB_ID,android
10/23/2024 19:40,82.167.79.40,AAFcvU7LIAoAABO-Xttw5A,7,WEB_ID,android
10/23/2024 19:40,82.167.79.40,AAFcvU7LIAoAABO-Xttw5A,7,WEB_ID,android
10/23/2024 19:54,82.167.79.40,AAFcvU7LIAoAABO-Xttw5A,7,WEB_ID,android
10/23/2024 19:55,82.167.79.40,AAFcvU7LIAoAABO-Xttw5A,7,WEB_ID,android
10/23/2024 19:58,82.167.79.40,AAFcvU7LIAoAABO-Xttw5A,7,WEB_ID,android
10/23/2024 20:04,82.167.79.40,AAFcvU7LIAoAABO-Xttw5A,7,WEB_ID,android
10/23/2024 20:09,82.167.79.40,AAFcvU7LIAoAABO-Xttw5A,7,WEB_ID,android
10/23/2024 20:13,82.167.79.40,AAFcvU7LIAoAABO-Xttw5A,7,WEB_ID,android
10/24/2024 10:56,82.167.79.40,AAFcvU7LIAoAABO-Xttw5A,7,WEB_ID,android
10/24/2024 10:59,82.167.79.40,AAFcvU7LIAoAABO-Xttw5A,7,WEB_ID,android
10/24/2024 11:18,82.167.79.40,AAFcvU7LIAoAABO-Xttw5A,7,WEB_ID,android
10/24/2024 11:20,82.167.79.40,AAFcvU7LIAoAABO-Xttw5A,7,WEB_ID,android
10/24/2024 13:11,2a00:5400:f011::,AAKRGE7P9eIAABxfJkTLVA,7,WEB_ID,android
10/24/2024 13:12,2a00:5400:f011::,AAKRGE7P9eIAABxfJkTLVA,7,WEB_ID,android
10/24/2024 13:13,2a00:5400:f011::,AAKRGE7P9eIAABxfJkTLVA,7,WEB_ID,android
10/24/2024 13:42,2a00:5400:f011::,AAKRGE7P9eIAABxfJkTLVA,7,WEB_ID,android
10/24/2024 15:58,2a00:5400:f011::,AAKRGE7P9eIAABxfJkTLVA,7,WEB_ID,android
10/24/2024 15:58,2a00:5400:f011::,AAKRGE7P9eIAABxfJkTLVA,7,WEB_ID,android
10/24/2024 16:26,82.167.79.40,AAFcvU7LIAoAABO-Xttw5A,7,WEB_ID,android
10/24/2024 16:44,82.167.79.40,AAFcvU7LIAoAABO-Xttw5A,7,WEB_ID,android
10/24/2024 16:44,82.167.79.40,AAFcvU7LIAoAABO-Xttw5A,7,WEB_ID,android
10/24/2024 16:45,82.167.79.40,AAFcvU7LIAoAABO-Xttw5A,7,WEB_ID,android
10/24/2024 16:47,82.167.79.40,AAFcvU7LIAoAABO-Xttw5A,7,WEB_ID,android
10/24/2024 16:47,82.167.79.40,AAFcvU7LIAoAABO-Xttw5A,7,WEB_ID,android
10/24/2024 16:48,82.167.79.40,AAFcvU7LIAoAABO-Xttw5A,7,WEB_ID,android
10/24/2024 16:49,82.167.79.40,AAFcvU7LIAoAABO-Xttw5A,7,WEB_ID,android
10/24/2024 16:52,82.167.79.40,AAFcvU7LIAoAABO-Xttw5A,7,WEB_ID,android
10/25/2024 9:45,82.167.79.40,AAFcvU7LIAoAABO-Xttw5A,7,WEB_ID,android
10/25/2024 9:45,82.167.79.40,AAFcvU7LIAoAABO-Xttw5A,7,WEB_ID,android
10/25/2024 9:46,82.167.79.40,AAFcvU7LIAoAABO-Xttw5A,7,WEB_ID,android
10/25/2024 9:56,82.167.79.40,AAFcvU7LIAoAABO-Xttw5A,7,WEB_ID,android
10/25/2024 9:56,82.167.79.40,AAFcvU7LIAoAABO-Xttw5A,7,WEB_ID,android
10/25/2024 9:57,82.167.79.40,AAFcvU7LIAoAABO-Xttw5A,7,WEB_ID,android
10/25/2024 9:57,82.167.79.40,AAFcvU7LIAoAABO-Xttw5A,7,WEB_ID,android
10/25/2024 9:58,82.167.79.40,AAFcvU7LIAoAABO-Xttw5A,7,WEB_ID,android
10/25/2024 9:59,82.167.79.40,AAFcvU7LIAoAABO-Xttw5A,7,WEB_ID,android
10/25/2024 10:02,82.167.79.40,AAFcvU7LIAoAABO-Xttw5A,7,WEB_ID,android
10/25/2024 10:02,82.167.79.40,AAFcvU7LIAoAABO-Xttw5A,7,WEB_ID,android
10/25/2024 10:03,82.167.79.40,AAFcvU7LIAoAABO-Xttw5A,7,WEB_ID,android
10/25/2024 10:03,82.167.79.40,AAFcvU7LIAoAABO-Xttw5A,7,WEB_ID,android
10/25/2024 10:04,82.167.79.40,AAFcvU7LIAoAABO-Xttw5A,7,WEB_ID,android
10/25/2024 10:04,82.167.79.40,AAFcvU7LIAoAABO-Xttw5A,7,WEB_ID,android
10/25/2024 10:05,82.167.79.40,AAFcvU7LIAoAABO-Xttw5A,7,WEB_ID,android
10/25/2024 10:05,82.167.79.40,AAFcvU7LIAoAABO-Xttw5A,7,WEB_ID,android
10/25/2024 10:09,82.167.79.40,AAFcvU7LIAoAABO-Xttw5A,7,WEB_ID,android
10/25/2024 10:09,82.167.79.40,AAFcvU7LIAoAABO-Xttw5A,7,WEB_ID,android
10/25/2024 10:09,82.167.79.40,AAFcvU7LIAoAABO-Xttw5A,7,WEB_ID,android
10/25/2024 10:09,82.167.79.40,AAFcvU7LIAoAABO-Xttw5A,7,WEB_ID,android
10/25/2024 10:10,82.167.79.40,AAFcvU7LIAoAABO-Xttw5A,7,WEB_ID,android
10/25/2024 12:54,82.167.79.40,AAFcvU7LIAoAABO-Xttw5A,7,WEB_ID,android
10/25/2024 13:03,82.167.79.40,AAFcvU7LIAoAABO-Xttw5A,7,WEB_ID,android
10/25/2024 13:05,82.167.79.40,AAFcvU7LIAoAABO-Xttw5A,7,WEB_ID,android
10/25/2024 13:26,82.167.79.40,AAFcvU7LIAoAABO-Xttw5A,7,WEB_ID,android
10/25/2024 13:29,82.167.79.40,AAFcvU7LIAoAABO-Xttw5A,7,WEB_ID,android
10/25/2024 13:29,82.167.79.40,AAFcvU7LIAoAABO-Xttw5A,7,WEB_ID,android
10/25/2024 13:29,82.167.79.40,AAFcvU7LIAoAABO-Xttw5A,7,WEB_ID,android
10/25/2024 13:30,82.167.79.40,AAFcvU7LIAoAABO-Xttw5A,7,WEB_ID,android
10/25/2024 13:30,82.167.79.40,AAFcvU7LIAoAABO-Xttw5A,7,WEB_ID,android
10/25/2024 13:31,82.167.79.40,AAFcvU7LIAoAABO-Xttw5A,7,WEB_ID,android
10/25/2024 13:03,82.167.79.40,AAFcvU7LIAoAABO-Xttw5A,7,WEB_ID,android
10/25/2024 13:03,82.167.79.40,AAFcvU7LIAoAABO-Xttw5A,7,WEB_ID,android
10/25/2024 13:03,82.167.79.40,AAFcvU7LIAoAABO-Xttw5A,7,WEB_ID,android
10/25/2024 13:04,82.167.79.40,AAFcvU7LIAoAABO-Xttw5A,7,WEB_ID,android
10/25/2024 13:04,82.167.79.40,AAFcvU7LIAoAABO-Xttw5A,7,WEB_ID,android
10/25/2024 13:05,82.167.79.40,AAFcvU7LIAoAABO-Xttw5A,7,WEB_ID,android
10/25/2024 13:05,82.167.79.40,AAFcvU7LIAoAABO-Xttw5A,7,WEB_ID,android
10/25/2024 13:06,82.167.79.40,AAFcvU7LIAoAABO-Xttw5A,7,WEB_ID,android
10/25/2024 13:06,82.167.79.40,AAFcvU7LIAoAABO-Xttw5A,7,WEB_ID,android
10/25/2024 13:06,82.167.79.40,AAFcvU7LIAoAABO-Xttw5A,7,WEB_ID,android
10/25/2024 13:07,82.167.79.40,AAFcvU7LIAoAABO-Xttw5A,7,WEB_ID,android
10/25/2024 13:07,82.167.79.40,AAFcvU7LIAoAABO-Xttw5A,7,WEB_ID,android
10/25/2024 13:07,82.167.79.40,AAFcvU7LIAoAABO-Xttw5A,7,WEB_ID,android
10/25/2024 13:07,82.167.79.40,AAFcvU7LIAoAABO-Xttw5A,7,WEB_ID,android
10/25/2024 13:07,82.167.79.40,AAFcvU7LIAoAABO-Xttw5A,7,WEB_ID,android
10/25/2024 13:08,82.167.79.40,AAFcvU7LIAoAABO-Xttw5A,7,WEB_ID,android
10/25/2024 13:08,82.167.79.40,AAFcvU7LIAoAABO-Xttw5A,7,WEB_ID,android
10/25/2024 13:08,82.167.79.40,AAFcvU7LIAoAABO-Xttw5A,7,WEB_ID,android
10/25/2024 13:09,82.167.79.40,AAFcvU7LIAoAABO-Xttw5A,7,WEB_ID,android
10/25/2024 13:09,82.167.79.40,AAFcvU7LIAoAABO-Xttw5A,7,WEB_ID,android
10/25/2024 13:10,82.167.79.40,AAFcvU7LIAoAABO-Xttw5A,7,WEB_ID,android
10/25/2024 13:10,82.167.79.40,AAFcvU7LIAoAABO-Xttw5A,7,WEB_ID,android
10/25/2024 13:11,82.167.79.40,AAFcvU7LIAoAABO-Xttw5A,7,WEB_ID,android
10/25/2024 13:12,82.167.79.40,AAFcvU7LIAoAABO-Xttw5A,7,WEB_ID,android
10/25/2024 13:12,82.167.79.40,AAFcvU7LIAoAABO-Xttw5A,7,WEB_ID,android
10/25/2024 13:12,82.167.79.40,AAFcvU7LIAoAABO-Xttw5A,7,WEB_ID,android
10/25/2024 13:12,82.167.79.40,AAFcvU7LIAoAABO-Xttw5A,7,WEB_ID,android
10/25/2024 13:13,82.167.79.40,AAFcvU7LIAoAABO-Xttw5A,7,WEB_ID,android
10/25/2024 13:14,82.167.79.40,AAFcvU7LIAoAABO-Xttw5A,7,WEB_ID,android
10/25/2024 13:14,82.167.79.40,AAFcvU7LIAoAABO-Xttw5A,7,WEB_ID,android
10/25/2024 13:14,82.167.79.40,AAFcvU7LIAoAABO-Xttw5A,7,WEB_ID,android
10/25/2024 13:15,82.167.79.40,AAFcvU7LIAoAABO-Xttw5A,7,WEB_ID,android
10/25/2024 13:15,82.167.79.40,AAFcvU7LIAoAABO-Xttw5A,7,WEB_ID,android
10/25/2024 13:15,82.167.79.40,AAFcvU7LIAoAABO-Xttw5A,7,WEB_ID,android
10/25/2024 13:15,82.167.79.40,AAFcvU7LIAoAABO-Xttw5A,7,WEB_ID,android
10/25/2024 13:16,82.167.79.40,AAFcvU7LIAoAABO-Xttw5A,7,WEB_ID,android
10/25/2024 13:17,82.167.79.40,AAFcvU7LIAoAABO-Xttw5A,7,WEB_ID,android
10/25/2024 13:17,82.167.79.40,AAFcvU7LIAoAABO-Xttw5A,7,WEB_ID,android
10/25/2024 13:17,82.167.79.40,AAFcvU7LIAoAABO-Xttw5A,7,WEB_ID,android
10/25/2024 13:17,82.167.79.40,AAFcvU7LIAoAABO-Xttw5A,7,WEB_ID,android
10/25/2024 13:18,82.167.79.40,AAFcvU7LIAoAABO-Xttw5A,7,WEB_ID,android
10/25/2024 13:18,82.167.79.40,AAFcvU7LIAoAABO-Xttw5A,7,WEB_ID,android
10/25/2024 13:18,82.167.79.40,AAFcvU7LIAoAABO-Xttw5A,7,WEB_ID,android
10/25/2024 13:19,82.167.79.40,AAFcvU7LIAoAABO-Xttw5A,7,WEB_ID,android
10/25/2024 13:20,82.167.79.40,AAFcvU7LIAoAABO-Xttw5A,7,WEB_ID,android
10/25/2024 13:20,82.167.79.40,AAFcvU7LIAoAABO-Xttw5A,7,WEB_ID,android
10/25/2024 13:21,82.167.79.40,AAFcvU7LIAoAABO-Xttw5A,7,WEB_ID,android
10/25/2024 13:21,82.167.79.40,AAFcvU7LIAoAABO-Xttw5A,7,WEB_ID,android
10/25/2024 13:21,82.167.79.40,AAFcvU7LIAoAABO-Xttw5A,7,WEB_ID,android
10/25/2024 13:21,82.167.79.40,AAFcvU7LIAoAABO-Xttw5A,7,WEB_ID,android
10/25/2024 13:22,82.167.79.40,AAFcvU7LIAoAABO-Xttw5A,7,WEB_ID,android
10/25/2024 13:22,82.167.79.40,AAFcvU7LIAoAABO-Xttw5A,7,WEB_ID,android
10/25/2024 13:23,82.167.79.40,AAFcvU7LIAoAABO-Xttw5A,7,WEB_ID,android
10/25/2024 13:23,82.167.79.40,AAFcvU7LIAoAABO-Xttw5A,7,WEB_ID,android
10/25/2024 13:23,82.167.79.40,AAFcvU7LIAoAABO-Xttw5A,7,WEB_ID,android
10/25/2024 13:23,82.167.79.40,AAFcvU7LIAoAABO-Xttw5A,7,WEB_ID,android
10/25/2024 13:24,82.167.79.40,AAFcvU7LIAoAABO-Xttw5A,7,WEB_ID,android
10/25/2024 13:24,82.167.79.40,AAFcvU7LIAoAABO-Xttw5A,7,WEB_ID,android
10/25/2024 13:25,82.167.79.40,AAFcvU7LIAoAABO-Xttw5A,7,WEB_ID,android
10/25/2024 13:25,82.167.79.40,AAFcvU7LIAoAABO-Xttw5A,7,WEB_ID,android
10/25/2024 13:26,82.167.79.40,AAFcvU7LIAoAABO-Xttw5A,7,WEB_ID,android
10/25/2024 13:26,82.167.79.40,AAFcvU7LIAoAABO-Xttw5A,7,WEB_ID,android
10/25/2024 13:26,82.167.79.40,AAFcvU7LIAoAABO-Xttw5A,7,WEB_ID,android
10/25/2024 13:26,82.167.79.40,AAFcvU7LIAoAABO-Xttw5A,7,WEB_ID,android
10/25/2024 13:39,82.167.79.40,AAFcvU7LIAoAABO-Xttw5A,7,WEB_ID,android
10/25/2024 16:59,82.167.79.40,AAFcvU7LIAoAABO-Xttw5A,7,WEB_ID,android
10/25/2024 17:29,149.109.95.248,AAA7PE7OD50AABQ_9xhR4Q,7,WEB_ID,android
10/25/2024 17:29,149.109.95.248,AAA7PE7OD50AABQ_9xhR4Q,7,WEB_ID,android
10/25/2024 17:29,149.109.95.248,AAA7PE7OD50AABQ_9xhR4Q,7,WEB_ID,android
10/25/2024 17:29,149.109.95.248,AAA7PE7OD50AABQ_9xhR4Q,7,WEB_ID,android
10/25/2024 18:29,2a00:5400:f014::,AAKRGE7P9eIAABxfJkTLVA,7,WEB_ID,android
10/25/2024 18:30,2a00:5400:f014::,AAKRGE7P9eIAABxfJkTLVA,7,WEB_ID,android
10/25/2024 18:30,2a00:5400:f014::,AAKRGE7P9eIAABxfJkTLVA,7,WEB_ID,android
10/25/2024 18:30,2a00:5400:f014::,AAKRGE7P9eIAABxfJkTLVA,7,WEB_ID,android
10/25/2024 18:31,2a00:5400:f014::,AAKRGE7P9eIAABxfJkTLVA,7,WEB_ID,android
10/25/2024 18:32,2a00:5400:f014::,AAKRGE7P9eIAABxfJkTLVA,7,WEB_ID,android
10/25/2024 18:32,2a00:5400:f014::,AAKRGE7P9eIAABxfJkTLVA,7,WEB_ID,android
10/25/2024 18:33,2a00:5400:f014::,AAKRGE7P9eIAABxfJkTLVA,7,WEB_ID,android
10/25/2024 18:33,2a00:5400:f014::,AAKRGE7P9eIAABxfJkTLVA,7,WEB_ID,android
10/25/2024 18:33,2a00:5400:f014::,AAKRGE7P9eIAABxfJkTLVA,7,WEB_ID,android
10/25/2024 18:34,2a00:5400:f014::,AAKRGE7P9eIAABxfJkTLVA,7,WEB_ID,android
10/25/2024 18:34,2a00:5400:f014::,AAKRGE7P9eIAABxfJkTLVA,7,WEB_ID,android
10/25/2024 18:34,2a00:5400:f014::,AAKRGE7P9eIAABxfJkTLVA,7,WEB_ID,android
10/25/2024 18:34,2a00:5400:f014::,AAKRGE7P9eIAABxfJkTLVA,7,WEB_ID,android
10/25/2024 18:35,2a00:5400:f014::,AAKRGE7P9eIAABxfJkTLVA,7,WEB_ID,android
10/25/2024 18:35,2a00:5400:f014::,AAKRGE7P9eIAABxfJkTLVA,7,WEB_ID,android
10/25/2024 18:36,2a00:5400:f014::,AAKRGE7P9eIAABxfJkTLVA,7,WEB_ID,android
10/25/2024 18:36,2a00:5400:f014::,AAKRGE7P9eIAABxfJkTLVA,7,WEB_ID,android
10/25/2024 19:00,82.167.79.40,AAFcvU7LIAoAABO-Xttw5A,7,WEB_ID,android
10/25/2024 18:50,2a00:5400:f014::,AAKRGE7P9eIAABxfJkTLVA,7,WEB_ID,android
10/25/2024 18:51,2a00:5400:f014::,AAKRGE7P9eIAABxfJkTLVA,7,WEB_ID,android
10/25/2024 18:52,2a00:5400:f014::,AAKRGE7P9eIAABxfJkTLVA,7,WEB_ID,android
10/25/2024 19:00,2a00:5400:f014::,AAKRGE7P9eIAABxfJkTLVA,7,WEB_ID,android
10/25/2024 19:29,82.167.79.40,AAFcvU7LIAoAABO-Xttw5A,7,WEB_ID,android
10/25/2024 19:29,82.167.79.40,AAFcvU7LIAoAABO-Xttw5A,7,WEB_ID,android
10/25/2024 19:30,82.167.79.40,AAFcvU7LIAoAABO-Xttw5A,7,WEB_ID,android
10/25/2024 19:35,2a00:5400:f014::,AAKRGE7P9eIAABxfJkTLVA,7,WEB_ID,android
10/25/2024 19:36,2a00:5400:f014::,AAKRGE7P9eIAABxfJkTLVA,7,WEB_ID,android
10/25/2024 19:37,2a00:5400:f014::,AAKRGE7P9eIAABxfJkTLVA,7,WEB_ID,android
10/25/2024 19:37,2a00:5400:f014::,AAKRGE7P9eIAABxfJkTLVA,7,WEB_ID,android
10/25/2024 19:39,2a00:5400:f014::,AAKRGE7P9eIAABxfJkTLVA,7,WEB_ID,android
10/25/2024 19:41,2a00:5400:f014::,AAKRGE7P9eIAABxfJkTLVA,7,WEB_ID,android
10/25/2024 19:41,2a00:5400:f014::,AAKRGE7P9eIAABxfJkTLVA,7,WEB_ID,android
10/25/2024 19:42,2a00:5400:f014::,AAKRGE7P9eIAABxfJkTLVA,7,WEB_ID,android
10/25/2024 19:42,2a00:5400:f014::,AAKRGE7P9eIAABxfJkTLVA,7,WEB_ID,android
10/25/2024 19:43,2a00:5400:f014::,AAKRGE7P9eIAABxfJkTLVA,7,WEB_ID,android
10/25/2024 19:44,2a00:5400:f014::,AAKRGE7P9eIAABxfJkTLVA,7,WEB_ID,android
10/25/2024 19:46,2a00:5400:f014::,AAKRGE7P9eIAABxfJkTLVA,7,WEB_ID,android
10/25/2024 19:46,2a00:5400:f014::,AAKRGE7P9eIAABxfJkTLVA,7,WEB_ID,android
10/25/2024 19:46,2a00:5400:f014::,AAKRGE7P9eIAABxfJkTLVA,7,WEB_ID,android
10/25/2024 19:47,2a00:5400:f014::,AAKRGE7P9eIAABxfJkTLVA,7,WEB_ID,android
10/25/2024 19:49,2a00:5400:f014::,AAKRGE7P9eIAABxfJkTLVA,7,WEB_ID,android
10/26/2024 10:10,2a00:5400:f014::,AAKRGE7P9eIAABxfJkTLVA,7,WEB_ID,android
10/26/2024 10:11,2a00:5400:f014::,AAKRGE7P9eIAABxfJkTLVA,7,WEB_ID,android
10/26/2024 10:11,2a00:5400:f014::,AAKRGE7P9eIAABxfJkTLVA,7,WEB_ID,android
10/26/2024 10:12,2a00:5400:f014::,AAKRGE7P9eIAABxfJkTLVA,7,WEB_ID,android
10/26/2024 10:18,2a00:5400:f014::,AAKRGE7P9eIAABxfJkTLVA,7,WEB_ID,android
10/26/2024 10:18,2a00:5400:f014::,AAKRGE7P9eIAABxfJkTLVA,7,WEB_ID,android
10/26/2024 10:19,2a00:5400:f014::,AAKRGE7P9eIAABxfJkTLVA,7,WEB_ID,android
10/26/2024 10:20,2a00:5400:f014::,AAKRGE7P9eIAABxfJkTLVA,7,WEB_ID,android
10/26/2024 10:22,2a00:5400:f014::,AAKRGE7P9eIAABxfJkTLVA,7,WEB_ID,android
10/26/2024 10:24,2a00:5400:f014::,AAKRGE7P9eIAABxfJkTLVA,7,WEB_ID,android
10/26/2024 10:25,2a00:5400:f014::,AAKRGE7P9eIAABxfJkTLVA,7,WEB_ID,android
10/26/2024 10:25,2a00:5400:f014::,AAKRGE7P9eIAABxfJkTLVA,7,WEB_ID,android
10/26/2024 10:27,2a00:5400:f014::,AAKRGE7P9eIAABxfJkTLVA,7,WEB_ID,android
10/26/2024 10:28,2a00:5400:f014::,AAKRGE7P9eIAABxfJkTLVA,7,WEB_ID,android
10/26/2024 10:29,2a00:5400:f014::,AAKRGE7P9eIAABxfJkTLVA,7,WEB_ID,android
10/26/2024 10:39,2001:16a2:45a6::,AAA7PE7OD50AABQ_9xhR4Q,7,WEB_ID,android
10/26/2024 10:42,2001:16a2:45a6::,AAA7PE7OD50AABQ_9xhR4Q,7,WEB_ID,android
10/26/2024 10:47,2001:16a2:45a6::,AAA7PE7OD50AABQ_9xhR4Q,7,WEB_ID,android
10/26/2024 10:22,2001:16a2:45a6::,AAA7PE7OD50AABQ_9xhR4Q,7,WEB_ID,android
10/26/2024 11:12,82.167.79.40,AAFcvU7LIAoAABO-Xttw5A,7,WEB_ID,android
10/26/2024 11:20,82.167.79.40,AAFcvU7LIAoAABO-Xttw5A,7,WEB_ID,android
10/26/2024 12:26,82.167.79.40,AAFcvU7LIAoAABO-Xttw5A,7,WEB_ID,android
10/26/2024 12:28,82.167.79.40,AAFcvU7LIAoAABO-Xttw5A,7,WEB_ID,android
10/26/2024 12:28,82.167.79.40,AAFcvU7LIAoAABO-Xttw5A,7,WEB_ID,android
10/26/2024 12:34,82.167.79.40,AAFcvU7LIAoAABO-Xttw5A,7,WEB_ID,android
10/26/2024 12:34,82.167.79.40,AAFcvU7LIAoAABO-Xttw5A,7,WEB_ID,android
10/26/2024 12:36,82.167.79.40,AAFcvU7LIAoAABO-Xttw5A,7,WEB_ID,android
10/26/2024 12:38,82.167.79.40,AAFcvU7LIAoAABO-Xttw5A,7,WEB_ID,android
10/26/2024 12:42,82.167.79.40,AAFcvU7LIAoAABO-Xttw5A,7,WEB_ID,android
10/26/2024 12:43,82.167.79.40,AAFcvU7LIAoAABO-Xttw5A,7,WEB_ID,android
10/26/2024 12:46,82.167.79.40,AAFcvU7LIAoAABO-Xttw5A,7,WEB_ID,android
10/26/2024 12:46,82.167.79.40,AAFcvU7LIAoAABO-Xttw5A,7,WEB_ID,android
10/26/2024 12:46,82.167.79.40,AAFcvU7LIAoAABO-Xttw5A,7,WEB_ID,android
10/26/2024 12:47,82.167.79.40,AAFcvU7LIAoAABO-Xttw5A,7,WEB_ID,android
10/26/2024 12:50,82.167.79.40,AAFcvU7LIAoAABO-Xttw5A,7,WEB_ID,android
10/26/2024 12:51,82.167.79.40,AAFcvU7LIAoAABO-Xttw5A,7,WEB_ID,android
10/26/2024 12:53,82.167.79.40,AAFcvU7LIAoAABO-Xttw5A,7,WEB_ID,android
10/26/2024 12:56,82.167.79.40,AAFcvU7LIAoAABO-Xttw5A,7,WEB_ID,android
10/26/2024 12:57,82.167.79.40,AAFcvU7LIAoAABO-Xttw5A,7,WEB_ID,android
10/26/2024 12:52,82.167.79.40,AAFcvU7LIAoAABO-Xttw5A,7,WEB_ID,android
10/26/2024 12:55,82.167.79.40,AAFcvU7LIAoAABO-Xttw5A,7,WEB_ID,android
10/26/2024 13:30,82.167.79.40,AAFcvU7LIAoAABO-Xttw5A,7,WEB_ID,android
10/26/2024 13:30,82.167.79.40,AAFcvU7LIAoAABO-Xttw5A,7,WEB_ID,android
10/26/2024 13:30,82.167.79.40,AAFcvU7LIAoAABO-Xttw5A,7,WEB_ID,android
10/26/2024 13:30,82.167.79.40,AAFcvU7LIAoAABO-Xttw5A,7,WEB_ID,android
10/26/2024 13:32,82.167.79.40,AAFcvU7LIAoAABO-Xttw5A,7,WEB_ID,android
10/26/2024 13:34,82.167.79.40,AAFcvU7LIAoAABO-Xttw5A,7,WEB_ID,android
10/26/2024 13:34,82.167.79.40,AAFcvU7LIAoAABO-Xttw5A,7,WEB_ID,android
10/26/2024 13:35,82.167.79.40,AAFcvU7LIAoAABO-Xttw5A,7,WEB_ID,android
10/26/2024 13:35,82.167.79.40,AAFcvU7LIAoAABO-Xttw5A,7,WEB_ID,android
10/26/2024 13:37,82.167.79.40,AAFcvU7LIAoAABO-Xttw5A,7,WEB_ID,android
10/26/2024 13:37,82.167.79.40,AAFcvU7LIAoAABO-Xttw5A,7,WEB_ID,android
10/26/2024 13:40,82.167.79.40,AAFcvU7LIAoAABO-Xttw5A,7,WEB_ID,android
10/26/2024 13:40,82.167.79.40,AAFcvU7LIAoAABO-Xttw5A,7,WEB_ID,android
10/26/2024 13:41,82.167.79.40,AAFcvU7LIAoAABO-Xttw5A,7,WEB_ID,android
10/26/2024 13:42,82.167.79.40,AAFcvU7LIAoAABO-Xttw5A,7,WEB_ID,android
10/26/2024 13:43,82.167.79.40,AAFcvU7LIAoAABO-Xttw5A,7,WEB_ID,android
10/26/2024 13:45,82.167.79.40,AAFcvU7LIAoAABO-Xttw5A,7,WEB_ID,android
10/26/2024 13:47,82.167.79.40,AAFcvU7LIAoAABO-Xttw5A,7,WEB_ID,android
10/26/2024 13:47,82.167.79.40,AAFcvU7LIAoAABO-Xttw5A,7,WEB_ID,android
10/26/2024 13:58,82.167.79.40,AAFcvU7LIAoAABO-Xttw5A,7,WEB_ID,android
10/26/2024 13:58,82.167.79.40,AAFcvU7LIAoAABO-Xttw5A,7,WEB_ID,android
10/26/2024 13:59,82.167.79.40,AAFcvU7LIAoAABO-Xttw5A,7,WEB_ID,android
10/26/2024 14:00,82.167.79.40,AAFcvU7LIAoAABO-Xttw5A,7,WEB_ID,android
10/26/2024 14:01,82.167.79.40,AAFcvU7LIAoAABO-Xttw5A,7,WEB_ID,android
10/26/2024 14:02,82.167.79.40,AAFcvU7LIAoAABO-Xttw5A,7,WEB_ID,android
10/26/2024 14:02,82.167.79.40,AAFcvU7LIAoAABO-Xttw5A,7,WEB_ID,android
10/26/2024 14:04,82.167.79.40,AAFcvU7LIAoAABO-Xttw5A,7,WEB_ID,android
10/26/2024 14:04,82.167.79.40,AAFcvU7LIAoAABO-Xttw5A,7,WEB_ID,android
10/26/2024 14:06,82.167.79.40,AAFcvU7LIAoAABO-Xttw5A,7,WEB_ID,android
10/26/2024 14:06,82.167.79.40,AAFcvU7LIAoAABO-Xttw5A,7,WEB_ID,android
10/26/2024 14:06,82.167.79.40,AAFcvU7LIAoAABO-Xttw5A,7,WEB_ID,android
10/26/2024 14:07,82.167.79.40,AAFcvU7LIAoAABO-Xttw5A,7,WEB_ID,android
10/26/2024 14:07,82.167.79.40,AAFcvU7LIAoAABO-Xttw5A,7,WEB_ID,android
10/26/2024 14:07,82.167.79.40,AAFcvU7LIAoAABO-Xttw5A,7,WEB_ID,android
10/26/2024 14:07,82.167.79.40,AAFcvU7LIAoAABO-Xttw5A,7,WEB_ID,android
10/26/2024 14:07,82.167.79.40,AAFcvU7LIAoAABO-Xttw5A,7,WEB_ID,android
10/26/2024 14:07,82.167.79.40,AAFcvU7LIAoAABO-Xttw5A,7,WEB_ID,android
10/26/2024 14:08,82.167.79.40,AAFcvU7LIAoAABO-Xttw5A,7,WEB_ID,android
10/26/2024 14:08,82.167.79.40,AAFcvU7LIAoAABO-Xttw5A,7,WEB_ID,android
10/26/2024 14:08,82.167.79.40,AAFcvU7LIAoAABO-Xttw5A,7,WEB_ID,android
10/26/2024 14:08,82.167.79.40,AAFcvU7LIAoAABO-Xttw5A,7,WEB_ID,android
10/26/2024 14:09,82.167.79.40,AAFcvU7LIAoAABO-Xttw5A,7,WEB_ID,android
10/26/2024 14:09,82.167.79.40,AAFcvU7LIAoAABO-Xttw5A,7,WEB_ID,android
10/26/2024 14:10,82.167.79.40,AAFcvU7LIAoAABO-Xttw5A,7,WEB_ID,android
10/26/2024 14:10,82.167.79.40,AAFcvU7LIAoAABO-Xttw5A,7,WEB_ID,android
10/26/2024 14:12,82.167.79.40,AAFcvU7LIAoAABO-Xttw5A,7,WEB_ID,android
10/26/2024 14:12,82.167.79.40,AAFcvU7LIAoAABO-Xttw5A,7,WEB_ID,android
10/26/2024 14:12,82.167.79.40,AAFcvU7LIAoAABO-Xttw5A,7,WEB_ID,android
10/26/2024 14:12,82.167.79.40,AAFcvU7LIAoAABO-Xttw5A,7,WEB_ID,android
10/26/2024 14:13,82.167.79.40,AAFcvU7LIAoAABO-Xttw5A,7,WEB_ID,android
10/26/2024 14:13,82.167.79.40,AAFcvU7LIAoAABO-Xttw5A,7,WEB_ID,android
10/26/2024 14:14,82.167.79.40,AAFcvU7LIAoAABO-Xttw5A,7,WEB_ID,android
10/26/2024 14:15,82.167.79.40,AAFcvU7LIAoAABO-Xttw5A,7,WEB_ID,android
10/26/2024 14:15,82.167.79.40,AAFcvU7LIAoAABO-Xttw5A,7,WEB_ID,android
10/26/2024 14:15,82.167.79.40,AAFcvU7LIAoAABO-Xttw5A,7,WEB_ID,android
10/26/2024 14:15,82.167.79.40,AAFcvU7LIAoAABO-Xttw5A,7,WEB_ID,android
10/26/2024 14:15,82.167.79.40,AAFcvU7LIAoAABO-Xttw5A,7,WEB_ID,android
10/26/2024 14:16,82.167.79.40,AAFcvU7LIAoAABO-Xttw5A,7,WEB_ID,android
10/26/2024 14:16,82.167.79.40,AAFcvU7LIAoAABO-Xttw5A,7,WEB_ID,android
10/26/2024 14:16,82.167.79.40,AAFcvU7LIAoAABO-Xttw5A,7,WEB_ID,android
10/26/2024 14:33,2001:16a2:c373::,AAA7PE7OD50AABQ_9xhR4Q,7,WEB_ID,android
10/26/2024 14:35,82.167.79.40,AAFcvU7LIAoAABO-Xttw5A,7,WEB_ID,android
10/26/2024 14:38,82.167.79.40,AAFcvU7LIAoAABO-Xttw5A,7,WEB_ID,android
10/26/2024 14:40,82.167.79.40,AAFcvU7LIAoAABO-Xttw5A,7,WEB_ID,android
10/26/2024 14:44,82.167.79.40,AAFcvU7LIAoAABO-Xttw5A,7,WEB_ID,android
10/26/2024 14:44,82.167.79.40,AAFcvU7LIAoAABO-Xttw5A,7,WEB_ID,android
10/26/2024 14:46,82.167.79.40,AAFcvU7LIAoAABO-Xttw5A,7,WEB_ID,android
10/26/2024 14:56,2001:16a2:c1c8::,AAA7PE7OD50AABQ_9xhR4Q,7,WEB_ID,android
10/27/2024 12:00,82.167.79.40,AAFcvU7LIAoAABO-Xttw5A,7,WEB_ID,android
10/27/2024 12:00,82.167.79.40,AAFcvU7LIAoAABO-Xttw5A,7,WEB_ID,android
10/27/2024 12:02,82.167.79.40,AAFcvU7LIAoAABO-Xttw5A,7,WEB_ID,android
10/27/2024 12:15,82.167.79.40,AAFcvU7LIAoAABO-Xttw5A,7,WEB_ID,android
10/27/2024 12:16,82.167.79.40,AAFcvU7LIAoAABO-Xttw5A,7,WEB_ID,android
10/27/2024 12:16,82.167.79.40,AAFcvU7LIAoAABO-Xttw5A,7,WEB_ID,android
10/27/2024 12:19,82.167.79.40,AAFcvU7LIAoAABO-Xttw5A,7,WEB_ID,android
10/27/2024 19:58,2a00:5400:e337::,AAA7PE7OD50AABQ_9xhR4Q,7,WEB_ID,android
10/28/2024 8:01,2a00:5400:e337::,AAA7PE7OD50AABQ_9xhR4Q,7,WEB_ID,android
10/28/2024 8:17,2a00:5400:f014::,AAKRGE7P9eIAABxfJkTLVA,7,WEB_ID,android
10/28/2024 8:20,2a00:5400:f014::,AAKRGE7P9eIAABxfJkTLVA,7,WEB_ID,android
10/28/2024 8:20,2a00:5400:f014::,AAKRGE7P9eIAABxfJkTLVA,7,WEB_ID,android
10/28/2024 8:21,2a00:5400:f014::,AAKRGE7P9eIAABxfJkTLVA,7,WEB_ID,android
10/28/2024 8:22,2a00:5400:f014::,AAKRGE7P9eIAABxfJkTLVA,7,WEB_ID,android
10/28/2024 8:24,2a00:5400:f014::,AAKRGE7P9eIAABxfJkTLVA,7,WEB_ID,android
10/28/2024 8:34,2a00:5400:f010::,AAKRGE7P9eIAABxfJkTLVA,7,WEB_ID,android
10/28/2024 8:35,2a00:5400:f010::,AAKRGE7P9eIAABxfJkTLVA,7,WEB_ID,android
10/28/2024 8:36,2a00:5400:f010::,AAKRGE7P9eIAABxfJkTLVA,7,WEB_ID,android
10/28/2024 8:42,2a00:5400:f010::,AAKRGE7P9eIAABxfJkTLVA,7,WEB_ID,android
10/28/2024 8:42,2a00:5400:f010::,AAKRGE7P9eIAABxfJkTLVA,7,WEB_ID,android
10/28/2024 8:43,2a00:5400:f010::,AAKRGE7P9eIAABxfJkTLVA,7,WEB_ID,android
10/28/2024 8:51,2a00:5400:f010::,AAKRGE7P9eIAABxfJkTLVA,7,WEB_ID,android
10/28/2024 9:20,2001:16a2:c026::,AAFcvU7LIAoAABO-Xttw5A,7,WEB_ID,android
10/28/2024 9:21,2001:16a2:c026::,AAFcvU7LIAoAABO-Xttw5A,7,WEB_ID,android
10/28/2024 9:21,2001:16a2:c026::,AAFcvU7LIAoAABO-Xttw5A,7,WEB_ID,android
10/28/2024 9:21,2001:16a2:c026::,AAFcvU7LIAoAABO-Xttw5A,7,WEB_ID,android
10/28/2024 9:23,2001:16a2:c026::,AAFcvU7LIAoAABO-Xttw5A,7,WEB_ID,android
10/28/2024 9:23,2001:16a2:c026::,AAFcvU7LIAoAABO-Xttw5A,7,WEB_ID,android
10/28/2024 9:23,2001:16a2:c026::,AAFcvU7LIAoAABO-Xttw5A,7,WEB_ID,android
10/28/2024 9:23,2001:16a2:c026::,AAFcvU7LIAoAABO-Xttw5A,7,WEB_ID,android
10/28/2024 9:24,2001:16a2:c026::,AAFcvU7LIAoAABO-Xttw5A,7,WEB_ID,android
10/28/2024 9:24,2001:16a2:c026::,AAFcvU7LIAoAABO-Xttw5A,7,WEB_ID,android
10/28/2024 9:24,2001:16a2:c026::,AAFcvU7LIAoAABO-Xttw5A,7,WEB_ID,android
10/28/2024 9:26,2001:16a2:c026::,AAFcvU7LIAoAABO-Xttw5A,7,WEB_ID,android
10/28/2024 9:27,2001:16a2:c026::,AAFcvU7LIAoAABO-Xttw5A,7,WEB_ID,android
10/28/2024 9:27,2001:16a2:c026::,AAFcvU7LIAoAABO-Xttw5A,7,WEB_ID,android
10/28/2024 9:27,2001:16a2:c026::,AAFcvU7LIAoAABO-Xttw5A,7,WEB_ID,android
10/28/2024 9:28,2001:16a2:c026::,AAFcvU7LIAoAABO-Xttw5A,7,WEB_ID,android
10/28/2024 9:28,2001:16a2:c026::,AAFcvU7LIAoAABO-Xttw5A,7,WEB_ID,android
10/28/2024 9:31,2001:16a2:c026::,AAFcvU7LIAoAABO-Xttw5A,7,WEB_ID,android
10/28/2024 9:31,2001:16a2:c026::,AAFcvU7LIAoAABO-Xttw5A,7,WEB_ID,android
10/28/2024 9:31,2001:16a2:c026::,AAFcvU7LIAoAABO-Xttw5A,7,WEB_ID,android
10/28/2024 9:31,2001:16a2:c026::,AAFcvU7LIAoAABO-Xttw5A,7,WEB_ID,android
10/28/2024 9:34,2001:16a2:c026::,AAFcvU7LIAoAABO-Xttw5A,7,WEB_ID,android
10/28/2024 9:34,2001:16a2:c026::,AAFcvU7LIAoAABO-Xttw5A,7,WEB_ID,android
10/28/2024 9:16,2001:16a2:c026::,AAFcvU7LIAoAABO-Xttw5A,7,WEB_ID,android
10/28/2024 9:16,2001:16a2:c026::,AAFcvU7LIAoAABO-Xttw5A,7,WEB_ID,android
10/28/2024 9:16,2001:16a2:c026::,AAFcvU7LIAoAABO-Xttw5A,7,WEB_ID,android
10/28/2024 9:18,2001:16a2:c026::,AAFcvU7LIAoAABO-Xttw5A,7,WEB_ID,android
10/28/2024 9:19,2001:16a2:c026::,AAFcvU7LIAoAABO-Xttw5A,7,WEB_ID,android
10/28/2024 9:20,2001:16a2:c026::,AAFcvU7LIAoAABO-Xttw5A,7,WEB_ID,android
10/28/2024 9:21,2001:16a2:c026::,AAFcvU7LIAoAABO-Xttw5A,7,WEB_ID,android
10/28/2024 9:22,2001:16a2:c026::,AAFcvU7LIAoAABO-Xttw5A,7,WEB_ID,android
10/28/2024 9:22,2001:16a2:c026::,AAFcvU7LIAoAABO-Xttw5A,7,WEB_ID,android
10/28/2024 9:27,2a00:5400:e337::,AAA7PE7OD50AABQ_9xhR4Q,7,WEB_ID,android
10/28/2024 11:20,2a00:5400:e337::,AAA7PE7OD50AABQ_9xhR4Q,7,WEB_ID,android
10/28/2024 12:14,82.167.67.118,AAFcvU7LIAoAABO-Xttw5A,7,WEB_ID,android
10/28/2024 12:14,82.167.67.118,AAFcvU7LIAoAABO-Xttw5A,7,WEB_ID,android
10/28/2024 12:14,82.167.67.118,AAFcvU7LIAoAABO-Xttw5A,7,WEB_ID,android
10/28/2024 11:51,82.167.67.118,AAFcvU7LIAoAABO-Xttw5A,7,WEB_ID,android
10/28/2024 11:53,82.167.67.118,AAFcvU7LIAoAABO-Xttw5A,7,WEB_ID,android
10/28/2024 11:55,82.167.67.118,AAFcvU7LIAoAABO-Xttw5A,7,WEB_ID,android
10/28/2024 11:55,82.167.67.118,AAFcvU7LIAoAABO-Xttw5A,7,WEB_ID,android
10/28/2024 11:57,82.167.67.118,AAFcvU7LIAoAABO-Xttw5A,7,WEB_ID,android
10/28/2024 11:57,82.167.67.118,AAFcvU7LIAoAABO-Xttw5A,7,WEB_ID,android
10/28/2024 12:00,82.167.67.118,AAFcvU7LIAoAABO-Xttw5A,7,WEB_ID,android
10/28/2024 12:01,82.167.67.118,AAFcvU7LIAoAABO-Xttw5A,7,WEB_ID,android
10/28/2024 12:12,82.167.67.118,AAFcvU7LIAoAABO-Xttw5A,7,WEB_ID,android
10/28/2024 12:15,82.167.67.118,AAFcvU7LIAoAABO-Xttw5A,7,WEB_ID,android
10/28/2024 12:15,82.167.67.118,AAFcvU7LIAoAABO-Xttw5A,7,WEB_ID,android
10/28/2024 12:16,82.167.67.118,AAFcvU7LIAoAABO-Xttw5A,7,WEB_ID,android
10/28/2024 12:23,82.167.67.118,AAFcvU7LIAoAABO-Xttw5A,7,WEB_ID,android
10/28/2024 12:23,82.167.67.118,AAFcvU7LIAoAABO-Xttw5A,7,WEB_ID,android
10/28/2024 12:24,82.167.67.118,AAFcvU7LIAoAABO-Xttw5A,7,WEB_ID,android
10/28/2024 12:27,82.167.67.118,AAFcvU7LIAoAABO-Xttw5A,7,WEB_ID,android
10/28/2024 12:28,82.167.67.118,AAFcvU7LIAoAABO-Xttw5A,7,WEB_ID,android
10/28/2024 12:28,82.167.67.118,AAFcvU7LIAoAABO-Xttw5A,7,WEB_ID,android
10/28/2024 12:29,82.167.67.118,AAFcvU7LIAoAABO-Xttw5A,7,WEB_ID,android
10/28/2024 12:29,82.167.67.118,AAFcvU7LIAoAABO-Xttw5A,7,WEB_ID,android
10/28/2024 13:02,82.167.67.118,AAFcvU7LIAoAABO-Xttw5A,7,WEB_ID,android
10/28/2024 13:06,82.167.67.118,AAFcvU7LIAoAABO-Xttw5A,7,WEB_ID,android
10/28/2024 13:06,82.167.67.118,AAFcvU7LIAoAABO-Xttw5A,7,WEB_ID,android
10/28/2024 13:07,82.167.67.118,AAFcvU7LIAoAABO-Xttw5A,7,WEB_ID,android
10/28/2024 13:08,82.167.67.118,AAFcvU7LIAoAABO-Xttw5A,7,WEB_ID,android
10/28/2024 14:17,82.167.67.118,AAFcvU7LIAoAABO-Xttw5A,7,WEB_ID,android
10/28/2024 14:17,82.167.67.118,AAFcvU7LIAoAABO-Xttw5A,7,WEB_ID,android
10/28/2024 14:18,82.167.67.118,AAFcvU7LIAoAABO-Xttw5A,7,WEB_ID,android
10/28/2024 14:18,82.167.67.118,AAFcvU7LIAoAABO-Xttw5A,7,WEB_ID,android
10/28/2024 14:19,82.167.67.118,AAFcvU7LIAoAABO-Xttw5A,7,WEB_ID,android
10/28/2024 14:20,82.167.67.118,AAFcvU7LIAoAABO-Xttw5A,7,WEB_ID,android
10/28/2024 14:20,82.167.67.118,AAFcvU7LIAoAABO-Xttw5A,7,WEB_ID,android
10/28/2024 14:20,82.167.67.118,AAFcvU7LIAoAABO-Xttw5A,7,WEB_ID,android
10/28/2024 14:21,82.167.67.118,AAFcvU7LIAoAABO-Xttw5A,7,WEB_ID,android
10/28/2024 14:21,82.167.67.118,AAFcvU7LIAoAABO-Xttw5A,7,WEB_ID,android
10/28/2024 14:21,82.167.67.118,AAFcvU7LIAoAABO-Xttw5A,7,WEB_ID,android
10/28/2024 14:22,82.167.67.118,AAFcvU7LIAoAABO-Xttw5A,7,WEB_ID,android
10/28/2024 14:22,82.167.67.118,AAFcvU7LIAoAABO-Xttw5A,7,WEB_ID,android
10/28/2024 14:22,82.167.67.118,AAFcvU7LIAoAABO-Xttw5A,7,WEB_ID,android
10/28/2024 14:23,82.167.67.118,AAFcvU7LIAoAABO-Xttw5A,7,WEB_ID,android
10/28/2024 14:23,82.167.67.118,AAFcvU7LIAoAABO-Xttw5A,7,WEB_ID,android
10/28/2024 14:27,82.167.67.118,AAFcvU7LIAoAABO-Xttw5A,7,WEB_ID,android
10/28/2024 14:27,82.167.67.118,AAFcvU7LIAoAABO-Xttw5A,7,WEB_ID,android
10/28/2024 14:27,82.167.67.118,AAFcvU7LIAoAABO-Xttw5A,7,WEB_ID,android
10/28/2024 14:28,82.167.67.118,AAFcvU7LIAoAABO-Xttw5A,7,WEB_ID,android
10/28/2024 14:29,82.167.67.118,AAFcvU7LIAoAABO-Xttw5A,7,WEB_ID,android
10/28/2024 14:29,82.167.67.118,AAFcvU7LIAoAABO-Xttw5A,7,WEB_ID,android
10/28/2024 14:29,82.167.67.118,AAFcvU7LIAoAABO-Xttw5A,7,WEB_ID,android
10/28/2024 14:30,82.167.67.118,AAFcvU7LIAoAABO-Xttw5A,7,WEB_ID,android
10/28/2024 14:33,82.167.67.118,AAFcvU7LIAoAABO-Xttw5A,7,WEB_ID,android
10/28/2024 14:34,82.167.67.118,AAFcvU7LIAoAABO-Xttw5A,7,WEB_ID,android
10/28/2024 14:38,82.167.67.118,AAFcvU7LIAoAABO-Xttw5A,7,WEB_ID,android
10/28/2024 14:43,82.167.67.118,AAFcvU7LIAoAABO-Xttw5A,7,WEB_ID,android
10/28/2024 14:44,82.167.67.118,AAFcvU7LIAoAABO-Xttw5A,7,WEB_ID,android
10/28/2024 14:59,82.167.67.118,AAFcvU7LIAoAABO-Xttw5A,7,WEB_ID,android
10/28/2024 14:59,82.167.67.118,AAFcvU7LIAoAABO-Xttw5A,7,WEB_ID,android
10/28/2024 14:59,82.167.67.118,AAFcvU7LIAoAABO-Xttw5A,7,WEB_ID,android
10/28/2024 15:00,82.167.67.118,AAFcvU7LIAoAABO-Xttw5A,7,WEB_ID,android
10/28/2024 15:00,82.167.67.118,AAFcvU7LIAoAABO-Xttw5A,7,WEB_ID,android
10/28/2024 15:02,82.167.67.118,AAFcvU7LIAoAABO-Xttw5A,7,WEB_ID,android
10/28/2024 15:02,82.167.67.118,AAFcvU7LIAoAABO-Xttw5A,7,WEB_ID,android
10/28/2024 15:03,82.167.67.118,AAFcvU7LIAoAABO-Xttw5A,7,WEB_ID,android
10/28/2024 15:03,82.167.67.118,AAFcvU7LIAoAABO-Xttw5A,7,WEB_ID,android
10/28/2024 15:04,82.167.67.118,AAFcvU7LIAoAABO-Xttw5A,7,WEB_ID,android
10/28/2024 15:04,82.167.67.118,AAFcvU7LIAoAABO-Xttw5A,7,WEB_ID,android
10/28/2024 15:08,82.167.67.118,AAFcvU7LIAoAABO-Xttw5A,7,WEB_ID,android
10/28/2024 15:11,82.167.67.118,AAFcvU7LIAoAABO-Xttw5A,7,WEB_ID,android
10/28/2024 15:12,82.167.67.118,AAFcvU7LIAoAABO-Xttw5A,7,WEB_ID,android
10/28/2024 14:26,82.167.67.118,AAFcvU7LIAoAABO-Xttw5A,7,WEB_ID,android
10/28/2024 14:27,82.167.67.118,AAFcvU7LIAoAABO-Xttw5A,7,WEB_ID,android
10/28/2024 14:30,82.167.67.118,AAFcvU7LIAoAABO-Xttw5A,7,WEB_ID,android
10/28/2024 14:30,82.167.67.118,AAFcvU7LIAoAABO-Xttw5A,7,WEB_ID,android
10/28/2024 14:31,82.167.67.118,AAFcvU7LIAoAABO-Xttw5A,7,WEB_ID,android
10/28/2024 14:31,82.167.67.118,AAFcvU7LIAoAABO-Xttw5A,7,WEB_ID,android
10/28/2024 14:31,82.167.67.118,AAFcvU7LIAoAABO-Xttw5A,7,WEB_ID,android
10/28/2024 14:34,82.167.67.118,AAFcvU7LIAoAABO-Xttw5A,7,WEB_ID,android
10/28/2024 14:34,82.167.67.118,AAFcvU7LIAoAABO-Xttw5A,7,WEB_ID,android
10/28/2024 14:34,82.167.67.118,AAFcvU7LIAoAABO-Xttw5A,7,WEB_ID,android
10/28/2024 14:35,82.167.67.118,AAFcvU7LIAoAABO-Xttw5A,7,WEB_ID,android
10/28/2024 14:39,82.167.67.118,AAFcvU7LIAoAABO-Xttw5A,7,WEB_ID,android
10/28/2024 14:40,82.167.67.118,AAFcvU7LIAoAABO-Xttw5A,7,WEB_ID,android
10/28/2024 14:56,82.167.67.118,AAFcvU7LIAoAABO-Xttw5A,7,WEB_ID,android
10/28/2024 14:56,82.167.67.118,AAFcvU7LIAoAABO-Xttw5A,7,WEB_ID,android
10/28/2024 14:57,82.167.67.118,AAFcvU7LIAoAABO-Xttw5A,7,WEB_ID,android
10/28/2024 14:58,82.167.67.118,AAFcvU7LIAoAABO-Xttw5A,7,WEB_ID,android
10/28/2024 14:58,82.167.67.118,AAFcvU7LIAoAABO-Xttw5A,7,WEB_ID,android
10/28/2024 15:00,82.167.67.118,AAFcvU7LIAoAABO-Xttw5A,7,WEB_ID,android
10/28/2024 15:01,82.167.67.118,AAFcvU7LIAoAABO-Xttw5A,7,WEB_ID,android
10/28/2024 15:04,82.167.67.118,AAFcvU7LIAoAABO-Xttw5A,7,WEB_ID,android
10/28/2024 15:05,82.167.67.118,AAFcvU7LIAoAABO-Xttw5A,7,WEB_ID,android
10/28/2024 15:11,82.167.67.118,AAFcvU7LIAoAABO-Xttw5A,7,WEB_ID,android
10/28/2024 15:13,82.167.67.118,AAFcvU7LIAoAABO-Xttw5A,7,WEB_ID,android
10/28/2024 15:14,82.167.67.118,AAFcvU7LIAoAABO-Xttw5A,7,WEB_ID,android
10/28/2024 15:20,2a00:5400:f010::,AAKRGE7P9eIAABxfJkTLVA,7,WEB_ID,android
10/28/2024 15:20,2a00:5400:f010::,AAKRGE7P9eIAABxfJkTLVA,7,WEB_ID,android
10/28/2024 15:21,2a00:5400:f010::,AAKRGE7P9eIAABxfJkTLVA,7,WEB_ID,android
10/28/2024 15:21,2a00:5400:f010::,AAKRGE7P9eIAABxfJkTLVA,7,WEB_ID,android
10/28/2024 15:21,2a00:5400:f010::,AAKRGE7P9eIAABxfJkTLVA,7,WEB_ID,android
10/28/2024 15:29,2a00:5400:f010::,AAKRGE7P9eIAABxfJkTLVA,7,WEB_ID,android
10/28/2024 15:29,2a00:5400:f010::,AAKRGE7P9eIAABxfJkTLVA,7,WEB_ID,android
10/28/2024 15:38,2a00:5400:f010::,AAKRGE7P9eIAABxfJkTLVA,7,WEB_ID,android
10/28/2024 15:40,2a00:5400:f010::,AAKRGE7P9eIAABxfJkTLVA,7,WEB_ID,android
10/28/2024 16:17,2a00:5400:f010::,AAKRGE7P9eIAABxfJkTLVA,7,WEB_ID,android
10/28/2024 16:20,2a00:5400:f010::,AAKRGE7P9eIAABxfJkTLVA,7,WEB_ID,android
10/28/2024 18:12,82.167.67.118,AAFcvU7LIAoAABO-Xttw5A,7,WEB_ID,android
10/28/2024 18:13,82.167.67.118,AAFcvU7LIAoAABO-Xttw5A,7,WEB_ID,android
10/28/2024 18:18,82.167.67.118,AAFcvU7LIAoAABO-Xttw5A,7,WEB_ID,android
10/28/2024 18:18,82.167.67.118,AAFcvU7LIAoAABO-Xttw5A,7,WEB_ID,android
10/28/2024 18:23,82.167.67.118,AAFcvU7LIAoAABO-Xttw5A,7,WEB_ID,android
10/28/2024 18:23,82.167.67.118,AAFcvU7LIAoAABO-Xttw5A,7,WEB_ID,android
10/28/2024 18:27,82.167.67.118,AAFcvU7LIAoAABO-Xttw5A,7,WEB_ID,android
10/28/2024 18:28,82.167.67.118,AAFcvU7LIAoAABO-Xttw5A,7,WEB_ID,android
10/28/2024 18:30,82.167.67.118,AAFcvU7LIAoAABO-Xttw5A,7,WEB_ID,android
10/28/2024 18:37,82.167.67.118,AAFcvU7LIAoAABO-Xttw5A,7,WEB_ID,android
10/28/2024 18:38,82.167.67.118,AAFcvU7LIAoAABO-Xttw5A,7,WEB_ID,android
10/28/2024 18:38,82.167.67.118,AAFcvU7LIAoAABO-Xttw5A,7,WEB_ID,android
10/28/2024 19:06,2a00:5400:f010::,AAKRGE7P9eIAABxfJkTLVA,7,WEB_ID,android
10/28/2024 19:06,2a00:5400:f010::,AAKRGE7P9eIAABxfJkTLVA,7,WEB_ID,android
10/28/2024 19:09,2a00:5400:f010::,AAKRGE7P9eIAABxfJkTLVA,7,WEB_ID,android
10/28/2024 19:10,2a00:5400:f010::,AAKRGE7P9eIAABxfJkTLVA,7,WEB_ID,android
10/28/2024 19:14,2a00:5400:f010::,AAKRGE7P9eIAABxfJkTLVA,7,WEB_ID,android
10/28/2024 19:16,2a00:5400:f010::,AAKRGE7P9eIAABxfJkTLVA,7,WEB_ID,android
10/28/2024 19:18,2a00:5400:f010::,AAKRGE7P9eIAABxfJkTLVA,7,WEB_ID,android
10/28/2024 19:20,2a00:5400:f010::,AAKRGE7P9eIAABxfJkTLVA,7,WEB_ID,android
10/28/2024 19:21,2a00:5400:f010::,AAKRGE7P9eIAABxfJkTLVA,7,WEB_ID,android
10/28/2024 18:51,82.167.67.118,AAFcvU7LIAoAABO-Xttw5A,7,WEB_ID,android
10/28/2024 18:53,82.167.67.118,AAFcvU7LIAoAABO-Xttw5A,7,WEB_ID,android
10/28/2024 18:53,82.167.67.118,AAFcvU7LIAoAABO-Xttw5A,7,WEB_ID,android
10/28/2024 18:53,82.167.67.118,AAFcvU7LIAoAABO-Xttw5A,7,WEB_ID,android
10/28/2024 18:54,82.167.67.118,AAFcvU7LIAoAABO-Xttw5A,7,WEB_ID,android
10/28/2024 18:55,82.167.67.118,AAFcvU7LIAoAABO-Xttw5A,7,WEB_ID,android
10/28/2024 18:55,82.167.67.118,AAFcvU7LIAoAABO-Xttw5A,7,WEB_ID,android
10/28/2024 18:57,82.167.67.118,AAFcvU7LIAoAABO-Xttw5A,7,WEB_ID,android
10/28/2024 18:58,82.167.67.118,AAFcvU7LIAoAABO-Xttw5A,7,WEB_ID,android
10/28/2024 18:59,82.167.67.118,AAFcvU7LIAoAABO-Xttw5A,7,WEB_ID,android
10/28/2024 19:06,82.167.67.118,AAFcvU7LIAoAABO-Xttw5A,7,WEB_ID,android
10/28/2024 19:08,82.167.67.118,AAFcvU7LIAoAABO-Xttw5A,7,WEB_ID,android
10/28/2024 19:09,82.167.67.118,AAFcvU7LIAoAABO-Xttw5A,7,WEB_ID,android
10/28/2024 19:09,82.167.67.118,AAFcvU7LIAoAABO-Xttw5A,7,WEB_ID,android
10/28/2024 19:10,82.167.67.118,AAFcvU7LIAoAABO-Xttw5A,7,WEB_ID,android
10/28/2024 19:11,82.167.67.118,AAFcvU7LIAoAABO-Xttw5A,7,WEB_ID,android
10/28/2024 19:16,82.167.67.118,AAFcvU7LIAoAABO-Xttw5A,7,WEB_ID,android
10/28/2024 19:16,82.167.67.118,AAFcvU7LIAoAABO-Xttw5A,7,WEB_ID,android
10/28/2024 19:18,82.167.67.118,AAFcvU7LIAoAABO-Xttw5A,7,WEB_ID,android
10/28/2024 19:20,82.167.67.118,AAFcvU7LIAoAABO-Xttw5A,7,WEB_ID,android
10/28/2024 19:02,2a00:5400:f010::,AAKRGE7P9eIAABxfJkTLVA,7,WEB_ID,android
10/28/2024 19:02,2a00:5400:f010::,AAKRGE7P9eIAABxfJkTLVA,7,WEB_ID,android
10/28/2024 19:10,2a00:5400:f010::,AAKRGE7P9eIAABxfJkTLVA,7,WEB_ID,android
10/28/2024 19:14,2a00:5400:f010::,AAKRGE7P9eIAABxfJkTLVA,7,WEB_ID,android
10/28/2024 19:21,2a00:5400:f010::,AAKRGE7P9eIAABxfJkTLVA,7,WEB_ID,android
10/28/2024 19:22,2a00:5400:f010::,AAKRGE7P9eIAABxfJkTLVA,7,WEB_ID,android
10/28/2024 19:23,2a00:5400:f010::,AAKRGE7P9eIAABxfJkTLVA,7,WEB_ID,android
10/28/2024 19:24,2a00:5400:f010::,AAKRGE7P9eIAABxfJkTLVA,7,WEB_ID,android
10/29/2024 10:12,2a00:5400:f010::,AAKRGE7P9eIAABxfJkTLVA,7,WEB_ID,android
10/29/2024 10:13,2a00:5400:f010::,AAKRGE7P9eIAABxfJkTLVA,7,WEB_ID,android
10/29/2024 10:15,2a00:5400:f010::,AAKRGE7P9eIAABxfJkTLVA,7,WEB_ID,android
10/29/2024 10:33,2a00:5400:f010::,AAKRGE7P9eIAABxfJkTLVA,7,WEB_ID,android
10/29/2024 10:38,2a00:5400:f010::,AAKRGE7P9eIAABxfJkTLVA,7,WEB_ID,android
10/29/2024 10:39,2a00:5400:f010::,AAKRGE7P9eIAABxfJkTLVA,7,WEB_ID,android
10/29/2024 10:40,2a00:5400:f010::,AAKRGE7P9eIAABxfJkTLVA,7,WEB_ID,android
10/29/2024 10:41,2a00:5400:f010::,AAKRGE7P9eIAABxfJkTLVA,7,WEB_ID,android
10/29/2024 10:42,2a00:5400:f010::,AAKRGE7P9eIAABxfJkTLVA,7,WEB_ID,android
10/29/2024 10:42,2a00:5400:f010::,AAKRGE7P9eIAABxfJkTLVA,7,WEB_ID,android
10/29/2024 10:43,2a00:5400:f010::,AAKRGE7P9eIAABxfJkTLVA,7,WEB_ID,android
10/29/2024 10:48,2a00:5400:f010::,AAKRGE7P9eIAABxfJkTLVA,7,WEB_ID,android
10/29/2024 11:01,82.167.67.118,AAFcvU7LIAoAABO-Xttw5A,7,WEB_ID,android
10/29/2024 16:02,82.167.67.118,AAFcvU7LIAoAABO-Xttw5A,7,WEB_ID,android
10/29/2024 16:03,82.167.67.118,AAFcvU7LIAoAABO-Xttw5A,7,WEB_ID,android
10/29/2024 16:04,82.167.67.118,AAFcvU7LIAoAABO-Xttw5A,7,WEB_ID,android
10/29/2024 16:06,82.167.67.118,AAFcvU7LIAoAABO-Xttw5A,7,WEB_ID,android
10/29/2024 16:09,82.167.67.118,AAFcvU7LIAoAABO-Xttw5A,7,WEB_ID,android
10/29/2024 16:11,82.167.67.118,AAFcvU7LIAoAABO-Xttw5A,7,WEB_ID,android
10/29/2024 16:15,82.167.67.118,AAFcvU7LIAoAABO-Xttw5A,7,WEB_ID,android
10/29/2024 16:24,82.167.67.118,AAFcvU7LIAoAABO-Xttw5A,7,WEB_ID,android
10/29/2024 16:26,82.167.67.118,AAFcvU7LIAoAABO-Xttw5A,7,WEB_ID,android
10/29/2024 16:26,82.167.67.118,AAFcvU7LIAoAABO-Xttw5A,7,WEB_ID,android
10/29/2024 16:27,82.167.67.118,AAFcvU7LIAoAABO-Xttw5A,7,WEB_ID,android
10/29/2024 16:27,82.167.67.118,AAFcvU7LIAoAABO-Xttw5A,7,WEB_ID,android
10/29/2024 16:29,82.167.67.118,AAFcvU7LIAoAABO-Xttw5A,7,WEB_ID,android
10/29/2024 16:29,82.167.67.118,AAFcvU7LIAoAABO-Xttw5A,7,WEB_ID,android
10/29/2024 16:29,82.167.67.118,AAFcvU7LIAoAABO-Xttw5A,7,WEB_ID,android
10/29/2024 16:30,82.167.67.118,AAFcvU7LIAoAABO-Xttw5A,7,WEB_ID,android
10/29/2024 16:31,82.167.67.118,AAFcvU7LIAoAABO-Xttw5A,7,WEB_ID,android
10/29/2024 16:32,82.167.67.118,AAFcvU7LIAoAABO-Xttw5A,7,WEB_ID,android
10/29/2024 16:32,82.167.67.118,AAFcvU7LIAoAABO-Xttw5A,7,WEB_ID,android
10/29/2024 16:32,82.167.67.118,AAFcvU7LIAoAABO-Xttw5A,7,WEB_ID,android
10/29/2024 16:33,82.167.67.118,AAFcvU7LIAoAABO-Xttw5A,7,WEB_ID,android
10/29/2024 16:33,82.167.67.118,AAFcvU7LIAoAABO-Xttw5A,7,WEB_ID,android
10/29/2024 16:33,82.167.67.118,AAFcvU7LIAoAABO-Xttw5A,7,WEB_ID,android
10/29/2024 16:33,82.167.67.118,AAFcvU7LIAoAABO-Xttw5A,7,WEB_ID,android
10/29/2024 16:34,82.167.67.118,AAFcvU7LIAoAABO-Xttw5A,7,WEB_ID,android
10/29/2024 16:35,82.167.67.118,AAFcvU7LIAoAABO-Xttw5A,7,WEB_ID,android
10/29/2024 16:35,82.167.67.118,AAFcvU7LIAoAABO-Xttw5A,7,WEB_ID,android
10/29/2024 16:36,82.167.67.118,AAFcvU7LIAoAABO-Xttw5A,7,WEB_ID,android
10/29/2024 18:01,2a00:5400:f010::,AAKRGE7P9eIAABxfJkTLVA,7,WEB_ID,android
10/29/2024 18:03,2a00:5400:f010::,AAKRGE7P9eIAABxfJkTLVA,7,WEB_ID,android
10/29/2024 18:05,2a00:5400:f010::,AAKRGE7P9eIAABxfJkTLVA,7,WEB_ID,android
10/29/2024 18:07,2a00:5400:f010::,AAKRGE7P9eIAABxfJkTLVA,7,WEB_ID,android
10/29/2024 18:08,2a00:5400:f010::,AAKRGE7P9eIAABxfJkTLVA,7,WEB_ID,android
10/29/2024 18:10,2a00:5400:f010::,AAKRGE7P9eIAABxfJkTLVA,7,WEB_ID,android
10/29/2024 18:11,2a00:5400:f010::,AAKRGE7P9eIAABxfJkTLVA,7,WEB_ID,android
10/29/2024 18:14,2a00:5400:f010::,AAKRGE7P9eIAABxfJkTLVA,7,WEB_ID,android
10/29/2024 18:43,2a00:5400:f010::,AAKRGE7P9eIAABxfJkTLVA,7,WEB_ID,android
10/29/2024 18:45,2a00:5400:f010::,AAKRGE7P9eIAABxfJkTLVA,7,WEB_ID,android
10/29/2024 18:45,2a00:5400:f010::,AAKRGE7P9eIAABxfJkTLVA,7,WEB_ID,android
10/29/2024 18:46,2a00:5400:f010::,AAKRGE7P9eIAABxfJkTLVA,7,WEB_ID,android
10/29/2024 18:47,2a00:5400:f010::,AAKRGE7P9eIAABxfJkTLVA,7,WEB_ID,android
10/29/2024 18:51,2a00:5400:f010::,AAKRGE7P9eIAABxfJkTLVA,7,WEB_ID,android
10/29/2024 18:54,2a00:5400:f010::,AAKRGE7P9eIAABxfJkTLVA,7,WEB_ID,android
10/29/2024 18:55,2a00:5400:f010::,AAKRGE7P9eIAABxfJkTLVA,7,WEB_ID,android
10/30/2024 8:59,82.167.67.118,AAFcvU7LIAoAABO-Xttw5A,7,WEB_ID,android
10/30/2024 8:59,82.167.67.118,AAFcvU7LIAoAABO-Xttw5A,7,WEB_ID,android
10/30/2024 9:03,82.167.67.118,AAFcvU7LIAoAABO-Xttw5A,7,WEB_ID,android
10/30/2024 9:03,82.167.67.118,AAFcvU7LIAoAABO-Xttw5A,7,WEB_ID,android
10/30/2024 9:04,82.167.67.118,AAFcvU7LIAoAABO-Xttw5A,7,WEB_ID,android
10/30/2024 9:05,82.167.67.118,AAFcvU7LIAoAABO-Xttw5A,7,WEB_ID,android
10/30/2024 9:07,82.167.67.118,AAFcvU7LIAoAABO-Xttw5A,7,WEB_ID,android
10/30/2024 9:08,82.167.67.118,AAFcvU7LIAoAABO-Xttw5A,7,WEB_ID,android
10/30/2024 9:09,82.167.67.118,AAFcvU7LIAoAABO-Xttw5A,7,WEB_ID,android
10/30/2024 9:11,82.167.67.118,AAFcvU7LIAoAABO-Xttw5A,7,WEB_ID,android
10/30/2024 9:13,82.167.67.118,AAFcvU7LIAoAABO-Xttw5A,7,WEB_ID,android
10/30/2024 9:14,82.167.67.118,AAFcvU7LIAoAABO-Xttw5A,7,WEB_ID,android
10/30/2024 9:15,82.167.67.118,AAFcvU7LIAoAABO-Xttw5A,7,WEB_ID,android
10/30/2024 9:20,82.167.67.118,AAFcvU7LIAoAABO-Xttw5A,7,WEB_ID,android
10/30/2024 9:21,82.167.67.118,AAFcvU7LIAoAABO-Xttw5A,7,WEB_ID,android
10/30/2024 9:23,82.167.67.118,AAFcvU7LIAoAABO-Xttw5A,7,WEB_ID,android
10/30/2024 9:24,82.167.67.118,AAFcvU7LIAoAABO-Xttw5A,7,WEB_ID,android
10/30/2024 9:24,82.167.67.118,AAFcvU7LIAoAABO-Xttw5A,7,WEB_ID,android
10/30/2024 9:25,82.167.67.118,AAFcvU7LIAoAABO-Xttw5A,7,WEB_ID,android
10/30/2024 9:25,82.167.67.118,AAFcvU7LIAoAABO-Xttw5A,7,WEB_ID,android
10/30/2024 9:25,82.167.67.118,AAFcvU7LIAoAABO-Xttw5A,7,WEB_ID,android
10/30/2024 9:27,82.167.67.118,AAFcvU7LIAoAABO-Xttw5A,7,WEB_ID,android
10/30/2024 9:28,82.167.67.118,AAFcvU7LIAoAABO-Xttw5A,7,WEB_ID,android
10/30/2024 9:30,82.167.67.118,AAFcvU7LIAoAABO-Xttw5A,7,WEB_ID,android
10/30/2024 9:31,82.167.67.118,AAFcvU7LIAoAABO-Xttw5A,7,WEB_ID,android
10/30/2024 10:25,82.167.67.118,AAFcvU7LIAoAABO-Xttw5A,7,WEB_ID,android
10/30/2024 10:27,82.167.67.118,AAFcvU7LIAoAABO-Xttw5A,7,WEB_ID,android
10/30/2024 10:27,82.167.67.118,AAFcvU7LIAoAABO-Xttw5A,7,WEB_ID,android
10/30/2024 10:30,82.167.67.118,AAFcvU7LIAoAABO-Xttw5A,7,WEB_ID,android
10/30/2024 10:32,82.167.67.118,AAFcvU7LIAoAABO-Xttw5A,7,WEB_ID,android
10/30/2024 10:33,82.167.67.118,AAFcvU7LIAoAABO-Xttw5A,7,WEB_ID,android
10/30/2024 10:34,82.167.67.118,AAFcvU7LIAoAABO-Xttw5A,7,WEB_ID,android
10/30/2024 10:35,82.167.67.118,AAFcvU7LIAoAABO-Xttw5A,7,WEB_ID,android
10/30/2024 10:35,82.167.67.118,AAFcvU7LIAoAABO-Xttw5A,7,WEB_ID,android
10/30/2024 10:37,82.167.67.118,AAFcvU7LIAoAABO-Xttw5A,7,WEB_ID,android
10/30/2024 10:37,82.167.67.118,AAFcvU7LIAoAABO-Xttw5A,7,WEB_ID,android
10/30/2024 10:38,82.167.67.118,AAFcvU7LIAoAABO-Xttw5A,7,WEB_ID,android
10/30/2024 10:44,82.167.67.118,AAFcvU7LIAoAABO-Xttw5A,7,WEB_ID,android
10/30/2024 10:46,82.167.67.118,AAFcvU7LIAoAABO-Xttw5A,7,WEB_ID,android
10/30/2024 10:46,82.167.67.118,AAFcvU7LIAoAABO-Xttw5A,7,WEB_ID,android
10/30/2024 10:50,82.167.67.118,AAFcvU7LIAoAABO-Xttw5A,7,WEB_ID,android
10/30/2024 10:51,82.167.67.118,AAFcvU7LIAoAABO-Xttw5A,7,WEB_ID,android
10/30/2024 10:51,82.167.67.118,AAFcvU7LIAoAABO-Xttw5A,7,WEB_ID,android
10/30/2024 10:52,82.167.67.118,AAFcvU7LIAoAABO-Xttw5A,7,WEB_ID,android
10/30/2024 10:53,82.167.67.118,AAFcvU7LIAoAABO-Xttw5A,7,WEB_ID,android
10/30/2024 10:58,82.167.67.118,AAFcvU7LIAoAABO-Xttw5A,7,WEB_ID,android
10/30/2024 11:02,82.167.67.118,AAFcvU7LIAoAABO-Xttw5A,7,WEB_ID,android
10/30/2024 11:03,82.167.67.118,AAFcvU7LIAoAABO-Xttw5A,7,WEB_ID,android
10/30/2024 11:06,82.167.67.118,AAFcvU7LIAoAABO-Xttw5A,7,WEB_ID,android
10/30/2024 11:07,82.167.67.118,AAFcvU7LIAoAABO-Xttw5A,7,WEB_ID,android
10/30/2024 11:07,82.167.67.118,AAFcvU7LIAoAABO-Xttw5A,7,WEB_ID,android
10/30/2024 10:36,2a00:5400:f010::,AAKRGE7P9eIAABxfJkTLVA,7,WEB_ID,android
10/30/2024 15:32,82.167.67.118,AAFcvU7LIAoAABO-Xttw5A,7,WEB_ID,android
10/30/2024 15:40,82.167.67.118,AAFcvU7LIAoAABO-Xttw5A,7,WEB_ID,android
10/30/2024 15:40,82.167.67.118,AAFcvU7LIAoAABO-Xttw5A,7,WEB_ID,android
10/30/2024 15:47,82.167.67.118,AAFcvU7LIAoAABO-Xttw5A,7,WEB_ID,android
10/30/2024 15:50,82.167.67.118,AAFcvU7LIAoAABO-Xttw5A,7,WEB_ID,android
10/30/2024 15:50,82.167.67.118,AAFcvU7LIAoAABO-Xttw5A,7,WEB_ID,android
10/30/2024 15:53,82.167.67.118,AAFcvU7LIAoAABO-Xttw5A,7,WEB_ID,android
10/30/2024 15:59,82.167.67.118,AAFcvU7LIAoAABO-Xttw5A,7,WEB_ID,android
10/30/2024 16:02,82.167.67.118,AAFcvU7LIAoAABO-Xttw5A,7,WEB_ID,android
10/30/2024 16:02,82.167.67.118,AAFcvU7LIAoAABO-Xttw5A,7,WEB_ID,android
10/30/2024 16:04,82.167.67.118,AAFcvU7LIAoAABO-Xttw5A,7,WEB_ID,android
10/30/2024 16:06,82.167.67.118,AAFcvU7LIAoAABO-Xttw5A,7,WEB_ID,android
10/30/2024 16:07,82.167.67.118,AAFcvU7LIAoAABO-Xttw5A,7,WEB_ID,android
10/30/2024 16:08,82.167.67.118,AAFcvU7LIAoAABO-Xttw5A,7,WEB_ID,android
10/30/2024 16:09,82.167.67.118,AAFcvU7LIAoAABO-Xttw5A,7,WEB_ID,android
10/30/2024 16:16,82.167.67.118,AAFcvU7LIAoAABO-Xttw5A,7,WEB_ID,android
10/30/2024 16:19,82.167.67.118,AAFcvU7LIAoAABO-Xttw5A,7,WEB_ID,android
10/30/2024 17:37,82.167.67.118,AAFcvU7LIAoAABO-Xttw5A,7,WEB_ID,android
10/30/2024 17:39,82.167.67.118,AAFcvU7LIAoAABO-Xttw5A,7,WEB_ID,android
10/30/2024 17:39,82.167.67.118,AAFcvU7LIAoAABO-Xttw5A,7,WEB_ID,android
10/30/2024 17:39,82.167.67.118,AAFcvU7LIAoAABO-Xttw5A,7,WEB_ID,android
10/30/2024 17:40,82.167.67.118,AAFcvU7LIAoAABO-Xttw5A,7,WEB_ID,android
10/30/2024 17:40,82.167.67.118,AAFcvU7LIAoAABO-Xttw5A,7,WEB_ID,android
10/30/2024 17:40,82.167.67.118,AAFcvU7LIAoAABO-Xttw5A,7,WEB_ID,android
10/30/2024 17:40,82.167.67.118,AAFcvU7LIAoAABO-Xttw5A,7,WEB_ID,android
10/30/2024 17:42,82.167.67.118,AAFcvU7LIAoAABO-Xttw5A,7,WEB_ID,android
10/30/2024 17:42,82.167.67.118,AAFcvU7LIAoAABO-Xttw5A,7,WEB_ID,android
10/30/2024 17:43,82.167.67.118,AAFcvU7LIAoAABO-Xttw5A,7,WEB_ID,android
10/30/2024 17:43,82.167.67.118,AAFcvU7LIAoAABO-Xttw5A,7,WEB_ID,android
10/30/2024 17:44,82.167.67.118,AAFcvU7LIAoAABO-Xttw5A,7,WEB_ID,android
10/30/2024 17:44,82.167.67.118,AAFcvU7LIAoAABO-Xttw5A,7,WEB_ID,android
10/30/2024 17:44,82.167.67.118,AAFcvU7LIAoAABO-Xttw5A,7,WEB_ID,android
10/30/2024 17:45,82.167.67.118,AAFcvU7LIAoAABO-Xttw5A,7,WEB_ID,android
10/30/2024 17:45,82.167.67.118,AAFcvU7LIAoAABO-Xttw5A,7,WEB_ID,android
10/30/2024 17:46,82.167.67.118,AAFcvU7LIAoAABO-Xttw5A,7,WEB_ID,android
10/30/2024 17:46,82.167.67.118,AAFcvU7LIAoAABO-Xttw5A,7,WEB_ID,android
10/30/2024 17:47,82.167.67.118,AAFcvU7LIAoAABO-Xttw5A,7,WEB_ID,android
10/30/2024 17:47,82.167.67.118,AAFcvU7LIAoAABO-Xttw5A,7,WEB_ID,android
10/30/2024 17:48,82.167.67.118,AAFcvU7LIAoAABO-Xttw5A,7,WEB_ID,android
10/30/2024 17:48,82.167.67.118,AAFcvU7LIAoAABO-Xttw5A,7,WEB_ID,android
10/30/2024 17:48,82.167.67.118,AAFcvU7LIAoAABO-Xttw5A,7,WEB_ID,android
10/30/2024 17:48,82.167.67.118,AAFcvU7LIAoAABO-Xttw5A,7,WEB_ID,android
10/30/2024 17:48,82.167.67.118,AAFcvU7LIAoAABO-Xttw5A,7,WEB_ID,android
10/30/2024 17:49,82.167.67.118,AAFcvU7LIAoAABO-Xttw5A,7,WEB_ID,android
10/30/2024 17:49,82.167.67.118,AAFcvU7LIAoAABO-Xttw5A,7,WEB_ID,android
10/30/2024 17:49,82.167.67.118,AAFcvU7LIAoAABO-Xttw5A,7,WEB_ID,android
10/30/2024 17:50,82.167.67.118,AAFcvU7LIAoAABO-Xttw5A,7,WEB_ID,android
10/30/2024 17:50,82.167.67.118,AAFcvU7LIAoAABO-Xttw5A,7,WEB_ID,android
10/30/2024 17:50,82.167.67.118,AAFcvU7LIAoAABO-Xttw5A,7,WEB_ID,android
10/30/2024 17:51,82.167.67.118,AAFcvU7LIAoAABO-Xttw5A,7,WEB_ID,android
10/30/2024 17:51,82.167.67.118,AAFcvU7LIAoAABO-Xttw5A,7,WEB_ID,android
10/30/2024 17:52,82.167.67.118,AAFcvU7LIAoAABO-Xttw5A,7,WEB_ID,android
10/30/2024 17:52,82.167.67.118,AAFcvU7LIAoAABO-Xttw5A,7,WEB_ID,android
10/30/2024 17:52,82.167.67.118,AAFcvU7LIAoAABO-Xttw5A,7,WEB_ID,android
10/30/2024 17:55,82.167.67.118,AAFcvU7LIAoAABO-Xttw5A,7,WEB_ID,android
10/30/2024 17:55,82.167.67.118,AAFcvU7LIAoAABO-Xttw5A,7,WEB_ID,android
10/30/2024 17:55,82.167.67.118,AAFcvU7LIAoAABO-Xttw5A,7,WEB_ID,android
10/30/2024 17:56,82.167.67.118,AAFcvU7LIAoAABO-Xttw5A,7,WEB_ID,android
10/30/2024 17:56,82.167.67.118,AAFcvU7LIAoAABO-Xttw5A,7,WEB_ID,android
10/30/2024 17:56,82.167.67.118,AAFcvU7LIAoAABO-Xttw5A,7,WEB_ID,android
10/30/2024 17:57,82.167.67.118,AAFcvU7LIAoAABO-Xttw5A,7,WEB_ID,android
10/30/2024 17:57,82.167.67.118,AAFcvU7LIAoAABO-Xttw5A,7,WEB_ID,android
10/30/2024 17:57,82.167.67.118,AAFcvU7LIAoAABO-Xttw5A,7,WEB_ID,android
10/30/2024 17:57,82.167.67.118,AAFcvU7LIAoAABO-Xttw5A,7,WEB_ID,android
10/30/2024 17:58,82.167.67.118,AAFcvU7LIAoAABO-Xttw5A,7,WEB_ID,android
10/30/2024 17:58,82.167.67.118,AAFcvU7LIAoAABO-Xttw5A,7,WEB_ID,android
10/30/2024 18:27,82.167.67.118,AAFcvU7LIAoAABO-Xttw5A,7,WEB_ID,android
10/30/2024 18:27,82.167.67.118,AAFcvU7LIAoAABO-Xttw5A,7,WEB_ID,android
10/30/2024 18:28,82.167.67.118,AAFcvU7LIAoAABO-Xttw5A,7,WEB_ID,android
10/30/2024 18:29,82.167.67.118,AAFcvU7LIAoAABO-Xttw5A,7,WEB_ID,android
10/30/2024 18:29,82.167.67.118,AAFcvU7LIAoAABO-Xttw5A,7,WEB_ID,android
10/30/2024 18:30,82.167.67.118,AAFcvU7LIAoAABO-Xttw5A,7,WEB_ID,android
10/30/2024 18:30,82.167.67.118,AAFcvU7LIAoAABO-Xttw5A,7,WEB_ID,android
10/30/2024 18:32,82.167.67.118,AAFcvU7LIAoAABO-Xttw5A,7,WEB_ID,android
10/30/2024 18:33,82.167.67.118,AAFcvU7LIAoAABO-Xttw5A,7,WEB_ID,android
10/30/2024 19:34,82.167.67.118,AAFcvU7LIAoAABO-Xttw5A,7,WEB_ID,android
10/30/2024 19:34,82.167.67.118,AAFcvU7LIAoAABO-Xttw5A,7,WEB_ID,android
10/30/2024 19:35,82.167.67.118,AAFcvU7LIAoAABO-Xttw5A,7,WEB_ID,android
10/30/2024 19:35,82.167.67.118,AAFcvU7LIAoAABO-Xttw5A,7,WEB_ID,android
10/30/2024 19:35,82.167.67.118,AAFcvU7LIAoAABO-Xttw5A,7,WEB_ID,android
10/30/2024 19:36,82.167.67.118,AAFcvU7LIAoAABO-Xttw5A,7,WEB_ID,android
10/30/2024 19:36,82.167.67.118,AAFcvU7LIAoAABO-Xttw5A,7,WEB_ID,android
10/30/2024 19:36,82.167.67.118,AAFcvU7LIAoAABO-Xttw5A,7,WEB_ID,android
10/30/2024 19:37,82.167.67.118,AAFcvU7LIAoAABO-Xttw5A,7,WEB_ID,android
10/30/2024 19:37,82.167.67.118,AAFcvU7LIAoAABO-Xttw5A,7,WEB_ID,android
10/30/2024 19:38,82.167.67.118,AAFcvU7LIAoAABO-Xttw5A,7,WEB_ID,android
10/30/2024 19:38,82.167.67.118,AAFcvU7LIAoAABO-Xttw5A,7,WEB_ID,android
10/30/2024 19:39,82.167.67.118,AAFcvU7LIAoAABO-Xttw5A,7,WEB_ID,android
10/30/2024 19:39,82.167.67.118,AAFcvU7LIAoAABO-Xttw5A,7,WEB_ID,android
10/30/2024 19:40,82.167.67.118,AAFcvU7LIAoAABO-Xttw5A,7,WEB_ID,android
10/30/2024 19:45,82.167.67.118,AAFcvU7LIAoAABO-Xttw5A,7,WEB_ID,android
10/31/2024 18:00,2a00:5400:f010::,AAKRGE7P9eIAABxfJkTLVA,7,WEB_ID,android
10/31/2024 18:02,2a00:5400:f010::,AAKRGE7P9eIAABxfJkTLVA,7,WEB_ID,android
10/31/2024 18:04,2a00:5400:f010::,AAKRGE7P9eIAABxfJkTLVA,7,WEB_ID,android
10/31/2024 18:04,2a00:5400:f010::,AAKRGE7P9eIAABxfJkTLVA,7,WEB_ID,android
10/31/2024 19:07,2a00:5400:f010::,AAKRGE7P9eIAABxfJkTLVA,7,WEB_ID,android
10/31/2024 19:08,2a00:5400:f010::,AAKRGE7P9eIAABxfJkTLVA,7,WEB_ID,android
10/31/2024 19:09,2a00:5400:f010::,AAKRGE7P9eIAABxfJkTLVA,7,WEB_ID,android
10/31/2024 19:09,2a00:5400:f010::,AAKRGE7P9eIAABxfJkTLVA,7,WEB_ID,android
10/31/2024 19:13,2a00:5400:f010::,AAKRGE7P9eIAABxfJkTLVA,7,WEB_ID,android
10/31/2024 19:13,2a00:5400:f010::,AAKRGE7P9eIAABxfJkTLVA,7,WEB_ID,android
10/31/2024 19:15,2a00:5400:f010::,AAKRGE7P9eIAABxfJkTLVA,7,WEB_ID,android
10/31/2024 19:16,2a00:5400:f010::,AAKRGE7P9eIAABxfJkTLVA,7,WEB_ID,android
10/31/2024 19:16,2a00:5400:f010::,AAKRGE7P9eIAABxfJkTLVA,7,WEB_ID,android
10/31/2024 19:17,2a00:5400:f010::,AAKRGE7P9eIAABxfJkTLVA,7,WEB_ID,android
10/31/2024 19:18,2a00:5400:f010::,AAKRGE7P9eIAABxfJkTLVA,7,WEB_ID,android
10/31/2024 19:24,2a00:5400:f010::,AAKRGE7P9eIAABxfJkTLVA,7,WEB_ID,android
10/31/2024 19:25,2a00:5400:f010::,AAKRGE7P9eIAABxfJkTLVA,7,WEB_ID,android
10/31/2024 19:27,2a00:5400:f010::,AAKRGE7P9eIAABxfJkTLVA,7,WEB_ID,android
10/31/2024 19:27,2a00:5400:f010::,AAKRGE7P9eIAABxfJkTLVA,7,WEB_ID,android
10/31/2024 19:42,82.167.67.118,AAFcvU7LIAoAABO-Xttw5A,7,WEB_ID,android
10/31/2024 19:55,82.167.67.118,AAFcvU7LIAoAABO-Xttw5A,7,WEB_ID,android
10/31/2024 20:06,82.167.67.118,AAFcvU7LIAoAABO-Xttw5A,7,WEB_ID,android
11/1/2024 8:21,82.167.67.118,AAFcvU7LIAoAABO-Xttw5A,7,WEB_ID,android
11/1/2024 8:22,82.167.67.118,AAFcvU7LIAoAABO-Xttw5A,7,WEB_ID,android
11/1/2024 8:22,82.167.67.118,AAFcvU7LIAoAABO-Xttw5A,7,WEB_ID,android
11/1/2024 8:24,82.167.67.118,AAFcvU7LIAoAABO-Xttw5A,7,WEB_ID,android
11/1/2024 8:25,82.167.67.118,AAFcvU7LIAoAABO-Xttw5A,7,WEB_ID,android
11/1/2024 8:26,82.167.67.118,AAFcvU7LIAoAABO-Xttw5A,7,WEB_ID,android
11/1/2024 8:27,82.167.67.118,AAFcvU7LIAoAABO-Xttw5A,7,WEB_ID,android
11/1/2024 8:28,82.167.67.118,AAFcvU7LIAoAABO-Xttw5A,7,WEB_ID,android
11/1/2024 8:47,82.167.67.118,AAFcvU7LIAoAABO-Xttw5A,7,WEB_ID,android
11/1/2024 9:11,82.167.67.118,AAFcvU7LIAoAABO-Xttw5A,7,WEB_ID,android
11/1/2024 15:12,82.167.67.118,AAFcvU7LIAoAABO-Xttw5A,7,WEB_ID,android
11/1/2024 15:12,82.167.67.118,AAFcvU7LIAoAABO-Xttw5A,7,WEB_ID,android
11/1/2024 15:43,2a00:5400:f010::,AAKRGE7P9eIAABxfJkTLVA,7,WEB_ID,android
11/1/2024 15:43,2a00:5400:f010::,AAKRGE7P9eIAABxfJkTLVA,7,WEB_ID,android
11/1/2024 15:44,2a00:5400:f010::,AAKRGE7P9eIAABxfJkTLVA,7,WEB_ID,android
11/1/2024 15:46,2a00:5400:f010::,AAKRGE7P9eIAABxfJkTLVA,7,WEB_ID,android
11/1/2024 15:46,2a00:5400:f010::,AAKRGE7P9eIAABxfJkTLVA,7,WEB_ID,android
11/1/2024 15:47,2a00:5400:f010::,AAKRGE7P9eIAABxfJkTLVA,7,WEB_ID,android
11/1/2024 15:47,2a00:5400:f010::,AAKRGE7P9eIAABxfJkTLVA,7,WEB_ID,android
11/1/2024 15:49,2a00:5400:f010::,AAKRGE7P9eIAABxfJkTLVA,7,WEB_ID,android
11/1/2024 15:50,2a00:5400:f010::,AAKRGE7P9eIAABxfJkTLVA,7,WEB_ID,android
11/1/2024 15:50,2a00:5400:f010::,AAKRGE7P9eIAABxfJkTLVA,7,WEB_ID,android
11/1/2024 15:53,2a00:5400:f010::,AAKRGE7P9eIAABxfJkTLVA,7,WEB_ID,android
11/1/2024 15:54,2a00:5400:f010::,AAKRGE7P9eIAABxfJkTLVA,7,WEB_ID,android
11/1/2024 15:55,2a00:5400:f010::,AAKRGE7P9eIAABxfJkTLVA,7,WEB_ID,android
11/1/2024 15:55,2a00:5400:f010::,AAKRGE7P9eIAABxfJkTLVA,7,WEB_ID,android
11/1/2024 15:55,2a00:5400:f010::,AAKRGE7P9eIAABxfJkTLVA,7,WEB_ID,android
11/1/2024 15:56,2a00:5400:f010::,AAKRGE7P9eIAABxfJkTLVA,7,WEB_ID,android
11/1/2024 15:56,2a00:5400:f010::,AAKRGE7P9eIAABxfJkTLVA,7,WEB_ID,android
11/1/2024 16:45,2a00:5400:f010::,AAKRGE7P9eIAABxfJkTLVA,7,WEB_ID,android
11/2/2024 9:27,82.167.67.118,AAFcvU7LIAoAABO-Xttw5A,7,WEB_ID,android
11/2/2024 9:27,82.167.67.118,AAFcvU7LIAoAABO-Xttw5A,7,WEB_ID,android
11/2/2024 9:28,82.167.67.118,AAFcvU7LIAoAABO-Xttw5A,7,WEB_ID,android
11/2/2024 9:42,82.167.67.118,AAFcvU7LIAoAABO-Xttw5A,7,WEB_ID,android
11/2/2024 9:44,82.167.67.118,AAFcvU7LIAoAABO-Xttw5A,7,WEB_ID,android
11/2/2024 9:47,82.167.67.118,AAFcvU7LIAoAABO-Xttw5A,7,WEB_ID,android
11/2/2024 9:48,82.167.67.118,AAFcvU7LIAoAABO-Xttw5A,7,WEB_ID,android
11/2/2024 9:49,82.167.67.118,AAFcvU7LIAoAABO-Xttw5A,7,WEB_ID,android
11/2/2024 9:51,82.167.67.118,AAFcvU7LIAoAABO-Xttw5A,7,WEB_ID,android
11/2/2024 9:52,82.167.67.118,AAFcvU7LIAoAABO-Xttw5A,7,WEB_ID,android
11/2/2024 9:55,82.167.67.118,AAFcvU7LIAoAABO-Xttw5A,7,WEB_ID,android
11/2/2024 9:56,82.167.67.118,AAFcvU7LIAoAABO-Xttw5A,7,WEB_ID,android
11/2/2024 9:58,82.167.67.118,AAFcvU7LIAoAABO-Xttw5A,7,WEB_ID,android
11/2/2024 10:06,82.167.67.118,AAFcvU7LIAoAABO-Xttw5A,7,WEB_ID,android
11/2/2024 10:59,82.167.67.118,AAFcvU7LIAoAABO-Xttw5A,7,WEB_ID,android
11/2/2024 11:00,82.167.67.118,AAFcvU7LIAoAABO-Xttw5A,7,WEB_ID,android
11/2/2024 11:03,82.167.67.118,AAFcvU7LIAoAABO-Xttw5A,7,WEB_ID,android
11/2/2024 11:15,82.167.67.118,AAFcvU7LIAoAABO-Xttw5A,7,WEB_ID,android
11/2/2024 11:15,82.167.67.118,AAFcvU7LIAoAABO-Xttw5A,7,WEB_ID,android
11/2/2024 11:21,82.167.67.118,AAFcvU7LIAoAABO-Xttw5A,7,WEB_ID,android
11/2/2024 11:56,82.167.67.118,AAFcvU7LIAoAABO-Xttw5A,7,WEB_ID,android
11/2/2024 12:02,82.167.67.118,AAFcvU7LIAoAABO-Xttw5A,7,WEB_ID,android
11/2/2024 12:04,82.167.67.118,AAFcvU7LIAoAABO-Xttw5A,7,WEB_ID,android
11/2/2024 12:05,82.167.67.118,AAFcvU7LIAoAABO-Xttw5A,7,WEB_ID,android
11/2/2024 12:10,82.167.67.118,AAFcvU7LIAoAABO-Xttw5A,7,WEB_ID,android
11/2/2024 12:10,82.167.67.118,AAFcvU7LIAoAABO-Xttw5A,7,WEB_ID,android
11/2/2024 12:49,82.167.67.118,AAFcvU7LIAoAABO-Xttw5A,7,WEB_ID,android
11/2/2024 12:50,82.167.67.118,AAFcvU7LIAoAABO-Xttw5A,7,WEB_ID,android
11/2/2024 12:57,82.167.67.118,AAFcvU7LIAoAABO-Xttw5A,7,WEB_ID,android
11/2/2024 12:58,82.167.67.118,AAFcvU7LIAoAABO-Xttw5A,7,WEB_ID,android
11/2/2024 12:59,82.167.67.118,AAFcvU7LIAoAABO-Xttw5A,7,WEB_ID,android
11/2/2024 13:19,82.167.67.118,AAFcvU7LIAoAABO-Xttw5A,7,WEB_ID,android
11/2/2024 13:21,82.167.67.118,AAFcvU7LIAoAABO-Xttw5A,7,WEB_ID,android
11/2/2024 13:22,82.167.67.118,AAFcvU7LIAoAABO-Xttw5A,7,WEB_ID,android
11/2/2024 13:22,82.167.67.118,AAFcvU7LIAoAABO-Xttw5A,7,WEB_ID,android
11/2/2024 13:22,82.167.67.118,AAFcvU7LIAoAABO-Xttw5A,7,WEB_ID,android
11/2/2024 13:23,82.167.67.118,AAFcvU7LIAoAABO-Xttw5A,7,WEB_ID,android
11/2/2024 13:25,82.167.67.118,AAFcvU7LIAoAABO-Xttw5A,7,WEB_ID,android
11/2/2024 13:27,82.167.67.118,AAFcvU7LIAoAABO-Xttw5A,7,WEB_ID,android
11/2/2024 13:43,82.167.67.118,AAFcvU7LIAoAABO-Xttw5A,7,WEB_ID,android
11/2/2024 13:37,2a00:5400:f010::,AAKRGE7P9eIAABxfJkTLVA,7,WEB_ID,android
11/2/2024 13:38,2a00:5400:f010::,AAKRGE7P9eIAABxfJkTLVA,7,WEB_ID,android
11/2/2024 13:41,2a00:5400:f010::,AAKRGE7P9eIAABxfJkTLVA,7,WEB_ID,android
11/2/2024 13:41,2a00:5400:f010::,AAKRGE7P9eIAABxfJkTLVA,7,WEB_ID,android
11/2/2024 13:45,2a00:5400:f010::,AAKRGE7P9eIAABxfJkTLVA,7,WEB_ID,android
11/2/2024 13:57,2a00:5400:f010::,AAKRGE7P9eIAABxfJkTLVA,7,WEB_ID,android
11/2/2024 14:00,2a00:5400:f010::,AAKRGE7P9eIAABxfJkTLVA,7,WEB_ID,android
11/2/2024 15:16,2a00:5400:f010::,AAKRGE7P9eIAABxfJkTLVA,7,WEB_ID,android
11/2/2024 16:13,2a00:5400:f010::,AAKRGE7P9eIAABxfJkTLVA,7,WEB_ID,android
11/2/2024 16:36,2a00:5400:f010::,AAKRGE7P9eIAABxfJkTLVA,7,WEB_ID,android
11/2/2024 16:37,2a00:5400:f010::,AAKRGE7P9eIAABxfJkTLVA,7,WEB_ID,android
11/2/2024 16:38,2a00:5400:f010::,AAKRGE7P9eIAABxfJkTLVA,7,WEB_ID,android
11/2/2024 16:53,2a00:5400:f010::,AAKRGE7P9eIAABxfJkTLVA,7,WEB_ID,android
11/2/2024 17:16,82.167.67.118,AAFcvU7LIAoAABO-Xttw5A,7,WEB_ID,android
10/4/2024 11:45,82.167.71.123,AAKT707IOKgAAB_bLwHDew,6,WEB_ID,ios
10/4/2024 11:48,2a00:5400:e053:631e::,AAKT707IOKgAAB_bLwHDew,6,WEB_ID,ios
10/4/2024 11:52,2a00:5400:e053:631e::,AAKT707IOKgAAB_bLwHDew,6,WEB_ID,ios
10/4/2024 12:03,82.167.71.123,AAKT707IOKgAAB_bLwHDew,6,WEB_ID,ios
10/4/2024 12:06,2a00:5400:e053:631e::,AAKT707IOKgAAB_bLwHDew,6,WEB_ID,ios
10/4/2024 12:07,82.167.71.123,AAKT707IOKgAAB_bLwHDew,6,WEB_ID,ios
10/4/2024 12:10,2a00:5400:e053:631e:1ed:cc0f:8a46:f8d9,AAKT707IOKgAAB_bLwHDew,6,WEB_ID,ios
10/4/2024 12:11,2a00:5400:e053:631e::,AAKT707IOKgAAB_bLwHDew,6,WEB_ID,ios
10/4/2024 12:13,82.167.71.123,AAKT707IOKgAAB_bLwHDew,6,WEB_ID,ios
10/4/2024 12:13,82.167.71.123,AAKT707IOKgAAB_bLwHDew,6,WEB_ID,ios
10/4/2024 12:13,82.167.71.123,AAKT707IOKgAAB_bLwHDew,6,WEB_ID,ios
10/4/2024 12:17,2a00:5400:e053:631e::,AAKT707IOKgAAB_bLwHDew,6,WEB_ID,ios
10/4/2024 12:17,2a00:5400:e053:631e::,AAKT707IOKgAAB_bLwHDew,6,WEB_ID,ios
10/4/2024 12:18,2a00:5400:e053:631e:1ed:cc0f:8a46:f8d9,AAKT707IOKgAAB_bLwHDew,6,WEB_ID,ios
10/4/2024 12:18,82.167.71.123,AAKT707IOKgAAB_bLwHDew,6,WEB_ID,ios
10/4/2024 12:20,2a00:5400:e053:631e:1ed:cc0f:8a46:f8d9,AAKT707IOKgAAB_bLwHDew,6,WEB_ID,ios
10/4/2024 12:21,2a00:5400:e053:631e:1ed:cc0f:8a46:f8d9,AAKT707IOKgAAB_bLwHDew,6,WEB_ID,ios
10/4/2024 12:23,2a00:5400:e053:631e::,AAKT707IOKgAAB_bLwHDew,6,WEB_ID,ios
10/4/2024 12:23,82.167.71.123,AAKT707IOKgAAB_bLwHDew,6,WEB_ID,ios
10/4/2024 12:25,2a00:5400:e053:631e::,AAKT707IOKgAAB_bLwHDew,6,WEB_ID,ios
10/4/2024 12:28,2a00:5400:e053:631e:1ed:cc0f:8a46:f8d9,AAKT707IOKgAAB_bLwHDew,6,WEB_ID,ios
10/4/2024 12:28,82.167.71.123,AAKT707IOKgAAB_bLwHDew,6,WEB_ID,ios
10/4/2024 14:22,2a00:5400:e053:631e::,AAKT707IOKgAAB_bLwHDew,6,WEB_ID,ios
10/4/2024 14:24,2a00:5400:e053:631e:1ed:cc0f:8a46:f8d9,AAKT707IOKgAAB_bLwHDew,6,WEB_ID,ios
10/4/2024 14:24,82.167.71.123,AAKT707IOKgAAB_bLwHDew,6,WEB_ID,ios
10/4/2024 14:25,82.167.71.123,AAKT707IOKgAAB_bLwHDew,6,WEB_ID,ios
10/4/2024 14:25,2a00:5400:e053:631e:1ed:cc0f:8a46:f8d9,AAKT707IOKgAAB_bLwHDew,6,WEB_ID,ios
10/4/2024 14:25,2a00:5400:e053:631e::,AAKT707IOKgAAB_bLwHDew,6,WEB_ID,ios
10/4/2024 14:27,82.167.71.123,AAKT707IOKgAAB_bLwHDew,6,WEB_ID,ios
10/4/2024 14:29,2a00:5400:e053:631e::,AAKT707IOKgAAB_bLwHDew,6,WEB_ID,ios
10/4/2024 14:30,2a00:5400:e053:631e:1ed:cc0f:8a46:f8d9,AAKT707IOKgAAB_bLwHDew,6,WEB_ID,ios
10/4/2024 14:52,82.167.71.123,AAKT707IOKgAAB_bLwHDew,6,WEB_ID,ios
10/4/2024 14:53,2a00:5400:e053:631e:1ed:cc0f:8a46:f8d9,AAKT707IOKgAAB_bLwHDew,6,WEB_ID,ios
10/4/2024 14:54,2a00:5400:e053:631e:1ed:cc0f:8a46:f8d9,AAKT707IOKgAAB_bLwHDew,6,WEB_ID,ios
10/4/2024 14:54,2a00:5400:e053:631e::,AAKT707IOKgAAB_bLwHDew,6,WEB_ID,ios
10/4/2024 14:58,82.167.71.123,AAKT707IOKgAAB_bLwHDew,6,WEB_ID,ios
10/4/2024 14:59,2a00:5400:e053:631e:1ed:cc0f:8a46:f8d9,AAKT707IOKgAAB_bLwHDew,6,WEB_ID,ios
10/4/2024 15:04,2a00:5400:e053:631e:1ed:cc0f:8a46:f8d9,AAKT707IOKgAAB_bLwHDew,6,WEB_ID,ios
10/5/2024 18:46,2a00:5400:e053:631e::,AAKT707IOKgAAB_bLwHDew,6,WEB_ID,ios
10/5/2024 18:48,82.167.71.123,AAKT707IOKgAAB_bLwHDew,6,WEB_ID,ios
10/5/2024 18:48,2a00:5400:e053:631e::,AAKT707IOKgAAB_bLwHDew,6,WEB_ID,ios
10/5/2024 18:53,2a00:5400:e053:631e::,AAKT707IOKgAAB_bLwHDew,6,WEB_ID,ios
10/5/2024 18:53,82.167.71.123,AAKT707IOKgAAB_bLwHDew,6,WEB_ID,ios
10/5/2024 18:54,2a00:5400:e053:631e::,AAKT707IOKgAAB_bLwHDew,6,WEB_ID,ios
10/5/2024 18:58,82.167.71.123,AAKT707IOKgAAB_bLwHDew,6,WEB_ID,ios
10/5/2024 19:01,82.167.71.123,AAKT707IOKgAAB_bLwHDew,6,WEB_ID,ios
10/5/2024 19:06,2a00:5400:e053:631e::,AAKT707IOKgAAB_bLwHDew,6,WEB_ID,ios
10/5/2024 19:06,2a00:5400:e053:631e::,AAKT707IOKgAAB_bLwHDew,6,WEB_ID,ios
10/5/2024 19:08,82.167.71.123,AAKT707IOKgAAB_bLwHDew,6,WEB_ID,ios
10/5/2024 19:11,2a00:5400:e053:631e:1ed:cc0f:8a46:f8d9,AAKT707IOKgAAB_bLwHDew,6,WEB_ID,ios
10/5/2024 19:12,2a00:5400:e053:631e::,AAKT707IOKgAAB_bLwHDew,6,WEB_ID,ios
10/5/2024 19:13,82.167.71.123,AAKT707IOKgAAB_bLwHDew,6,WEB_ID,ios
10/5/2024 19:51,82.167.71.123,AAKT707IOKgAAB_bLwHDew,6,WEB_ID,ios
10/5/2024 19:52,2a00:5400:e053:631e::,AAKT707IOKgAAB_bLwHDew,6,WEB_ID,ios
10/5/2024 20:23,82.167.71.123,AAKT707IOKgAAB_bLwHDew,6,WEB_ID,ios
10/5/2024 20:23,2a00:5400:e053:631e::,AAKT707IOKgAAB_bLwHDew,6,WEB_ID,ios
10/5/2024 20:23,82.167.71.123,AAKT707IOKgAAB_bLwHDew,6,WEB_ID,ios
11/2/2024 17:39,82.167.67.118,AAFcvU7LIAoAABO-Xttw5A,7,WEB_ID,android
11/2/2024 17:40,82.167.67.118,AAFcvU7LIAoAABO-Xttw5A,7,WEB_ID,android
11/2/2024 17:40,82.167.67.118,AAFcvU7LIAoAABO-Xttw5A,7,WEB_ID,android
11/2/2024 17:41,82.167.67.118,AAFcvU7LIAoAABO-Xttw5A,7,WEB_ID,android
11/2/2024 17:42,82.167.67.118,AAFcvU7LIAoAABO-Xttw5A,7,WEB_ID,android
11/2/2024 16:59,82.167.67.118,AAFcvU7LIAoAABO-Xttw5A,7,WEB_ID,android
10/2/2024 9:39,2405:8180:201:716c:40c3:1d57:1732:458e,04de0e1c-de2f-4515-8423-ae3083e4acee,2,IDFV,ios
10/2/2024 9:40,103.121.171.96,04de0e1c-de2f-4515-8423-ae3083e4acee,2,IDFV,ios
10/2/2024 9:43,103.121.171.96,04de0e1c-de2f-4515-8423-ae3083e4acee,2,IDFV,ios
11/2/2024 17:40,82.167.67.118,AAFcvU7LIAoAABO-Xttw5A,7,WEB_ID,android
10/3/2024 8:59,103.121.136.88,1a6196f1-7953-4e5a-8449-780be167de51,2,IDFV,ios
10/3/2024 12:12,103.121.110.55,1a6196f1-7953-4e5a-8449-780be167de51,2,IDFV,ios
10/3/2024 12:17,103.121.110.55,1a6196f1-7953-4e5a-8449-780be167de51,2,IDFV,ios
10/3/2024 12:23,103.121.110.55,1a6196f1-7953-4e5a-8449-780be167de51,2,IDFV,ios
10/3/2024 12:33,103.121.110.55,1a6196f1-7953-4e5a-8449-780be167de51,2,IDFV,ios
10/3/2024 12:36,103.121.110.55,1a6196f1-7953-4e5a-8449-780be167de51,2,IDFV,ios
10/3/2024 12:47,103.121.110.55,1a6196f1-7953-4e5a-8449-780be167de51,2,IDFV,ios
10/3/2024 12:49,103.121.110.55,1a6196f1-7953-4e5a-8449-780be167de51,2,IDFV,ios
10/3/2024 12:53,182.2.141.76,686931a4-abd8-46e6-b0e3-78e57c0c620c,2,IDFV,ios
10/6/2024 10:31,2a00:5400:e053:631e:4434:7042:bf5:942,AAKT707IOKgAAB_bLwHDew,6,WEB_ID,ios
10/6/2024 10:34,2a00:5400:e053:631e:4434:7042:bf5:942,AAKT707IOKgAAB_bLwHDew,6,WEB_ID,ios
10/6/2024 10:37,82.167.71.123,AAKT707IOKgAAB_bLwHDew,6,WEB_ID,ios
10/6/2024 10:43,82.167.71.123,AAKT707IOKgAAB_bLwHDew,6,WEB_ID,ios
10/6/2024 10:46,82.167.71.123,AAKT707IOKgAAB_bLwHDew,6,WEB_ID,ios
10/6/2024 10:50,82.167.71.123,AAKT707IOKgAAB_bLwHDew,6,WEB_ID,ios
10/6/2024 10:57,82.167.71.123,AAKT707IOKgAAB_bLwHDew,6,WEB_ID,ios
10/6/2024 11:03,82.167.71.123,AAKT707IOKgAAB_bLwHDew,6,WEB_ID,ios
10/6/2024 11:08,82.167.71.123,AAKT707IOKgAAB_bLwHDew,6,WEB_ID,ios
10/6/2024 11:09,82.167.71.123,AAKT707IOKgAAB_bLwHDew,6,WEB_ID,ios
10/6/2024 19:42,82.167.71.123,AAKT707IOKgAAB_bLwHDew,6,WEB_ID,ios
10/6/2024 19:44,82.167.71.123,AAKT707IOKgAAB_bLwHDew,6,WEB_ID,ios
10/6/2024 19:49,82.167.71.123,AAKT707IOKgAAB_bLwHDew,6,WEB_ID,ios
10/6/2024 19:54,82.167.71.123,AAKT707IOKgAAB_bLwHDew,6,WEB_ID,ios
10/6/2024 20:01,2a00:5400:e053:631e:4434:7042:bf5:942,AAKT707IOKgAAB_bLwHDew,6,WEB_ID,ios
10/6/2024 20:01,2a00:5400:e053:631e::,AAKT707IOKgAAB_bLwHDew,6,WEB_ID,ios
10/6/2024 20:04,82.167.71.123,AAKT707IOKgAAB_bLwHDew,6,WEB_ID,ios
10/6/2024 20:08,2a00:5400:e053:631e:4434:7042:bf5:942,AAKT707IOKgAAB_bLwHDew,6,WEB_ID,ios
10/6/2024 20:08,82.167.71.123,AAKT707IOKgAAB_bLwHDew,6,WEB_ID,ios
10/6/2024 20:14,82.167.71.123,AAKT707IOKgAAB_bLwHDew,6,WEB_ID,ios
10/6/2024 20:16,82.167.71.123,AAKT707IOKgAAB_bLwHDew,6,WEB_ID,ios
10/6/2024 20:17,2a00:5400:e053:631e:4434:7042:bf5:942,AAKT707IOKgAAB_bLwHDew,6,WEB_ID,ios
10/3/2024 15:51,103.121.110.55,1a6196f1-7953-4e5a-8449-780be167de51,2,IDFV,ios
10/3/2024 15:53,103.121.110.55,1a6196f1-7953-4e5a-8449-780be167de51,2,IDFV,ios
10/3/2024 15:58,103.121.110.55,1a6196f1-7953-4e5a-8449-780be167de51,2,IDFV,ios
10/3/2024 16:03,103.121.110.55,1a6196f1-7953-4e5a-8449-780be167de51,2,IDFV,ios
10/3/2024 16:08,103.121.110.55,1a6196f1-7953-4e5a-8449-780be167de51,2,IDFV,ios
10/3/2024 16:10,103.121.110.55,1a6196f1-7953-4e5a-8449-780be167de51,2,IDFV,ios
10/4/2024 10:45,103.121.110.55,1a6196f1-7953-4e5a-8449-780be167de51,2,IDFV,ios
11/2/2024 18:10,82.167.67.118,AAFcvU7LIAoAABO-Xttw5A,7,WEB_ID,android
11/2/2024 18:14,82.167.67.118,AAFcvU7LIAoAABO-Xttw5A,7,WEB_ID,android
11/2/2024 18:57,82.167.67.118,AAFcvU7LIAoAABO-Xttw5A,7,WEB_ID,android
11/2/2024 18:57,82.167.67.118,AAFcvU7LIAoAABO-Xttw5A,7,WEB_ID,android
11/2/2024 18:58,82.167.67.118,AAFcvU7LIAoAABO-Xttw5A,7,WEB_ID,android
11/2/2024 18:58,82.167.67.118,AAFcvU7LIAoAABO-Xttw5A,7,WEB_ID,android
11/2/2024 18:59,82.167.67.118,AAFcvU7LIAoAABO-Xttw5A,7,WEB_ID,android
11/2/2024 18:59,82.167.67.118,AAFcvU7LIAoAABO-Xttw5A,7,WEB_ID,android
11/2/2024 19:01,82.167.67.118,AAFcvU7LIAoAABO-Xttw5A,7,WEB_ID,android
11/2/2024 19:01,82.167.67.118,AAFcvU7LIAoAABO-Xttw5A,7,WEB_ID,android
11/2/2024 19:01,82.167.67.118,AAFcvU7LIAoAABO-Xttw5A,7,WEB_ID,android
11/2/2024 19:01,82.167.67.118,AAFcvU7LIAoAABO-Xttw5A,7,WEB_ID,android
11/2/2024 19:01,82.167.67.118,AAFcvU7LIAoAABO-Xttw5A,7,WEB_ID,android
11/2/2024 19:01,82.167.67.118,AAFcvU7LIAoAABO-Xttw5A,7,WEB_ID,android
11/2/2024 19:01,82.167.67.118,AAFcvU7LIAoAABO-Xttw5A,7,WEB_ID,android
11/2/2024 19:01,82.167.67.118,AAFcvU7LIAoAABO-Xttw5A,7,WEB_ID,android
11/2/2024 19:05,82.167.67.118,AAFcvU7LIAoAABO-Xttw5A,7,WEB_ID,android
11/2/2024 19:19,46.143.134.0,AAKRGE7P9eIAABxfJkTLVA,7,WEB_ID,android
11/2/2024 19:27,46.143.134.0,AAKRGE7P9eIAABxfJkTLVA,7,WEB_ID,android
11/2/2024 19:32,46.143.134.0,AAKRGE7P9eIAABxfJkTLVA,7,WEB_ID,android
11/2/2024 19:35,46.143.134.0,AAKRGE7P9eIAABxfJkTLVA,7,WEB_ID,android
11/2/2024 19:36,46.143.134.0,AAKRGE7P9eIAABxfJkTLVA,7,WEB_ID,android
11/2/2024 19:39,46.143.134.0,AAKRGE7P9eIAABxfJkTLVA,7,WEB_ID,android
11/2/2024 19:40,46.143.134.0,AAKRGE7P9eIAABxfJkTLVA,7,WEB_ID,android
11/2/2024 19:41,46.143.134.0,AAKRGE7P9eIAABxfJkTLVA,7,WEB_ID,android
11/3/2024 8:08,46.143.134.0,AAKRGE7P9eIAABxfJkTLVA,7,WEB_ID,android
11/3/2024 8:09,46.143.134.0,AAKRGE7P9eIAABxfJkTLVA,7,WEB_ID,android
11/3/2024 8:19,46.143.134.0,AAKRGE7P9eIAABxfJkTLVA,7,WEB_ID,android
11/3/2024 8:21,46.143.134.0,AAKRGE7P9eIAABxfJkTLVA,7,WEB_ID,android
11/3/2024 8:22,46.143.134.0,AAKRGE7P9eIAABxfJkTLVA,7,WEB_ID,android
11/3/2024 8:22,46.143.134.0,AAKRGE7P9eIAABxfJkTLVA,7,WEB_ID,android
11/3/2024 8:22,46.143.134.0,AAKRGE7P9eIAABxfJkTLVA,7,WEB_ID,android
11/3/2024 8:23,46.143.134.0,AAKRGE7P9eIAABxfJkTLVA,7,WEB_ID,android
11/3/2024 8:25,46.143.134.0,AAKRGE7P9eIAABxfJkTLVA,7,WEB_ID,android
11/3/2024 8:25,46.143.134.0,AAKRGE7P9eIAABxfJkTLVA,7,WEB_ID,android
11/3/2024 8:25,46.143.134.0,AAKRGE7P9eIAABxfJkTLVA,7,WEB_ID,android
11/3/2024 8:26,46.143.134.0,AAKRGE7P9eIAABxfJkTLVA,7,WEB_ID,android
11/3/2024 8:27,46.143.134.0,AAKRGE7P9eIAABxfJkTLVA,7,WEB_ID,android
11/3/2024 8:27,46.143.134.0,AAKRGE7P9eIAABxfJkTLVA,7,WEB_ID,android
11/3/2024 8:30,46.143.134.0,AAKRGE7P9eIAABxfJkTLVA,7,WEB_ID,android
11/3/2024 8:36,46.143.134.0,AAKRGE7P9eIAABxfJkTLVA,7,WEB_ID,android
11/3/2024 8:37,46.143.134.0,AAKRGE7P9eIAABxfJkTLVA,7,WEB_ID,android
10/4/2024 11:19,103.121.138.23,1a6196f1-7953-4e5a-8449-780be167de51,2,IDFV,ios
10/4/2024 19:05,103.121.138.23,1a6196f1-7953-4e5a-8449-780be167de51,2,IDFV,ios
10/4/2024 19:17,103.121.138.23,1a6196f1-7953-4e5a-8449-780be167de51,2,IDFV,ios
10/4/2024 19:24,103.121.138.23,1a6196f1-7953-4e5a-8449-780be167de51,2,IDFV,ios
10/4/2024 19:32,103.121.138.23,1a6196f1-7953-4e5a-8449-780be167de51,2,IDFV,ios
10/4/2024 19:36,103.121.138.23,1a6196f1-7953-4e5a-8449-780be167de51,2,IDFV,ios
11/3/2024 13:45,82.167.67.118,AAFcvU7LIAoAABO-Xttw5A,7,WEB_ID,android
11/3/2024 13:47,82.167.67.118,AAFcvU7LIAoAABO-Xttw5A,7,WEB_ID,android
11/3/2024 13:48,82.167.67.118,AAFcvU7LIAoAABO-Xttw5A,7,WEB_ID,android
11/3/2024 13:49,82.167.67.118,AAFcvU7LIAoAABO-Xttw5A,7,WEB_ID,android
11/3/2024 13:49,82.167.67.118,AAFcvU7LIAoAABO-Xttw5A,7,WEB_ID,android
11/3/2024 13:50,82.167.67.118,AAFcvU7LIAoAABO-Xttw5A,7,WEB_ID,android
11/3/2024 13:51,82.167.67.118,AAFcvU7LIAoAABO-Xttw5A,7,WEB_ID,android
11/3/2024 13:51,82.167.67.118,AAFcvU7LIAoAABO-Xttw5A,7,WEB_ID,android
11/3/2024 13:51,82.167.67.118,AAFcvU7LIAoAABO-Xttw5A,7,WEB_ID,android
11/3/2024 13:54,82.167.67.118,AAFcvU7LIAoAABO-Xttw5A,7,WEB_ID,android
11/3/2024 13:55,82.167.67.118,AAFcvU7LIAoAABO-Xttw5A,7,WEB_ID,android
11/3/2024 13:55,82.167.67.118,AAFcvU7LIAoAABO-Xttw5A,7,WEB_ID,android
11/3/2024 13:55,82.167.67.118,AAFcvU7LIAoAABO-Xttw5A,7,WEB_ID,android
11/3/2024 13:55,82.167.67.118,AAFcvU7LIAoAABO-Xttw5A,7,WEB_ID,android
11/3/2024 14:02,82.167.67.118,AAFcvU7LIAoAABO-Xttw5A,7,WEB_ID,android
11/3/2024 16:27,82.167.67.118,AAFcvU7LIAoAABO-Xttw5A,7,WEB_ID,android
11/3/2024 16:31,82.167.67.118,AAFcvU7LIAoAABO-Xttw5A,7,WEB_ID,android
10/5/2024 9:05,103.121.138.23,1a6196f1-7953-4e5a-8449-780be167de51,2,IDFV,ios
10/5/2024 9:05,103.121.138.23,1a6196f1-7953-4e5a-8449-780be167de51,2,IDFV,ios
10/5/2024 9:06,103.121.138.23,1a6196f1-7953-4e5a-8449-780be167de51,2,IDFV,ios
10/5/2024 9:12,103.121.138.23,1a6196f1-7953-4e5a-8449-780be167de51,2,IDFV,ios
10/5/2024 9:14,103.121.138.23,1a6196f1-7953-4e5a-8449-780be167de51,2,IDFV,ios
10/5/2024 9:21,103.121.138.23,1a6196f1-7953-4e5a-8449-780be167de51,2,IDFV,ios
10/5/2024 9:24,103.121.138.23,1a6196f1-7953-4e5a-8449-780be167de51,2,IDFV,ios
11/3/2024 16:58,2a00:5400:f010::,AAKRGE7P9eIAABxfJkTLVA,7,WEB_ID,android
11/3/2024 17:02,2a00:5400:f010::,AAKRGE7P9eIAABxfJkTLVA,7,WEB_ID,android
11/3/2024 17:13,82.167.67.118,AAFcvU7LIAoAABO-Xttw5A,7,WEB_ID,android
11/3/2024 17:48,82.167.67.118,AAFcvU7LIAoAABO-Xttw5A,7,WEB_ID,android
11/3/2024 17:49,82.167.67.118,AAFcvU7LIAoAABO-Xttw5A,7,WEB_ID,android
11/3/2024 17:50,82.167.67.118,AAFcvU7LIAoAABO-Xttw5A,7,WEB_ID,android
11/3/2024 17:50,82.167.67.118,AAFcvU7LIAoAABO-Xttw5A,7,WEB_ID,android
11/3/2024 17:51,82.167.67.118,AAFcvU7LIAoAABO-Xttw5A,7,WEB_ID,android
11/3/2024 17:51,82.167.67.118,AAFcvU7LIAoAABO-Xttw5A,7,WEB_ID,android
11/3/2024 17:53,82.167.67.118,AAFcvU7LIAoAABO-Xttw5A,7,WEB_ID,android
11/3/2024 18:03,82.167.67.118,AAFcvU7LIAoAABO-Xttw5A,7,WEB_ID,android
11/3/2024 18:03,82.167.67.118,AAFcvU7LIAoAABO-Xttw5A,7,WEB_ID,android
11/3/2024 18:04,82.167.67.118,AAFcvU7LIAoAABO-Xttw5A,7,WEB_ID,android
11/3/2024 18:05,82.167.67.118,AAFcvU7LIAoAABO-Xttw5A,7,WEB_ID,android
11/3/2024 18:05,82.167.67.118,AAFcvU7LIAoAABO-Xttw5A,7,WEB_ID,android
11/3/2024 18:06,82.167.67.118,AAFcvU7LIAoAABO-Xttw5A,7,WEB_ID,android
11/3/2024 18:08,82.167.67.118,AAFcvU7LIAoAABO-Xttw5A,7,WEB_ID,android
11/3/2024 18:10,82.167.67.118,AAFcvU7LIAoAABO-Xttw5A,7,WEB_ID,android
11/3/2024 18:10,82.167.67.118,AAFcvU7LIAoAABO-Xttw5A,7,WEB_ID,android
11/3/2024 18:10,82.167.67.118,AAFcvU7LIAoAABO-Xttw5A,7,WEB_ID,android
11/3/2024 18:12,82.167.67.118,AAFcvU7LIAoAABO-Xttw5A,7,WEB_ID,android
11/3/2024 18:12,82.167.67.118,AAFcvU7LIAoAABO-Xttw5A,7,WEB_ID,android
11/3/2024 18:13,82.167.67.118,AAFcvU7LIAoAABO-Xttw5A,7,WEB_ID,android
11/3/2024 18:14,82.167.67.118,AAFcvU7LIAoAABO-Xttw5A,7,WEB_ID,android
11/3/2024 18:15,82.167.67.118,AAFcvU7LIAoAABO-Xttw5A,7,WEB_ID,android
11/3/2024 18:16,82.167.67.118,AAFcvU7LIAoAABO-Xttw5A,7,WEB_ID,android
11/3/2024 18:17,82.167.67.118,AAFcvU7LIAoAABO-Xttw5A,7,WEB_ID,android
11/3/2024 18:17,82.167.67.118,AAFcvU7LIAoAABO-Xttw5A,7,WEB_ID,android
11/3/2024 18:18,82.167.67.118,AAFcvU7LIAoAABO-Xttw5A,7,WEB_ID,android
11/3/2024 18:18,82.167.67.118,AAFcvU7LIAoAABO-Xttw5A,7,WEB_ID,android
11/3/2024 18:19,82.167.67.118,AAFcvU7LIAoAABO-Xttw5A,7,WEB_ID,android
11/3/2024 18:19,82.167.67.118,AAFcvU7LIAoAABO-Xttw5A,7,WEB_ID,android
11/3/2024 18:19,82.167.67.118,AAFcvU7LIAoAABO-Xttw5A,7,WEB_ID,android
11/3/2024 19:02,46.143.150.0,AAKRGE7P9eIAABxfJkTLVA,7,WEB_ID,android
11/3/2024 19:03,46.143.150.0,AAKRGE7P9eIAABxfJkTLVA,7,WEB_ID,android
11/3/2024 19:03,46.143.150.0,AAKRGE7P9eIAABxfJkTLVA,7,WEB_ID,android
11/3/2024 19:03,46.143.150.0,AAKRGE7P9eIAABxfJkTLVA,7,WEB_ID,android
11/3/2024 19:03,46.143.150.0,AAKRGE7P9eIAABxfJkTLVA,7,WEB_ID,android
11/3/2024 19:04,46.143.150.0,AAKRGE7P9eIAABxfJkTLVA,7,WEB_ID,android
11/3/2024 19:04,46.143.150.0,AAKRGE7P9eIAABxfJkTLVA,7,WEB_ID,android
11/3/2024 19:05,46.143.150.0,AAKRGE7P9eIAABxfJkTLVA,7,WEB_ID,android
11/3/2024 19:05,46.143.150.0,AAKRGE7P9eIAABxfJkTLVA,7,WEB_ID,android
11/3/2024 19:16,2a00:5400:f010::,AAKRGE7P9eIAABxfJkTLVA,7,WEB_ID,android
11/3/2024 19:19,2a00:5400:f010::,AAKRGE7P9eIAABxfJkTLVA,7,WEB_ID,android
11/3/2024 19:23,2a00:5400:f010::,AAKRGE7P9eIAABxfJkTLVA,7,WEB_ID,android
11/3/2024 19:24,2a00:5400:f010::,AAKRGE7P9eIAABxfJkTLVA,7,WEB_ID,android
11/4/2024 8:39,2a00:5400:f010::,AAKRGE7P9eIAABxfJkTLVA,7,WEB_ID,android
11/4/2024 8:39,2a00:5400:f010::,AAKRGE7P9eIAABxfJkTLVA,7,WEB_ID,android
11/4/2024 8:42,2a00:5400:f010::,AAKRGE7P9eIAABxfJkTLVA,7,WEB_ID,android
11/4/2024 8:46,2a00:5400:f010::,AAKRGE7P9eIAABxfJkTLVA,7,WEB_ID,android
11/4/2024 8:49,2a00:5400:f010::,AAKRGE7P9eIAABxfJkTLVA,7,WEB_ID,android
11/4/2024 8:49,2a00:5400:f010::,AAKRGE7P9eIAABxfJkTLVA,7,WEB_ID,android
11/4/2024 8:51,2a00:5400:f010::,AAKRGE7P9eIAABxfJkTLVA,7,WEB_ID,android
11/4/2024 8:52,2a00:5400:f010::,AAKRGE7P9eIAABxfJkTLVA,7,WEB_ID,android
11/4/2024 8:53,2a00:5400:f010::,AAKRGE7P9eIAABxfJkTLVA,7,WEB_ID,android
11/4/2024 8:53,2a00:5400:f010::,AAKRGE7P9eIAABxfJkTLVA,7,WEB_ID,android
11/4/2024 8:59,2a00:5400:f010::,AAKRGE7P9eIAABxfJkTLVA,7,WEB_ID,android
11/4/2024 9:00,2a00:5400:f010::,AAKRGE7P9eIAABxfJkTLVA,7,WEB_ID,android
11/4/2024 9:04,2a00:5400:f010::,AAKRGE7P9eIAABxfJkTLVA,7,WEB_ID,android
11/4/2024 9:04,2a00:5400:f010::,AAKRGE7P9eIAABxfJkTLVA,7,WEB_ID,android
11/4/2024 9:20,82.167.67.118,AAFcvU7LIAoAABO-Xttw5A,7,WEB_ID,android
10/5/2024 9:52,182.3.43.56,686931a4-abd8-46e6-b0e3-78e57c0c620c,2,IDFV,ios
10/7/2024 15:53,82.167.71.123,AAKT707IOKgAAB_bLwHDew,6,WEB_ID,ios
10/7/2024 15:53,2a00:5400:e053:631e:4434:7042:bf5:942,AAKT707IOKgAAB_bLwHDew,6,WEB_ID,ios
10/7/2024 15:59,82.167.71.123,AAKT707IOKgAAB_bLwHDew,6,WEB_ID,ios
10/7/2024 16:05,82.167.71.123,AAKT707IOKgAAB_bLwHDew,6,WEB_ID,ios
10/7/2024 16:05,2a00:5400:e053:631e::,AAKT707IOKgAAB_bLwHDew,6,WEB_ID,ios
10/7/2024 16:10,82.167.71.123,AAKT707IOKgAAB_bLwHDew,6,WEB_ID,ios
10/7/2024 16:10,2a00:5400:e053:631e::,AAKT707IOKgAAB_bLwHDew,6,WEB_ID,ios
10/7/2024 16:15,2a00:5400:e053:631e::,AAKT707IOKgAAB_bLwHDew,6,WEB_ID,ios
10/7/2024 16:15,82.167.71.123,AAKT707IOKgAAB_bLwHDew,6,WEB_ID,ios
10/7/2024 16:20,2a00:5400:e053:631e::,AAKT707IOKgAAB_bLwHDew,6,WEB_ID,ios
10/7/2024 16:20,82.167.71.123,AAKT707IOKgAAB_bLwHDew,6,WEB_ID,ios
10/7/2024 16:22,82.167.71.123,AAKT707IOKgAAB_bLwHDew,6,WEB_ID,ios
10/7/2024 16:23,2a00:5400:e053:631e::,AAKT707IOKgAAB_bLwHDew,6,WEB_ID,ios
10/7/2024 16:24,2a00:5400:e053:631e::,AAKT707IOKgAAB_bLwHDew,6,WEB_ID,ios
10/5/2024 18:30,182.3.43.128,686931a4-abd8-46e6-b0e3-78e57c0c620c,2,IDFV,ios
10/5/2024 18:31,182.3.43.128,686931a4-abd8-46e6-b0e3-78e57c0c620c,2,IDFV,ios
10/5/2024 18:39,182.3.43.128,686931a4-abd8-46e6-b0e3-78e57c0c620c,2,IDFV,ios
10/5/2024 18:44,182.3.43.128,686931a4-abd8-46e6-b0e3-78e57c0c620c,2,IDFV,ios
10/5/2024 20:30,202.165.46.250,686931a4-abd8-46e6-b0e3-78e57c0c620c,2,IDFV,ios
10/5/2024 20:36,202.165.46.250,686931a4-abd8-46e6-b0e3-78e57c0c620c,2,IDFV,ios
10/6/2024 10:51,103.121.171.96,04de0e1c-de2f-4515-8423-ae3083e4acee,2,IDFV,ios
10/6/2024 10:55,103.121.171.96,04de0e1c-de2f-4515-8423-ae3083e4acee,2,IDFV,ios
10/6/2024 10:58,103.121.171.96,04de0e1c-de2f-4515-8423-ae3083e4acee,2,IDFV,ios
11/4/2024 10:16,2a00:5400:f013::,AAKRGE7P9eIAABxfJkTLVA,7,WEB_ID,android
11/4/2024 10:16,2a00:5400:f013::,AAKRGE7P9eIAABxfJkTLVA,7,WEB_ID,android
10/6/2024 11:16,103.121.110.251,1a6196f1-7953-4e5a-8449-780be167de51,2,IDFV,ios
10/6/2024 11:26,103.121.110.251,1a6196f1-7953-4e5a-8449-780be167de51,2,IDFV,ios
10/6/2024 11:29,103.121.110.251,1a6196f1-7953-4e5a-8449-780be167de51,2,IDFV,ios
11/4/2024 10:33,82.167.67.118,AAFcvU7LIAoAABO-Xttw5A,7,WEB_ID,android
11/4/2024 10:34,82.167.67.118,AAFcvU7LIAoAABO-Xttw5A,7,WEB_ID,android
11/4/2024 10:35,82.167.67.118,AAFcvU7LIAoAABO-Xttw5A,7,WEB_ID,android
11/4/2024 11:52,82.167.67.118,AAFcvU7LIAoAABO-Xttw5A,7,WEB_ID,android
11/4/2024 12:17,82.167.67.118,AAFcvU7LIAoAABO-Xttw5A,7,WEB_ID,android
11/4/2024 12:17,82.167.67.118,AAFcvU7LIAoAABO-Xttw5A,7,WEB_ID,android
11/4/2024 12:18,82.167.67.118,AAFcvU7LIAoAABO-Xttw5A,7,WEB_ID,android
11/4/2024 12:18,82.167.67.118,AAFcvU7LIAoAABO-Xttw5A,7,WEB_ID,android
11/4/2024 12:18,82.167.67.118,AAFcvU7LIAoAABO-Xttw5A,7,WEB_ID,android
11/4/2024 12:19,82.167.67.118,AAFcvU7LIAoAABO-Xttw5A,7,WEB_ID,android
11/4/2024 12:19,82.167.67.118,AAFcvU7LIAoAABO-Xttw5A,7,WEB_ID,android
11/4/2024 12:20,82.167.67.118,AAFcvU7LIAoAABO-Xttw5A,7,WEB_ID,android
11/4/2024 12:21,82.167.67.118,AAFcvU7LIAoAABO-Xttw5A,7,WEB_ID,android
11/4/2024 12:21,2a00:5400:f013::,AAKRGE7P9eIAABxfJkTLVA,7,WEB_ID,android
10/8/2024 18:16,82.167.117.251,AAKT707IOKgAAB_bLwHDew,6,WEB_ID,ios
11/4/2024 12:46,82.167.67.118,AAFcvU7LIAoAABO-Xttw5A,7,WEB_ID,android
11/4/2024 12:47,82.167.67.118,AAFcvU7LIAoAABO-Xttw5A,7,WEB_ID,android
11/4/2024 13:18,2a00:5400:f013::,AAKRGE7P9eIAABxfJkTLVA,7,WEB_ID,android
11/4/2024 13:25,2a00:5400:f013::,AAKRGE7P9eIAABxfJkTLVA,7,WEB_ID,android
11/4/2024 13:25,2a00:5400:f013::,AAKRGE7P9eIAABxfJkTLVA,7,WEB_ID,android
11/4/2024 13:26,2a00:5400:f013::,AAKRGE7P9eIAABxfJkTLVA,7,WEB_ID,android
11/4/2024 17:39,82.167.67.118,AAFcvU7LIAoAABO-Xttw5A,7,WEB_ID,android
11/4/2024 17:39,82.167.67.118,AAFcvU7LIAoAABO-Xttw5A,7,WEB_ID,android
11/4/2024 17:45,82.167.67.118,AAFcvU7LIAoAABO-Xttw5A,7,WEB_ID,android
11/5/2024 8:00,82.167.67.118,AAFcvU7LIAoAABO-Xttw5A,7,WEB_ID,android
11/5/2024 8:01,82.167.67.118,AAFcvU7LIAoAABO-Xttw5A,7,WEB_ID,android
11/5/2024 8:02,82.167.67.118,AAFcvU7LIAoAABO-Xttw5A,7,WEB_ID,android
11/5/2024 8:03,82.167.67.118,AAFcvU7LIAoAABO-Xttw5A,7,WEB_ID,android
11/5/2024 8:07,82.167.67.118,AAFcvU7LIAoAABO-Xttw5A,7,WEB_ID,android
11/5/2024 8:08,82.167.67.118,AAFcvU7LIAoAABO-Xttw5A,7,WEB_ID,android
11/5/2024 8:08,82.167.67.118,AAFcvU7LIAoAABO-Xttw5A,7,WEB_ID,android
11/5/2024 8:09,82.167.67.118,AAFcvU7LIAoAABO-Xttw5A,7,WEB_ID,android
11/5/2024 8:10,82.167.67.118,AAFcvU7LIAoAABO-Xttw5A,7,WEB_ID,android
11/5/2024 8:13,82.167.67.118,AAFcvU7LIAoAABO-Xttw5A,7,WEB_ID,android
11/5/2024 8:17,82.167.67.118,AAFcvU7LIAoAABO-Xttw5A,7,WEB_ID,android
11/5/2024 8:18,82.167.67.118,AAFcvU7LIAoAABO-Xttw5A,7,WEB_ID,android
11/5/2024 8:19,82.167.67.118,AAFcvU7LIAoAABO-Xttw5A,7,WEB_ID,android
11/5/2024 8:20,82.167.67.118,AAFcvU7LIAoAABO-Xttw5A,7,WEB_ID,android
11/5/2024 8:21,82.167.67.118,AAFcvU7LIAoAABO-Xttw5A,7,WEB_ID,android
11/5/2024 8:23,82.167.67.118,AAFcvU7LIAoAABO-Xttw5A,7,WEB_ID,android
11/5/2024 8:26,82.167.67.118,AAFcvU7LIAoAABO-Xttw5A,7,WEB_ID,android
11/5/2024 8:26,82.167.67.118,AAFcvU7LIAoAABO-Xttw5A,7,WEB_ID,android
11/5/2024 8:27,82.167.67.118,AAFcvU7LIAoAABO-Xttw5A,7,WEB_ID,android
11/5/2024 8:28,82.167.67.118,AAFcvU7LIAoAABO-Xttw5A,7,WEB_ID,android
11/5/2024 8:28,82.167.67.118,AAFcvU7LIAoAABO-Xttw5A,7,WEB_ID,android
11/5/2024 8:30,82.167.67.118,AAFcvU7LIAoAABO-Xttw5A,7,WEB_ID,android
11/5/2024 8:34,82.167.67.118,AAFcvU7LIAoAABO-Xttw5A,7,WEB_ID,android
11/5/2024 8:37,82.167.67.118,AAFcvU7LIAoAABO-Xttw5A,7,WEB_ID,android
11/5/2024 8:38,82.167.67.118,AAFcvU7LIAoAABO-Xttw5A,7,WEB_ID,android
11/5/2024 8:38,82.167.67.118,AAFcvU7LIAoAABO-Xttw5A,7,WEB_ID,android
11/5/2024 8:38,82.167.67.118,AAFcvU7LIAoAABO-Xttw5A,7,WEB_ID,android
10/6/2024 13:21,202.165.46.250,686931a4-abd8-46e6-b0e3-78e57c0c620c,2,IDFV,ios
10/6/2024 13:34,103.121.110.251,1a6196f1-7953-4e5a-8449-780be167de51,2,IDFV,ios
10/6/2024 13:38,103.121.110.251,1a6196f1-7953-4e5a-8449-780be167de51,2,IDFV,ios
10/6/2024 13:40,103.121.110.251,1a6196f1-7953-4e5a-8449-780be167de51,2,IDFV,ios
11/5/2024 10:19,82.167.67.118,AAFcvU7LIAoAABO-Xttw5A,7,WEB_ID,android
11/5/2024 10:32,82.167.67.118,AAFcvU7LIAoAABO-Xttw5A,7,WEB_ID,android
11/5/2024 12:11,82.167.67.118,AAFcvU7LIAoAABO-Xttw5A,7,WEB_ID,android
11/5/2024 12:11,82.167.67.118,AAFcvU7LIAoAABO-Xttw5A,7,WEB_ID,android
11/5/2024 12:12,82.167.67.118,AAFcvU7LIAoAABO-Xttw5A,7,WEB_ID,android
11/5/2024 12:13,82.167.67.118,AAFcvU7LIAoAABO-Xttw5A,7,WEB_ID,android
11/5/2024 12:13,82.167.67.118,AAFcvU7LIAoAABO-Xttw5A,7,WEB_ID,android
11/5/2024 12:14,82.167.67.118,AAFcvU7LIAoAABO-Xttw5A,7,WEB_ID,android
11/5/2024 12:15,82.167.67.118,AAFcvU7LIAoAABO-Xttw5A,7,WEB_ID,android
11/5/2024 12:16,82.167.67.118,AAFcvU7LIAoAABO-Xttw5A,7,WEB_ID,android
11/5/2024 12:16,82.167.67.118,AAFcvU7LIAoAABO-Xttw5A,7,WEB_ID,android
11/5/2024 12:17,82.167.67.118,AAFcvU7LIAoAABO-Xttw5A,7,WEB_ID,android
11/5/2024 12:20,82.167.67.118,AAFcvU7LIAoAABO-Xttw5A,7,WEB_ID,android
11/5/2024 12:20,82.167.67.118,AAFcvU7LIAoAABO-Xttw5A,7,WEB_ID,android
11/5/2024 12:21,82.167.67.118,AAFcvU7LIAoAABO-Xttw5A,7,WEB_ID,android
11/5/2024 12:21,82.167.67.118,AAFcvU7LIAoAABO-Xttw5A,7,WEB_ID,android
11/5/2024 12:22,82.167.67.118,AAFcvU7LIAoAABO-Xttw5A,7,WEB_ID,android
11/5/2024 12:22,82.167.67.118,AAFcvU7LIAoAABO-Xttw5A,7,WEB_ID,android
11/5/2024 12:23,82.167.67.118,AAFcvU7LIAoAABO-Xttw5A,7,WEB_ID,android
11/5/2024 12:23,82.167.67.118,AAFcvU7LIAoAABO-Xttw5A,7,WEB_ID,android
11/5/2024 12:23,82.167.67.118,AAFcvU7LIAoAABO-Xttw5A,7,WEB_ID,android
11/5/2024 12:23,82.167.67.118,AAFcvU7LIAoAABO-Xttw5A,7,WEB_ID,android
11/5/2024 12:24,82.167.67.118,AAFcvU7LIAoAABO-Xttw5A,7,WEB_ID,android
11/5/2024 12:24,82.167.67.118,AAFcvU7LIAoAABO-Xttw5A,7,WEB_ID,android
11/5/2024 12:25,82.167.67.118,AAFcvU7LIAoAABO-Xttw5A,7,WEB_ID,android
11/5/2024 12:25,82.167.67.118,AAFcvU7LIAoAABO-Xttw5A,7,WEB_ID,android
11/5/2024 12:25,82.167.67.118,AAFcvU7LIAoAABO-Xttw5A,7,WEB_ID,android
11/5/2024 12:27,2a00:5400:f013::,AAKRGE7P9eIAABxfJkTLVA,7,WEB_ID,android
11/5/2024 20:50,2a00:5400:f013::,AAKRGE7P9eIAABxfJkTLVA,7,WEB_ID,android
11/5/2024 20:51,2a00:5400:f013::,AAKRGE7P9eIAABxfJkTLVA,7,WEB_ID,android
11/5/2024 20:51,2a00:5400:f013::,AAKRGE7P9eIAABxfJkTLVA,7,WEB_ID,android
11/5/2024 20:51,2a00:5400:f013::,AAKRGE7P9eIAABxfJkTLVA,7,WEB_ID,android
11/5/2024 20:52,2a00:5400:f013::,AAKRGE7P9eIAABxfJkTLVA,7,WEB_ID,android
11/6/2024 11:30,2a00:5400:f013::,AAKRGE7P9eIAABxfJkTLVA,7,WEB_ID,android
11/6/2024 11:30,2a00:5400:f013::,AAKRGE7P9eIAABxfJkTLVA,7,WEB_ID,android
11/6/2024 11:31,2a00:5400:f013::,AAKRGE7P9eIAABxfJkTLVA,7,WEB_ID,android
11/6/2024 11:31,2a00:5400:f013::,AAKRGE7P9eIAABxfJkTLVA,7,WEB_ID,android
11/6/2024 11:32,2a00:5400:f013::,AAKRGE7P9eIAABxfJkTLVA,7,WEB_ID,android
11/6/2024 11:33,2a00:5400:f013::,AAKRGE7P9eIAABxfJkTLVA,7,WEB_ID,android
11/6/2024 11:33,2a00:5400:f013::,AAKRGE7P9eIAABxfJkTLVA,7,WEB_ID,android
11/6/2024 11:33,2a00:5400:f013::,AAKRGE7P9eIAABxfJkTLVA,7,WEB_ID,android
11/6/2024 11:34,46.143.167.0,AAKRGE7P9eIAABxfJkTLVA,7,WEB_ID,android
11/6/2024 11:36,2a00:5400:f013::,AAKRGE7P9eIAABxfJkTLVA,7,WEB_ID,android
11/6/2024 11:37,2a00:5400:f013::,AAKRGE7P9eIAABxfJkTLVA,7,WEB_ID,android
11/6/2024 11:38,2a00:5400:f013::,AAKRGE7P9eIAABxfJkTLVA,7,WEB_ID,android
11/6/2024 11:42,2a00:5400:f013::,AAKRGE7P9eIAABxfJkTLVA,7,WEB_ID,android
11/6/2024 11:44,2a00:5400:f013::,AAKRGE7P9eIAABxfJkTLVA,7,WEB_ID,android
11/6/2024 11:46,2a00:5400:f013::,AAKRGE7P9eIAABxfJkTLVA,7,WEB_ID,android
10/6/2024 16:33,103.121.180.126,686931a4-abd8-46e6-b0e3-78e57c0c620c,2,IDFV,ios
11/6/2024 11:58,2a00:5400:f013::,AAKRGE7P9eIAABxfJkTLVA,7,WEB_ID,android
11/6/2024 11:59,2a00:5400:f013::,AAKRGE7P9eIAABxfJkTLVA,7,WEB_ID,android
11/6/2024 11:32,82.167.67.118,AAFcvU7LIAoAABO-Xttw5A,7,WEB_ID,android
10/6/2024 17:03,103.121.110.184,1a6196f1-7953-4e5a-8449-780be167de51,2,IDFV,ios
10/6/2024 17:09,103.121.110.184,1a6196f1-7953-4e5a-8449-780be167de51,2,IDFV,ios
10/6/2024 17:14,103.121.110.184,1a6196f1-7953-4e5a-8449-780be167de51,2,IDFV,ios
10/6/2024 18:53,103.121.110.184,1a6196f1-7953-4e5a-8449-780be167de51,2,IDFV,ios
10/6/2024 19:01,103.121.110.184,1a6196f1-7953-4e5a-8449-780be167de51,2,IDFV,ios
10/6/2024 19:15,103.121.171.87,04de0e1c-de2f-4515-8423-ae3083e4acee,2,IDFV,ios
10/10/2024 12:12,2a00:5400:e053:631e::,AAKT707IOKgAAB_bLwHDew,6,WEB_ID,ios
10/10/2024 12:15,82.167.117.251,AAKT707IOKgAAB_bLwHDew,6,WEB_ID,ios
10/10/2024 12:15,2a00:5400:e053:631e::,AAKT707IOKgAAB_bLwHDew,6,WEB_ID,ios
10/10/2024 12:16,2a00:5400:e053:631e::,AAKT707IOKgAAB_bLwHDew,6,WEB_ID,ios
10/10/2024 12:20,2a00:5400:e053:631e::,AAKT707IOKgAAB_bLwHDew,6,WEB_ID,ios
10/10/2024 12:21,82.167.117.251,AAKT707IOKgAAB_bLwHDew,6,WEB_ID,ios
10/10/2024 12:32,82.167.117.251,AAKT707IOKgAAB_bLwHDew,6,WEB_ID,ios
10/10/2024 20:51,82.167.117.251,AAKT707IOKgAAB_bLwHDew,6,WEB_ID,ios
10/10/2024 20:57,82.167.117.251,AAKT707IOKgAAB_bLwHDew,6,WEB_ID,ios
10/10/2024 21:02,82.167.117.251,AAKT707IOKgAAB_bLwHDew,6,WEB_ID,ios
10/10/2024 21:05,82.167.117.251,AAKT707IOKgAAB_bLwHDew,6,WEB_ID,ios
10/10/2024 21:12,2a00:5400:e053:631e::,AAKT707IOKgAAB_bLwHDew,6,WEB_ID,ios
10/10/2024 21:12,82.167.117.251,AAKT707IOKgAAB_bLwHDew,6,WEB_ID,ios
10/6/2024 19:33,103.121.138.180,686931a4-abd8-46e6-b0e3-78e57c0c620c,2,IDFV,ios
10/6/2024 19:44,103.121.138.180,686931a4-abd8-46e6-b0e3-78e57c0c620c,2,IDFV,ios
10/7/2024 8:13,103.121.110.184,1a6196f1-7953-4e5a-8449-780be167de51,2,IDFV,ios
10/7/2024 8:18,103.121.110.184,1a6196f1-7953-4e5a-8449-780be167de51,2,IDFV,ios
10/7/2024 8:22,103.121.110.184,1a6196f1-7953-4e5a-8449-780be167de51,2,IDFV,ios
10/7/2024 8:28,103.121.110.184,1a6196f1-7953-4e5a-8449-780be167de51,2,IDFV,ios
11/6/2024 16:36,82.167.67.118,AAFcvU7LIAoAABO-Xttw5A,7,WEB_ID,android
11/6/2024 16:37,82.167.67.118,AAFcvU7LIAoAABO-Xttw5A,7,WEB_ID,android
11/6/2024 16:44,82.167.67.118,AAFcvU7LIAoAABO-Xttw5A,7,WEB_ID,android
11/6/2024 16:44,82.167.67.118,AAFcvU7LIAoAABO-Xttw5A,7,WEB_ID,android
11/6/2024 16:44,82.167.67.118,AAFcvU7LIAoAABO-Xttw5A,7,WEB_ID,android
11/6/2024 16:45,82.167.67.118,AAFcvU7LIAoAABO-Xttw5A,7,WEB_ID,android
11/6/2024 16:46,82.167.67.118,AAFcvU7LIAoAABO-Xttw5A,7,WEB_ID,android
11/6/2024 16:50,82.167.67.118,AAFcvU7LIAoAABO-Xttw5A,7,WEB_ID,android
11/6/2024 16:50,82.167.67.118,AAFcvU7LIAoAABO-Xttw5A,7,WEB_ID,android
11/6/2024 16:52,82.167.67.118,AAFcvU7LIAoAABO-Xttw5A,7,WEB_ID,android
11/6/2024 16:53,82.167.67.118,AAFcvU7LIAoAABO-Xttw5A,7,WEB_ID,android
11/6/2024 16:54,82.167.67.118,AAFcvU7LIAoAABO-Xttw5A,7,WEB_ID,android
11/6/2024 16:54,82.167.67.118,AAFcvU7LIAoAABO-Xttw5A,7,WEB_ID,android
11/6/2024 16:55,82.167.67.118,AAFcvU7LIAoAABO-Xttw5A,7,WEB_ID,android
11/6/2024 16:56,82.167.67.118,AAFcvU7LIAoAABO-Xttw5A,7,WEB_ID,android
11/6/2024 16:59,82.167.67.118,AAFcvU7LIAoAABO-Xttw5A,7,WEB_ID,android
11/6/2024 17:00,82.167.67.118,AAFcvU7LIAoAABO-Xttw5A,7,WEB_ID,android
11/6/2024 17:02,82.167.67.118,AAFcvU7LIAoAABO-Xttw5A,7,WEB_ID,android
11/6/2024 17:03,82.167.67.118,AAFcvU7LIAoAABO-Xttw5A,7,WEB_ID,android
11/6/2024 17:05,82.167.67.118,AAFcvU7LIAoAABO-Xttw5A,7,WEB_ID,android
11/6/2024 17:05,82.167.67.118,AAFcvU7LIAoAABO-Xttw5A,7,WEB_ID,android
11/6/2024 17:06,82.167.67.118,AAFcvU7LIAoAABO-Xttw5A,7,WEB_ID,android
11/6/2024 17:06,82.167.67.118,AAFcvU7LIAoAABO-Xttw5A,7,WEB_ID,android
10/11/2024 19:01,2a00:5400:e053:631e::,AAKT707IOKgAAB_bLwHDew,6,WEB_ID,ios
10/11/2024 19:03,2a00:5400:e053:631e:995a:cf87:f563:3246,AAKT707IOKgAAB_bLwHDew,6,WEB_ID,ios
10/11/2024 19:03,2a00:5400:e053:631e::,AAKT707IOKgAAB_bLwHDew,6,WEB_ID,ios
10/11/2024 19:04,82.167.117.251,AAKT707IOKgAAB_bLwHDew,6,WEB_ID,ios
11/7/2024 12:00,82.167.67.118,AAFcvU7LIAoAABO-Xttw5A,7,WEB_ID,android
11/7/2024 12:04,82.167.67.118,AAFcvU7LIAoAABO-Xttw5A,7,WEB_ID,android
11/7/2024 12:14,82.167.67.118,AAFcvU7LIAoAABO-Xttw5A,7,WEB_ID,android
11/7/2024 12:14,82.167.67.118,AAFcvU7LIAoAABO-Xttw5A,7,WEB_ID,android
11/7/2024 12:17,82.167.67.118,AAFcvU7LIAoAABO-Xttw5A,7,WEB_ID,android
11/7/2024 12:18,82.167.67.118,AAFcvU7LIAoAABO-Xttw5A,7,WEB_ID,android
11/7/2024 12:23,82.167.67.118,AAFcvU7LIAoAABO-Xttw5A,7,WEB_ID,android
11/7/2024 12:27,82.167.67.118,AAFcvU7LIAoAABO-Xttw5A,7,WEB_ID,android
11/7/2024 12:28,82.167.67.118,AAFcvU7LIAoAABO-Xttw5A,7,WEB_ID,android
11/7/2024 12:30,82.167.67.118,AAFcvU7LIAoAABO-Xttw5A,7,WEB_ID,android
11/7/2024 16:40,82.167.67.118,AAFcvU7LIAoAABO-Xttw5A,7,WEB_ID,android
11/7/2024 16:40,82.167.67.118,AAFcvU7LIAoAABO-Xttw5A,7,WEB_ID,android
11/7/2024 16:40,82.167.67.118,AAFcvU7LIAoAABO-Xttw5A,7,WEB_ID,android
11/7/2024 16:41,82.167.67.118,AAFcvU7LIAoAABO-Xttw5A,7,WEB_ID,android
11/7/2024 16:42,82.167.67.118,AAFcvU7LIAoAABO-Xttw5A,7,WEB_ID,android
11/7/2024 16:44,82.167.67.118,AAFcvU7LIAoAABO-Xttw5A,7,WEB_ID,android
11/7/2024 16:45,82.167.67.118,AAFcvU7LIAoAABO-Xttw5A,7,WEB_ID,android
11/7/2024 16:45,82.167.67.118,AAFcvU7LIAoAABO-Xttw5A,7,WEB_ID,android
11/7/2024 16:46,82.167.67.118,AAFcvU7LIAoAABO-Xttw5A,7,WEB_ID,android
11/7/2024 16:47,82.167.67.118,AAFcvU7LIAoAABO-Xttw5A,7,WEB_ID,android
11/7/2024 16:48,82.167.67.118,AAFcvU7LIAoAABO-Xttw5A,7,WEB_ID,android
11/7/2024 16:48,82.167.67.118,AAFcvU7LIAoAABO-Xttw5A,7,WEB_ID,android
11/7/2024 16:49,82.167.67.118,AAFcvU7LIAoAABO-Xttw5A,7,WEB_ID,android
11/7/2024 16:49,82.167.67.118,AAFcvU7LIAoAABO-Xttw5A,7,WEB_ID,android
11/7/2024 16:50,82.167.67.118,AAFcvU7LIAoAABO-Xttw5A,7,WEB_ID,android
11/7/2024 16:50,82.167.67.118,AAFcvU7LIAoAABO-Xttw5A,7,WEB_ID,android
11/7/2024 16:53,82.167.67.118,AAFcvU7LIAoAABO-Xttw5A,7,WEB_ID,android
11/7/2024 16:54,82.167.67.118,AAFcvU7LIAoAABO-Xttw5A,7,WEB_ID,android
11/7/2024 16:56,82.167.67.118,AAFcvU7LIAoAABO-Xttw5A,7,WEB_ID,android
11/7/2024 16:57,82.167.67.118,AAFcvU7LIAoAABO-Xttw5A,7,WEB_ID,android
10/11/2024 19:38,82.167.117.251,AAKT707IOKgAAB_bLwHDew,6,WEB_ID,ios
10/11/2024 19:40,2a00:5400:e053:631e::,AAKT707IOKgAAB_bLwHDew,6,WEB_ID,ios
10/11/2024 19:44,2a00:5400:e053:631e::,AAKT707IOKgAAB_bLwHDew,6,WEB_ID,ios
10/11/2024 19:45,2a00:5400:e053:631e::,AAKT707IOKgAAB_bLwHDew,6,WEB_ID,ios
10/11/2024 19:47,82.167.117.251,AAKT707IOKgAAB_bLwHDew,6,WEB_ID,ios
10/11/2024 19:51,2a00:5400:e053:631e::,AAKT707IOKgAAB_bLwHDew,6,WEB_ID,ios
10/11/2024 19:51,82.167.117.251,AAKT707IOKgAAB_bLwHDew,6,WEB_ID,ios
10/11/2024 19:51,82.167.117.251,AAKT707IOKgAAB_bLwHDew,6,WEB_ID,ios
10/11/2024 19:54,82.167.117.251,AAKT707IOKgAAB_bLwHDew,6,WEB_ID,ios
10/11/2024 19:55,82.167.117.251,AAKT707IOKgAAB_bLwHDew,6,WEB_ID,ios
10/11/2024 19:55,2a00:5400:e053:631e::,AAKT707IOKgAAB_bLwHDew,6,WEB_ID,ios
10/12/2024 8:54,82.167.117.251,AAKT707IOKgAAB_bLwHDew,6,WEB_ID,ios
10/12/2024 9:03,2a00:5400:e053:631e::,AAKT707IOKgAAB_bLwHDew,6,WEB_ID,ios
10/12/2024 9:11,2a00:5400:e053:631e::,AAKT707IOKgAAB_bLwHDew,6,WEB_ID,ios
10/12/2024 9:33,82.167.117.251,AAKT707IOKgAAB_bLwHDew,6,WEB_ID,ios
10/12/2024 9:39,82.167.117.251,AAKT707IOKgAAB_bLwHDew,6,WEB_ID,ios
10/12/2024 16:52,82.167.117.251,AAKT707IOKgAAB_bLwHDew,6,WEB_ID,ios
10/12/2024 17:00,82.167.117.251,AAKT707IOKgAAB_bLwHDew,6,WEB_ID,ios
10/12/2024 17:03,2a00:5400:e053:631e::,AAKT707IOKgAAB_bLwHDew,6,WEB_ID,ios
10/12/2024 17:04,82.167.117.251,AAKT707IOKgAAB_bLwHDew,6,WEB_ID,ios
11/7/2024 17:07,2a00:5400:f013::,AAKRGE7P9eIAABxfJkTLVA,7,WEB_ID,android
11/7/2024 17:10,2a00:5400:f013::,AAKRGE7P9eIAABxfJkTLVA,7,WEB_ID,android
11/7/2024 17:13,46.143.135.0,AAKRGE7P9eIAABxfJkTLVA,7,WEB_ID,android
11/7/2024 17:14,2a00:5400:f013::,AAKRGE7P9eIAABxfJkTLVA,7,WEB_ID,android
11/7/2024 17:17,2a00:5400:f013::,AAKRGE7P9eIAABxfJkTLVA,7,WEB_ID,android
11/7/2024 17:17,2a00:5400:f013::,AAKRGE7P9eIAABxfJkTLVA,7,WEB_ID,android
11/7/2024 18:03,2a00:5400:f013::,AAKRGE7P9eIAABxfJkTLVA,7,WEB_ID,android
11/7/2024 18:06,2a00:5400:f013::,AAKRGE7P9eIAABxfJkTLVA,7,WEB_ID,android
11/7/2024 18:08,2a00:5400:f013::,AAKRGE7P9eIAABxfJkTLVA,7,WEB_ID,android
11/7/2024 18:09,2a00:5400:f013::,AAKRGE7P9eIAABxfJkTLVA,7,WEB_ID,android
11/7/2024 18:09,2a00:5400:f013::,AAKRGE7P9eIAABxfJkTLVA,7,WEB_ID,android
10/7/2024 11:32,103.121.110.184,1a6196f1-7953-4e5a-8449-780be167de51,2,IDFV,ios
11/7/2024 18:19,82.167.67.118,AAFcvU7LIAoAABO-Xttw5A,7,WEB_ID,android
11/7/2024 18:53,82.167.67.118,AAFcvU7LIAoAABO-Xttw5A,7,WEB_ID,android
11/7/2024 18:17,82.167.67.118,AAFcvU7LIAoAABO-Xttw5A,7,WEB_ID,android
10/8/2024 9:11,111.94.180.201,1a6196f1-7953-4e5a-8449-780be167de51,2,IDFV,ios
11/7/2024 18:41,2a00:5400:f013::,AAKRGE7P9eIAABxfJkTLVA,7,WEB_ID,android
11/7/2024 18:46,2a00:5400:f013::,AAKRGE7P9eIAABxfJkTLVA,7,WEB_ID,android
11/7/2024 18:52,2a00:5400:f013::,AAKRGE7P9eIAABxfJkTLVA,7,WEB_ID,android
11/7/2024 18:58,2a00:5400:f013::,AAKRGE7P9eIAABxfJkTLVA,7,WEB_ID,android
11/7/2024 19:00,2a00:5400:f013::,AAKRGE7P9eIAABxfJkTLVA,7,WEB_ID,android
11/7/2024 19:01,2a00:5400:f013::,AAKRGE7P9eIAABxfJkTLVA,7,WEB_ID,android
10/8/2024 9:30,103.121.138.180,686931a4-abd8-46e6-b0e3-78e57c0c620c,2,IDFV,ios
10/8/2024 9:31,103.121.138.180,686931a4-abd8-46e6-b0e3-78e57c0c620c,2,IDFV,ios
10/8/2024 9:42,103.121.138.180,686931a4-abd8-46e6-b0e3-78e57c0c620c,2,IDFV,ios
10/8/2024 9:43,103.121.171.87,04de0e1c-de2f-4515-8423-ae3083e4acee,2,IDFV,ios
10/8/2024 9:49,103.121.171.87,04de0e1c-de2f-4515-8423-ae3083e4acee,2,IDFV,ios
10/8/2024 9:52,103.121.171.87,04de0e1c-de2f-4515-8423-ae3083e4acee,2,IDFV,ios
10/8/2024 9:56,103.121.171.87,04de0e1c-de2f-4515-8423-ae3083e4acee,2,IDFV,ios
10/8/2024 11:30,103.121.171.87,04de0e1c-de2f-4515-8423-ae3083e4acee,2,IDFV,ios
10/8/2024 11:36,2405:8180:201:716c:907f:f5cc:bf76:2a3d,04de0e1c-de2f-4515-8423-ae3083e4acee,2,IDFV,ios
10/8/2024 11:41,103.121.171.87,04de0e1c-de2f-4515-8423-ae3083e4acee,2,IDFV,ios
10/8/2024 11:41,103.121.171.87,04de0e1c-de2f-4515-8423-ae3083e4acee,2,IDFV,ios
10/8/2024 11:47,103.121.110.223,1a6196f1-7953-4e5a-8449-780be167de51,2,IDFV,ios
10/8/2024 11:59,103.121.110.223,1a6196f1-7953-4e5a-8449-780be167de51,2,IDFV,ios
10/8/2024 12:02,103.121.110.223,1a6196f1-7953-4e5a-8449-780be167de51,2,IDFV,ios
10/8/2024 12:08,103.121.110.223,1a6196f1-7953-4e5a-8449-780be167de51,2,IDFV,ios
10/8/2024 12:14,103.121.110.223,1a6196f1-7953-4e5a-8449-780be167de51,2,IDFV,ios
10/8/2024 12:18,103.121.110.223,1a6196f1-7953-4e5a-8449-780be167de51,2,IDFV,ios
11/7/2024 19:04,82.167.67.118,AAFcvU7LIAoAABO-Xttw5A,7,WEB_ID,android
10/8/2024 12:25,103.121.110.223,1a6196f1-7953-4e5a-8449-780be167de51,2,IDFV,ios
10/9/2024 12:59,103.121.110.223,1a6196f1-7953-4e5a-8449-780be167de51,2,IDFV,ios
11/8/2024 8:43,82.167.67.118,AAFcvU7LIAoAABO-Xttw5A,7,WEB_ID,android
10/9/2024 13:12,114.4.79.50,1a6196f1-7953-4e5a-8449-780be167de51,2,IDFV,ios
10/9/2024 13:18,114.4.79.50,1a6196f1-7953-4e5a-8449-780be167de51,2,IDFV,ios
10/9/2024 13:19,114.4.79.50,1a6196f1-7953-4e5a-8449-780be167de51,2,IDFV,ios
11/8/2024 8:55,82.167.67.118,AAFcvU7LIAoAABO-Xttw5A,7,WEB_ID,android
11/8/2024 8:56,82.167.67.118,AAFcvU7LIAoAABO-Xttw5A,7,WEB_ID,android
11/8/2024 8:57,82.167.67.118,AAFcvU7LIAoAABO-Xttw5A,7,WEB_ID,android
11/8/2024 8:58,82.167.67.118,AAFcvU7LIAoAABO-Xttw5A,7,WEB_ID,android
10/9/2024 13:23,103.121.110.223,1a6196f1-7953-4e5a-8449-780be167de51,2,IDFV,ios
11/8/2024 8:59,82.167.67.118,AAFcvU7LIAoAABO-Xttw5A,7,WEB_ID,android
11/8/2024 9:04,82.167.67.118,AAFcvU7LIAoAABO-Xttw5A,7,WEB_ID,android
11/8/2024 9:05,82.167.67.118,AAFcvU7LIAoAABO-Xttw5A,7,WEB_ID,android
11/8/2024 9:25,2a00:5400:f013::,AAKRGE7P9eIAABxfJkTLVA,7,WEB_ID,android
11/8/2024 9:28,2a00:5400:f013::,AAKRGE7P9eIAABxfJkTLVA,7,WEB_ID,android
10/12/2024 17:09,2a00:5400:e053:631e:8c4:a691:16eb:7be3,AAKT707IOKgAAB_bLwHDew,6,WEB_ID,ios
10/12/2024 17:10,2a00:5400:e053:631e::,AAKT707IOKgAAB_bLwHDew,6,WEB_ID,ios
10/12/2024 17:17,82.167.121.73,AAKT707IOKgAAB_bLwHDew,6,WEB_ID,ios
10/12/2024 17:20,2a00:5400:e053:631e:8c4:a691:16eb:7be3,AAKT707IOKgAAB_bLwHDew,6,WEB_ID,ios
10/12/2024 17:24,2a00:5400:e053:631e::,AAKT707IOKgAAB_bLwHDew,6,WEB_ID,ios
10/12/2024 17:26,82.167.121.73,AAKT707IOKgAAB_bLwHDew,6,WEB_ID,ios
10/12/2024 17:31,82.167.121.73,AAKT707IOKgAAB_bLwHDew,6,WEB_ID,ios
10/12/2024 17:35,82.167.121.73,AAKT707IOKgAAB_bLwHDew,6,WEB_ID,ios
10/12/2024 17:38,2a00:5400:e053:631e:8c4:a691:16eb:7be3,AAKT707IOKgAAB_bLwHDew,6,WEB_ID,ios
10/12/2024 17:39,82.167.121.73,AAKT707IOKgAAB_bLwHDew,6,WEB_ID,ios
10/14/2024 9:10,82.167.121.73,AAKT707IOKgAAB_bLwHDew,6,WEB_ID,ios
10/14/2024 9:21,82.167.121.73,AAKT707IOKgAAB_bLwHDew,6,WEB_ID,ios
10/14/2024 9:31,82.167.121.73,AAKT707IOKgAAB_bLwHDew,6,WEB_ID,ios
10/9/2024 13:30,202.165.46.250,686931a4-abd8-46e6-b0e3-78e57c0c620c,2,IDFV,ios
10/9/2024 13:34,202.165.46.250,686931a4-abd8-46e6-b0e3-78e57c0c620c,2,IDFV,ios
10/9/2024 13:41,202.165.46.250,686931a4-abd8-46e6-b0e3-78e57c0c620c,2,IDFV,ios
10/9/2024 13:58,103.121.110.223,1a6196f1-7953-4e5a-8449-780be167de51,2,IDFV,ios
10/10/2024 18:14,103.121.110.223,1a6196f1-7953-4e5a-8449-780be167de51,2,IDFV,ios
10/10/2024 18:20,103.121.110.223,1a6196f1-7953-4e5a-8449-780be167de51,2,IDFV,ios
10/10/2024 18:27,103.121.110.223,1a6196f1-7953-4e5a-8449-780be167de51,2,IDFV,ios
11/8/2024 12:48,82.167.67.118,AAFcvU7LIAoAABO-Xttw5A,7,WEB_ID,android
11/8/2024 12:49,82.167.67.118,AAFcvU7LIAoAABO-Xttw5A,7,WEB_ID,android
11/8/2024 12:50,82.167.67.118,AAFcvU7LIAoAABO-Xttw5A,7,WEB_ID,android
11/8/2024 13:06,82.167.67.118,AAFcvU7LIAoAABO-Xttw5A,7,WEB_ID,android
11/8/2024 13:07,82.167.67.118,AAFcvU7LIAoAABO-Xttw5A,7,WEB_ID,android
11/8/2024 13:08,82.167.67.118,AAFcvU7LIAoAABO-Xttw5A,7,WEB_ID,android
11/8/2024 13:08,82.167.67.118,AAFcvU7LIAoAABO-Xttw5A,7,WEB_ID,android
11/8/2024 13:19,82.167.67.118,AAFcvU7LIAoAABO-Xttw5A,7,WEB_ID,android
11/8/2024 13:19,82.167.67.118,AAFcvU7LIAoAABO-Xttw5A,7,WEB_ID,android
11/8/2024 13:23,82.167.67.118,AAFcvU7LIAoAABO-Xttw5A,7,WEB_ID,android
11/8/2024 13:23,82.167.67.118,AAFcvU7LIAoAABO-Xttw5A,7,WEB_ID,android
11/8/2024 13:25,82.167.67.118,AAFcvU7LIAoAABO-Xttw5A,7,WEB_ID,android
11/8/2024 13:27,82.167.67.118,AAFcvU7LIAoAABO-Xttw5A,7,WEB_ID,android
11/8/2024 13:30,82.167.67.118,AAFcvU7LIAoAABO-Xttw5A,7,WEB_ID,android
11/8/2024 13:30,82.167.67.118,AAFcvU7LIAoAABO-Xttw5A,7,WEB_ID,android
11/8/2024 13:31,82.167.67.118,AAFcvU7LIAoAABO-Xttw5A,7,WEB_ID,android
11/8/2024 13:31,82.167.67.118,AAFcvU7LIAoAABO-Xttw5A,7,WEB_ID,android
11/8/2024 13:32,82.167.67.118,AAFcvU7LIAoAABO-Xttw5A,7,WEB_ID,android
11/8/2024 13:32,82.167.67.118,AAFcvU7LIAoAABO-Xttw5A,7,WEB_ID,android
11/8/2024 13:38,82.167.67.118,AAFcvU7LIAoAABO-Xttw5A,7,WEB_ID,android
11/8/2024 13:40,82.167.67.118,AAFcvU7LIAoAABO-Xttw5A,7,WEB_ID,android
11/8/2024 13:54,82.167.67.118,AAFcvU7LIAoAABO-Xttw5A,7,WEB_ID,android
11/8/2024 13:55,82.167.67.118,AAFcvU7LIAoAABO-Xttw5A,7,WEB_ID,android
11/8/2024 13:56,82.167.67.118,AAFcvU7LIAoAABO-Xttw5A,7,WEB_ID,android
11/8/2024 13:59,82.167.67.118,AAFcvU7LIAoAABO-Xttw5A,7,WEB_ID,android
11/8/2024 14:00,82.167.67.118,AAFcvU7LIAoAABO-Xttw5A,7,WEB_ID,android
11/8/2024 14:00,82.167.67.118,AAFcvU7LIAoAABO-Xttw5A,7,WEB_ID,android
11/8/2024 14:06,82.167.67.118,AAFcvU7LIAoAABO-Xttw5A,7,WEB_ID,android
11/8/2024 14:07,82.167.67.118,AAFcvU7LIAoAABO-Xttw5A,7,WEB_ID,android
11/8/2024 14:07,82.167.67.118,AAFcvU7LIAoAABO-Xttw5A,7,WEB_ID,android
11/8/2024 14:12,82.167.67.118,AAFcvU7LIAoAABO-Xttw5A,7,WEB_ID,android
11/8/2024 14:12,82.167.67.118,AAFcvU7LIAoAABO-Xttw5A,7,WEB_ID,android
11/8/2024 14:12,82.167.67.118,AAFcvU7LIAoAABO-Xttw5A,7,WEB_ID,android
11/8/2024 14:14,82.167.67.118,AAFcvU7LIAoAABO-Xttw5A,7,WEB_ID,android
11/8/2024 14:16,82.167.67.118,AAFcvU7LIAoAABO-Xttw5A,7,WEB_ID,android
11/8/2024 14:16,82.167.67.118,AAFcvU7LIAoAABO-Xttw5A,7,WEB_ID,android
11/8/2024 19:33,2a00:5400:f013::,AAKRGE7P9eIAABxfJkTLVA,7,WEB_ID,android
11/8/2024 19:38,2a00:5400:f013::,AAKRGE7P9eIAABxfJkTLVA,7,WEB_ID,android
11/8/2024 19:43,2a00:5400:f013::,AAKRGE7P9eIAABxfJkTLVA,7,WEB_ID,android
11/8/2024 19:44,2a00:5400:f013::,AAKRGE7P9eIAABxfJkTLVA,7,WEB_ID,android
11/8/2024 19:44,2a00:5400:f013::,AAKRGE7P9eIAABxfJkTLVA,7,WEB_ID,android
11/8/2024 19:45,2a00:5400:f013::,AAKRGE7P9eIAABxfJkTLVA,7,WEB_ID,android
11/8/2024 19:46,2a00:5400:f013::,AAKRGE7P9eIAABxfJkTLVA,7,WEB_ID,android
11/8/2024 19:47,2a00:5400:f013::,AAKRGE7P9eIAABxfJkTLVA,7,WEB_ID,android
11/8/2024 19:48,2a00:5400:f013::,AAKRGE7P9eIAABxfJkTLVA,7,WEB_ID,android
11/8/2024 19:49,2a00:5400:f013::,AAKRGE7P9eIAABxfJkTLVA,7,WEB_ID,android
11/8/2024 19:50,2a00:5400:f013::,AAKRGE7P9eIAABxfJkTLVA,7,WEB_ID,android
11/8/2024 19:59,2a00:5400:f013::,AAKRGE7P9eIAABxfJkTLVA,7,WEB_ID,android
10/14/2024 9:38,82.167.121.73,AAKT707IOKgAAB_bLwHDew,6,WEB_ID,ios
10/14/2024 9:50,2a00:5400:e053:631e::,AAKT707IOKgAAB_bLwHDew,6,WEB_ID,ios
10/14/2024 9:59,82.167.121.73,AAKT707IOKgAAB_bLwHDew,6,WEB_ID,ios
10/14/2024 10:05,82.167.121.73,AAKT707IOKgAAB_bLwHDew,6,WEB_ID,ios
10/14/2024 14:27,2a00:5400:e053:631e:8c4:a691:16eb:7be3,AAKT707IOKgAAB_bLwHDew,6,WEB_ID,ios
10/14/2024 14:40,82.167.121.73,AAKT707IOKgAAB_bLwHDew,6,WEB_ID,ios
10/14/2024 14:48,82.167.121.73,AAKT707IOKgAAB_bLwHDew,6,WEB_ID,ios
10/14/2024 14:49,82.167.121.73,AAKT707IOKgAAB_bLwHDew,6,WEB_ID,ios
10/14/2024 14:56,82.167.121.73,AAKT707IOKgAAB_bLwHDew,6,WEB_ID,ios
10/14/2024 15:08,82.167.121.73,AAKT707IOKgAAB_bLwHDew,6,WEB_ID,ios
10/14/2024 15:14,82.167.121.73,AAKT707IOKgAAB_bLwHDew,6,WEB_ID,ios
10/14/2024 15:15,2a00:5400:e053:631e::,AAKT707IOKgAAB_bLwHDew,6,WEB_ID,ios
10/14/2024 16:27,82.167.121.73,AAKT707IOKgAAB_bLwHDew,6,WEB_ID,ios
10/14/2024 16:35,2a00:5400:e053:631e::,AAKT707IOKgAAB_bLwHDew,6,WEB_ID,ios
10/14/2024 16:36,82.167.121.73,AAKT707IOKgAAB_bLwHDew,6,WEB_ID,ios
10/14/2024 16:44,82.167.121.73,AAKT707IOKgAAB_bLwHDew,6,WEB_ID,ios
10/15/2024 19:50,2a00:5400:e053:631e::,AAKT707IOKgAAB_bLwHDew,6,WEB_ID,ios
10/15/2024 20:00,2a00:5400:e053:631e:8c4:a691:16eb:7be3,AAKT707IOKgAAB_bLwHDew,6,WEB_ID,ios
10/15/2024 20:00,82.167.121.73,AAKT707IOKgAAB_bLwHDew,6,WEB_ID,ios
10/15/2024 20:05,2a00:5400:e053:631e::,AAKT707IOKgAAB_bLwHDew,6,WEB_ID,ios
10/15/2024 20:29,82.167.121.73,AAKT707IOKgAAB_bLwHDew,6,WEB_ID,ios
10/15/2024 20:32,2a00:5400:e053:631e::,AAKT707IOKgAAB_bLwHDew,6,WEB_ID,ios
10/15/2024 20:33,82.167.121.73,AAKT707IOKgAAB_bLwHDew,6,WEB_ID,ios
10/15/2024 20:37,2a00:5400:e053:631e::,AAKT707IOKgAAB_bLwHDew,6,WEB_ID,ios
10/15/2024 20:42,82.167.121.73,AAKT707IOKgAAB_bLwHDew,6,WEB_ID,ios
10/15/2024 20:42,2a00:5400:e053:631e::,AAKT707IOKgAAB_bLwHDew,6,WEB_ID,ios
10/15/2024 20:46,82.167.121.73,AAKT707IOKgAAB_bLwHDew,6,WEB_ID,ios
10/15/2024 20:47,2a00:5400:e053:631e::,AAKT707IOKgAAB_bLwHDew,6,WEB_ID,ios
10/16/2024 9:51,2a00:5400:e053:631e::,AAKT707IOKgAAB_bLwHDew,6,WEB_ID,ios
10/16/2024 9:53,2a00:5400:e053:631e::,AAKT707IOKgAAB_bLwHDew,6,WEB_ID,ios
10/16/2024 10:28,82.167.121.73,AAKT707IOKgAAB_bLwHDew,6,WEB_ID,ios
10/16/2024 10:30,82.167.121.73,AAKT707IOKgAAB_bLwHDew,6,WEB_ID,ios
10/16/2024 10:33,2a00:5400:e053:631e::,AAKT707IOKgAAB_bLwHDew,6,WEB_ID,ios
10/16/2024 10:39,2a00:5400:e053:631e::,AAKT707IOKgAAB_bLwHDew,6,WEB_ID,ios
10/16/2024 10:41,82.167.121.73,AAKT707IOKgAAB_bLwHDew,6,WEB_ID,ios
10/16/2024 10:41,2a00:5400:e053:631e::,AAKT707IOKgAAB_bLwHDew,6,WEB_ID,ios
10/16/2024 10:48,2a00:5400:e053:631e::,AAKT707IOKgAAB_bLwHDew,6,WEB_ID,ios
10/16/2024 10:49,82.167.121.73,AAKT707IOKgAAB_bLwHDew,6,WEB_ID,ios
10/16/2024 10:17,2a00:5400:e053:631e::,AAKT707IOKgAAB_bLwHDew,6,WEB_ID,ios
10/16/2024 10:19,2a00:5400:e053:631e::,AAKT707IOKgAAB_bLwHDew,6,WEB_ID,ios
10/16/2024 10:19,82.167.121.73,AAKT707IOKgAAB_bLwHDew,6,WEB_ID,ios
10/16/2024 10:25,2a00:5400:e053:631e::,AAKT707IOKgAAB_bLwHDew,6,WEB_ID,ios
10/16/2024 10:25,82.167.121.73,AAKT707IOKgAAB_bLwHDew,6,WEB_ID,ios
10/16/2024 10:30,2a00:5400:e053:631e::,AAKT707IOKgAAB_bLwHDew,6,WEB_ID,ios
10/16/2024 10:30,82.167.121.73,AAKT707IOKgAAB_bLwHDew,6,WEB_ID,ios
10/16/2024 10:32,82.167.121.73,AAKT707IOKgAAB_bLwHDew,6,WEB_ID,ios
10/16/2024 10:35,2a00:5400:e053:631e::,AAKT707IOKgAAB_bLwHDew,6,WEB_ID,ios
10/16/2024 10:38,2a00:5400:e053:631e::,AAKT707IOKgAAB_bLwHDew,6,WEB_ID,ios
10/16/2024 10:40,82.167.121.73,AAKT707IOKgAAB_bLwHDew,6,WEB_ID,ios
10/16/2024 10:42,2a00:5400:e053:631e::,AAKT707IOKgAAB_bLwHDew,6,WEB_ID,ios
10/16/2024 10:43,82.167.121.73,AAKT707IOKgAAB_bLwHDew,6,WEB_ID,ios
10/16/2024 11:04,2a00:5400:e053:631e::,AAKT707IOKgAAB_bLwHDew,6,WEB_ID,ios
10/16/2024 11:04,82.167.121.73,AAKT707IOKgAAB_bLwHDew,6,WEB_ID,ios
10/16/2024 11:08,82.167.121.73,AAKT707IOKgAAB_bLwHDew,6,WEB_ID,ios
10/16/2024 11:10,2a00:5400:e053:631e::,AAKT707IOKgAAB_bLwHDew,6,WEB_ID,ios
10/16/2024 11:15,2a00:5400:e053:631e::,AAKT707IOKgAAB_bLwHDew,6,WEB_ID,ios
10/16/2024 11:15,82.167.121.73,AAKT707IOKgAAB_bLwHDew,6,WEB_ID,ios
10/16/2024 11:37,2a00:5400:e053:631e::,AAKT707IOKgAAB_bLwHDew,6,WEB_ID,ios
10/16/2024 11:38,2a00:5400:e053:631e:8c4:a691:16eb:7be3,AAKT707IOKgAAB_bLwHDew,6,WEB_ID,ios
10/16/2024 11:39,82.167.121.73,AAKT707IOKgAAB_bLwHDew,6,WEB_ID,ios
10/16/2024 11:39,82.167.121.73,AAKT707IOKgAAB_bLwHDew,6,WEB_ID,ios
10/16/2024 11:39,2a00:5400:e053:631e::,AAKT707IOKgAAB_bLwHDew,6,WEB_ID,ios
10/16/2024 11:43,2a00:5400:e053:631e::,AAKT707IOKgAAB_bLwHDew,6,WEB_ID,ios
10/16/2024 11:44,82.167.121.73,AAKT707IOKgAAB_bLwHDew,6,WEB_ID,ios
10/16/2024 11:45,82.167.121.73,AAKT707IOKgAAB_bLwHDew,6,WEB_ID,ios
10/11/2024 8:02,103.121.110.223,1a6196f1-7953-4e5a-8449-780be167de51,2,IDFV,ios
10/11/2024 8:06,103.121.110.223,1a6196f1-7953-4e5a-8449-780be167de51,2,IDFV,ios
10/11/2024 8:15,103.121.110.223,1a6196f1-7953-4e5a-8449-780be167de51,2,IDFV,ios
10/11/2024 8:19,103.121.110.223,1a6196f1-7953-4e5a-8449-780be167de51,2,IDFV,ios
10/11/2024 8:31,103.121.110.223,1a6196f1-7953-4e5a-8449-780be167de51,2,IDFV,ios
10/11/2024 8:33,103.121.110.223,1a6196f1-7953-4e5a-8449-780be167de51,2,IDFV,ios
11/8/2024 19:55,82.167.67.118,AAFcvU7LIAoAABO-Xttw5A,7,WEB_ID,android
11/8/2024 19:59,82.167.67.118,AAFcvU7LIAoAABO-Xttw5A,7,WEB_ID,android
11/8/2024 20:01,82.167.67.118,AAFcvU7LIAoAABO-Xttw5A,7,WEB_ID,android
11/8/2024 20:01,82.167.67.118,AAFcvU7LIAoAABO-Xttw5A,7,WEB_ID,android
11/8/2024 20:02,82.167.67.118,AAFcvU7LIAoAABO-Xttw5A,7,WEB_ID,android
11/8/2024 20:02,82.167.67.118,AAFcvU7LIAoAABO-Xttw5A,7,WEB_ID,android
10/16/2024 11:57,2a00:5400:e053:631e:8c4:a691:16eb:7be3,AAKT707IOKgAAB_bLwHDew,6,WEB_ID,ios
10/16/2024 11:59,2a00:5400:e053:631e::,AAKT707IOKgAAB_bLwHDew,6,WEB_ID,ios
10/16/2024 12:03,2a00:5400:e053:631e::,AAKT707IOKgAAB_bLwHDew,6,WEB_ID,ios
10/16/2024 12:03,2a00:5400:e053:631e:8c4:a691:16eb:7be3,AAKT707IOKgAAB_bLwHDew,6,WEB_ID,ios
10/16/2024 12:04,82.167.121.73,AAKT707IOKgAAB_bLwHDew,6,WEB_ID,ios
10/16/2024 12:04,82.167.121.73,AAKT707IOKgAAB_bLwHDew,6,WEB_ID,ios
10/16/2024 12:04,82.167.121.73,AAKT707IOKgAAB_bLwHDew,6,WEB_ID,ios
10/16/2024 12:04,82.167.121.73,AAKT707IOKgAAB_bLwHDew,6,WEB_ID,ios
10/16/2024 12:04,82.167.121.73,AAKT707IOKgAAB_bLwHDew,6,WEB_ID,ios
10/16/2024 12:04,2a00:5400:e053:631e::,AAKT707IOKgAAB_bLwHDew,6,WEB_ID,ios
10/16/2024 12:07,2a00:5400:e053:631e::,AAKT707IOKgAAB_bLwHDew,6,WEB_ID,ios
10/16/2024 12:09,2a00:5400:e053:631e::,AAKT707IOKgAAB_bLwHDew,6,WEB_ID,ios
10/16/2024 12:09,82.167.121.73,AAKT707IOKgAAB_bLwHDew,6,WEB_ID,ios
10/16/2024 12:10,2a00:5400:e053:631e::,AAKT707IOKgAAB_bLwHDew,6,WEB_ID,ios
10/11/2024 13:35,103.121.110.223,1a6196f1-7953-4e5a-8449-780be167de51,2,IDFV,ios
10/16/2024 12:33,82.167.121.73,AAKT707IOKgAAB_bLwHDew,6,WEB_ID,ios
10/16/2024 12:56,82.167.121.73,AAKT707IOKgAAB_bLwHDew,6,WEB_ID,ios
10/11/2024 14:07,103.121.110.223,1a6196f1-7953-4e5a-8449-780be167de51,2,IDFV,ios
10/11/2024 14:07,202.165.46.250,686931a4-abd8-46e6-b0e3-78e57c0c620c,2,IDFV,ios
10/12/2024 8:56,103.121.110.223,1a6196f1-7953-4e5a-8449-780be167de51,2,IDFV,ios
10/12/2024 9:02,103.121.110.223,1a6196f1-7953-4e5a-8449-780be167de51,2,IDFV,ios
10/16/2024 12:58,2001:16a2:c85c:2500::,AAKT707IOKgAAB_bLwHDew,6,WEB_ID,ios
10/16/2024 13:03,2001:16a2:c85c:2500::,AAKT707IOKgAAB_bLwHDew,6,WEB_ID,ios
10/16/2024 13:05,2001:16a2:c85c:2500::,AAKT707IOKgAAB_bLwHDew,6,WEB_ID,ios
10/12/2024 9:19,103.121.110.223,1a6196f1-7953-4e5a-8449-780be167de51,2,IDFV,ios
10/16/2024 12:59,129.208.101.0,AAKT707IOKgAAB_bLwHDew,6,WEB_ID,ios
10/16/2024 13:22,129.208.101.0,AAKT707IOKgAAB_bLwHDew,6,WEB_ID,ios
10/12/2024 11:29,103.121.171.103,95d9aeb3-c446-4b44-b165-8f617e14955e,2,IDFV,ios
10/12/2024 18:39,103.121.110.223,1a6196f1-7953-4e5a-8449-780be167de51,2,IDFV,ios
10/12/2024 18:44,103.121.110.223,1a6196f1-7953-4e5a-8449-780be167de51,2,IDFV,ios
11/8/2024 20:28,2a00:5400:f014::,AAKRGE7P9eIAABxfJkTLVA,7,WEB_ID,android
10/12/2024 19:15,103.121.244.17,1a6196f1-7953-4e5a-8449-780be167de51,2,IDFV,ios
10/12/2024 19:19,103.121.244.17,1a6196f1-7953-4e5a-8449-780be167de51,2,IDFV,ios
10/12/2024 19:20,103.121.244.17,1a6196f1-7953-4e5a-8449-780be167de51,2,IDFV,ios
10/12/2024 19:21,103.121.244.17,1a6196f1-7953-4e5a-8449-780be167de51,2,IDFV,ios
10/12/2024 19:22,103.121.244.17,1a6196f1-7953-4e5a-8449-780be167de51,2,IDFV,ios
10/12/2024 19:29,103.121.244.17,1a6196f1-7953-4e5a-8449-780be167de51,2,IDFV,ios
10/16/2024 13:37,82.167.121.73,AAKT707IOKgAAB_bLwHDew,6,WEB_ID,ios
10/16/2024 13:40,82.167.121.73,AAKT707IOKgAAB_bLwHDew,6,WEB_ID,ios
10/16/2024 13:45,82.167.121.73,AAKT707IOKgAAB_bLwHDew,6,WEB_ID,ios
10/16/2024 16:27,2a00:5400:e053:631e::,AAKT707IOKgAAB_bLwHDew,6,WEB_ID,ios
10/16/2024 16:32,82.167.121.73,AAKT707IOKgAAB_bLwHDew,6,WEB_ID,ios
10/16/2024 16:33,2a00:5400:e053:631e::,AAKT707IOKgAAB_bLwHDew,6,WEB_ID,ios
10/16/2024 16:43,82.167.121.73,AAKT707IOKgAAB_bLwHDew,6,WEB_ID,ios
10/16/2024 17:03,82.167.121.73,AAKT707IOKgAAB_bLwHDew,6,WEB_ID,ios
10/16/2024 17:18,82.167.121.73,AAKT707IOKgAAB_bLwHDew,6,WEB_ID,ios
10/16/2024 17:19,82.167.121.73,AAKT707IOKgAAB_bLwHDew,6,WEB_ID,ios
10/16/2024 17:20,82.167.121.73,AAKT707IOKgAAB_bLwHDew,6,WEB_ID,ios
10/12/2024 19:30,182.3.53.192,686931a4-abd8-46e6-b0e3-78e57c0c620c,2,IDFV,ios
10/14/2024 16:48,182.3.38.236,686931a4-abd8-46e6-b0e3-78e57c0c620c,2,IDFV,ios
10/14/2024 16:49,182.3.38.236,686931a4-abd8-46e6-b0e3-78e57c0c620c,2,IDFV,ios
10/17/2024 9:29,2a00:5400:e053:631e:f4f6:91bb:5daa:9204,AAKT707IOKgAAB_bLwHDew,6,WEB_ID,ios
10/17/2024 9:34,82.167.121.73,AAKT707IOKgAAB_bLwHDew,6,WEB_ID,ios
10/17/2024 9:39,82.167.121.73,AAKT707IOKgAAB_bLwHDew,6,WEB_ID,ios
10/17/2024 9:44,82.167.121.73,AAKT707IOKgAAB_bLwHDew,6,WEB_ID,ios
10/17/2024 9:46,82.167.121.73,AAKT707IOKgAAB_bLwHDew,6,WEB_ID,ios
10/17/2024 9:51,82.167.121.73,AAKT707IOKgAAB_bLwHDew,6,WEB_ID,ios
10/17/2024 9:59,82.167.121.73,AAKT707IOKgAAB_bLwHDew,6,WEB_ID,ios
10/17/2024 10:04,82.167.121.73,AAKT707IOKgAAB_bLwHDew,6,WEB_ID,ios
10/17/2024 10:08,82.167.121.73,AAKT707IOKgAAB_bLwHDew,6,WEB_ID,ios
10/17/2024 10:11,82.167.121.73,AAKT707IOKgAAB_bLwHDew,6,WEB_ID,ios
10/17/2024 10:19,82.167.121.73,AAKT707IOKgAAB_bLwHDew,6,WEB_ID,ios
10/17/2024 14:54,82.167.121.73,AAKT707IOKgAAB_bLwHDew,6,WEB_ID,ios
10/17/2024 15:01,82.167.121.73,AAKT707IOKgAAB_bLwHDew,6,WEB_ID,ios
10/17/2024 15:04,82.167.121.73,AAKT707IOKgAAB_bLwHDew,6,WEB_ID,ios
10/17/2024 15:11,82.167.121.73,AAKT707IOKgAAB_bLwHDew,6,WEB_ID,ios
10/17/2024 15:15,82.167.121.73,AAKT707IOKgAAB_bLwHDew,6,WEB_ID,ios
10/17/2024 15:20,82.167.121.73,AAKT707IOKgAAB_bLwHDew,6,WEB_ID,ios
10/18/2024 13:52,82.167.121.73,AAKT707IOKgAAB_bLwHDew,6,WEB_ID,ios
10/18/2024 13:58,82.167.121.73,AAKT707IOKgAAB_bLwHDew,6,WEB_ID,ios
10/18/2024 14:00,82.167.121.73,AAKT707IOKgAAB_bLwHDew,6,WEB_ID,ios
10/18/2024 14:05,2a00:5400:e053:631e::,AAKT707IOKgAAB_bLwHDew,6,WEB_ID,ios
10/14/2024 17:14,103.121.244.17,1a6196f1-7953-4e5a-8449-780be167de51,2,IDFV,ios
10/14/2024 17:19,103.121.244.17,1a6196f1-7953-4e5a-8449-780be167de51,2,IDFV,ios
10/14/2024 17:23,103.121.244.17,1a6196f1-7953-4e5a-8449-780be167de51,2,IDFV,ios
10/14/2024 17:26,103.121.244.17,1a6196f1-7953-4e5a-8449-780be167de51,2,IDFV,ios
10/14/2024 17:33,103.121.244.17,1a6196f1-7953-4e5a-8449-780be167de51,2,IDFV,ios
10/14/2024 17:39,103.121.244.17,1a6196f1-7953-4e5a-8449-780be167de51,2,IDFV,ios
10/15/2024 12:48,103.121.244.17,1a6196f1-7953-4e5a-8449-780be167de51,2,IDFV,ios
11/8/2024 20:28,2001:16a4:1e::,AAFcvU7LIAoAABO-Xttw5A,7,WEB_ID,android
11/8/2024 20:28,2001:16a4:1e::,AAFcvU7LIAoAABO-Xttw5A,7,WEB_ID,android
11/8/2024 20:28,2001:16a4:1e::,AAFcvU7LIAoAABO-Xttw5A,7,WEB_ID,android
11/8/2024 20:28,2001:16a4:1e::,AAFcvU7LIAoAABO-Xttw5A,7,WEB_ID,android
11/8/2024 20:30,2001:16a4:1e::,AAFcvU7LIAoAABO-Xttw5A,7,WEB_ID,android
11/9/2024 9:29,2001:16a4:1e::,AAFcvU7LIAoAABO-Xttw5A,7,WEB_ID,android
11/9/2024 9:31,2001:16a4:1e::,AAFcvU7LIAoAABO-Xttw5A,7,WEB_ID,android
10/15/2024 13:25,103.121.138.180,686931a4-abd8-46e6-b0e3-78e57c0c620c,2,IDFV,ios
10/15/2024 13:33,103.121.138.180,686931a4-abd8-46e6-b0e3-78e57c0c620c,2,IDFV,ios
10/15/2024 13:34,103.121.138.180,686931a4-abd8-46e6-b0e3-78e57c0c620c,2,IDFV,ios
10/15/2024 13:37,103.121.138.180,686931a4-abd8-46e6-b0e3-78e57c0c620c,2,IDFV,ios
10/15/2024 13:39,103.121.138.180,686931a4-abd8-46e6-b0e3-78e57c0c620c,2,IDFV,ios
10/15/2024 13:42,103.121.138.180,686931a4-abd8-46e6-b0e3-78e57c0c620c,2,IDFV,ios
10/18/2024 14:40,2a00:5400:e053:631e:f4f6:91bb:5daa:9204,AAKT707IOKgAAB_bLwHDew,6,WEB_ID,ios
10/18/2024 14:41,2a00:5400:e053:631e::,AAKT707IOKgAAB_bLwHDew,6,WEB_ID,ios
10/18/2024 15:40,2a00:5400:e053:631e::,AAKT707IOKgAAB_bLwHDew,6,WEB_ID,ios
10/18/2024 16:00,2a00:5400:e053:631e::,AAKT707IOKgAAB_bLwHDew,6,WEB_ID,ios
10/18/2024 15:56,82.167.121.73,AAKT707IOKgAAB_bLwHDew,6,WEB_ID,ios
10/18/2024 15:59,2a00:5400:e053:631e::,AAKT707IOKgAAB_bLwHDew,6,WEB_ID,ios
10/18/2024 16:06,82.167.121.73,AAKT707IOKgAAB_bLwHDew,6,WEB_ID,ios
10/18/2024 16:10,82.167.121.73,AAKT707IOKgAAB_bLwHDew,6,WEB_ID,ios
10/18/2024 16:24,2a00:5400:e053:631e:f4f6:91bb:5daa:9204,AAKT707IOKgAAB_bLwHDew,6,WEB_ID,ios
10/18/2024 16:30,82.167.121.73,AAKT707IOKgAAB_bLwHDew,6,WEB_ID,ios
10/18/2024 16:35,2a00:5400:e053:631e:f4f6:91bb:5daa:9204,AAKT707IOKgAAB_bLwHDew,6,WEB_ID,ios
10/18/2024 16:35,82.167.121.73,AAKT707IOKgAAB_bLwHDew,6,WEB_ID,ios
10/18/2024 16:40,2a00:5400:e053:631e:f4f6:91bb:5daa:9204,AAKT707IOKgAAB_bLwHDew,6,WEB_ID,ios
10/18/2024 16:42,82.167.121.73,AAKT707IOKgAAB_bLwHDew,6,WEB_ID,ios
10/15/2024 15:21,103.121.244.17,1a6196f1-7953-4e5a-8449-780be167de51,2,IDFV,ios
10/15/2024 15:21,103.121.244.17,1a6196f1-7953-4e5a-8449-780be167de51,2,IDFV,ios
10/15/2024 15:26,103.121.244.17,1a6196f1-7953-4e5a-8449-780be167de51,2,IDFV,ios
10/15/2024 15:28,103.121.244.17,1a6196f1-7953-4e5a-8449-780be167de51,2,IDFV,ios
10/15/2024 15:35,103.121.244.17,1a6196f1-7953-4e5a-8449-780be167de51,2,IDFV,ios
10/15/2024 17:30,103.121.244.17,1a6196f1-7953-4e5a-8449-780be167de51,2,IDFV,ios
10/15/2024 17:35,103.121.244.17,1a6196f1-7953-4e5a-8449-780be167de51,2,IDFV,ios
10/15/2024 17:37,103.121.244.17,1a6196f1-7953-4e5a-8449-780be167de51,2,IDFV,ios
10/15/2024 17:46,103.121.244.17,1a6196f1-7953-4e5a-8449-780be167de51,2,IDFV,ios
10/15/2024 17:48,103.121.244.17,1a6196f1-7953-4e5a-8449-780be167de51,2,IDFV,ios
10/15/2024 17:56,103.121.244.17,1a6196f1-7953-4e5a-8449-780be167de51,2,IDFV,ios
10/15/2024 18:02,103.121.244.17,1a6196f1-7953-4e5a-8449-780be167de51,2,IDFV,ios
10/18/2024 16:12,82.167.73.137,AAKT707IOKgAAB_bLwHDew,6,WEB_ID,ios
10/15/2024 18:23,182.2.142.229,686931a4-abd8-46e6-b0e3-78e57c0c620c,2,IDFV,ios
10/18/2024 17:29,2a00:5400:e053:631e:f4f6:91bb:5daa:9204,AAKT707IOKgAAB_bLwHDew,6,WEB_ID,ios
10/20/2024 9:58,82.167.73.137,AAKT707IOKgAAB_bLwHDew,6,WEB_ID,ios
10/20/2024 10:10,82.167.73.137,AAKT707IOKgAAB_bLwHDew,6,WEB_ID,ios
10/20/2024 10:14,82.167.73.137,AAKT707IOKgAAB_bLwHDew,6,WEB_ID,ios
10/20/2024 10:21,82.167.73.137,AAKT707IOKgAAB_bLwHDew,6,WEB_ID,ios
10/20/2024 10:22,82.167.73.137,AAKT707IOKgAAB_bLwHDew,6,WEB_ID,ios
10/20/2024 10:28,82.167.73.137,AAKT707IOKgAAB_bLwHDew,6,WEB_ID,ios
10/20/2024 10:33,82.167.73.137,AAKT707IOKgAAB_bLwHDew,6,WEB_ID,ios
10/20/2024 10:40,82.167.73.137,AAKT707IOKgAAB_bLwHDew,6,WEB_ID,ios
10/15/2024 20:16,103.121.244.17,1a6196f1-7953-4e5a-8449-780be167de51,2,IDFV,ios
10/15/2024 20:20,103.121.244.17,1a6196f1-7953-4e5a-8449-780be167de51,2,IDFV,ios
10/15/2024 20:23,103.121.244.17,1a6196f1-7953-4e5a-8449-780be167de51,2,IDFV,ios
10/15/2024 20:32,103.121.244.17,1a6196f1-7953-4e5a-8449-780be167de51,2,IDFV,ios
10/15/2024 20:37,103.121.244.17,1a6196f1-7953-4e5a-8449-780be167de51,2,IDFV,ios
10/15/2024 20:38,103.121.244.17,1a6196f1-7953-4e5a-8449-780be167de51,2,IDFV,ios
10/15/2024 20:41,103.121.244.17,1a6196f1-7953-4e5a-8449-780be167de51,2,IDFV,ios
10/15/2024 20:43,103.121.244.17,1a6196f1-7953-4e5a-8449-780be167de51,2,IDFV,ios
11/9/2024 10:01,2a00:5400:e051::,AAFcvU7LIAoAABO-Xttw5A,7,WEB_ID,android
11/9/2024 10:04,2a00:5400:e051::,AAFcvU7LIAoAABO-Xttw5A,7,WEB_ID,android
11/9/2024 10:05,2a00:5400:e051::,AAFcvU7LIAoAABO-Xttw5A,7,WEB_ID,android
11/9/2024 10:05,2a00:5400:e051::,AAFcvU7LIAoAABO-Xttw5A,7,WEB_ID,android
11/9/2024 10:06,2a00:5400:e051::,AAFcvU7LIAoAABO-Xttw5A,7,WEB_ID,android
11/9/2024 10:06,2a00:5400:e051::,AAFcvU7LIAoAABO-Xttw5A,7,WEB_ID,android
11/9/2024 10:09,2a00:5400:e051::,AAFcvU7LIAoAABO-Xttw5A,7,WEB_ID,android
11/9/2024 10:09,2a00:5400:e051::,AAFcvU7LIAoAABO-Xttw5A,7,WEB_ID,android
11/9/2024 10:10,2a00:5400:e051::,AAFcvU7LIAoAABO-Xttw5A,7,WEB_ID,android
11/9/2024 10:10,2a00:5400:e051::,AAFcvU7LIAoAABO-Xttw5A,7,WEB_ID,android
11/9/2024 10:10,2a00:5400:e051::,AAFcvU7LIAoAABO-Xttw5A,7,WEB_ID,android
11/9/2024 10:11,2a00:5400:e051::,AAFcvU7LIAoAABO-Xttw5A,7,WEB_ID,android
11/9/2024 10:12,2a00:5400:e051::,AAFcvU7LIAoAABO-Xttw5A,7,WEB_ID,android
11/9/2024 10:12,2a00:5400:e051::,AAFcvU7LIAoAABO-Xttw5A,7,WEB_ID,android
11/9/2024 10:13,2a00:5400:e051::,AAFcvU7LIAoAABO-Xttw5A,7,WEB_ID,android
11/9/2024 10:13,2a00:5400:e051::,AAFcvU7LIAoAABO-Xttw5A,7,WEB_ID,android
11/9/2024 10:14,2a00:5400:e051::,AAFcvU7LIAoAABO-Xttw5A,7,WEB_ID,android
11/9/2024 10:15,2a00:5400:e051::,AAFcvU7LIAoAABO-Xttw5A,7,WEB_ID,android
11/9/2024 10:19,2a00:5400:e051::,AAFcvU7LIAoAABO-Xttw5A,7,WEB_ID,android
11/9/2024 10:19,2a00:5400:e051::,AAFcvU7LIAoAABO-Xttw5A,7,WEB_ID,android
11/9/2024 10:19,2a00:5400:e051::,AAFcvU7LIAoAABO-Xttw5A,7,WEB_ID,android
11/9/2024 10:19,2a00:5400:e051::,AAFcvU7LIAoAABO-Xttw5A,7,WEB_ID,android
11/9/2024 10:20,2a00:5400:e051::,AAFcvU7LIAoAABO-Xttw5A,7,WEB_ID,android
11/9/2024 10:22,2a00:5400:e051::,AAFcvU7LIAoAABO-Xttw5A,7,WEB_ID,android
11/9/2024 10:22,2a00:5400:e051::,AAFcvU7LIAoAABO-Xttw5A,7,WEB_ID,android
11/9/2024 10:23,2a00:5400:e051::,AAFcvU7LIAoAABO-Xttw5A,7,WEB_ID,android
11/9/2024 10:24,2a00:5400:e051::,AAFcvU7LIAoAABO-Xttw5A,7,WEB_ID,android
11/9/2024 10:24,2a00:5400:e051::,AAFcvU7LIAoAABO-Xttw5A,7,WEB_ID,android
11/9/2024 10:24,2a00:5400:e051::,AAFcvU7LIAoAABO-Xttw5A,7,WEB_ID,android
11/9/2024 10:48,2a00:5400:e051::,AAFcvU7LIAoAABO-Xttw5A,7,WEB_ID,android
11/9/2024 10:50,2a00:5400:e051::,AAFcvU7LIAoAABO-Xttw5A,7,WEB_ID,android
11/9/2024 10:50,2a00:5400:e051::,AAFcvU7LIAoAABO-Xttw5A,7,WEB_ID,android
11/9/2024 10:50,2a00:5400:e051::,AAFcvU7LIAoAABO-Xttw5A,7,WEB_ID,android
11/9/2024 10:51,2a00:5400:e051::,AAFcvU7LIAoAABO-Xttw5A,7,WEB_ID,android
11/9/2024 10:51,2a00:5400:e051::,AAFcvU7LIAoAABO-Xttw5A,7,WEB_ID,android
11/9/2024 10:52,2a00:5400:e051::,AAFcvU7LIAoAABO-Xttw5A,7,WEB_ID,android
11/9/2024 10:53,2a00:5400:e051::,AAFcvU7LIAoAABO-Xttw5A,7,WEB_ID,android
11/9/2024 10:53,2a00:5400:e051::,AAFcvU7LIAoAABO-Xttw5A,7,WEB_ID,android
11/9/2024 11:43,2a00:5400:f014::,AAKRGE7P9eIAABxfJkTLVA,7,WEB_ID,android
11/9/2024 11:44,2a00:5400:f014::,AAKRGE7P9eIAABxfJkTLVA,7,WEB_ID,android
11/9/2024 13:42,2a00:5400:f014::,AAKRGE7P9eIAABxfJkTLVA,7,WEB_ID,android
11/9/2024 14:03,2a00:5400:f014::,AAKRGE7P9eIAABxfJkTLVA,7,WEB_ID,android
11/9/2024 14:04,2a00:5400:f014::,AAKRGE7P9eIAABxfJkTLVA,7,WEB_ID,android
11/9/2024 14:05,2a00:5400:f014::,AAKRGE7P9eIAABxfJkTLVA,7,WEB_ID,android
11/9/2024 14:05,2a00:5400:f014::,AAKRGE7P9eIAABxfJkTLVA,7,WEB_ID,android
11/9/2024 14:06,2a00:5400:f014::,AAKRGE7P9eIAABxfJkTLVA,7,WEB_ID,android
11/9/2024 14:12,2a00:5400:f014::,AAKRGE7P9eIAABxfJkTLVA,7,WEB_ID,android
11/9/2024 14:14,2a00:5400:f014::,AAKRGE7P9eIAABxfJkTLVA,7,WEB_ID,android
11/9/2024 14:15,2a00:5400:f014::,AAKRGE7P9eIAABxfJkTLVA,7,WEB_ID,android
11/9/2024 14:21,2a00:5400:f014::,AAKRGE7P9eIAABxfJkTLVA,7,WEB_ID,android
11/9/2024 14:26,2a00:5400:f014::,AAKRGE7P9eIAABxfJkTLVA,7,WEB_ID,android
11/9/2024 14:27,2a00:5400:f014::,AAKRGE7P9eIAABxfJkTLVA,7,WEB_ID,android
11/9/2024 14:27,2a00:5400:f014::,AAKRGE7P9eIAABxfJkTLVA,7,WEB_ID,android
11/9/2024 14:28,2a00:5400:f014::,AAKRGE7P9eIAABxfJkTLVA,7,WEB_ID,android
11/9/2024 14:06,2a00:5400:f014::,AAKRGE7P9eIAABxfJkTLVA,7,WEB_ID,android
11/9/2024 14:18,2a00:5400:f014::,AAKRGE7P9eIAABxfJkTLVA,7,WEB_ID,android
11/9/2024 14:20,2a00:5400:f014::,AAKRGE7P9eIAABxfJkTLVA,7,WEB_ID,android
11/9/2024 14:22,2a00:5400:f014::,AAKRGE7P9eIAABxfJkTLVA,7,WEB_ID,android
11/9/2024 14:25,2a00:5400:f014::,AAKRGE7P9eIAABxfJkTLVA,7,WEB_ID,android
11/9/2024 14:26,2a00:5400:f014::,AAKRGE7P9eIAABxfJkTLVA,7,WEB_ID,android
11/9/2024 14:29,2a00:5400:f014::,AAKRGE7P9eIAABxfJkTLVA,7,WEB_ID,android
10/20/2024 15:05,2a00:5400:e053:631e::,AAKT707IOKgAAB_bLwHDew,6,WEB_ID,ios
10/20/2024 15:09,82.167.99.137,AAKT707IOKgAAB_bLwHDew,6,WEB_ID,ios
10/20/2024 15:09,2a00:5400:e053:631e::,AAKT707IOKgAAB_bLwHDew,6,WEB_ID,ios
10/20/2024 15:10,82.167.99.137,AAKT707IOKgAAB_bLwHDew,6,WEB_ID,ios
10/20/2024 15:10,2a00:5400:e053:631e::,AAKT707IOKgAAB_bLwHDew,6,WEB_ID,ios
10/20/2024 15:11,82.167.99.137,AAKT707IOKgAAB_bLwHDew,6,WEB_ID,ios
10/20/2024 15:11,2a00:5400:e053:631e::,AAKT707IOKgAAB_bLwHDew,6,WEB_ID,ios
11/9/2024 14:35,2a00:5400:f014::,AAKRGE7P9eIAABxfJkTLVA,7,WEB_ID,android
11/9/2024 14:37,2a00:5400:f014::,AAKRGE7P9eIAABxfJkTLVA,7,WEB_ID,android
11/9/2024 14:37,2a00:5400:f014::,AAKRGE7P9eIAABxfJkTLVA,7,WEB_ID,android
11/9/2024 14:47,2a00:5400:f014::,AAKRGE7P9eIAABxfJkTLVA,7,WEB_ID,android
11/9/2024 14:54,2a00:5400:e337::,AAA7PE7OD50AABQ_9xhR4Q,7,WEB_ID,android
11/9/2024 18:14,2a00:5400:e051::,AAFcvU7LIAoAABO-Xttw5A,7,WEB_ID,android
11/9/2024 18:16,2a00:5400:e051::,AAFcvU7LIAoAABO-Xttw5A,7,WEB_ID,android
11/9/2024 18:17,2a00:5400:e051::,AAFcvU7LIAoAABO-Xttw5A,7,WEB_ID,android
11/9/2024 18:17,2a00:5400:e051::,AAFcvU7LIAoAABO-Xttw5A,7,WEB_ID,android
11/9/2024 18:17,2a00:5400:e051::,AAFcvU7LIAoAABO-Xttw5A,7,WEB_ID,android
11/9/2024 18:19,2a00:5400:e051::,AAFcvU7LIAoAABO-Xttw5A,7,WEB_ID,android
11/9/2024 18:20,2a00:5400:e051::,AAFcvU7LIAoAABO-Xttw5A,7,WEB_ID,android
11/9/2024 18:20,2a00:5400:e051::,AAFcvU7LIAoAABO-Xttw5A,7,WEB_ID,android
11/9/2024 18:22,2a00:5400:e051::,AAFcvU7LIAoAABO-Xttw5A,7,WEB_ID,android
11/9/2024 18:23,2a00:5400:e051::,AAFcvU7LIAoAABO-Xttw5A,7,WEB_ID,android
11/9/2024 18:23,2a00:5400:e051::,AAFcvU7LIAoAABO-Xttw5A,7,WEB_ID,android
11/9/2024 18:23,2a00:5400:e051::,AAFcvU7LIAoAABO-Xttw5A,7,WEB_ID,android
11/9/2024 18:24,2a00:5400:e051::,AAFcvU7LIAoAABO-Xttw5A,7,WEB_ID,android
11/9/2024 18:30,2a00:5400:e051::,AAFcvU7LIAoAABO-Xttw5A,7,WEB_ID,android
11/9/2024 18:33,2a00:5400:e051::,AAFcvU7LIAoAABO-Xttw5A,7,WEB_ID,android
11/9/2024 18:33,2a00:5400:e051::,AAFcvU7LIAoAABO-Xttw5A,7,WEB_ID,android
11/9/2024 18:34,2a00:5400:e051::,AAFcvU7LIAoAABO-Xttw5A,7,WEB_ID,android
11/9/2024 18:35,2a00:5400:e051::,AAFcvU7LIAoAABO-Xttw5A,7,WEB_ID,android
11/9/2024 18:21,2a00:5400:e051::,AAFcvU7LIAoAABO-Xttw5A,7,WEB_ID,android
11/9/2024 18:22,2a00:5400:e051::,AAFcvU7LIAoAABO-Xttw5A,7,WEB_ID,android
11/9/2024 18:22,2a00:5400:e051::,AAFcvU7LIAoAABO-Xttw5A,7,WEB_ID,android
11/9/2024 18:23,2a00:5400:e051::,AAFcvU7LIAoAABO-Xttw5A,7,WEB_ID,android
11/9/2024 18:24,2a00:5400:e051::,AAFcvU7LIAoAABO-Xttw5A,7,WEB_ID,android
11/9/2024 18:26,2a00:5400:e051::,AAFcvU7LIAoAABO-Xttw5A,7,WEB_ID,android
11/9/2024 18:26,2a00:5400:e051::,AAFcvU7LIAoAABO-Xttw5A,7,WEB_ID,android
10/16/2024 10:09,103.121.244.17,1a6196f1-7953-4e5a-8449-780be167de51,2,IDFV,ios
10/16/2024 10:14,103.121.244.17,1a6196f1-7953-4e5a-8449-780be167de51,2,IDFV,ios
10/16/2024 10:17,103.121.244.17,1a6196f1-7953-4e5a-8449-780be167de51,2,IDFV,ios
10/16/2024 10:25,103.121.244.17,1a6196f1-7953-4e5a-8449-780be167de51,2,IDFV,ios
10/16/2024 10:29,103.121.244.17,1a6196f1-7953-4e5a-8449-780be167de51,2,IDFV,ios
10/16/2024 10:33,103.121.244.17,1a6196f1-7953-4e5a-8449-780be167de51,2,IDFV,ios
10/16/2024 11:09,103.121.244.17,1a6196f1-7953-4e5a-8449-780be167de51,2,IDFV,ios
10/16/2024 11:27,103.121.244.17,1a6196f1-7953-4e5a-8449-780be167de51,2,IDFV,ios
10/16/2024 11:28,103.121.244.17,1a6196f1-7953-4e5a-8449-780be167de51,2,IDFV,ios
10/16/2024 11:32,103.121.244.17,1a6196f1-7953-4e5a-8449-780be167de51,2,IDFV,ios
11/9/2024 18:57,2a00:5400:f014::,AAKRGE7P9eIAABxfJkTLVA,7,WEB_ID,android
10/16/2024 11:42,103.121.244.17,1a6196f1-7953-4e5a-8449-780be167de51,2,IDFV,ios
11/9/2024 18:57,2a00:5400:f014::,AAKRGE7P9eIAABxfJkTLVA,7,WEB_ID,android
11/9/2024 18:58,2a00:5400:f014::,AAKRGE7P9eIAABxfJkTLVA,7,WEB_ID,android
11/9/2024 18:59,2a00:5400:f014::,AAKRGE7P9eIAABxfJkTLVA,7,WEB_ID,android
11/9/2024 18:59,2a00:5400:f014::,AAKRGE7P9eIAABxfJkTLVA,7,WEB_ID,android
11/9/2024 19:00,2a00:5400:f014::,AAKRGE7P9eIAABxfJkTLVA,7,WEB_ID,android
11/9/2024 19:02,2a00:5400:f014::,AAKRGE7P9eIAABxfJkTLVA,7,WEB_ID,android
11/9/2024 19:02,2a00:5400:f014::,AAKRGE7P9eIAABxfJkTLVA,7,WEB_ID,android
11/9/2024 19:02,2a00:5400:f014::,AAKRGE7P9eIAABxfJkTLVA,7,WEB_ID,android
11/9/2024 19:03,2a00:5400:f014::,AAKRGE7P9eIAABxfJkTLVA,7,WEB_ID,android
11/9/2024 19:04,2a00:5400:f014::,AAKRGE7P9eIAABxfJkTLVA,7,WEB_ID,android
11/9/2024 19:04,2a00:5400:f014::,AAKRGE7P9eIAABxfJkTLVA,7,WEB_ID,android
11/9/2024 19:06,2a00:5400:f014::,AAKRGE7P9eIAABxfJkTLVA,7,WEB_ID,android
11/9/2024 19:09,2a00:5400:f014::,AAKRGE7P9eIAABxfJkTLVA,7,WEB_ID,android
11/9/2024 19:13,2a00:5400:f014::,AAKRGE7P9eIAABxfJkTLVA,7,WEB_ID,android
11/9/2024 19:13,2a00:5400:f014::,AAKRGE7P9eIAABxfJkTLVA,7,WEB_ID,android
11/9/2024 19:15,2a00:5400:f014::,AAKRGE7P9eIAABxfJkTLVA,7,WEB_ID,android
11/9/2024 19:15,2a00:5400:f014::,AAKRGE7P9eIAABxfJkTLVA,7,WEB_ID,android
11/9/2024 19:54,2a00:5400:e051::,AAFcvU7LIAoAABO-Xttw5A,7,WEB_ID,android
11/9/2024 19:54,2a00:5400:e051::,AAFcvU7LIAoAABO-Xttw5A,7,WEB_ID,android
11/9/2024 19:56,2a00:5400:e051::,AAFcvU7LIAoAABO-Xttw5A,7,WEB_ID,android
11/9/2024 19:56,2a00:5400:e051::,AAFcvU7LIAoAABO-Xttw5A,7,WEB_ID,android
11/9/2024 19:59,2a00:5400:e051::,AAFcvU7LIAoAABO-Xttw5A,7,WEB_ID,android
11/9/2024 20:01,2a00:5400:e051::,AAFcvU7LIAoAABO-Xttw5A,7,WEB_ID,android
11/9/2024 20:01,2a00:5400:e051::,AAFcvU7LIAoAABO-Xttw5A,7,WEB_ID,android
11/9/2024 20:03,82.167.78.0,AAFcvU7LIAoAABO-Xttw5A,7,WEB_ID,android
11/9/2024 20:03,82.167.78.0,AAFcvU7LIAoAABO-Xttw5A,7,WEB_ID,android
10/21/2024 11:51,82.167.99.137,AAKT707IOKgAAB_bLwHDew,6,WEB_ID,ios
10/21/2024 11:53,82.167.99.137,AAKT707IOKgAAB_bLwHDew,6,WEB_ID,ios
10/21/2024 12:03,2a00:5400:e053:631e::,AAKT707IOKgAAB_bLwHDew,6,WEB_ID,ios
10/21/2024 12:06,82.167.99.137,AAKT707IOKgAAB_bLwHDew,6,WEB_ID,ios
10/21/2024 12:12,82.167.99.137,AAKT707IOKgAAB_bLwHDew,6,WEB_ID,ios
10/21/2024 12:17,82.167.99.137,AAKT707IOKgAAB_bLwHDew,6,WEB_ID,ios
10/21/2024 12:18,82.167.99.137,AAKT707IOKgAAB_bLwHDew,6,WEB_ID,ios
11/9/2024 20:05,2a00:5400:f014::,AAKRGE7P9eIAABxfJkTLVA,7,WEB_ID,android
11/9/2024 20:07,2a00:5400:f014::,AAKRGE7P9eIAABxfJkTLVA,7,WEB_ID,android
10/16/2024 12:00,103.121.244.17,1a6196f1-7953-4e5a-8449-780be167de51,2,IDFV,ios
10/16/2024 12:05,103.121.244.17,1a6196f1-7953-4e5a-8449-780be167de51,2,IDFV,ios
10/17/2024 12:11,103.121.244.17,1a6196f1-7953-4e5a-8449-780be167de51,2,IDFV,ios
10/17/2024 12:17,103.121.244.17,1a6196f1-7953-4e5a-8449-780be167de51,2,IDFV,ios
10/17/2024 12:21,103.121.244.17,1a6196f1-7953-4e5a-8449-780be167de51,2,IDFV,ios
11/9/2024 20:12,2a00:5400:f014::,AAKRGE7P9eIAABxfJkTLVA,7,WEB_ID,android
11/9/2024 20:21,2a00:5400:f014::,AAKRGE7P9eIAABxfJkTLVA,7,WEB_ID,android
11/9/2024 20:23,2a00:5400:f014::,AAKRGE7P9eIAABxfJkTLVA,7,WEB_ID,android
11/9/2024 20:25,2a00:5400:f014::,AAKRGE7P9eIAABxfJkTLVA,7,WEB_ID,android
11/9/2024 20:26,2a00:5400:f014::,AAKRGE7P9eIAABxfJkTLVA,7,WEB_ID,android
11/9/2024 20:27,2a00:5400:f014::,AAKRGE7P9eIAABxfJkTLVA,7,WEB_ID,android
11/9/2024 20:27,2a00:5400:f014::,AAKRGE7P9eIAABxfJkTLVA,7,WEB_ID,android
11/9/2024 20:30,2a00:5400:f014::,AAKRGE7P9eIAABxfJkTLVA,7,WEB_ID,android
11/10/2024 10:01,2a00:5400:e051::,AAFcvU7LIAoAABO-Xttw5A,7,WEB_ID,android
11/10/2024 10:03,2a00:5400:e051::,AAFcvU7LIAoAABO-Xttw5A,7,WEB_ID,android
11/10/2024 10:03,2a00:5400:e051::,AAFcvU7LIAoAABO-Xttw5A,7,WEB_ID,android
11/10/2024 10:04,2a00:5400:e051::,AAFcvU7LIAoAABO-Xttw5A,7,WEB_ID,android
11/10/2024 10:05,2a00:5400:e051::,AAFcvU7LIAoAABO-Xttw5A,7,WEB_ID,android
11/10/2024 10:08,2a00:5400:e051::,AAFcvU7LIAoAABO-Xttw5A,7,WEB_ID,android
10/17/2024 12:27,103.121.244.17,1a6196f1-7953-4e5a-8449-780be167de51,2,IDFV,ios
10/17/2024 12:34,103.121.244.17,1a6196f1-7953-4e5a-8449-780be167de51,2,IDFV,ios
10/17/2024 12:41,103.121.244.17,1a6196f1-7953-4e5a-8449-780be167de51,2,IDFV,ios
10/17/2024 12:44,103.121.244.17,1a6196f1-7953-4e5a-8449-780be167de51,2,IDFV,ios
10/17/2024 12:52,103.121.244.17,1a6196f1-7953-4e5a-8449-780be167de51,2,IDFV,ios
11/10/2024 10:11,2a00:5400:f014::,AAKRGE7P9eIAABxfJkTLVA,7,WEB_ID,android
10/17/2024 16:41,103.121.244.17,1a6196f1-7953-4e5a-8449-780be167de51,2,IDFV,ios
10/17/2024 16:45,103.121.244.17,1a6196f1-7953-4e5a-8449-780be167de51,2,IDFV,ios
11/10/2024 10:30,2a00:5400:e051::,AAFcvU7LIAoAABO-Xttw5A,7,WEB_ID,android
11/10/2024 10:31,2a00:5400:e051::,AAFcvU7LIAoAABO-Xttw5A,7,WEB_ID,android
11/10/2024 10:32,2a00:5400:e051::,AAFcvU7LIAoAABO-Xttw5A,7,WEB_ID,android
11/10/2024 10:32,2a00:5400:e051::,AAFcvU7LIAoAABO-Xttw5A,7,WEB_ID,android
11/10/2024 10:32,2a00:5400:e051::,AAFcvU7LIAoAABO-Xttw5A,7,WEB_ID,android
11/10/2024 10:33,2a00:5400:e051::,AAFcvU7LIAoAABO-Xttw5A,7,WEB_ID,android
11/10/2024 10:34,2a00:5400:e051::,AAFcvU7LIAoAABO-Xttw5A,7,WEB_ID,android
11/10/2024 10:34,2a00:5400:e051::,AAFcvU7LIAoAABO-Xttw5A,7,WEB_ID,android
11/10/2024 10:35,2a00:5400:e051::,AAFcvU7LIAoAABO-Xttw5A,7,WEB_ID,android
11/10/2024 10:35,2a00:5400:e051::,AAFcvU7LIAoAABO-Xttw5A,7,WEB_ID,android
11/10/2024 10:35,2a00:5400:e051::,AAFcvU7LIAoAABO-Xttw5A,7,WEB_ID,android
11/10/2024 10:35,2a00:5400:e051::,AAFcvU7LIAoAABO-Xttw5A,7,WEB_ID,android
11/10/2024 10:36,2a00:5400:e051::,AAFcvU7LIAoAABO-Xttw5A,7,WEB_ID,android
11/10/2024 10:36,2a00:5400:e051::,AAFcvU7LIAoAABO-Xttw5A,7,WEB_ID,android
11/10/2024 10:37,2a00:5400:e051::,AAFcvU7LIAoAABO-Xttw5A,7,WEB_ID,android
11/10/2024 10:37,82.167.78.0,AAFcvU7LIAoAABO-Xttw5A,7,WEB_ID,android
11/10/2024 10:37,82.167.78.0,AAFcvU7LIAoAABO-Xttw5A,7,WEB_ID,android
11/10/2024 12:46,2a00:5400:e051::,AAFcvU7LIAoAABO-Xttw5A,7,WEB_ID,android
11/10/2024 12:46,2a00:5400:e051::,AAFcvU7LIAoAABO-Xttw5A,7,WEB_ID,android
11/10/2024 12:46,2a00:5400:e051::,AAFcvU7LIAoAABO-Xttw5A,7,WEB_ID,android
11/10/2024 12:47,2a00:5400:e051::,AAFcvU7LIAoAABO-Xttw5A,7,WEB_ID,android
11/10/2024 12:48,2a00:5400:e051::,AAFcvU7LIAoAABO-Xttw5A,7,WEB_ID,android
11/10/2024 12:49,2a00:5400:e051::,AAFcvU7LIAoAABO-Xttw5A,7,WEB_ID,android
11/10/2024 12:49,2a00:5400:e051::,AAFcvU7LIAoAABO-Xttw5A,7,WEB_ID,android
11/10/2024 12:49,2a00:5400:e051::,AAFcvU7LIAoAABO-Xttw5A,7,WEB_ID,android
10/17/2024 16:46,103.121.244.17,1a6196f1-7953-4e5a-8449-780be167de51,2,IDFV,ios
10/17/2024 20:01,103.121.244.17,1a6196f1-7953-4e5a-8449-780be167de51,2,IDFV,ios
10/17/2024 20:06,103.121.244.17,1a6196f1-7953-4e5a-8449-780be167de51,2,IDFV,ios
11/10/2024 12:48,2a00:5400:e051::,AAFcvU7LIAoAABO-Xttw5A,7,WEB_ID,android
11/10/2024 12:48,2a00:5400:e051::,AAFcvU7LIAoAABO-Xttw5A,7,WEB_ID,android
11/10/2024 12:48,2a00:5400:e051::,AAFcvU7LIAoAABO-Xttw5A,7,WEB_ID,android
11/10/2024 12:49,2a00:5400:e051::,AAFcvU7LIAoAABO-Xttw5A,7,WEB_ID,android
11/10/2024 12:49,2a00:5400:e051::,AAFcvU7LIAoAABO-Xttw5A,7,WEB_ID,android
11/10/2024 12:49,2a00:5400:e051::,AAFcvU7LIAoAABO-Xttw5A,7,WEB_ID,android
11/10/2024 12:55,2a00:5400:e051::,AAFcvU7LIAoAABO-Xttw5A,7,WEB_ID,android
11/10/2024 12:56,2a00:5400:e051::,AAFcvU7LIAoAABO-Xttw5A,7,WEB_ID,android
11/10/2024 13:16,2a00:5400:f011::,AAKRGE7P9eIAABxfJkTLVA,7,WEB_ID,android
11/10/2024 13:18,2a00:5400:f011::,AAKRGE7P9eIAABxfJkTLVA,7,WEB_ID,android
11/10/2024 13:20,2a00:5400:f011::,AAKRGE7P9eIAABxfJkTLVA,7,WEB_ID,android
10/17/2024 20:23,103.121.245.126,04de0e1c-de2f-4515-8423-ae3083e4acee,2,IDFV,ios
10/17/2024 20:27,2405:8180:201:716c:10a0:95d8:d83d:2fdf,04de0e1c-de2f-4515-8423-ae3083e4acee,2,IDFV,ios
10/17/2024 20:27,103.121.245.126,04de0e1c-de2f-4515-8423-ae3083e4acee,2,IDFV,ios
10/18/2024 13:34,103.121.245.126,04de0e1c-de2f-4515-8423-ae3083e4acee,2,IDFV,ios
10/18/2024 13:38,103.121.245.126,04de0e1c-de2f-4515-8423-ae3083e4acee,2,IDFV,ios
10/18/2024 13:45,103.121.245.126,04de0e1c-de2f-4515-8423-ae3083e4acee,2,IDFV,ios
11/10/2024 13:30,2a00:5400:f013::,AAKRGE7P9eIAABxfJkTLVA,7,WEB_ID,android
11/10/2024 13:30,2a00:5400:f013::,AAKRGE7P9eIAABxfJkTLVA,7,WEB_ID,android
11/10/2024 13:30,2a00:5400:f013::,AAKRGE7P9eIAABxfJkTLVA,7,WEB_ID,android
11/11/2024 9:17,2a00:5400:f013::,AAKRGE7P9eIAABxfJkTLVA,7,WEB_ID,android
11/11/2024 9:21,2a00:5400:f013::,AAKRGE7P9eIAABxfJkTLVA,7,WEB_ID,android
11/11/2024 9:22,2a00:5400:f013::,AAKRGE7P9eIAABxfJkTLVA,7,WEB_ID,android
11/11/2024 9:22,46.143.163.0,AAKRGE7P9eIAABxfJkTLVA,7,WEB_ID,android
11/11/2024 9:23,46.143.163.0,AAKRGE7P9eIAABxfJkTLVA,7,WEB_ID,android
11/11/2024 9:25,2a00:5400:f013::,AAKRGE7P9eIAABxfJkTLVA,7,WEB_ID,android
11/11/2024 9:26,46.143.163.0,AAKRGE7P9eIAABxfJkTLVA,7,WEB_ID,android
11/11/2024 9:27,46.143.163.0,AAKRGE7P9eIAABxfJkTLVA,7,WEB_ID,android
11/11/2024 9:28,2a00:5400:f013::,AAKRGE7P9eIAABxfJkTLVA,7,WEB_ID,android
11/11/2024 9:29,2a00:5400:f013::,AAKRGE7P9eIAABxfJkTLVA,7,WEB_ID,android
11/11/2024 9:38,2a00:5400:f013::,AAKRGE7P9eIAABxfJkTLVA,7,WEB_ID,android
11/11/2024 9:45,2a00:5400:f013::,AAKRGE7P9eIAABxfJkTLVA,7,WEB_ID,android
11/11/2024 9:50,2a00:5400:f013::,AAKRGE7P9eIAABxfJkTLVA,7,WEB_ID,android
10/18/2024 14:16,103.121.244.17,1a6196f1-7953-4e5a-8449-780be167de51,2,IDFV,ios
10/18/2024 14:27,103.121.244.17,1a6196f1-7953-4e5a-8449-780be167de51,2,IDFV,ios
10/18/2024 18:43,103.121.244.17,1a6196f1-7953-4e5a-8449-780be167de51,2,IDFV,ios
10/18/2024 18:50,103.121.244.17,1a6196f1-7953-4e5a-8449-780be167de51,2,IDFV,ios
10/18/2024 18:54,103.121.244.17,1a6196f1-7953-4e5a-8449-780be167de51,2,IDFV,ios
10/18/2024 19:01,103.121.244.17,1a6196f1-7953-4e5a-8449-780be167de51,2,IDFV,ios
10/18/2024 19:06,103.121.244.17,1a6196f1-7953-4e5a-8449-780be167de51,2,IDFV,ios
10/18/2024 19:08,103.121.244.17,1a6196f1-7953-4e5a-8449-780be167de51,2,IDFV,ios
10/18/2024 19:17,103.121.244.17,1a6196f1-7953-4e5a-8449-780be167de51,2,IDFV,ios
10/18/2024 19:21,103.121.244.17,1a6196f1-7953-4e5a-8449-780be167de51,2,IDFV,ios
10/18/2024 19:26,103.121.244.17,1a6196f1-7953-4e5a-8449-780be167de51,2,IDFV,ios
10/18/2024 19:29,103.121.244.17,1a6196f1-7953-4e5a-8449-780be167de51,2,IDFV,ios
11/11/2024 9:51,2a00:5400:e051::,AAFcvU7LIAoAABO-Xttw5A,7,WEB_ID,android
11/11/2024 9:52,2a00:5400:e051::,AAFcvU7LIAoAABO-Xttw5A,7,WEB_ID,android
11/11/2024 9:56,2a00:5400:e051::,AAFcvU7LIAoAABO-Xttw5A,7,WEB_ID,android
11/11/2024 9:56,2a00:5400:e051::,AAFcvU7LIAoAABO-Xttw5A,7,WEB_ID,android
11/11/2024 9:57,2a00:5400:e051::,AAFcvU7LIAoAABO-Xttw5A,7,WEB_ID,android
11/11/2024 9:57,2a00:5400:e051::,AAFcvU7LIAoAABO-Xttw5A,7,WEB_ID,android
11/11/2024 9:59,2a00:5400:e051::,AAFcvU7LIAoAABO-Xttw5A,7,WEB_ID,android
11/11/2024 10:03,2a00:5400:e051::,AAFcvU7LIAoAABO-Xttw5A,7,WEB_ID,android
11/11/2024 9:47,2a00:5400:f013::,AAKRGE7P9eIAABxfJkTLVA,7,WEB_ID,android
10/19/2024 12:08,103.121.244.17,1a6196f1-7953-4e5a-8449-780be167de51,2,IDFV,ios
10/19/2024 12:20,103.121.244.17,1a6196f1-7953-4e5a-8449-780be167de51,2,IDFV,ios
10/19/2024 12:26,103.121.244.17,1a6196f1-7953-4e5a-8449-780be167de51,2,IDFV,ios
10/19/2024 12:34,103.121.244.17,1a6196f1-7953-4e5a-8449-780be167de51,2,IDFV,ios
11/11/2024 10:25,2a00:5400:f013::,AAKRGE7P9eIAABxfJkTLVA,7,WEB_ID,android
11/11/2024 10:29,2a00:5400:f013::,AAKRGE7P9eIAABxfJkTLVA,7,WEB_ID,android
11/11/2024 17:50,46.143.163.0,AAKRGE7P9eIAABxfJkTLVA,7,WEB_ID,android
11/11/2024 17:57,2a00:5400:f013::,AAKRGE7P9eIAABxfJkTLVA,7,WEB_ID,android
11/11/2024 17:57,2a00:5400:f013::,AAKRGE7P9eIAABxfJkTLVA,7,WEB_ID,android
11/11/2024 18:19,2a00:5400:f013::,AAKRGE7P9eIAABxfJkTLVA,7,WEB_ID,android
11/11/2024 18:29,2a00:5400:f013::,AAKRGE7P9eIAABxfJkTLVA,7,WEB_ID,android
11/12/2024 9:32,2a00:5400:f013::,AAKRGE7P9eIAABxfJkTLVA,7,WEB_ID,android
11/12/2024 9:33,2a00:5400:f013::,AAKRGE7P9eIAABxfJkTLVA,7,WEB_ID,android
11/12/2024 9:34,2a00:5400:f013::,AAKRGE7P9eIAABxfJkTLVA,7,WEB_ID,android
11/12/2024 9:34,2a00:5400:f013::,AAKRGE7P9eIAABxfJkTLVA,7,WEB_ID,android
10/19/2024 20:03,103.121.244.17,1a6196f1-7953-4e5a-8449-780be167de51,2,IDFV,ios
10/19/2024 20:05,103.121.244.17,1a6196f1-7953-4e5a-8449-780be167de51,2,IDFV,ios
10/19/2024 20:08,103.121.244.17,1a6196f1-7953-4e5a-8449-780be167de51,2,IDFV,ios
10/1/2024 10:37,181.196.2.0,944e0661-f7f4-4bca-a831-f9f2231a3575,1,GAID,android
10/1/2024 11:03,181.196.2.0,944e0661-f7f4-4bca-a831-f9f2231a3575,1,GAID,android
10/1/2024 12:48,2803:9810:629a::,944e0661-f7f4-4bca-a831-f9f2231a3575,1,GAID,android
10/1/2024 13:20,2803:9810:629a::,944e0661-f7f4-4bca-a831-f9f2231a3575,1,GAID,android
10/1/2024 13:39,2803:9810:629a::,944e0661-f7f4-4bca-a831-f9f2231a3575,1,GAID,android
10/1/2024 13:46,181.196.2.0,944e0661-f7f4-4bca-a831-f9f2231a3575,1,GAID,android
10/21/2024 12:37,82.167.99.137,AAKT707IOKgAAB_bLwHDew,6,WEB_ID,ios
10/21/2024 16:03,82.167.99.137,AAKT707IOKgAAB_bLwHDew,6,WEB_ID,ios
10/21/2024 16:04,2a00:5400:e053:631e:6c64:d64d:c8e5:5536,AAKT707IOKgAAB_bLwHDew,6,WEB_ID,ios
10/21/2024 16:08,82.167.99.137,AAKT707IOKgAAB_bLwHDew,6,WEB_ID,ios
10/1/2024 13:02,181.196.2.0,944e0661-f7f4-4bca-a831-f9f2231a3575,1,GAID,android
10/21/2024 16:23,2a00:5400:e053:631e:50a1:98c8:bb7:4639,AAKT707IOKgAAB_bLwHDew,6,WEB_ID,ios
10/1/2024 13:19,2803:9810:629a::,944e0661-f7f4-4bca-a831-f9f2231a3575,1,GAID,android
10/21/2024 16:44,82.167.99.137,AAKT707IOKgAAB_bLwHDew,6,WEB_ID,ios
10/1/2024 13:32,190.63.102.124,944e0661-f7f4-4bca-a831-f9f2231a3575,1,GAID,android
10/21/2024 16:52,2a00:5400:e053:631e:50a1:98c8:bb7:4639,AAKT707IOKgAAB_bLwHDew,6,WEB_ID,ios
10/1/2024 13:40,148.227.93.0,944e0661-f7f4-4bca-a831-f9f2231a3575,1,GAID,android
10/1/2024 13:41,148.227.93.0,944e0661-f7f4-4bca-a831-f9f2231a3575,1,GAID,android
10/1/2024 13:44,148.227.93.0,944e0661-f7f4-4bca-a831-f9f2231a3575,1,GAID,android
10/1/2024 16:28,148.227.93.0,944e0661-f7f4-4bca-a831-f9f2231a3575,1,GAID,android
10/1/2024 16:28,148.227.93.249,944e0661-f7f4-4bca-a831-f9f2231a3575,1,GAID,android
10/1/2024 16:28,148.227.93.249,944e0661-f7f4-4bca-a831-f9f2231a3575,1,GAID,android
10/1/2024 16:34,148.227.93.249,944e0661-f7f4-4bca-a831-f9f2231a3575,1,GAID,android
10/1/2024 16:59,148.227.93.249,944e0661-f7f4-4bca-a831-f9f2231a3575,1,GAID,android
10/1/2024 17:13,148.227.93.249,944e0661-f7f4-4bca-a831-f9f2231a3575,1,GAID,android
10/1/2024 18:03,148.227.93.249,944e0661-f7f4-4bca-a831-f9f2231a3575,1,GAID,android
10/1/2024 18:18,148.227.93.249,944e0661-f7f4-4bca-a831-f9f2231a3575,1,GAID,android
10/22/2024 8:13,82.167.99.137,AAKT707IOKgAAB_bLwHDew,6,WEB_ID,ios
10/22/2024 8:19,82.167.99.137,AAKT707IOKgAAB_bLwHDew,6,WEB_ID,ios
10/22/2024 8:23,82.167.99.137,AAKT707IOKgAAB_bLwHDew,6,WEB_ID,ios
11/12/2024 9:45,2a00:5400:f013::,AAKRGE7P9eIAABxfJkTLVA,7,WEB_ID,android
10/1/2024 18:30,148.227.93.249,944e0661-f7f4-4bca-a831-f9f2231a3575,1,GAID,android
10/22/2024 8:29,82.167.99.137,AAKT707IOKgAAB_bLwHDew,6,WEB_ID,ios
10/22/2024 8:38,82.167.99.137,AAKT707IOKgAAB_bLwHDew,6,WEB_ID,ios
10/22/2024 8:53,2a00:5400:e053:631e:50a1:98c8:bb7:4639,AAKT707IOKgAAB_bLwHDew,6,WEB_ID,ios
10/1/2024 19:00,148.227.93.249,944e0661-f7f4-4bca-a831-f9f2231a3575,1,GAID,android
10/22/2024 9:01,2a00:5400:e053:631e:50a1:98c8:bb7:4639,AAKT707IOKgAAB_bLwHDew,6,WEB_ID,ios
10/1/2024 19:04,148.227.93.249,944e0661-f7f4-4bca-a831-f9f2231a3575,1,GAID,android
10/22/2024 9:04,82.167.99.137,AAKT707IOKgAAB_bLwHDew,6,WEB_ID,ios
10/22/2024 9:07,82.167.99.137,AAKT707IOKgAAB_bLwHDew,6,WEB_ID,ios
10/22/2024 8:31,82.167.99.137,AAKT707IOKgAAB_bLwHDew,6,WEB_ID,ios
10/22/2024 8:36,82.167.99.137,AAKT707IOKgAAB_bLwHDew,6,WEB_ID,ios
10/22/2024 8:40,82.167.99.137,AAKT707IOKgAAB_bLwHDew,6,WEB_ID,ios
10/2/2024 8:55,190.63.102.124,944e0661-f7f4-4bca-a831-f9f2231a3575,1,GAID,android
10/2/2024 9:09,190.214.77.86,944e0661-f7f4-4bca-a831-f9f2231a3575,1,GAID,android
10/2/2024 9:06,190.63.102.124,944e0661-f7f4-4bca-a831-f9f2231a3575,1,GAID,android
11/12/2024 9:53,2a00:5400:f013::,AAKRGE7P9eIAABxfJkTLVA,7,WEB_ID,android
11/12/2024 9:53,2a00:5400:f013::,AAKRGE7P9eIAABxfJkTLVA,7,WEB_ID,android
11/12/2024 9:54,2a00:5400:f013::,AAKRGE7P9eIAABxfJkTLVA,7,WEB_ID,android
11/12/2024 9:54,2a00:5400:f013::,AAKRGE7P9eIAABxfJkTLVA,7,WEB_ID,android
11/12/2024 9:58,2a00:5400:f013::,AAKRGE7P9eIAABxfJkTLVA,7,WEB_ID,android
11/12/2024 9:59,2a00:5400:f013::,AAKRGE7P9eIAABxfJkTLVA,7,WEB_ID,android
10/2/2024 9:46,190.63.102.124,944e0661-f7f4-4bca-a831-f9f2231a3575,1,GAID,android
10/2/2024 11:10,190.63.102.124,944e0661-f7f4-4bca-a831-f9f2231a3575,1,GAID,android
10/2/2024 11:37,190.63.102.124,944e0661-f7f4-4bca-a831-f9f2231a3575,1,GAID,android
10/19/2024 20:47,103.121.244.17,1a6196f1-7953-4e5a-8449-780be167de51,2,IDFV,ios
10/19/2024 20:50,103.121.244.17,1a6196f1-7953-4e5a-8449-780be167de51,2,IDFV,ios
10/2/2024 19:28,2803:9810:629a::,944e0661-f7f4-4bca-a831-f9f2231a3575,1,GAID,android
10/19/2024 20:59,103.121.244.17,1a6196f1-7953-4e5a-8449-780be167de51,2,IDFV,ios
10/19/2024 21:04,103.121.244.17,1a6196f1-7953-4e5a-8449-780be167de51,2,IDFV,ios
10/19/2024 21:06,103.121.244.17,1a6196f1-7953-4e5a-8449-780be167de51,2,IDFV,ios
10/2/2024 19:51,148.227.93.249,944e0661-f7f4-4bca-a831-f9f2231a3575,1,GAID,android
10/3/2024 10:17,148.227.93.249,944e0661-f7f4-4bca-a831-f9f2231a3575,1,GAID,android
10/3/2024 13:32,148.227.93.249,944e0661-f7f4-4bca-a831-f9f2231a3575,1,GAID,android
10/22/2024 9:23,2a00:5400:f022::,AALKVk7RajkAABv5BSiD8w,6,WEB_ID,android
10/22/2024 9:23,2a00:5400:f022::,AALKVk7RajkAABv5BSiD8w,6,WEB_ID,android
10/3/2024 14:10,148.227.93.249,944e0661-f7f4-4bca-a831-f9f2231a3575,1,GAID,android
10/3/2024 13:47,190.63.102.124,944e0661-f7f4-4bca-a831-f9f2231a3575,1,GAID,android
10/3/2024 13:54,190.63.102.124,944e0661-f7f4-4bca-a831-f9f2231a3575,1,GAID,android
10/3/2024 14:04,190.63.102.124,944e0661-f7f4-4bca-a831-f9f2231a3575,1,GAID,android
10/3/2024 14:08,190.63.102.124,944e0661-f7f4-4bca-a831-f9f2231a3575,1,GAID,android
10/3/2024 13:54,190.63.102.124,944e0661-f7f4-4bca-a831-f9f2231a3575,1,GAID,android
10/3/2024 14:33,148.227.93.249,944e0661-f7f4-4bca-a831-f9f2231a3575,1,GAID,android
10/3/2024 14:36,148.227.93.249,944e0661-f7f4-4bca-a831-f9f2231a3575,1,GAID,android
10/3/2024 16:16,2803:9810:629a::,944e0661-f7f4-4bca-a831-f9f2231a3575,1,GAID,android
10/3/2024 16:32,148.227.93.249,944e0661-f7f4-4bca-a831-f9f2231a3575,1,GAID,android
10/3/2024 16:33,148.227.93.249,944e0661-f7f4-4bca-a831-f9f2231a3575,1,GAID,android
10/3/2024 18:33,2803:9810:629a::,944e0661-f7f4-4bca-a831-f9f2231a3575,1,GAID,android
10/19/2024 20:52,103.121.169.3,04de0e1c-de2f-4515-8423-ae3083e4acee,2,IDFV,ios
10/19/2024 21:04,103.121.169.3,04de0e1c-de2f-4515-8423-ae3083e4acee,2,IDFV,ios
10/19/2024 21:07,103.121.169.3,04de0e1c-de2f-4515-8423-ae3083e4acee,2,IDFV,ios
10/3/2024 18:56,2803:9810:629a::,944e0661-f7f4-4bca-a831-f9f2231a3575,1,GAID,android
10/3/2024 19:14,2803:9810:629a::,944e0661-f7f4-4bca-a831-f9f2231a3575,1,GAID,android
10/3/2024 19:47,190.63.102.124,944e0661-f7f4-4bca-a831-f9f2231a3575,1,GAID,android
10/20/2024 8:15,202.165.46.191,686931a4-abd8-46e6-b0e3-78e57c0c620c,2,IDFV,ios
10/20/2024 8:32,202.165.46.191,686931a4-abd8-46e6-b0e3-78e57c0c620c,2,IDFV,ios
10/20/2024 8:49,202.165.46.191,686931a4-abd8-46e6-b0e3-78e57c0c620c,2,IDFV,ios
10/20/2024 9:33,202.165.46.191,686931a4-abd8-46e6-b0e3-78e57c0c620c,2,IDFV,ios
10/20/2024 9:48,202.165.46.191,686931a4-abd8-46e6-b0e3-78e57c0c620c,2,IDFV,ios
10/20/2024 9:58,202.165.46.191,686931a4-abd8-46e6-b0e3-78e57c0c620c,2,IDFV,ios
10/3/2024 19:49,148.227.93.249,944e0661-f7f4-4bca-a831-f9f2231a3575,1,GAID,android
10/20/2024 10:11,202.165.46.191,686931a4-abd8-46e6-b0e3-78e57c0c620c,2,IDFV,ios
10/20/2024 10:19,202.165.46.191,686931a4-abd8-46e6-b0e3-78e57c0c620c,2,IDFV,ios
10/20/2024 10:20,202.165.46.191,686931a4-abd8-46e6-b0e3-78e57c0c620c,2,IDFV,ios
10/20/2024 10:29,202.165.46.191,686931a4-abd8-46e6-b0e3-78e57c0c620c,2,IDFV,ios
10/20/2024 18:42,202.165.46.191,686931a4-abd8-46e6-b0e3-78e57c0c620c,2,IDFV,ios
10/20/2024 18:54,202.165.46.191,686931a4-abd8-46e6-b0e3-78e57c0c620c,2,IDFV,ios
10/4/2024 11:24,190.63.102.124,944e0661-f7f4-4bca-a831-f9f2231a3575,1,GAID,android
10/4/2024 11:41,190.63.102.124,944e0661-f7f4-4bca-a831-f9f2231a3575,1,GAID,android
11/12/2024 10:15,2a00:5400:f013::,AAKRGE7P9eIAABxfJkTLVA,7,WEB_ID,android
11/12/2024 10:22,2a00:5400:f013::,AAKRGE7P9eIAABxfJkTLVA,7,WEB_ID,android
11/12/2024 10:16,2a00:5400:f013::,AAKRGE7P9eIAABxfJkTLVA,7,WEB_ID,android
10/5/2024 9:28,190.63.102.124,944e0661-f7f4-4bca-a831-f9f2231a3575,1,GAID,android
11/12/2024 10:27,2a00:5400:f013::,AAKRGE7P9eIAABxfJkTLVA,7,WEB_ID,android
10/5/2024 9:41,148.227.93.249,944e0661-f7f4-4bca-a831-f9f2231a3575,1,GAID,android
10/5/2024 9:41,2803:9810:629a::,944e0661-f7f4-4bca-a831-f9f2231a3575,1,GAID,android
11/12/2024 10:48,2a00:5400:f013::,AAKRGE7P9eIAABxfJkTLVA,7,WEB_ID,android
11/12/2024 10:48,2a00:5400:f013::,AAKRGE7P9eIAABxfJkTLVA,7,WEB_ID,android
11/12/2024 10:49,2a00:5400:f013::,AAKRGE7P9eIAABxfJkTLVA,7,WEB_ID,android
11/12/2024 10:49,2a00:5400:f013::,AAKRGE7P9eIAABxfJkTLVA,7,WEB_ID,android
11/12/2024 10:50,2a00:5400:f013::,AAKRGE7P9eIAABxfJkTLVA,7,WEB_ID,android
11/12/2024 10:51,2a00:5400:f013::,AAKRGE7P9eIAABxfJkTLVA,7,WEB_ID,android
11/12/2024 10:52,2a00:5400:f013::,AAKRGE7P9eIAABxfJkTLVA,7,WEB_ID,android
11/12/2024 10:54,2a00:5400:f013::,AAKRGE7P9eIAABxfJkTLVA,7,WEB_ID,android
11/12/2024 10:56,2a00:5400:f013::,AAKRGE7P9eIAABxfJkTLVA,7,WEB_ID,android
11/12/2024 10:57,2a00:5400:f013::,AAKRGE7P9eIAABxfJkTLVA,7,WEB_ID,android
11/12/2024 10:59,2a00:5400:f013::,AAKRGE7P9eIAABxfJkTLVA,7,WEB_ID,android
10/5/2024 12:16,2803:9810:629a::,944e0661-f7f4-4bca-a831-f9f2231a3575,1,GAID,android
10/20/2024 20:05,103.121.244.17,1a6196f1-7953-4e5a-8449-780be167de51,2,IDFV,ios
10/20/2024 20:08,103.121.244.17,1a6196f1-7953-4e5a-8449-780be167de51,2,IDFV,ios
10/20/2024 20:11,103.121.244.17,1a6196f1-7953-4e5a-8449-780be167de51,2,IDFV,ios
10/20/2024 20:18,103.121.244.17,1a6196f1-7953-4e5a-8449-780be167de51,2,IDFV,ios
10/20/2024 20:25,103.121.244.17,1a6196f1-7953-4e5a-8449-780be167de51,2,IDFV,ios
10/5/2024 12:40,2803:9810:629a::,944e0661-f7f4-4bca-a831-f9f2231a3575,1,GAID,android
10/20/2024 20:33,103.121.244.17,1a6196f1-7953-4e5a-8449-780be167de51,2,IDFV,ios
10/20/2024 20:39,103.121.244.17,1a6196f1-7953-4e5a-8449-780be167de51,2,IDFV,ios
10/5/2024 12:59,2803:9810:629a::,944e0661-f7f4-4bca-a831-f9f2231a3575,1,GAID,android
10/22/2024 13:49,2a00:5400:f022::,AALKVk7RajkAABv5BSiD8w,6,WEB_ID,android
11/12/2024 11:30,2a00:5400:e051::,AAFcvU7LIAoAABO-Xttw5A,7,WEB_ID,android
11/12/2024 11:48,2a00:5400:e051::,AAFcvU7LIAoAABO-Xttw5A,7,WEB_ID,android
11/12/2024 12:51,82.167.78.0,AAFcvU7LIAoAABO-Xttw5A,7,WEB_ID,android
11/12/2024 12:53,82.167.78.0,AAFcvU7LIAoAABO-Xttw5A,7,WEB_ID,android
11/12/2024 14:00,2a00:5400:e051::,AAFcvU7LIAoAABO-Xttw5A,7,WEB_ID,android
11/12/2024 14:01,2a00:5400:e051::,AAFcvU7LIAoAABO-Xttw5A,7,WEB_ID,android
11/12/2024 14:01,2a00:5400:e051::,AAFcvU7LIAoAABO-Xttw5A,7,WEB_ID,android
11/12/2024 14:02,2a00:5400:e051::,AAFcvU7LIAoAABO-Xttw5A,7,WEB_ID,android
11/12/2024 14:04,2a00:5400:e051::,AAFcvU7LIAoAABO-Xttw5A,7,WEB_ID,android
11/12/2024 14:05,2a00:5400:e051::,AAFcvU7LIAoAABO-Xttw5A,7,WEB_ID,android
11/12/2024 14:05,2a00:5400:e051::,AAFcvU7LIAoAABO-Xttw5A,7,WEB_ID,android
11/12/2024 14:06,2a00:5400:e051::,AAFcvU7LIAoAABO-Xttw5A,7,WEB_ID,android
11/12/2024 14:46,2a00:5400:f013::,AAKRGE7P9eIAABxfJkTLVA,7,WEB_ID,android
11/12/2024 14:49,2a00:5400:f013::,AAKRGE7P9eIAABxfJkTLVA,7,WEB_ID,android
11/12/2024 14:51,2a00:5400:f013::,AAKRGE7P9eIAABxfJkTLVA,7,WEB_ID,android
11/12/2024 14:51,2a00:5400:f013::,AAKRGE7P9eIAABxfJkTLVA,7,WEB_ID,android
11/12/2024 14:53,2a00:5400:f013::,AAKRGE7P9eIAABxfJkTLVA,7,WEB_ID,android
11/12/2024 14:54,2a00:5400:f013::,AAKRGE7P9eIAABxfJkTLVA,7,WEB_ID,android
11/12/2024 15:00,2a00:5400:f013::,AAKRGE7P9eIAABxfJkTLVA,7,WEB_ID,android
11/12/2024 15:02,2a00:5400:f013::,AAKRGE7P9eIAABxfJkTLVA,7,WEB_ID,android
10/5/2024 19:34,2803:9810:629a::,944e0661-f7f4-4bca-a831-f9f2231a3575,1,GAID,android
10/6/2024 13:22,2803:9810:629a::,944e0661-f7f4-4bca-a831-f9f2231a3575,1,GAID,android
10/6/2024 13:45,2803:9810:629a::,944e0661-f7f4-4bca-a831-f9f2231a3575,1,GAID,android
10/6/2024 14:00,2803:9810:629a::,944e0661-f7f4-4bca-a831-f9f2231a3575,1,GAID,android
10/6/2024 13:43,2803:9810:629a::,944e0661-f7f4-4bca-a831-f9f2231a3575,1,GAID,android
10/6/2024 14:11,190.63.102.124,944e0661-f7f4-4bca-a831-f9f2231a3575,1,GAID,android
10/6/2024 14:29,190.63.102.124,944e0661-f7f4-4bca-a831-f9f2231a3575,1,GAID,android
10/6/2024 19:05,190.63.102.124,944e0661-f7f4-4bca-a831-f9f2231a3575,1,GAID,android
10/6/2024 19:30,190.63.102.124,944e0661-f7f4-4bca-a831-f9f2231a3575,1,GAID,android
10/6/2024 20:03,2803:9810:629a::,944e0661-f7f4-4bca-a831-f9f2231a3575,1,GAID,android
10/6/2024 20:35,181.196.2.0,944e0661-f7f4-4bca-a831-f9f2231a3575,1,GAID,android
10/7/2024 12:16,190.63.102.124,944e0661-f7f4-4bca-a831-f9f2231a3575,1,GAID,android
10/7/2024 12:25,190.63.102.124,944e0661-f7f4-4bca-a831-f9f2231a3575,1,GAID,android
10/7/2024 12:48,190.63.102.124,944e0661-f7f4-4bca-a831-f9f2231a3575,1,GAID,android
10/7/2024 12:19,190.63.102.124,944e0661-f7f4-4bca-a831-f9f2231a3575,1,GAID,android
10/20/2024 20:44,103.121.244.17,1a6196f1-7953-4e5a-8449-780be167de51,2,IDFV,ios
10/20/2024 20:47,103.121.244.17,1a6196f1-7953-4e5a-8449-780be167de51,2,IDFV,ios
10/20/2024 20:54,103.121.244.17,1a6196f1-7953-4e5a-8449-780be167de51,2,IDFV,ios
10/20/2024 20:58,103.121.244.17,1a6196f1-7953-4e5a-8449-780be167de51,2,IDFV,ios
10/20/2024 21:00,103.121.244.17,1a6196f1-7953-4e5a-8449-780be167de51,2,IDFV,ios
10/7/2024 16:13,2803:9810:629a::,944e0661-f7f4-4bca-a831-f9f2231a3575,1,GAID,android
10/22/2024 14:54,2a00:5400:f022::,AALKVk7RajkAABv5BSiD8w,6,WEB_ID,android
10/22/2024 14:54,2a00:5400:f022::,AALKVk7RajkAABv5BSiD8w,6,WEB_ID,android
10/7/2024 16:55,181.196.2.0,944e0661-f7f4-4bca-a831-f9f2231a3575,1,GAID,android
10/7/2024 17:10,181.196.2.0,944e0661-f7f4-4bca-a831-f9f2231a3575,1,GAID,android
10/7/2024 17:12,181.196.2.0,944e0661-f7f4-4bca-a831-f9f2231a3575,1,GAID,android
10/7/2024 17:16,181.196.2.0,944e0661-f7f4-4bca-a831-f9f2231a3575,1,GAID,android
10/7/2024 17:25,181.196.2.0,944e0661-f7f4-4bca-a831-f9f2231a3575,1,GAID,android
10/7/2024 17:34,2803:9810:629a::,944e0661-f7f4-4bca-a831-f9f2231a3575,1,GAID,android
10/7/2024 17:34,2803:9810:629a::,944e0661-f7f4-4bca-a831-f9f2231a3575,1,GAID,android
10/22/2024 15:02,82.167.105.200,AAKT707IOKgAAB_bLwHDew,6,WEB_ID,ios
10/22/2024 15:03,82.167.105.200,AAKT707IOKgAAB_bLwHDew,6,WEB_ID,ios
10/22/2024 15:10,82.167.105.200,AAKT707IOKgAAB_bLwHDew,6,WEB_ID,ios
10/7/2024 18:18,190.63.102.124,944e0661-f7f4-4bca-a831-f9f2231a3575,1,GAID,android
10/20/2024 21:02,202.165.46.191,686931a4-abd8-46e6-b0e3-78e57c0c620c,2,IDFV,ios
10/20/2024 21:12,202.165.46.191,686931a4-abd8-46e6-b0e3-78e57c0c620c,2,IDFV,ios
10/7/2024 20:28,181.196.0.0,944e0661-f7f4-4bca-a831-f9f2231a3575,1,GAID,android
10/8/2024 15:21,181.196.0.0,944e0661-f7f4-4bca-a831-f9f2231a3575,1,GAID,android
10/8/2024 15:42,181.196.0.0,944e0661-f7f4-4bca-a831-f9f2231a3575,1,GAID,android
10/8/2024 16:20,181.196.0.0,944e0661-f7f4-4bca-a831-f9f2231a3575,1,GAID,android
10/8/2024 20:02,148.227.93.249,944e0661-f7f4-4bca-a831-f9f2231a3575,1,GAID,android
10/22/2024 17:52,82.167.105.200,AAKT707IOKgAAB_bLwHDew,6,WEB_ID,ios
10/22/2024 18:07,82.167.105.200,AAKT707IOKgAAB_bLwHDew,6,WEB_ID,ios
10/22/2024 18:27,82.167.105.200,AAKT707IOKgAAB_bLwHDew,6,WEB_ID,ios
10/22/2024 18:42,82.167.105.200,AAKT707IOKgAAB_bLwHDew,6,WEB_ID,ios
10/23/2024 17:41,82.167.105.200,AAKT707IOKgAAB_bLwHDew,6,WEB_ID,ios
10/23/2024 17:46,82.167.105.200,AAKT707IOKgAAB_bLwHDew,6,WEB_ID,ios
10/23/2024 18:08,2a00:5400:f022::,AALKVk7RajkAABv5BSiD8w,6,WEB_ID,android
10/9/2024 8:16,190.63.102.124,944e0661-f7f4-4bca-a831-f9f2231a3575,1,GAID,android
10/9/2024 8:29,2803:9810:629a::,944e0661-f7f4-4bca-a831-f9f2231a3575,1,GAID,android
10/9/2024 8:49,181.196.0.0,944e0661-f7f4-4bca-a831-f9f2231a3575,1,GAID,android
10/9/2024 9:05,181.196.0.0,944e0661-f7f4-4bca-a831-f9f2231a3575,1,GAID,android
11/12/2024 15:47,2a00:5400:f013::,AAKRGE7P9eIAABxfJkTLVA,7,WEB_ID,android
11/12/2024 15:48,2a00:5400:f013::,AAKRGE7P9eIAABxfJkTLVA,7,WEB_ID,android
11/12/2024 15:52,2a00:5400:f013::,AAKRGE7P9eIAABxfJkTLVA,7,WEB_ID,android
11/12/2024 15:53,2a00:5400:f013::,AAKRGE7P9eIAABxfJkTLVA,7,WEB_ID,android
11/12/2024 15:26,2a00:5400:f013::,AAKRGE7P9eIAABxfJkTLVA,7,WEB_ID,android
11/12/2024 15:26,2a00:5400:f013::,AAKRGE7P9eIAABxfJkTLVA,7,WEB_ID,android
11/12/2024 15:34,2a00:5400:f013::,AAKRGE7P9eIAABxfJkTLVA,7,WEB_ID,android
11/12/2024 15:39,2a00:5400:f013::,AAKRGE7P9eIAABxfJkTLVA,7,WEB_ID,android
10/21/2024 10:10,103.121.244.17,1a6196f1-7953-4e5a-8449-780be167de51,2,IDFV,ios
10/21/2024 10:13,103.121.244.17,1a6196f1-7953-4e5a-8449-780be167de51,2,IDFV,ios
10/21/2024 10:17,103.121.244.17,1a6196f1-7953-4e5a-8449-780be167de51,2,IDFV,ios
10/21/2024 10:25,103.121.244.17,1a6196f1-7953-4e5a-8449-780be167de51,2,IDFV,ios
10/23/2024 18:09,2a00:5400:f022::,AALKVk7RajkAABv5BSiD8w,6,WEB_ID,android
10/9/2024 13:00,2803:9810:629a::,944e0661-f7f4-4bca-a831-f9f2231a3575,1,GAID,android
10/9/2024 13:30,181.196.0.0,944e0661-f7f4-4bca-a831-f9f2231a3575,1,GAID,android
10/9/2024 13:45,181.196.0.0,944e0661-f7f4-4bca-a831-f9f2231a3575,1,GAID,android
10/9/2024 15:04,181.196.0.0,944e0661-f7f4-4bca-a831-f9f2231a3575,1,GAID,android
10/9/2024 15:23,181.196.0.0,944e0661-f7f4-4bca-a831-f9f2231a3575,1,GAID,android
10/9/2024 15:28,181.196.0.0,944e0661-f7f4-4bca-a831-f9f2231a3575,1,GAID,android
10/9/2024 15:34,181.196.0.0,944e0661-f7f4-4bca-a831-f9f2231a3575,1,GAID,android
10/9/2024 15:39,181.196.0.0,944e0661-f7f4-4bca-a831-f9f2231a3575,1,GAID,android
10/9/2024 15:53,181.196.0.0,944e0661-f7f4-4bca-a831-f9f2231a3575,1,GAID,android
10/9/2024 17:49,190.63.102.124,944e0661-f7f4-4bca-a831-f9f2231a3575,1,GAID,android
10/24/2024 9:15,82.167.83.0,AAKT707IOKgAAB_bLwHDew,6,WEB_ID,ios
10/24/2024 9:16,2a00:5400:e053:631e:61d8:a44e:bfb:acf1,AAKT707IOKgAAB_bLwHDew,6,WEB_ID,ios
10/24/2024 9:20,82.167.83.186,AAKT707IOKgAAB_bLwHDew,6,WEB_ID,ios
10/24/2024 9:22,82.167.83.186,AAKT707IOKgAAB_bLwHDew,6,WEB_ID,ios
10/24/2024 9:56,82.167.83.186,AAKT707IOKgAAB_bLwHDew,6,WEB_ID,ios
10/24/2024 9:56,82.167.83.186,AAKT707IOKgAAB_bLwHDew,6,WEB_ID,ios
10/24/2024 10:00,2a00:5400:e053:631e:61d8:a44e:bfb:acf1,AAKT707IOKgAAB_bLwHDew,6,WEB_ID,ios
10/24/2024 10:03,2a00:5400:e053:631e:61d8:a44e:bfb:acf1,AAKT707IOKgAAB_bLwHDew,6,WEB_ID,ios
10/24/2024 10:05,82.167.83.186,AAKT707IOKgAAB_bLwHDew,6,WEB_ID,ios
10/24/2024 10:10,82.167.83.186,AAKT707IOKgAAB_bLwHDew,6,WEB_ID,ios
10/9/2024 17:58,190.63.102.124,944e0661-f7f4-4bca-a831-f9f2231a3575,1,GAID,android
10/9/2024 18:09,190.63.102.124,944e0661-f7f4-4bca-a831-f9f2231a3575,1,GAID,android
10/9/2024 18:13,190.63.102.124,944e0661-f7f4-4bca-a831-f9f2231a3575,1,GAID,android
10/9/2024 17:50,181.196.0.0,944e0661-f7f4-4bca-a831-f9f2231a3575,1,GAID,android
10/10/2024 9:11,190.63.102.124,944e0661-f7f4-4bca-a831-f9f2231a3575,1,GAID,android
11/12/2024 16:10,2a00:5400:f013::,AAKRGE7P9eIAABxfJkTLVA,7,WEB_ID,android
10/10/2024 9:21,181.196.0.0,944e0661-f7f4-4bca-a831-f9f2231a3575,1,GAID,android
10/10/2024 9:47,181.196.0.0,944e0661-f7f4-4bca-a831-f9f2231a3575,1,GAID,android
10/21/2024 10:55,103.121.244.17,1a6196f1-7953-4e5a-8449-780be167de51,2,IDFV,ios
10/10/2024 12:06,190.63.102.124,944e0661-f7f4-4bca-a831-f9f2231a3575,1,GAID,android
11/12/2024 16:15,2a00:5400:e051::,AAFcvU7LIAoAABO-Xttw5A,7,WEB_ID,android
11/12/2024 16:16,2a00:5400:e051::,AAFcvU7LIAoAABO-Xttw5A,7,WEB_ID,android
11/12/2024 16:16,2a00:5400:e051::,AAFcvU7LIAoAABO-Xttw5A,7,WEB_ID,android
10/10/2024 12:36,190.63.102.124,944e0661-f7f4-4bca-a831-f9f2231a3575,1,GAID,android
11/12/2024 16:20,2a00:5400:e051::,AAFcvU7LIAoAABO-Xttw5A,7,WEB_ID,android
10/10/2024 12:13,190.63.102.124,944e0661-f7f4-4bca-a831-f9f2231a3575,1,GAID,android
10/10/2024 12:34,190.63.102.124,944e0661-f7f4-4bca-a831-f9f2231a3575,1,GAID,android
10/10/2024 12:26,181.196.0.0,944e0661-f7f4-4bca-a831-f9f2231a3575,1,GAID,android
10/10/2024 14:58,190.63.102.124,944e0661-f7f4-4bca-a831-f9f2231a3575,1,GAID,android
10/10/2024 15:09,190.63.102.124,944e0661-f7f4-4bca-a831-f9f2231a3575,1,GAID,android
10/10/2024 17:01,2803:9810:629a::,944e0661-f7f4-4bca-a831-f9f2231a3575,1,GAID,android
11/12/2024 16:50,2a00:5400:f013::,AAKRGE7P9eIAABxfJkTLVA,7,WEB_ID,android
11/12/2024 16:50,2a00:5400:f013::,AAKRGE7P9eIAABxfJkTLVA,7,WEB_ID,android
11/12/2024 16:51,2a00:5400:f013::,AAKRGE7P9eIAABxfJkTLVA,7,WEB_ID,android
10/10/2024 17:43,181.196.1.0,944e0661-f7f4-4bca-a831-f9f2231a3575,1,GAID,android
10/11/2024 9:20,181.196.1.0,944e0661-f7f4-4bca-a831-f9f2231a3575,1,GAID,android
10/11/2024 10:02,181.196.1.0,944e0661-f7f4-4bca-a831-f9f2231a3575,1,GAID,android
10/22/2024 13:50,103.121.244.17,1a6196f1-7953-4e5a-8449-780be167de51,2,IDFV,ios
10/22/2024 13:55,103.121.244.17,1a6196f1-7953-4e5a-8449-780be167de51,2,IDFV,ios
10/22/2024 13:58,103.121.244.17,1a6196f1-7953-4e5a-8449-780be167de51,2,IDFV,ios
10/22/2024 14:10,103.121.244.17,1a6196f1-7953-4e5a-8449-780be167de51,2,IDFV,ios
10/22/2024 14:15,103.121.244.17,1a6196f1-7953-4e5a-8449-780be167de51,2,IDFV,ios
10/22/2024 14:15,103.121.244.17,1a6196f1-7953-4e5a-8449-780be167de51,2,IDFV,ios
10/11/2024 11:11,148.227.93.249,944e0661-f7f4-4bca-a831-f9f2231a3575,1,GAID,android
10/12/2024 11:39,148.227.93.249,944e0661-f7f4-4bca-a831-f9f2231a3575,1,GAID,android
10/24/2024 19:34,82.167.91.136,AAKT707IOKgAAB_bLwHDew,6,WEB_ID,ios
10/24/2024 19:36,82.167.91.136,AAKT707IOKgAAB_bLwHDew,6,WEB_ID,ios
10/25/2024 14:07,82.167.91.136,AAKT707IOKgAAB_bLwHDew,6,WEB_ID,ios
10/25/2024 14:08,82.167.91.136,AAKT707IOKgAAB_bLwHDew,6,WEB_ID,ios
10/25/2024 14:09,2a00:5400:e053:631e:646b:b88:49c:ca99,AAKT707IOKgAAB_bLwHDew,6,WEB_ID,ios
10/25/2024 14:17,2a00:5400:e053:631e:646b:b88:49c:ca99,AAKT707IOKgAAB_bLwHDew,6,WEB_ID,ios
10/25/2024 14:21,82.167.91.136,AAKT707IOKgAAB_bLwHDew,6,WEB_ID,ios
10/25/2024 16:40,82.167.91.136,AAKT707IOKgAAB_bLwHDew,6,WEB_ID,ios
10/25/2024 16:41,82.167.91.136,AAKT707IOKgAAB_bLwHDew,6,WEB_ID,ios
10/25/2024 16:41,82.167.91.136,AAKT707IOKgAAB_bLwHDew,6,WEB_ID,ios
10/25/2024 16:45,82.167.91.136,AAKT707IOKgAAB_bLwHDew,6,WEB_ID,ios
10/25/2024 16:49,2a00:5400:e053:631e:646b:b88:49c:ca99,AAKT707IOKgAAB_bLwHDew,6,WEB_ID,ios
10/25/2024 16:53,82.167.91.136,AAKT707IOKgAAB_bLwHDew,6,WEB_ID,ios
10/25/2024 16:55,82.167.91.136,AAKT707IOKgAAB_bLwHDew,6,WEB_ID,ios
10/25/2024 16:59,2a00:5400:e053:631e::,AAKT707IOKgAAB_bLwHDew,6,WEB_ID,ios
10/25/2024 17:02,2a00:5400:e053:631e::,AAKT707IOKgAAB_bLwHDew,6,WEB_ID,ios
10/25/2024 17:02,2a00:5400:e053:631e:646b:b88:49c:ca99,AAKT707IOKgAAB_bLwHDew,6,WEB_ID,ios
10/12/2024 11:47,190.63.102.124,944e0661-f7f4-4bca-a831-f9f2231a3575,1,GAID,android
10/12/2024 11:58,190.63.102.124,944e0661-f7f4-4bca-a831-f9f2231a3575,1,GAID,android
10/12/2024 12:06,190.63.102.124,944e0661-f7f4-4bca-a831-f9f2231a3575,1,GAID,android
10/13/2024 10:13,190.63.102.124,944e0661-f7f4-4bca-a831-f9f2231a3575,1,GAID,android
11/12/2024 17:07,2a00:5400:f013::,AAKRGE7P9eIAABxfJkTLVA,7,WEB_ID,android
11/12/2024 17:30,2a00:5400:f013::,AAKRGE7P9eIAABxfJkTLVA,7,WEB_ID,android
10/25/2024 17:28,2a00:5400:e053:631e:646b:b88:49c:ca99,AAKT707IOKgAAB_bLwHDew,6,WEB_ID,ios
10/25/2024 17:29,82.167.91.136,AAKT707IOKgAAB_bLwHDew,6,WEB_ID,ios
10/25/2024 17:31,2a00:5400:e053:631e::,AAKT707IOKgAAB_bLwHDew,6,WEB_ID,ios
10/25/2024 17:33,82.167.91.136,AAKT707IOKgAAB_bLwHDew,6,WEB_ID,ios
10/25/2024 17:35,82.167.91.136,AAKT707IOKgAAB_bLwHDew,6,WEB_ID,ios
10/25/2024 17:37,2a00:5400:e053:631e:646b:b88:49c:ca99,AAKT707IOKgAAB_bLwHDew,6,WEB_ID,ios
10/25/2024 18:37,82.167.91.136,AAKT707IOKgAAB_bLwHDew,6,WEB_ID,ios
10/25/2024 18:38,2a00:5400:e053:631e:646b:b88:49c:ca99,AAKT707IOKgAAB_bLwHDew,6,WEB_ID,ios
10/25/2024 18:43,82.167.91.136,AAKT707IOKgAAB_bLwHDew,6,WEB_ID,ios
10/25/2024 18:47,2a00:5400:e053:631e:646b:b88:49c:ca99,AAKT707IOKgAAB_bLwHDew,6,WEB_ID,ios
10/25/2024 18:48,82.167.91.136,AAKT707IOKgAAB_bLwHDew,6,WEB_ID,ios
10/25/2024 18:50,2a00:5400:e053:631e:646b:b88:49c:ca99,AAKT707IOKgAAB_bLwHDew,6,WEB_ID,ios
10/25/2024 18:50,2a00:5400:e053:631e::,AAKT707IOKgAAB_bLwHDew,6,WEB_ID,ios
10/25/2024 18:54,2a00:5400:e053:631e:646b:b88:49c:ca99,AAKT707IOKgAAB_bLwHDew,6,WEB_ID,ios
10/25/2024 18:56,2a00:5400:e053:631e::,AAKT707IOKgAAB_bLwHDew,6,WEB_ID,ios
10/25/2024 18:57,82.167.91.136,AAKT707IOKgAAB_bLwHDew,6,WEB_ID,ios
10/13/2024 10:48,2803:9810:629a::,944e0661-f7f4-4bca-a831-f9f2231a3575,1,GAID,android
10/13/2024 15:00,2803:9810:629a::,944e0661-f7f4-4bca-a831-f9f2231a3575,1,GAID,android
10/13/2024 15:32,2803:9810:629a::,944e0661-f7f4-4bca-a831-f9f2231a3575,1,GAID,android
10/13/2024 18:54,148.227.93.249,944e0661-f7f4-4bca-a831-f9f2231a3575,1,GAID,android
10/13/2024 18:56,148.227.93.249,944e0661-f7f4-4bca-a831-f9f2231a3575,1,GAID,android
10/13/2024 19:18,2803:9810:629a::,944e0661-f7f4-4bca-a831-f9f2231a3575,1,GAID,android
10/13/2024 19:38,190.63.102.124,944e0661-f7f4-4bca-a831-f9f2231a3575,1,GAID,android
10/13/2024 19:54,190.63.102.124,944e0661-f7f4-4bca-a831-f9f2231a3575,1,GAID,android
10/13/2024 19:56,190.63.102.124,944e0661-f7f4-4bca-a831-f9f2231a3575,1,GAID,android
10/14/2024 9:14,190.63.102.124,944e0661-f7f4-4bca-a831-f9f2231a3575,1,GAID,android
10/14/2024 9:16,190.63.102.124,944e0661-f7f4-4bca-a831-f9f2231a3575,1,GAID,android
10/14/2024 9:36,190.63.102.124,944e0661-f7f4-4bca-a831-f9f2231a3575,1,GAID,android
10/14/2024 12:14,148.227.93.213,944e0661-f7f4-4bca-a831-f9f2231a3575,1,GAID,android
10/14/2024 12:14,2803:9810:629a::,944e0661-f7f4-4bca-a831-f9f2231a3575,1,GAID,android
10/14/2024 12:39,2803:9810:629a:c510:19e6:62bf:d02e:5760,944e0661-f7f4-4bca-a831-f9f2231a3575,1,GAID,android
10/14/2024 13:03,2803:9810:629a:c510::,944e0661-f7f4-4bca-a831-f9f2231a3575,1,GAID,android
10/14/2024 12:51,181.196.1.0,944e0661-f7f4-4bca-a831-f9f2231a3575,1,GAID,android
10/14/2024 16:04,181.196.1.0,944e0661-f7f4-4bca-a831-f9f2231a3575,1,GAID,android
10/14/2024 16:13,181.196.1.0,944e0661-f7f4-4bca-a831-f9f2231a3575,1,GAID,android
10/14/2024 16:36,181.196.1.0,944e0661-f7f4-4bca-a831-f9f2231a3575,1,GAID,android
10/14/2024 16:50,181.196.1.0,944e0661-f7f4-4bca-a831-f9f2231a3575,1,GAID,android
10/14/2024 18:40,190.63.102.124,944e0661-f7f4-4bca-a831-f9f2231a3575,1,GAID,android
10/14/2024 18:56,190.63.102.124,944e0661-f7f4-4bca-a831-f9f2231a3575,1,GAID,android
10/14/2024 19:40,190.63.102.124,944e0661-f7f4-4bca-a831-f9f2231a3575,1,GAID,android
10/14/2024 19:57,190.63.102.124,944e0661-f7f4-4bca-a831-f9f2231a3575,1,GAID,android
10/25/2024 19:13,82.167.91.136,AAKT707IOKgAAB_bLwHDew,6,WEB_ID,ios
10/25/2024 19:17,2a00:5400:e053:631e::,AAKT707IOKgAAB_bLwHDew,6,WEB_ID,ios
10/25/2024 19:18,82.167.91.136,AAKT707IOKgAAB_bLwHDew,6,WEB_ID,ios
10/25/2024 19:20,82.167.91.136,AAKT707IOKgAAB_bLwHDew,6,WEB_ID,ios
10/25/2024 19:23,82.167.91.136,AAKT707IOKgAAB_bLwHDew,6,WEB_ID,ios
10/25/2024 19:25,2a00:5400:e053:631e::,AAKT707IOKgAAB_bLwHDew,6,WEB_ID,ios
10/25/2024 19:28,82.167.91.136,AAKT707IOKgAAB_bLwHDew,6,WEB_ID,ios
10/25/2024 19:33,82.167.91.136,AAKT707IOKgAAB_bLwHDew,6,WEB_ID,ios
10/25/2024 20:37,2a00:5400:e053:631e::,AAKT707IOKgAAB_bLwHDew,6,WEB_ID,ios
10/25/2024 20:37,82.167.91.136,AAKT707IOKgAAB_bLwHDew,6,WEB_ID,ios
10/15/2024 9:38,190.63.102.124,944e0661-f7f4-4bca-a831-f9f2231a3575,1,GAID,android
10/25/2024 20:39,82.167.91.136,AAKT707IOKgAAB_bLwHDew,6,WEB_ID,ios
10/25/2024 20:41,82.167.91.136,AAKT707IOKgAAB_bLwHDew,6,WEB_ID,ios
10/25/2024 20:46,2a00:5400:e053:631e:646b:b88:49c:ca99,AAKT707IOKgAAB_bLwHDew,6,WEB_ID,ios
10/25/2024 20:49,82.167.91.136,AAKT707IOKgAAB_bLwHDew,6,WEB_ID,ios
10/25/2024 20:51,2a00:5400:e053:631e:646b:b88:49c:ca99,AAKT707IOKgAAB_bLwHDew,6,WEB_ID,ios
10/25/2024 20:51,2a00:5400:e053:631e::,AAKT707IOKgAAB_bLwHDew,6,WEB_ID,ios
10/25/2024 20:53,82.167.91.136,AAKT707IOKgAAB_bLwHDew,6,WEB_ID,ios
10/25/2024 20:58,2a00:5400:e053:631e:646b:b88:49c:ca99,AAKT707IOKgAAB_bLwHDew,6,WEB_ID,ios
10/25/2024 20:58,82.167.91.136,AAKT707IOKgAAB_bLwHDew,6,WEB_ID,ios
10/25/2024 21:04,82.167.91.136,AAKT707IOKgAAB_bLwHDew,6,WEB_ID,ios
10/25/2024 21:08,2a00:5400:e053:631e::,AAKT707IOKgAAB_bLwHDew,6,WEB_ID,ios
10/25/2024 21:09,82.167.91.136,AAKT707IOKgAAB_bLwHDew,6,WEB_ID,ios
10/25/2024 21:14,82.167.91.136,AAKT707IOKgAAB_bLwHDew,6,WEB_ID,ios
10/25/2024 21:17,82.167.91.136,AAKT707IOKgAAB_bLwHDew,6,WEB_ID,ios
10/25/2024 21:20,2a00:5400:e053:631e::,AAKT707IOKgAAB_bLwHDew,6,WEB_ID,ios
10/25/2024 21:23,82.167.91.136,AAKT707IOKgAAB_bLwHDew,6,WEB_ID,ios
10/25/2024 21:28,82.167.91.136,AAKT707IOKgAAB_bLwHDew,6,WEB_ID,ios
10/25/2024 21:33,82.167.91.136,AAKT707IOKgAAB_bLwHDew,6,WEB_ID,ios
10/26/2024 11:36,82.167.91.136,AAKT707IOKgAAB_bLwHDew,6,WEB_ID,ios
10/26/2024 11:37,82.167.91.136,AAKT707IOKgAAB_bLwHDew,6,WEB_ID,ios
10/26/2024 11:41,82.167.91.136,AAKT707IOKgAAB_bLwHDew,6,WEB_ID,ios
10/26/2024 11:42,2a00:5400:e053:631e:646b:b88:49c:ca99,AAKT707IOKgAAB_bLwHDew,6,WEB_ID,ios
10/26/2024 11:47,82.167.91.136,AAKT707IOKgAAB_bLwHDew,6,WEB_ID,ios
10/26/2024 11:51,82.167.91.136,AAKT707IOKgAAB_bLwHDew,6,WEB_ID,ios
10/15/2024 9:52,181.196.1.0,944e0661-f7f4-4bca-a831-f9f2231a3575,1,GAID,android
10/26/2024 11:54,2a00:5400:e053:631e::,AAKT707IOKgAAB_bLwHDew,6,WEB_ID,ios
10/26/2024 11:57,82.167.91.136,AAKT707IOKgAAB_bLwHDew,6,WEB_ID,ios
10/15/2024 9:58,181.196.1.0,944e0661-f7f4-4bca-a831-f9f2231a3575,1,GAID,android
10/15/2024 9:58,181.196.1.0,944e0661-f7f4-4bca-a831-f9f2231a3575,1,GAID,android
10/26/2024 12:02,82.167.91.136,AAKT707IOKgAAB_bLwHDew,6,WEB_ID,ios
10/26/2024 12:04,82.167.91.136,AAKT707IOKgAAB_bLwHDew,6,WEB_ID,ios
10/15/2024 10:10,2803:9810:629a:c510::,944e0661-f7f4-4bca-a831-f9f2231a3575,1,GAID,android
10/15/2024 10:13,2803:9810:629a:c510::,944e0661-f7f4-4bca-a831-f9f2231a3575,1,GAID,android
10/15/2024 10:29,2803:9810:629a:c510::,944e0661-f7f4-4bca-a831-f9f2231a3575,1,GAID,android
10/22/2024 14:24,161.142.138.47,1a6196f1-7953-4e5a-8449-780be167de51,2,IDFV,ios
10/22/2024 14:29,161.142.138.47,1a6196f1-7953-4e5a-8449-780be167de51,2,IDFV,ios
10/22/2024 14:34,161.142.138.47,1a6196f1-7953-4e5a-8449-780be167de51,2,IDFV,ios
10/22/2024 14:38,161.142.138.47,1a6196f1-7953-4e5a-8449-780be167de51,2,IDFV,ios
10/22/2024 14:44,161.142.138.47,1a6196f1-7953-4e5a-8449-780be167de51,2,IDFV,ios
10/22/2024 14:49,161.142.138.47,1a6196f1-7953-4e5a-8449-780be167de51,2,IDFV,ios
10/22/2024 14:54,161.142.138.47,1a6196f1-7953-4e5a-8449-780be167de51,2,IDFV,ios
10/22/2024 14:58,161.142.138.47,1a6196f1-7953-4e5a-8449-780be167de51,2,IDFV,ios
10/22/2024 15:04,161.142.138.47,1a6196f1-7953-4e5a-8449-780be167de51,2,IDFV,ios
10/22/2024 15:07,161.142.138.47,1a6196f1-7953-4e5a-8449-780be167de51,2,IDFV,ios
10/22/2024 15:07,161.142.138.47,1a6196f1-7953-4e5a-8449-780be167de51,2,IDFV,ios
10/27/2024 15:25,2a00:5400:f022::,AALKVk7RajkAABv5BSiD8w,6,WEB_ID,android
10/15/2024 10:03,181.196.1.0,944e0661-f7f4-4bca-a831-f9f2231a3575,1,GAID,android
10/15/2024 10:19,190.63.102.124,944e0661-f7f4-4bca-a831-f9f2231a3575,1,GAID,android
10/15/2024 10:19,2803:9810:629a:c510::,944e0661-f7f4-4bca-a831-f9f2231a3575,1,GAID,android
10/15/2024 10:34,2803:9810:629a:c510::,944e0661-f7f4-4bca-a831-f9f2231a3575,1,GAID,android
10/15/2024 15:28,148.227.93.213,944e0661-f7f4-4bca-a831-f9f2231a3575,1,GAID,android
10/15/2024 15:43,148.227.93.213,944e0661-f7f4-4bca-a831-f9f2231a3575,1,GAID,android
10/15/2024 15:44,148.227.93.213,944e0661-f7f4-4bca-a831-f9f2231a3575,1,GAID,android
10/15/2024 16:02,2803:9810:629a:c510::,944e0661-f7f4-4bca-a831-f9f2231a3575,1,GAID,android
11/12/2024 16:51,2a00:5400:e051::,AAFcvU7LIAoAABO-Xttw5A,7,WEB_ID,android
11/12/2024 16:51,2a00:5400:e051::,AAFcvU7LIAoAABO-Xttw5A,7,WEB_ID,android
11/12/2024 16:52,2a00:5400:e051::,AAFcvU7LIAoAABO-Xttw5A,7,WEB_ID,android
11/12/2024 16:59,2a00:5400:e051::,AAFcvU7LIAoAABO-Xttw5A,7,WEB_ID,android
11/12/2024 17:09,2a00:5400:e051::,AAFcvU7LIAoAABO-Xttw5A,7,WEB_ID,android
10/15/2024 19:35,2803:9810:629a:c510::,944e0661-f7f4-4bca-a831-f9f2231a3575,1,GAID,android
10/15/2024 19:36,2803:9810:629a:c510::,944e0661-f7f4-4bca-a831-f9f2231a3575,1,GAID,android
10/15/2024 19:36,2803:9810:629a:c510::,944e0661-f7f4-4bca-a831-f9f2231a3575,1,GAID,android
10/15/2024 19:47,2803:9810:629a:c510::,944e0661-f7f4-4bca-a831-f9f2231a3575,1,GAID,android
10/15/2024 19:47,2803:9810:629a:c510::,944e0661-f7f4-4bca-a831-f9f2231a3575,1,GAID,android
10/15/2024 20:23,190.63.102.124,944e0661-f7f4-4bca-a831-f9f2231a3575,1,GAID,android
10/15/2024 20:41,190.63.102.124,944e0661-f7f4-4bca-a831-f9f2231a3575,1,GAID,android
10/16/2024 10:17,190.63.102.124,944e0661-f7f4-4bca-a831-f9f2231a3575,1,GAID,android
10/16/2024 10:24,2803:9810:629a:c510::,944e0661-f7f4-4bca-a831-f9f2231a3575,1,GAID,android
10/16/2024 17:03,190.63.102.124,944e0661-f7f4-4bca-a831-f9f2231a3575,1,GAID,android
10/16/2024 17:05,190.63.102.124,944e0661-f7f4-4bca-a831-f9f2231a3575,1,GAID,android
10/16/2024 17:06,190.63.102.124,944e0661-f7f4-4bca-a831-f9f2231a3575,1,GAID,android
10/16/2024 17:12,2803:9810:629a:c510::,944e0661-f7f4-4bca-a831-f9f2231a3575,1,GAID,android
10/16/2024 17:30,190.214.77.86,944e0661-f7f4-4bca-a831-f9f2231a3575,1,GAID,android
10/17/2024 8:57,190.214.77.86,944e0661-f7f4-4bca-a831-f9f2231a3575,1,GAID,android
10/17/2024 9:22,190.214.77.86,944e0661-f7f4-4bca-a831-f9f2231a3575,1,GAID,android
11/12/2024 18:05,2a00:5400:e051::,AAFcvU7LIAoAABO-Xttw5A,7,WEB_ID,android
11/12/2024 18:15,2a00:5400:e051::,AAFcvU7LIAoAABO-Xttw5A,7,WEB_ID,android
11/12/2024 18:16,2a00:5400:e051::,AAFcvU7LIAoAABO-Xttw5A,7,WEB_ID,android
10/17/2024 11:10,190.214.77.86,944e0661-f7f4-4bca-a831-f9f2231a3575,1,GAID,android
10/27/2024 15:26,2a00:5400:f022::,AALKVk7RajkAABv5BSiD8w,6,WEB_ID,android
10/17/2024 11:23,190.214.77.86,944e0661-f7f4-4bca-a831-f9f2231a3575,1,GAID,android
10/17/2024 11:37,190.214.77.86,944e0661-f7f4-4bca-a831-f9f2231a3575,1,GAID,android
10/17/2024 11:51,190.214.77.86,944e0661-f7f4-4bca-a831-f9f2231a3575,1,GAID,android
10/17/2024 13:53,190.214.77.86,944e0661-f7f4-4bca-a831-f9f2231a3575,1,GAID,android
10/17/2024 14:09,190.214.77.86,944e0661-f7f4-4bca-a831-f9f2231a3575,1,GAID,android
10/17/2024 16:21,190.214.77.86,944e0661-f7f4-4bca-a831-f9f2231a3575,1,GAID,android
11/12/2024 19:31,2a00:5400:f013::,AAKRGE7P9eIAABxfJkTLVA,7,WEB_ID,android
11/12/2024 19:34,2a00:5400:f013::,AAKRGE7P9eIAABxfJkTLVA,7,WEB_ID,android
11/12/2024 19:39,2a00:5400:f013::,AAKRGE7P9eIAABxfJkTLVA,7,WEB_ID,android
10/17/2024 16:46,190.214.77.86,944e0661-f7f4-4bca-a831-f9f2231a3575,1,GAID,android
10/17/2024 16:50,190.214.77.86,944e0661-f7f4-4bca-a831-f9f2231a3575,1,GAID,android
10/17/2024 17:05,190.214.77.86,944e0661-f7f4-4bca-a831-f9f2231a3575,1,GAID,android
10/17/2024 18:38,190.63.102.122,944e0661-f7f4-4bca-a831-f9f2231a3575,1,GAID,android
10/17/2024 20:08,190.63.102.122,944e0661-f7f4-4bca-a831-f9f2231a3575,1,GAID,android
10/17/2024 20:08,190.63.102.122,944e0661-f7f4-4bca-a831-f9f2231a3575,1,GAID,android
10/27/2024 15:44,2a00:5400:e053:631e:646b:b88:49c:ca99,AAKT707IOKgAAB_bLwHDew,6,WEB_ID,ios
10/27/2024 15:48,2a00:5400:e053:631e:646b:b88:49c:ca99,AAKT707IOKgAAB_bLwHDew,6,WEB_ID,ios
10/27/2024 15:50,2a00:5400:e053:631e:646b:b88:49c:ca99,AAKT707IOKgAAB_bLwHDew,6,WEB_ID,ios
10/27/2024 15:52,2a00:5400:e053:631e::,AAKT707IOKgAAB_bLwHDew,6,WEB_ID,ios
10/27/2024 15:54,82.167.91.136,AAKT707IOKgAAB_bLwHDew,6,WEB_ID,ios
10/27/2024 15:57,2a00:5400:e053:631e::,AAKT707IOKgAAB_bLwHDew,6,WEB_ID,ios
10/27/2024 15:57,82.167.91.136,AAKT707IOKgAAB_bLwHDew,6,WEB_ID,ios
10/27/2024 15:58,2a00:5400:e053:631e:646b:b88:49c:ca99,AAKT707IOKgAAB_bLwHDew,6,WEB_ID,ios
10/27/2024 16:03,2a00:5400:e053:631e:646b:b88:49c:ca99,AAKT707IOKgAAB_bLwHDew,6,WEB_ID,ios
10/27/2024 16:08,82.167.91.136,AAKT707IOKgAAB_bLwHDew,6,WEB_ID,ios
10/28/2024 10:28,2a00:5400:e053:631e:646b:b88:49c:ca99,AAKT707IOKgAAB_bLwHDew,6,WEB_ID,ios
10/28/2024 10:29,2a00:5400:e053:631e:646b:b88:49c:ca99,AAKT707IOKgAAB_bLwHDew,6,WEB_ID,ios
10/28/2024 10:31,82.167.91.136,AAKT707IOKgAAB_bLwHDew,6,WEB_ID,ios
10/28/2024 10:33,82.167.91.136,AAKT707IOKgAAB_bLwHDew,6,WEB_ID,ios
10/28/2024 10:37,2a00:5400:e053:631e:646b:b88:49c:ca99,AAKT707IOKgAAB_bLwHDew,6,WEB_ID,ios
10/28/2024 10:37,82.167.91.136,AAKT707IOKgAAB_bLwHDew,6,WEB_ID,ios
10/28/2024 10:42,2a00:5400:e053:631e::,AAKT707IOKgAAB_bLwHDew,6,WEB_ID,ios
10/28/2024 10:42,2a00:5400:e053:631e:646b:b88:49c:ca99,AAKT707IOKgAAB_bLwHDew,6,WEB_ID,ios
10/28/2024 10:43,82.167.91.136,AAKT707IOKgAAB_bLwHDew,6,WEB_ID,ios
10/28/2024 10:47,82.167.91.136,AAKT707IOKgAAB_bLwHDew,6,WEB_ID,ios
10/28/2024 10:53,82.167.91.136,AAKT707IOKgAAB_bLwHDew,6,WEB_ID,ios
10/28/2024 10:54,2a00:5400:e053:631e:646b:b88:49c:ca99,AAKT707IOKgAAB_bLwHDew,6,WEB_ID,ios
10/28/2024 10:55,82.167.91.136,AAKT707IOKgAAB_bLwHDew,6,WEB_ID,ios
10/28/2024 10:56,2a00:5400:e053:631e:646b:b88:49c:ca99,AAKT707IOKgAAB_bLwHDew,6,WEB_ID,ios
10/22/2024 15:29,161.142.138.47,1a6196f1-7953-4e5a-8449-780be167de51,2,IDFV,ios
10/22/2024 15:34,161.142.138.47,1a6196f1-7953-4e5a-8449-780be167de51,2,IDFV,ios
10/22/2024 15:36,161.142.138.47,1a6196f1-7953-4e5a-8449-780be167de51,2,IDFV,ios
10/23/2024 15:26,161.142.138.47,1a6196f1-7953-4e5a-8449-780be167de51,2,IDFV,ios
11/12/2024 19:42,2a00:5400:e051::,AAFcvU7LIAoAABO-Xttw5A,7,WEB_ID,android
10/23/2024 15:30,161.142.138.47,1a6196f1-7953-4e5a-8449-780be167de51,2,IDFV,ios
10/23/2024 15:36,161.142.138.47,1a6196f1-7953-4e5a-8449-780be167de51,2,IDFV,ios
10/23/2024 15:42,161.142.138.47,1a6196f1-7953-4e5a-8449-780be167de51,2,IDFV,ios
11/12/2024 20:11,2a00:5400:e051::,AAFcvU7LIAoAABO-Xttw5A,7,WEB_ID,android
11/12/2024 20:11,2a00:5400:e051::,AAFcvU7LIAoAABO-Xttw5A,7,WEB_ID,android
11/12/2024 20:13,2a00:5400:e051::,AAFcvU7LIAoAABO-Xttw5A,7,WEB_ID,android
11/12/2024 20:21,2a00:5400:e051::,AAFcvU7LIAoAABO-Xttw5A,7,WEB_ID,android
11/12/2024 20:24,2a00:5400:e051::,AAFcvU7LIAoAABO-Xttw5A,7,WEB_ID,android
11/12/2024 20:26,2a00:5400:e051::,AAFcvU7LIAoAABO-Xttw5A,7,WEB_ID,android
11/12/2024 20:27,2a00:5400:e051::,AAFcvU7LIAoAABO-Xttw5A,7,WEB_ID,android
10/17/2024 20:32,190.63.102.122,944e0661-f7f4-4bca-a831-f9f2231a3575,1,GAID,android
10/17/2024 20:34,190.63.102.122,944e0661-f7f4-4bca-a831-f9f2231a3575,1,GAID,android
10/17/2024 20:46,190.63.102.122,944e0661-f7f4-4bca-a831-f9f2231a3575,1,GAID,android
10/17/2024 20:20,148.227.93.213,944e0661-f7f4-4bca-a831-f9f2231a3575,1,GAID,android
10/17/2024 20:39,148.227.93.213,944e0661-f7f4-4bca-a831-f9f2231a3575,1,GAID,android
10/17/2024 21:01,190.214.77.86,944e0661-f7f4-4bca-a831-f9f2231a3575,1,GAID,android
10/17/2024 21:03,190.214.77.86,944e0661-f7f4-4bca-a831-f9f2231a3575,1,GAID,android
10/17/2024 21:06,2803:9810:629a:c510::,944e0661-f7f4-4bca-a831-f9f2231a3575,1,GAID,android
10/17/2024 21:15,2803:9810:629a:c510::,944e0661-f7f4-4bca-a831-f9f2231a3575,1,GAID,android
10/18/2024 8:02,2803:9810:629a:c510::,944e0661-f7f4-4bca-a831-f9f2231a3575,1,GAID,android
10/18/2024 8:02,2803:9810:629a:c510::,944e0661-f7f4-4bca-a831-f9f2231a3575,1,GAID,android
10/18/2024 8:05,2803:9810:629a:c510::,944e0661-f7f4-4bca-a831-f9f2231a3575,1,GAID,android
10/18/2024 8:12,2803:9810:629a:c510::,944e0661-f7f4-4bca-a831-f9f2231a3575,1,GAID,android
10/18/2024 8:16,2803:9810:629a:c510::,944e0661-f7f4-4bca-a831-f9f2231a3575,1,GAID,android
10/18/2024 8:21,2803:9810:629a:c510::,944e0661-f7f4-4bca-a831-f9f2231a3575,1,GAID,android
10/18/2024 8:27,2803:9810:629a:c510::,944e0661-f7f4-4bca-a831-f9f2231a3575,1,GAID,android
10/18/2024 8:32,2803:9810:629a:c510::,944e0661-f7f4-4bca-a831-f9f2231a3575,1,GAID,android
10/18/2024 8:37,2803:9810:629a:c510::,944e0661-f7f4-4bca-a831-f9f2231a3575,1,GAID,android
10/18/2024 8:41,2803:9810:629a:c510::,944e0661-f7f4-4bca-a831-f9f2231a3575,1,GAID,android
10/18/2024 8:46,2803:9810:629a:c510::,944e0661-f7f4-4bca-a831-f9f2231a3575,1,GAID,android
10/18/2024 8:50,148.227.93.213,944e0661-f7f4-4bca-a831-f9f2231a3575,1,GAID,android
10/18/2024 8:56,148.227.93.213,944e0661-f7f4-4bca-a831-f9f2231a3575,1,GAID,android
10/18/2024 8:35,2803:9810:629a:c510::,944e0661-f7f4-4bca-a831-f9f2231a3575,1,GAID,android
10/18/2024 8:38,148.227.93.213,944e0661-f7f4-4bca-a831-f9f2231a3575,1,GAID,android
10/18/2024 8:38,148.227.93.213,944e0661-f7f4-4bca-a831-f9f2231a3575,1,GAID,android
10/18/2024 8:38,148.227.93.213,944e0661-f7f4-4bca-a831-f9f2231a3575,1,GAID,android
10/18/2024 8:43,148.227.93.213,944e0661-f7f4-4bca-a831-f9f2231a3575,1,GAID,android
10/18/2024 8:47,148.227.93.213,944e0661-f7f4-4bca-a831-f9f2231a3575,1,GAID,android
10/18/2024 8:52,148.227.93.213,944e0661-f7f4-4bca-a831-f9f2231a3575,1,GAID,android
10/18/2024 8:52,148.227.93.213,944e0661-f7f4-4bca-a831-f9f2231a3575,1,GAID,android
10/18/2024 8:57,2803:9810:629a:c510::,944e0661-f7f4-4bca-a831-f9f2231a3575,1,GAID,android
10/18/2024 9:01,148.227.93.145,944e0661-f7f4-4bca-a831-f9f2231a3575,1,GAID,android
10/18/2024 9:03,2803:9810:629a:c510::,944e0661-f7f4-4bca-a831-f9f2231a3575,1,GAID,android
10/18/2024 9:05,2803:9810:629a:c510::,944e0661-f7f4-4bca-a831-f9f2231a3575,1,GAID,android
10/18/2024 9:07,2803:9810:629a:c510::,944e0661-f7f4-4bca-a831-f9f2231a3575,1,GAID,android
10/18/2024 15:33,2803:9810:629a:c510::,944e0661-f7f4-4bca-a831-f9f2231a3575,1,GAID,android
10/18/2024 15:48,2803:9810:629a:c510::,944e0661-f7f4-4bca-a831-f9f2231a3575,1,GAID,android
10/28/2024 11:12,82.167.91.136,AAKT707IOKgAAB_bLwHDew,6,WEB_ID,ios
10/28/2024 11:23,2a00:5400:e053:631e::,AAKT707IOKgAAB_bLwHDew,6,WEB_ID,ios
10/28/2024 11:33,2a00:5400:e053:631e::,AAKT707IOKgAAB_bLwHDew,6,WEB_ID,ios
10/28/2024 11:36,2a00:5400:e053:631e:646b:b88:49c:ca99,AAKT707IOKgAAB_bLwHDew,6,WEB_ID,ios
10/28/2024 11:39,2a00:5400:e053:631e::,AAKT707IOKgAAB_bLwHDew,6,WEB_ID,ios
10/28/2024 11:41,2a00:5400:e053:631e::,AAKT707IOKgAAB_bLwHDew,6,WEB_ID,ios
10/28/2024 11:44,2a00:5400:e053:631e:646b:b88:49c:ca99,AAKT707IOKgAAB_bLwHDew,6,WEB_ID,ios
10/28/2024 11:45,2a00:5400:e053:631e:646b:b88:49c:ca99,AAKT707IOKgAAB_bLwHDew,6,WEB_ID,ios
10/28/2024 11:48,82.167.91.136,AAKT707IOKgAAB_bLwHDew,6,WEB_ID,ios
10/28/2024 11:49,2a00:5400:e053:631e::,AAKT707IOKgAAB_bLwHDew,6,WEB_ID,ios
10/28/2024 11:51,2a00:5400:e053:631e:646b:b88:49c:ca99,AAKT707IOKgAAB_bLwHDew,6,WEB_ID,ios
10/28/2024 11:55,82.167.91.136,AAKT707IOKgAAB_bLwHDew,6,WEB_ID,ios
10/28/2024 11:57,2a00:5400:e053:631e::,AAKT707IOKgAAB_bLwHDew,6,WEB_ID,ios
10/28/2024 12:04,82.167.91.136,AAKT707IOKgAAB_bLwHDew,6,WEB_ID,ios
10/28/2024 17:58,82.167.91.136,AAKT707IOKgAAB_bLwHDew,6,WEB_ID,ios
10/28/2024 17:58,2a00:5400:e053:631e:646b:b88:49c:ca99,AAKT707IOKgAAB_bLwHDew,6,WEB_ID,ios
10/28/2024 18:03,2a00:5400:e053:631e:646b:b88:49c:ca99,AAKT707IOKgAAB_bLwHDew,6,WEB_ID,ios
10/28/2024 18:05,2a00:5400:e053:631e::,AAKT707IOKgAAB_bLwHDew,6,WEB_ID,ios
10/28/2024 18:06,82.167.91.136,AAKT707IOKgAAB_bLwHDew,6,WEB_ID,ios
10/28/2024 18:10,82.167.91.136,AAKT707IOKgAAB_bLwHDew,6,WEB_ID,ios
10/28/2024 18:15,82.167.91.136,AAKT707IOKgAAB_bLwHDew,6,WEB_ID,ios
10/28/2024 18:20,2a00:5400:e053:631e:646b:b88:49c:ca99,AAKT707IOKgAAB_bLwHDew,6,WEB_ID,ios
10/28/2024 18:21,82.167.91.136,AAKT707IOKgAAB_bLwHDew,6,WEB_ID,ios
10/28/2024 18:24,82.167.91.136,AAKT707IOKgAAB_bLwHDew,6,WEB_ID,ios
10/18/2024 15:58,148.227.93.145,944e0661-f7f4-4bca-a831-f9f2231a3575,1,GAID,android
10/18/2024 15:33,190.63.102.116,944e0661-f7f4-4bca-a831-f9f2231a3575,1,GAID,android
10/18/2024 15:52,190.63.102.116,944e0661-f7f4-4bca-a831-f9f2231a3575,1,GAID,android
10/19/2024 8:23,190.63.102.116,944e0661-f7f4-4bca-a831-f9f2231a3575,1,GAID,android
10/19/2024 8:28,2803:9810:629a:c510::,944e0661-f7f4-4bca-a831-f9f2231a3575,1,GAID,android
10/19/2024 8:35,2803:9810:629a:c510::,944e0661-f7f4-4bca-a831-f9f2231a3575,1,GAID,android
10/23/2024 16:03,103.121.138.180,95d9aeb3-c446-4b44-b165-8f617e14955e,2,IDFV,ios
10/23/2024 16:11,161.142.138.47,1a6196f1-7953-4e5a-8449-780be167de51,2,IDFV,ios
10/23/2024 16:16,161.142.138.47,1a6196f1-7953-4e5a-8449-780be167de51,2,IDFV,ios
10/23/2024 16:16,161.142.138.47,1a6196f1-7953-4e5a-8449-780be167de51,2,IDFV,ios
10/24/2024 11:15,161.142.138.47,1a6196f1-7953-4e5a-8449-780be167de51,2,IDFV,ios
10/24/2024 11:21,161.142.138.47,1a6196f1-7953-4e5a-8449-780be167de51,2,IDFV,ios
10/24/2024 11:26,161.142.138.47,1a6196f1-7953-4e5a-8449-780be167de51,2,IDFV,ios
10/24/2024 11:31,161.142.138.47,1a6196f1-7953-4e5a-8449-780be167de51,2,IDFV,ios
10/24/2024 11:32,161.142.138.47,1a6196f1-7953-4e5a-8449-780be167de51,2,IDFV,ios
10/19/2024 8:44,148.227.93.145,944e0661-f7f4-4bca-a831-f9f2231a3575,1,GAID,android
10/19/2024 9:04,190.63.102.116,944e0661-f7f4-4bca-a831-f9f2231a3575,1,GAID,android
10/19/2024 9:07,190.63.102.116,944e0661-f7f4-4bca-a831-f9f2231a3575,1,GAID,android
10/19/2024 9:09,190.63.102.116,944e0661-f7f4-4bca-a831-f9f2231a3575,1,GAID,android
10/19/2024 9:15,190.63.102.116,944e0661-f7f4-4bca-a831-f9f2231a3575,1,GAID,android
10/19/2024 13:26,190.63.102.116,944e0661-f7f4-4bca-a831-f9f2231a3575,1,GAID,android
10/19/2024 13:26,190.63.102.116,944e0661-f7f4-4bca-a831-f9f2231a3575,1,GAID,android
10/19/2024 13:38,190.63.102.116,944e0661-f7f4-4bca-a831-f9f2231a3575,1,GAID,android
10/19/2024 14:14,148.227.93.145,944e0661-f7f4-4bca-a831-f9f2231a3575,1,GAID,android
10/19/2024 14:31,2803:9810:629a:c510::,944e0661-f7f4-4bca-a831-f9f2231a3575,1,GAID,android
10/19/2024 14:39,148.227.93.90,944e0661-f7f4-4bca-a831-f9f2231a3575,1,GAID,android
10/19/2024 14:46,2803:9810:629a:c510::,944e0661-f7f4-4bca-a831-f9f2231a3575,1,GAID,android
10/19/2024 14:46,2803:9810:629a:c510::,944e0661-f7f4-4bca-a831-f9f2231a3575,1,GAID,android
10/19/2024 14:53,2803:9810:629a:c510::,944e0661-f7f4-4bca-a831-f9f2231a3575,1,GAID,android
10/19/2024 14:59,2803:9810:629a:c510::,944e0661-f7f4-4bca-a831-f9f2231a3575,1,GAID,android
10/19/2024 15:07,148.227.93.90,944e0661-f7f4-4bca-a831-f9f2231a3575,1,GAID,android
10/19/2024 15:14,148.227.93.90,944e0661-f7f4-4bca-a831-f9f2231a3575,1,GAID,android
10/19/2024 15:14,2803:9810:629a:c510::,944e0661-f7f4-4bca-a831-f9f2231a3575,1,GAID,android
10/19/2024 15:21,148.227.93.90,944e0661-f7f4-4bca-a831-f9f2231a3575,1,GAID,android
10/28/2024 18:28,2a00:5400:f022::,AALKVk7RajkAABv5BSiD8w,6,WEB_ID,android
10/28/2024 18:28,2a00:5400:f022::,AALKVk7RajkAABv5BSiD8w,6,WEB_ID,android
10/19/2024 20:43,148.227.93.111,944e0661-f7f4-4bca-a831-f9f2231a3575,1,GAID,android
10/24/2024 12:10,161.142.138.47,1a6196f1-7953-4e5a-8449-780be167de51,2,IDFV,ios
11/12/2024 19:45,2a00:5400:f013::,AAKRGE7P9eIAABxfJkTLVA,7,WEB_ID,android
11/12/2024 19:45,2a00:5400:f013::,AAKRGE7P9eIAABxfJkTLVA,7,WEB_ID,android
11/12/2024 19:45,2a00:5400:f013::,AAKRGE7P9eIAABxfJkTLVA,7,WEB_ID,android
11/12/2024 19:47,2a00:5400:f013::,AAKRGE7P9eIAABxfJkTLVA,7,WEB_ID,android
11/12/2024 19:47,2a00:5400:f013::,AAKRGE7P9eIAABxfJkTLVA,7,WEB_ID,android
11/12/2024 19:49,2a00:5400:f013::,AAKRGE7P9eIAABxfJkTLVA,7,WEB_ID,android
11/12/2024 20:32,2a00:5400:f013::,AAKRGE7P9eIAABxfJkTLVA,7,WEB_ID,android
11/12/2024 20:46,2a00:5400:f013::,AAKRGE7P9eIAABxfJkTLVA,7,WEB_ID,android
11/12/2024 20:49,2a00:5400:f013::,AAKRGE7P9eIAABxfJkTLVA,7,WEB_ID,android
11/13/2024 10:05,2a00:5400:f013::,AAKRGE7P9eIAABxfJkTLVA,7,WEB_ID,android
11/13/2024 10:05,2a00:5400:f013::,AAKRGE7P9eIAABxfJkTLVA,7,WEB_ID,android
11/13/2024 10:06,2a00:5400:f013::,AAKRGE7P9eIAABxfJkTLVA,7,WEB_ID,android
11/13/2024 10:07,2a00:5400:f013::,AAKRGE7P9eIAABxfJkTLVA,7,WEB_ID,android
11/13/2024 10:07,46.143.149.0,AAKRGE7P9eIAABxfJkTLVA,7,WEB_ID,android
11/13/2024 10:08,2a00:5400:f013::,AAKRGE7P9eIAABxfJkTLVA,7,WEB_ID,android
11/13/2024 10:08,2a00:5400:f013::,AAKRGE7P9eIAABxfJkTLVA,7,WEB_ID,android
11/13/2024 10:09,2a00:5400:f013::,AAKRGE7P9eIAABxfJkTLVA,7,WEB_ID,android
11/13/2024 10:09,2a00:5400:f013::,AAKRGE7P9eIAABxfJkTLVA,7,WEB_ID,android
11/13/2024 10:11,2a00:5400:f013::,AAKRGE7P9eIAABxfJkTLVA,7,WEB_ID,android
11/13/2024 10:12,2a00:5400:f013::,AAKRGE7P9eIAABxfJkTLVA,7,WEB_ID,android
10/20/2024 16:01,190.214.77.86,944e0661-f7f4-4bca-a831-f9f2231a3575,1,GAID,android
10/20/2024 16:10,190.214.77.86,944e0661-f7f4-4bca-a831-f9f2231a3575,1,GAID,android
10/20/2024 18:01,190.214.77.86,944e0661-f7f4-4bca-a831-f9f2231a3575,1,GAID,android
10/20/2024 18:17,190.214.77.86,944e0661-f7f4-4bca-a831-f9f2231a3575,1,GAID,android
10/20/2024 18:33,190.214.77.86,944e0661-f7f4-4bca-a831-f9f2231a3575,1,GAID,android
10/20/2024 19:49,2803:9810:629a:c510::,944e0661-f7f4-4bca-a831-f9f2231a3575,1,GAID,android
10/20/2024 20:17,148.227.93.111,944e0661-f7f4-4bca-a831-f9f2231a3575,1,GAID,android
10/20/2024 20:33,148.227.93.111,944e0661-f7f4-4bca-a831-f9f2231a3575,1,GAID,android
10/21/2024 15:33,190.63.102.116,944e0661-f7f4-4bca-a831-f9f2231a3575,1,GAID,android
10/21/2024 15:46,190.63.102.116,944e0661-f7f4-4bca-a831-f9f2231a3575,1,GAID,android
10/21/2024 15:58,190.63.102.116,944e0661-f7f4-4bca-a831-f9f2231a3575,1,GAID,android
10/21/2024 16:14,190.63.102.126,944e0661-f7f4-4bca-a831-f9f2231a3575,1,GAID,android
10/21/2024 16:14,190.63.102.126,944e0661-f7f4-4bca-a831-f9f2231a3575,1,GAID,android
10/21/2024 19:04,190.63.102.126,944e0661-f7f4-4bca-a831-f9f2231a3575,1,GAID,android
10/21/2024 19:29,190.63.102.126,944e0661-f7f4-4bca-a831-f9f2231a3575,1,GAID,android
10/21/2024 19:32,190.63.102.126,944e0661-f7f4-4bca-a831-f9f2231a3575,1,GAID,android
10/21/2024 19:38,190.214.77.198,944e0661-f7f4-4bca-a831-f9f2231a3575,1,GAID,android
10/21/2024 19:40,190.214.77.198,944e0661-f7f4-4bca-a831-f9f2231a3575,1,GAID,android
10/21/2024 19:41,190.214.77.198,944e0661-f7f4-4bca-a831-f9f2231a3575,1,GAID,android
10/21/2024 19:52,190.214.77.198,944e0661-f7f4-4bca-a831-f9f2231a3575,1,GAID,android
10/21/2024 20:03,190.214.77.198,944e0661-f7f4-4bca-a831-f9f2231a3575,1,GAID,android
10/21/2024 19:06,190.214.77.198,944e0661-f7f4-4bca-a831-f9f2231a3575,1,GAID,android
10/21/2024 19:07,190.214.77.198,944e0661-f7f4-4bca-a831-f9f2231a3575,1,GAID,android
10/21/2024 19:13,190.214.77.198,944e0661-f7f4-4bca-a831-f9f2231a3575,1,GAID,android
10/21/2024 19:49,190.63.102.126,944e0661-f7f4-4bca-a831-f9f2231a3575,1,GAID,android
10/21/2024 19:51,190.63.102.126,944e0661-f7f4-4bca-a831-f9f2231a3575,1,GAID,android
10/22/2024 9:49,190.63.102.126,944e0661-f7f4-4bca-a831-f9f2231a3575,1,GAID,android
10/28/2024 18:36,2a00:5400:f022::,AALKVk7RajkAABv5BSiD8w,6,WEB_ID,android
10/22/2024 9:57,148.227.93.111,944e0661-f7f4-4bca-a831-f9f2231a3575,1,GAID,android
10/22/2024 9:58,2803:9810:629a:c510::,944e0661-f7f4-4bca-a831-f9f2231a3575,1,GAID,android
10/22/2024 10:41,190.214.77.198,944e0661-f7f4-4bca-a831-f9f2231a3575,1,GAID,android
10/22/2024 10:50,2803:9810:629a:c510::,944e0661-f7f4-4bca-a831-f9f2231a3575,1,GAID,android
10/22/2024 11:27,190.63.102.126,944e0661-f7f4-4bca-a831-f9f2231a3575,1,GAID,android
10/22/2024 17:14,190.63.102.126,944e0661-f7f4-4bca-a831-f9f2231a3575,1,GAID,android
10/22/2024 17:38,190.63.102.126,944e0661-f7f4-4bca-a831-f9f2231a3575,1,GAID,android
10/22/2024 18:03,2803:9810:629a:c510::,944e0661-f7f4-4bca-a831-f9f2231a3575,1,GAID,android
10/28/2024 18:48,2a00:5400:f022::,AALKVk7RajkAABv5BSiD8w,6,WEB_ID,android
10/22/2024 18:02,148.227.93.111,944e0661-f7f4-4bca-a831-f9f2231a3575,1,GAID,android
10/22/2024 18:13,148.227.93.111,944e0661-f7f4-4bca-a831-f9f2231a3575,1,GAID,android
10/22/2024 19:20,2803:9810:629a:c510::,944e0661-f7f4-4bca-a831-f9f2231a3575,1,GAID,android
10/23/2024 9:06,2803:9810:629a:c510::,944e0661-f7f4-4bca-a831-f9f2231a3575,1,GAID,android
10/23/2024 9:12,190.214.77.198,944e0661-f7f4-4bca-a831-f9f2231a3575,1,GAID,android
10/23/2024 9:19,190.214.77.198,944e0661-f7f4-4bca-a831-f9f2231a3575,1,GAID,android
10/23/2024 9:22,190.214.77.198,944e0661-f7f4-4bca-a831-f9f2231a3575,1,GAID,android
10/23/2024 9:32,190.214.77.198,944e0661-f7f4-4bca-a831-f9f2231a3575,1,GAID,android
10/23/2024 9:37,190.214.77.198,944e0661-f7f4-4bca-a831-f9f2231a3575,1,GAID,android
10/23/2024 9:49,190.214.77.198,944e0661-f7f4-4bca-a831-f9f2231a3575,1,GAID,android
10/23/2024 12:19,190.214.77.198,944e0661-f7f4-4bca-a831-f9f2231a3575,1,GAID,android
10/23/2024 18:27,148.227.93.111,944e0661-f7f4-4bca-a831-f9f2231a3575,1,GAID,android
10/23/2024 18:32,2803:9810:629a:c510::,944e0661-f7f4-4bca-a831-f9f2231a3575,1,GAID,android
10/23/2024 18:56,2803:9810:629a:c510::,944e0661-f7f4-4bca-a831-f9f2231a3575,1,GAID,android
10/23/2024 19:05,181.196.3.0,944e0661-f7f4-4bca-a831-f9f2231a3575,1,GAID,android
10/24/2024 9:38,181.196.3.0,944e0661-f7f4-4bca-a831-f9f2231a3575,1,GAID,android
10/22/2024 13:05,103.244.175.0,d70be07e-05ff-4037-98c5-d059c20f4a1e,5,IDFA,ios
10/25/2024 16:12,103.121.138.180,04de0e1c-de2f-4515-8423-ae3083e4acee,2,IDFV,ios
10/26/2024 12:57,103.121.138.180,04de0e1c-de2f-4515-8423-ae3083e4acee,2,IDFV,ios
10/24/2024 9:55,181.196.3.0,944e0661-f7f4-4bca-a831-f9f2231a3575,1,GAID,android
10/24/2024 9:56,148.227.93.111,944e0661-f7f4-4bca-a831-f9f2231a3575,1,GAID,android
10/24/2024 9:58,190.63.102.126,944e0661-f7f4-4bca-a831-f9f2231a3575,1,GAID,android
10/24/2024 10:23,2803:9810:629a:c510::,944e0661-f7f4-4bca-a831-f9f2231a3575,1,GAID,android
10/24/2024 10:42,190.63.102.126,944e0661-f7f4-4bca-a831-f9f2231a3575,1,GAID,android
10/24/2024 10:43,190.63.102.126,944e0661-f7f4-4bca-a831-f9f2231a3575,1,GAID,android
10/24/2024 10:43,190.63.102.126,944e0661-f7f4-4bca-a831-f9f2231a3575,1,GAID,android
10/24/2024 10:47,190.63.102.126,944e0661-f7f4-4bca-a831-f9f2231a3575,1,GAID,android
10/24/2024 11:12,190.63.102.126,944e0661-f7f4-4bca-a831-f9f2231a3575,1,GAID,android
10/24/2024 15:50,190.63.102.126,944e0661-f7f4-4bca-a831-f9f2231a3575,1,GAID,android
10/24/2024 16:15,2803:9810:629a:c510::,944e0661-f7f4-4bca-a831-f9f2231a3575,1,GAID,android
10/26/2024 13:25,103.121.244.4,1a6196f1-7953-4e5a-8449-780be167de51,2,IDFV,ios
10/26/2024 13:31,103.121.244.4,1a6196f1-7953-4e5a-8449-780be167de51,2,IDFV,ios
10/26/2024 13:35,103.121.244.4,1a6196f1-7953-4e5a-8449-780be167de51,2,IDFV,ios
10/26/2024 13:38,103.121.244.4,1a6196f1-7953-4e5a-8449-780be167de51,2,IDFV,ios
10/26/2024 13:46,103.121.244.4,1a6196f1-7953-4e5a-8449-780be167de51,2,IDFV,ios
10/26/2024 13:49,103.121.244.4,1a6196f1-7953-4e5a-8449-780be167de51,2,IDFV,ios
10/26/2024 13:51,103.121.244.4,1a6196f1-7953-4e5a-8449-780be167de51,2,IDFV,ios
10/26/2024 16:57,103.121.244.4,1a6196f1-7953-4e5a-8449-780be167de51,2,IDFV,ios
10/26/2024 17:00,103.121.244.4,1a6196f1-7953-4e5a-8449-780be167de51,2,IDFV,ios
10/26/2024 17:03,103.121.244.4,1a6196f1-7953-4e5a-8449-780be167de51,2,IDFV,ios
10/26/2024 17:10,103.121.244.4,1a6196f1-7953-4e5a-8449-780be167de51,2,IDFV,ios
10/26/2024 17:15,103.121.244.4,1a6196f1-7953-4e5a-8449-780be167de51,2,IDFV,ios
10/26/2024 17:20,103.121.244.4,1a6196f1-7953-4e5a-8449-780be167de51,2,IDFV,ios
10/26/2024 17:23,103.121.244.4,1a6196f1-7953-4e5a-8449-780be167de51,2,IDFV,ios
11/13/2024 10:12,2a00:5400:e051::,AAFcvU7LIAoAABO-Xttw5A,7,WEB_ID,android
11/13/2024 10:13,2a00:5400:e051::,AAFcvU7LIAoAABO-Xttw5A,7,WEB_ID,android
11/13/2024 10:13,2a00:5400:e051::,AAFcvU7LIAoAABO-Xttw5A,7,WEB_ID,android
10/28/2024 20:02,2a00:5400:f022::,AALKVk7RajkAABv5BSiD8w,6,WEB_ID,android
11/13/2024 10:28,2a00:5400:e051::,AAFcvU7LIAoAABO-Xttw5A,7,WEB_ID,android
11/13/2024 10:28,2a00:5400:e051::,AAFcvU7LIAoAABO-Xttw5A,7,WEB_ID,android
11/13/2024 10:29,2a00:5400:e051::,AAFcvU7LIAoAABO-Xttw5A,7,WEB_ID,android
11/13/2024 10:29,2a00:5400:e051::,AAFcvU7LIAoAABO-Xttw5A,7,WEB_ID,android
11/13/2024 10:30,2a00:5400:e051::,AAFcvU7LIAoAABO-Xttw5A,7,WEB_ID,android
11/13/2024 10:31,2a00:5400:e051::,AAFcvU7LIAoAABO-Xttw5A,7,WEB_ID,android
11/13/2024 10:31,2a00:5400:e051::,AAFcvU7LIAoAABO-Xttw5A,7,WEB_ID,android
11/13/2024 10:32,2a00:5400:e051::,AAFcvU7LIAoAABO-Xttw5A,7,WEB_ID,android
11/13/2024 10:32,2a00:5400:e051::,AAFcvU7LIAoAABO-Xttw5A,7,WEB_ID,android
11/13/2024 10:33,2a00:5400:e051::,AAFcvU7LIAoAABO-Xttw5A,7,WEB_ID,android
11/13/2024 10:33,2a00:5400:e051::,AAFcvU7LIAoAABO-Xttw5A,7,WEB_ID,android
11/13/2024 10:34,2a00:5400:e051::,AAFcvU7LIAoAABO-Xttw5A,7,WEB_ID,android
11/13/2024 10:34,2a00:5400:e051::,AAFcvU7LIAoAABO-Xttw5A,7,WEB_ID,android
11/13/2024 10:35,2a00:5400:e051::,AAFcvU7LIAoAABO-Xttw5A,7,WEB_ID,android
11/13/2024 10:35,2a00:5400:e051::,AAFcvU7LIAoAABO-Xttw5A,7,WEB_ID,android
11/13/2024 10:35,2a00:5400:e051::,AAFcvU7LIAoAABO-Xttw5A,7,WEB_ID,android
11/13/2024 10:35,2a00:5400:e051::,AAFcvU7LIAoAABO-Xttw5A,7,WEB_ID,android
11/13/2024 10:36,2a00:5400:e051::,AAFcvU7LIAoAABO-Xttw5A,7,WEB_ID,android
11/13/2024 10:36,2a00:5400:e051::,AAFcvU7LIAoAABO-Xttw5A,7,WEB_ID,android
10/24/2024 16:19,181.196.3.0,944e0661-f7f4-4bca-a831-f9f2231a3575,1,GAID,android
10/24/2024 17:54,181.196.3.0,944e0661-f7f4-4bca-a831-f9f2231a3575,1,GAID,android
11/13/2024 11:10,2a00:5400:e051::,AAFcvU7LIAoAABO-Xttw5A,7,WEB_ID,android
11/13/2024 11:12,2a00:5400:e051::,AAFcvU7LIAoAABO-Xttw5A,7,WEB_ID,android
11/13/2024 11:12,2a00:5400:e051::,AAFcvU7LIAoAABO-Xttw5A,7,WEB_ID,android
10/24/2024 18:14,181.196.3.0,944e0661-f7f4-4bca-a831-f9f2231a3575,1,GAID,android
10/24/2024 18:28,181.196.3.0,944e0661-f7f4-4bca-a831-f9f2231a3575,1,GAID,android
10/24/2024 18:44,2803:9810:629a:c510::,944e0661-f7f4-4bca-a831-f9f2231a3575,1,GAID,android
10/25/2024 13:45,148.227.93.111,944e0661-f7f4-4bca-a831-f9f2231a3575,1,GAID,android
10/25/2024 14:01,2803:9810:629a:c510::,944e0661-f7f4-4bca-a831-f9f2231a3575,1,GAID,android
10/25/2024 16:17,2803:9810:629a:c510::,944e0661-f7f4-4bca-a831-f9f2231a3575,1,GAID,android
10/25/2024 16:49,2803:9810:629a:c510::,944e0661-f7f4-4bca-a831-f9f2231a3575,1,GAID,android
10/25/2024 18:24,2803:9810:629a:c510::,944e0661-f7f4-4bca-a831-f9f2231a3575,1,GAID,android
10/25/2024 19:37,2803:9810:629a:c510::,944e0661-f7f4-4bca-a831-f9f2231a3575,1,GAID,android
10/25/2024 20:04,190.63.102.126,944e0661-f7f4-4bca-a831-f9f2231a3575,1,GAID,android
10/28/2024 20:08,2a00:5400:f022::,AALKVk7RajkAABv5BSiD8w,6,WEB_ID,android
10/25/2024 20:44,148.227.93.111,944e0661-f7f4-4bca-a831-f9f2231a3575,1,GAID,android
10/26/2024 12:59,2803:9810:629a:c510::,944e0661-f7f4-4bca-a831-f9f2231a3575,1,GAID,android
10/26/2024 13:28,2803:9810:629a:c510::,944e0661-f7f4-4bca-a831-f9f2231a3575,1,GAID,android
10/26/2024 13:45,2803:9810:629a:c510::,944e0661-f7f4-4bca-a831-f9f2231a3575,1,GAID,android
10/26/2024 13:01,2803:9810:629a:c510::,944e0661-f7f4-4bca-a831-f9f2231a3575,1,GAID,android
11/13/2024 11:15,2a00:5400:e051::,AAFcvU7LIAoAABO-Xttw5A,7,WEB_ID,android
11/13/2024 11:15,2a00:5400:e051::,AAFcvU7LIAoAABO-Xttw5A,7,WEB_ID,android
11/13/2024 11:17,2a00:5400:e051::,AAFcvU7LIAoAABO-Xttw5A,7,WEB_ID,android
11/13/2024 11:18,2a00:5400:e051::,AAFcvU7LIAoAABO-Xttw5A,7,WEB_ID,android
11/13/2024 11:20,2a00:5400:e051::,AAFcvU7LIAoAABO-Xttw5A,7,WEB_ID,android
11/13/2024 11:22,2a00:5400:e051::,AAFcvU7LIAoAABO-Xttw5A,7,WEB_ID,android
11/13/2024 11:22,2a00:5400:e051::,AAFcvU7LIAoAABO-Xttw5A,7,WEB_ID,android
11/13/2024 11:23,2a00:5400:e051::,AAFcvU7LIAoAABO-Xttw5A,7,WEB_ID,android
11/13/2024 11:26,2a00:5400:e051::,AAFcvU7LIAoAABO-Xttw5A,7,WEB_ID,android
11/13/2024 11:28,2a00:5400:e051::,AAFcvU7LIAoAABO-Xttw5A,7,WEB_ID,android
11/13/2024 11:29,2a00:5400:e051::,AAFcvU7LIAoAABO-Xttw5A,7,WEB_ID,android
11/13/2024 11:30,2a00:5400:e051::,AAFcvU7LIAoAABO-Xttw5A,7,WEB_ID,android
11/13/2024 11:31,2a00:5400:e051::,AAFcvU7LIAoAABO-Xttw5A,7,WEB_ID,android
11/13/2024 11:31,2a00:5400:e051::,AAFcvU7LIAoAABO-Xttw5A,7,WEB_ID,android
11/13/2024 11:33,2a00:5400:e051::,AAFcvU7LIAoAABO-Xttw5A,7,WEB_ID,android
11/13/2024 11:35,2a00:5400:e051::,AAFcvU7LIAoAABO-Xttw5A,7,WEB_ID,android
11/13/2024 11:36,2a00:5400:e051::,AAFcvU7LIAoAABO-Xttw5A,7,WEB_ID,android
11/13/2024 11:36,2a00:5400:e051::,AAFcvU7LIAoAABO-Xttw5A,7,WEB_ID,android
11/13/2024 11:37,2a00:5400:e051::,AAFcvU7LIAoAABO-Xttw5A,7,WEB_ID,android
11/13/2024 11:38,2a00:5400:e051::,AAFcvU7LIAoAABO-Xttw5A,7,WEB_ID,android
11/13/2024 11:43,2a00:5400:e051::,AAFcvU7LIAoAABO-Xttw5A,7,WEB_ID,android
11/13/2024 11:43,2a00:5400:e051::,AAFcvU7LIAoAABO-Xttw5A,7,WEB_ID,android
10/26/2024 13:11,190.63.102.126,944e0661-f7f4-4bca-a831-f9f2231a3575,1,GAID,android
10/26/2024 13:41,190.63.102.126,944e0661-f7f4-4bca-a831-f9f2231a3575,1,GAID,android
10/26/2024 13:49,190.63.102.126,944e0661-f7f4-4bca-a831-f9f2231a3575,1,GAID,android
10/26/2024 18:08,2803:9810:629a:c510::,944e0661-f7f4-4bca-a831-f9f2231a3575,1,GAID,android
10/27/2024 9:41,2803:9810:629a:c510::,944e0661-f7f4-4bca-a831-f9f2231a3575,1,GAID,android
10/27/2024 10:34,190.63.102.126,944e0661-f7f4-4bca-a831-f9f2231a3575,1,GAID,android
10/27/2024 10:34,190.63.102.126,944e0661-f7f4-4bca-a831-f9f2231a3575,1,GAID,android
10/27/2024 10:07,190.63.102.126,944e0661-f7f4-4bca-a831-f9f2231a3575,1,GAID,android
10/27/2024 10:13,2803:9810:629a:c510::,944e0661-f7f4-4bca-a831-f9f2231a3575,1,GAID,android
10/27/2024 10:58,2803:9810:629a:c510::,944e0661-f7f4-4bca-a831-f9f2231a3575,1,GAID,android
10/27/2024 19:55,2803:9810:629a:c510::,944e0661-f7f4-4bca-a831-f9f2231a3575,1,GAID,android
10/29/2024 9:24,2a00:5400:e053:631e::,AAKT707IOKgAAB_bLwHDew,6,WEB_ID,ios
10/29/2024 9:25,2a00:5400:e053:631e:e481:adba:7273:46ea,AAKT707IOKgAAB_bLwHDew,6,WEB_ID,ios
10/29/2024 9:29,82.167.89.250,AAKT707IOKgAAB_bLwHDew,6,WEB_ID,ios
10/26/2024 17:49,103.121.138.180,95d9aeb3-c446-4b44-b165-8f617e14955e,2,IDFV,ios
10/29/2024 9:51,82.167.89.250,AAKT707IOKgAAB_bLwHDew,6,WEB_ID,ios
10/29/2024 9:59,82.167.89.250,AAKT707IOKgAAB_bLwHDew,6,WEB_ID,ios
10/29/2024 10:16,82.167.89.250,AAKT707IOKgAAB_bLwHDew,6,WEB_ID,ios
10/29/2024 10:23,82.167.89.250,AAKT707IOKgAAB_bLwHDew,6,WEB_ID,ios
10/29/2024 10:53,82.167.89.250,AAKT707IOKgAAB_bLwHDew,6,WEB_ID,ios
10/29/2024 10:57,82.167.89.250,AAKT707IOKgAAB_bLwHDew,6,WEB_ID,ios
10/29/2024 11:00,82.167.89.250,AAKT707IOKgAAB_bLwHDew,6,WEB_ID,ios
10/29/2024 11:16,82.167.89.250,AAKT707IOKgAAB_bLwHDew,6,WEB_ID,ios
10/27/2024 20:21,2803:9810:629a:c510::,944e0661-f7f4-4bca-a831-f9f2231a3575,1,GAID,android
10/27/2024 20:31,2803:9810:629a:c510::,944e0661-f7f4-4bca-a831-f9f2231a3575,1,GAID,android
10/27/2024 20:44,148.227.93.111,944e0661-f7f4-4bca-a831-f9f2231a3575,1,GAID,android
10/28/2024 9:47,190.63.102.126,944e0661-f7f4-4bca-a831-f9f2231a3575,1,GAID,android
10/28/2024 9:50,190.63.102.126,944e0661-f7f4-4bca-a831-f9f2231a3575,1,GAID,android
10/29/2024 11:19,82.167.89.250,AAKT707IOKgAAB_bLwHDew,6,WEB_ID,ios
10/29/2024 11:20,2a00:5400:e053:631e:e481:adba:7273:46ea,AAKT707IOKgAAB_bLwHDew,6,WEB_ID,ios
10/28/2024 20:29,190.63.102.126,944e0661-f7f4-4bca-a831-f9f2231a3575,1,GAID,android
10/28/2024 20:42,190.63.102.126,944e0661-f7f4-4bca-a831-f9f2231a3575,1,GAID,android
10/28/2024 20:57,190.63.102.126,944e0661-f7f4-4bca-a831-f9f2231a3575,1,GAID,android
10/29/2024 11:01,2803:9810:629a:c510::,944e0661-f7f4-4bca-a831-f9f2231a3575,1,GAID,android
10/26/2024 18:00,103.121.245.241,1a6196f1-7953-4e5a-8449-780be167de51,2,IDFV,ios
10/26/2024 18:03,103.121.245.241,1a6196f1-7953-4e5a-8449-780be167de51,2,IDFV,ios
10/26/2024 18:25,103.121.245.241,1a6196f1-7953-4e5a-8449-780be167de51,2,IDFV,ios
10/27/2024 16:12,103.121.245.241,1a6196f1-7953-4e5a-8449-780be167de51,2,IDFV,ios
10/27/2024 16:18,103.121.245.241,1a6196f1-7953-4e5a-8449-780be167de51,2,IDFV,ios
10/27/2024 16:22,103.121.245.241,1a6196f1-7953-4e5a-8449-780be167de51,2,IDFV,ios
10/27/2024 16:32,103.121.245.241,1a6196f1-7953-4e5a-8449-780be167de51,2,IDFV,ios
10/27/2024 16:37,103.121.245.241,1a6196f1-7953-4e5a-8449-780be167de51,2,IDFV,ios
10/27/2024 16:42,103.121.245.241,1a6196f1-7953-4e5a-8449-780be167de51,2,IDFV,ios
10/27/2024 16:46,103.121.245.241,1a6196f1-7953-4e5a-8449-780be167de51,2,IDFV,ios
10/29/2024 11:22,148.227.93.111,944e0661-f7f4-4bca-a831-f9f2231a3575,1,GAID,android
10/27/2024 16:50,103.121.245.241,1a6196f1-7953-4e5a-8449-780be167de51,2,IDFV,ios
10/27/2024 16:55,103.121.245.241,1a6196f1-7953-4e5a-8449-780be167de51,2,IDFV,ios
10/29/2024 11:29,190.63.102.126,944e0661-f7f4-4bca-a831-f9f2231a3575,1,GAID,android
10/27/2024 16:59,103.121.245.241,1a6196f1-7953-4e5a-8449-780be167de51,2,IDFV,ios
10/29/2024 11:37,190.63.102.126,944e0661-f7f4-4bca-a831-f9f2231a3575,1,GAID,android
10/27/2024 17:05,103.121.245.241,1a6196f1-7953-4e5a-8449-780be167de51,2,IDFV,ios
10/29/2024 12:17,190.63.102.126,944e0661-f7f4-4bca-a831-f9f2231a3575,1,GAID,android
10/29/2024 14:17,2803:9810:629a:c510::,944e0661-f7f4-4bca-a831-f9f2231a3575,1,GAID,android
10/29/2024 11:34,2a00:5400:f022::,AALKVk7RajkAABv5BSiD8w,6,WEB_ID,android
10/29/2024 14:28,2803:9810:629a:c510::,944e0661-f7f4-4bca-a831-f9f2231a3575,1,GAID,android
10/29/2024 14:52,148.227.93.90,944e0661-f7f4-4bca-a831-f9f2231a3575,1,GAID,android
10/29/2024 17:48,148.227.93.90,944e0661-f7f4-4bca-a831-f9f2231a3575,1,GAID,android
10/29/2024 17:52,148.227.93.90,944e0661-f7f4-4bca-a831-f9f2231a3575,1,GAID,android
10/29/2024 18:02,148.227.93.90,944e0661-f7f4-4bca-a831-f9f2231a3575,1,GAID,android
10/29/2024 18:22,2803:9810:629a:c510::,944e0661-f7f4-4bca-a831-f9f2231a3575,1,GAID,android
10/29/2024 12:43,2a00:5400:e053:631e::,AAKT707IOKgAAB_bLwHDew,6,WEB_ID,ios
10/29/2024 12:47,2a00:5400:e053:631e:e481:adba:7273:46ea,AAKT707IOKgAAB_bLwHDew,6,WEB_ID,ios
10/29/2024 18:26,190.63.102.126,944e0661-f7f4-4bca-a831-f9f2231a3575,1,GAID,android
10/29/2024 20:42,190.63.102.126,944e0661-f7f4-4bca-a831-f9f2231a3575,1,GAID,android
10/30/2024 13:57,82.167.89.250,AAKT707IOKgAAB_bLwHDew,6,WEB_ID,ios
10/30/2024 13:57,2a00:5400:e053:631e:e481:adba:7273:46ea,AAKT707IOKgAAB_bLwHDew,6,WEB_ID,ios
10/30/2024 13:59,2a00:5400:e053:631e:e481:adba:7273:46ea,AAKT707IOKgAAB_bLwHDew,6,WEB_ID,ios
10/29/2024 20:57,190.63.102.126,944e0661-f7f4-4bca-a831-f9f2231a3575,1,GAID,android
10/30/2024 14:06,2a00:5400:e053:631e::,AAKT707IOKgAAB_bLwHDew,6,WEB_ID,ios
10/29/2024 21:19,190.63.102.126,944e0661-f7f4-4bca-a831-f9f2231a3575,1,GAID,android
10/29/2024 21:30,190.63.102.126,944e0661-f7f4-4bca-a831-f9f2231a3575,1,GAID,android
10/30/2024 9:22,190.63.102.126,944e0661-f7f4-4bca-a831-f9f2231a3575,1,GAID,android
10/30/2024 15:34,2a00:5400:e053:631e::,AAKT707IOKgAAB_bLwHDew,6,WEB_ID,ios
10/30/2024 15:36,2a00:5400:e053:631e::,AAKT707IOKgAAB_bLwHDew,6,WEB_ID,ios
10/30/2024 15:39,2a00:5400:e053:631e::,AAKT707IOKgAAB_bLwHDew,6,WEB_ID,ios
10/30/2024 15:40,82.167.89.250,AAKT707IOKgAAB_bLwHDew,6,WEB_ID,ios
10/30/2024 16:01,82.167.89.250,AAKT707IOKgAAB_bLwHDew,6,WEB_ID,ios
10/30/2024 16:11,82.167.89.250,AAKT707IOKgAAB_bLwHDew,6,WEB_ID,ios
10/30/2024 16:16,82.167.89.250,AAKT707IOKgAAB_bLwHDew,6,WEB_ID,ios
10/30/2024 15:55,82.167.89.250,AAKT707IOKgAAB_bLwHDew,6,WEB_ID,ios
10/30/2024 16:04,2a00:5400:e053:631e:e481:adba:7273:46ea,AAKT707IOKgAAB_bLwHDew,6,WEB_ID,ios
10/30/2024 16:10,82.167.89.250,AAKT707IOKgAAB_bLwHDew,6,WEB_ID,ios
10/30/2024 16:19,82.167.89.250,AAKT707IOKgAAB_bLwHDew,6,WEB_ID,ios
10/30/2024 16:27,82.167.89.250,AAKT707IOKgAAB_bLwHDew,6,WEB_ID,ios
10/30/2024 16:48,82.167.89.250,AAKT707IOKgAAB_bLwHDew,6,WEB_ID,ios
10/31/2024 8:21,82.167.89.250,AAKT707IOKgAAB_bLwHDew,6,WEB_ID,ios
11/13/2024 11:53,2a00:5400:f012::,AAKRGE7P9eIAABxfJkTLVA,7,WEB_ID,android
10/30/2024 9:36,190.63.102.126,944e0661-f7f4-4bca-a831-f9f2231a3575,1,GAID,android
10/30/2024 10:08,190.63.102.126,944e0661-f7f4-4bca-a831-f9f2231a3575,1,GAID,android
10/30/2024 10:19,190.63.102.126,944e0661-f7f4-4bca-a831-f9f2231a3575,1,GAID,android
10/30/2024 10:34,190.63.102.126,944e0661-f7f4-4bca-a831-f9f2231a3575,1,GAID,android
10/30/2024 10:48,190.63.102.126,944e0661-f7f4-4bca-a831-f9f2231a3575,1,GAID,android
11/13/2024 12:09,2001:16a4:3::,AAFcvU7LIAoAABO-Xttw5A,7,WEB_ID,android
11/13/2024 12:10,2001:16a4:3::,AAFcvU7LIAoAABO-Xttw5A,7,WEB_ID,android
11/13/2024 12:10,2001:16a4:3::,AAFcvU7LIAoAABO-Xttw5A,7,WEB_ID,android
11/13/2024 12:10,2001:16a4:3::,AAFcvU7LIAoAABO-Xttw5A,7,WEB_ID,android
11/13/2024 12:11,2001:16a4:3::,AAFcvU7LIAoAABO-Xttw5A,7,WEB_ID,android
11/13/2024 12:11,2001:16a4:3::,AAFcvU7LIAoAABO-Xttw5A,7,WEB_ID,android
11/13/2024 13:39,2001:16a4:3::,AAFcvU7LIAoAABO-Xttw5A,7,WEB_ID,android
11/13/2024 13:39,2001:16a4:3::,AAFcvU7LIAoAABO-Xttw5A,7,WEB_ID,android
11/13/2024 13:39,2001:16a4:3::,AAFcvU7LIAoAABO-Xttw5A,7,WEB_ID,android
11/13/2024 13:40,2001:16a4:3::,AAFcvU7LIAoAABO-Xttw5A,7,WEB_ID,android
11/13/2024 13:43,2001:16a4:3::,AAFcvU7LIAoAABO-Xttw5A,7,WEB_ID,android
11/13/2024 13:43,2001:16a4:3::,AAFcvU7LIAoAABO-Xttw5A,7,WEB_ID,android
11/13/2024 13:51,2001:16a4:3::,AAFcvU7LIAoAABO-Xttw5A,7,WEB_ID,android
11/13/2024 13:54,2001:16a4:3::,AAFcvU7LIAoAABO-Xttw5A,7,WEB_ID,android
11/13/2024 13:55,2001:16a4:3::,AAFcvU7LIAoAABO-Xttw5A,7,WEB_ID,android
11/13/2024 13:57,2001:16a4:3::,AAFcvU7LIAoAABO-Xttw5A,7,WEB_ID,android
11/13/2024 13:59,2001:16a4:3::,AAFcvU7LIAoAABO-Xttw5A,7,WEB_ID,android
10/31/2024 8:37,2a00:5400:f022::,AALKVk7RajkAABv5BSiD8w,6,WEB_ID,android
11/13/2024 17:45,2001:16a4:3::,AAFcvU7LIAoAABO-Xttw5A,7,WEB_ID,android
11/13/2024 17:46,2001:16a4:3::,AAFcvU7LIAoAABO-Xttw5A,7,WEB_ID,android
11/13/2024 17:46,51.252.161.0,AAFcvU7LIAoAABO-Xttw5A,7,WEB_ID,android
11/13/2024 17:47,51.252.161.0,AAFcvU7LIAoAABO-Xttw5A,7,WEB_ID,android
11/13/2024 17:47,51.252.161.0,AAFcvU7LIAoAABO-Xttw5A,7,WEB_ID,android
11/13/2024 17:48,51.252.161.0,AAFcvU7LIAoAABO-Xttw5A,7,WEB_ID,android
11/13/2024 17:48,51.252.161.0,AAFcvU7LIAoAABO-Xttw5A,7,WEB_ID,android
11/13/2024 17:49,2001:16a4:3::,AAFcvU7LIAoAABO-Xttw5A,7,WEB_ID,android
11/13/2024 17:50,2001:16a4:3::,AAFcvU7LIAoAABO-Xttw5A,7,WEB_ID,android
11/13/2024 17:51,2001:16a4:3::,AAFcvU7LIAoAABO-Xttw5A,7,WEB_ID,android
11/13/2024 17:51,51.252.161.0,AAFcvU7LIAoAABO-Xttw5A,7,WEB_ID,android
11/13/2024 17:52,51.252.161.0,AAFcvU7LIAoAABO-Xttw5A,7,WEB_ID,android
11/13/2024 17:52,51.252.161.0,AAFcvU7LIAoAABO-Xttw5A,7,WEB_ID,android
11/13/2024 17:53,51.252.161.0,AAFcvU7LIAoAABO-Xttw5A,7,WEB_ID,android
11/13/2024 17:46,2a00:5400:f012::,AAKRGE7P9eIAABxfJkTLVA,7,WEB_ID,android
11/13/2024 17:47,2a00:5400:f012::,AAKRGE7P9eIAABxfJkTLVA,7,WEB_ID,android
11/13/2024 17:50,2a00:5400:f012::,AAKRGE7P9eIAABxfJkTLVA,7,WEB_ID,android
11/13/2024 17:51,2a00:5400:f012::,AAKRGE7P9eIAABxfJkTLVA,7,WEB_ID,android
11/13/2024 17:53,2a00:5400:f012::,AAKRGE7P9eIAABxfJkTLVA,7,WEB_ID,android
11/13/2024 17:53,2a00:5400:f012::,AAKRGE7P9eIAABxfJkTLVA,7,WEB_ID,android
11/13/2024 17:53,2a00:5400:f012::,AAKRGE7P9eIAABxfJkTLVA,7,WEB_ID,android
11/13/2024 17:53,2a00:5400:f012::,AAKRGE7P9eIAABxfJkTLVA,7,WEB_ID,android
11/13/2024 17:54,2a00:5400:f012::,AAKRGE7P9eIAABxfJkTLVA,7,WEB_ID,android
11/13/2024 17:55,2a00:5400:f012::,AAKRGE7P9eIAABxfJkTLVA,7,WEB_ID,android
11/13/2024 17:56,2a00:5400:f012::,AAKRGE7P9eIAABxfJkTLVA,7,WEB_ID,android
11/13/2024 17:56,2a00:5400:f012::,AAKRGE7P9eIAABxfJkTLVA,7,WEB_ID,android
11/13/2024 17:57,2a00:5400:f012::,AAKRGE7P9eIAABxfJkTLVA,7,WEB_ID,android
11/13/2024 17:58,2a00:5400:f012::,AAKRGE7P9eIAABxfJkTLVA,7,WEB_ID,android
11/13/2024 17:58,2a00:5400:f012::,AAKRGE7P9eIAABxfJkTLVA,7,WEB_ID,android
11/13/2024 17:59,2a00:5400:f012::,AAKRGE7P9eIAABxfJkTLVA,7,WEB_ID,android
11/13/2024 17:59,2a00:5400:f012::,AAKRGE7P9eIAABxfJkTLVA,7,WEB_ID,android
11/13/2024 18:00,2a00:5400:f012::,AAKRGE7P9eIAABxfJkTLVA,7,WEB_ID,android
10/31/2024 8:59,2a00:5400:e053:631e:e481:adba:7273:46ea,AAKT707IOKgAAB_bLwHDew,6,WEB_ID,ios
10/31/2024 20:11,2a00:5400:e053:631e:e481:adba:7273:46ea,AAKT707IOKgAAB_bLwHDew,6,WEB_ID,ios
10/31/2024 20:19,82.167.89.250,AAKT707IOKgAAB_bLwHDew,6,WEB_ID,ios
10/31/2024 20:26,82.167.89.250,AAKT707IOKgAAB_bLwHDew,6,WEB_ID,ios
10/28/2024 10:05,103.121.139.15,1a6196f1-7953-4e5a-8449-780be167de51,2,IDFV,ios
10/28/2024 10:07,103.121.139.15,1a6196f1-7953-4e5a-8449-780be167de51,2,IDFV,ios
10/28/2024 13:33,103.121.245.152,04de0e1c-de2f-4515-8423-ae3083e4acee,2,IDFV,ios
11/13/2024 18:09,2a00:5400:f012::,AAKRGE7P9eIAABxfJkTLVA,7,WEB_ID,android
11/13/2024 18:09,2a00:5400:f012::,AAKRGE7P9eIAABxfJkTLVA,7,WEB_ID,android
11/13/2024 17:55,2a00:5400:f012::,AAKRGE7P9eIAABxfJkTLVA,7,WEB_ID,android
11/13/2024 17:56,2a00:5400:f012::,AAKRGE7P9eIAABxfJkTLVA,7,WEB_ID,android
11/13/2024 18:11,2a00:5400:f012::,AAKRGE7P9eIAABxfJkTLVA,7,WEB_ID,android
10/31/2024 20:56,2a00:5400:e053:631e:e481:adba:7273:46ea,AAKT707IOKgAAB_bLwHDew,6,WEB_ID,ios
10/31/2024 21:01,82.167.89.250,AAKT707IOKgAAB_bLwHDew,6,WEB_ID,ios
10/31/2024 21:04,2a00:5400:e053:631e:e481:adba:7273:46ea,AAKT707IOKgAAB_bLwHDew,6,WEB_ID,ios
11/1/2024 8:31,82.167.89.250,AAKT707IOKgAAB_bLwHDew,6,WEB_ID,ios
11/1/2024 8:33,2a00:5400:e053:631e:e481:adba:7273:46ea,AAKT707IOKgAAB_bLwHDew,6,WEB_ID,ios
11/1/2024 8:34,2a00:5400:e053:631e::,AAKT707IOKgAAB_bLwHDew,6,WEB_ID,ios
11/1/2024 8:36,2a00:5400:e053:631e:e481:adba:7273:46ea,AAKT707IOKgAAB_bLwHDew,6,WEB_ID,ios
11/1/2024 8:44,2a00:5400:e053:631e:e481:adba:7273:46ea,AAKT707IOKgAAB_bLwHDew,6,WEB_ID,ios
11/1/2024 8:47,82.167.89.250,AAKT707IOKgAAB_bLwHDew,6,WEB_ID,ios
11/1/2024 9:03,82.167.89.250,AAKT707IOKgAAB_bLwHDew,6,WEB_ID,ios
11/1/2024 9:10,2a00:5400:e053:631e:e481:adba:7273:46ea,AAKT707IOKgAAB_bLwHDew,6,WEB_ID,ios
11/1/2024 9:15,2a00:5400:e053:631e::,AAKT707IOKgAAB_bLwHDew,6,WEB_ID,ios
11/1/2024 9:17,2a00:5400:f022::,AALKVk7RajkAABv5BSiD8w,6,WEB_ID,android
11/1/2024 9:20,82.167.89.250,AAKT707IOKgAAB_bLwHDew,6,WEB_ID,ios
11/1/2024 9:23,82.167.89.250,AAKT707IOKgAAB_bLwHDew,6,WEB_ID,ios
11/1/2024 9:30,82.167.89.250,AAKT707IOKgAAB_bLwHDew,6,WEB_ID,ios
11/1/2024 11:59,82.167.89.250,AAKT707IOKgAAB_bLwHDew,6,WEB_ID,ios
11/1/2024 12:05,2a00:5400:e053:631e::,AAKT707IOKgAAB_bLwHDew,6,WEB_ID,ios
11/1/2024 12:11,82.167.89.250,AAKT707IOKgAAB_bLwHDew,6,WEB_ID,ios
11/1/2024 12:18,82.167.89.250,AAKT707IOKgAAB_bLwHDew,6,WEB_ID,ios
11/1/2024 12:19,82.167.89.250,AAKT707IOKgAAB_bLwHDew,6,WEB_ID,ios
11/13/2024 19:53,2a00:5400:e051::,AAFcvU7LIAoAABO-Xttw5A,7,WEB_ID,android
11/13/2024 20:01,2a00:5400:f015::,AAKRGE7P9eIAABxfJkTLVA,7,WEB_ID,android
10/28/2024 13:55,182.2.165.207,686931a4-abd8-46e6-b0e3-78e57c0c620c,2,IDFV,ios
10/28/2024 14:04,182.2.165.207,686931a4-abd8-46e6-b0e3-78e57c0c620c,2,IDFV,ios
10/28/2024 18:01,182.2.165.207,686931a4-abd8-46e6-b0e3-78e57c0c620c,2,IDFV,ios
11/1/2024 12:39,2a00:5400:f022::,AALKVk7RajkAABv5BSiD8w,6,WEB_ID,android
11/1/2024 13:55,82.167.89.250,AAKT707IOKgAAB_bLwHDew,6,WEB_ID,ios
11/1/2024 13:56,82.167.89.250,AAKT707IOKgAAB_bLwHDew,6,WEB_ID,ios
11/1/2024 14:03,2a00:5400:e053:631e:e481:adba:7273:46ea,AAKT707IOKgAAB_bLwHDew,6,WEB_ID,ios
11/1/2024 14:06,82.167.89.250,AAKT707IOKgAAB_bLwHDew,6,WEB_ID,ios
11/1/2024 14:08,82.167.89.250,AAKT707IOKgAAB_bLwHDew,6,WEB_ID,ios
11/1/2024 14:08,2a00:5400:e053:631e:e481:adba:7273:46ea,AAKT707IOKgAAB_bLwHDew,6,WEB_ID,ios
11/1/2024 14:18,2a00:5400:e053:631e:e481:adba:7273:46ea,AAKT707IOKgAAB_bLwHDew,6,WEB_ID,ios
11/1/2024 19:24,2a00:5400:e053:631e:e481:adba:7273:46ea,AAKT707IOKgAAB_bLwHDew,6,WEB_ID,ios
11/1/2024 19:34,82.167.89.250,AAKT707IOKgAAB_bLwHDew,6,WEB_ID,ios
11/1/2024 20:00,2a00:5400:e053:631e:e481:adba:7273:46ea,AAKT707IOKgAAB_bLwHDew,6,WEB_ID,ios
11/1/2024 20:04,82.167.89.250,AAKT707IOKgAAB_bLwHDew,6,WEB_ID,ios
11/1/2024 20:10,82.167.89.250,AAKT707IOKgAAB_bLwHDew,6,WEB_ID,ios
11/1/2024 20:11,2a00:5400:e053:631e:e481:adba:7273:46ea,AAKT707IOKgAAB_bLwHDew,6,WEB_ID,ios
11/2/2024 19:47,2a00:5400:e053:631e::,AAKT707IOKgAAB_bLwHDew,6,WEB_ID,ios
11/2/2024 19:51,2a00:5400:e053:631e:e481:adba:7273:46ea,AAKT707IOKgAAB_bLwHDew,6,WEB_ID,ios
11/2/2024 19:55,2a00:5400:e053:631e:e481:adba:7273:46ea,AAKT707IOKgAAB_bLwHDew,6,WEB_ID,ios
11/2/2024 19:59,2a00:5400:e053:631e::,AAKT707IOKgAAB_bLwHDew,6,WEB_ID,ios
11/2/2024 19:59,2a00:5400:e053:631e:e481:adba:7273:46ea,AAKT707IOKgAAB_bLwHDew,6,WEB_ID,ios
11/2/2024 20:06,82.167.89.250,AAKT707IOKgAAB_bLwHDew,6,WEB_ID,ios
11/2/2024 20:10,2a00:5400:e053:631e:e481:adba:7273:46ea,AAKT707IOKgAAB_bLwHDew,6,WEB_ID,ios
11/2/2024 20:15,2a00:5400:e053:631e:e481:adba:7273:46ea,AAKT707IOKgAAB_bLwHDew,6,WEB_ID,ios
11/2/2024 20:16,82.167.89.250,AAKT707IOKgAAB_bLwHDew,6,WEB_ID,ios
11/2/2024 20:22,82.167.89.250,AAKT707IOKgAAB_bLwHDew,6,WEB_ID,ios
11/2/2024 20:36,2a00:5400:e053:631e::,AAKT707IOKgAAB_bLwHDew,6,WEB_ID,ios
11/2/2024 20:36,82.167.89.250,AAKT707IOKgAAB_bLwHDew,6,WEB_ID,ios
11/4/2024 17:56,2a00:5400:e053:631e::,AAKT707IOKgAAB_bLwHDew,6,WEB_ID,ios
11/4/2024 17:59,82.167.89.250,AAKT707IOKgAAB_bLwHDew,6,WEB_ID,ios
11/4/2024 18:04,82.167.89.250,AAKT707IOKgAAB_bLwHDew,6,WEB_ID,ios
11/4/2024 18:08,82.167.89.250,AAKT707IOKgAAB_bLwHDew,6,WEB_ID,ios
11/4/2024 18:22,2a00:5400:f022::,AALKVk7RajkAABv5BSiD8w,6,WEB_ID,android
10/28/2024 18:35,103.121.139.15,1a6196f1-7953-4e5a-8449-780be167de51,2,IDFV,ios
10/28/2024 18:38,103.121.139.15,1a6196f1-7953-4e5a-8449-780be167de51,2,IDFV,ios
11/13/2024 20:31,2a00:5400:e051::,AAFcvU7LIAoAABO-Xttw5A,7,WEB_ID,android
11/5/2024 18:50,2a00:5400:f022::,AALKVk7RajkAABv5BSiD8w,6,WEB_ID,android
10/22/2024 13:36,103.244.173.0,d70be07e-05ff-4037-98c5-d059c20f4a1e,5,IDFA,ios
10/22/2024 13:38,103.244.173.0,d70be07e-05ff-4037-98c5-d059c20f4a1e,5,IDFA,ios
10/22/2024 13:39,103.244.173.0,d70be07e-05ff-4037-98c5-d059c20f4a1e,5,IDFA,ios
10/22/2024 13:50,2401:ba80:ac94::,d70be07e-05ff-4037-98c5-d059c20f4a1e,5,IDFA,ios
10/28/2024 19:33,103.121.139.15,1a6196f1-7953-4e5a-8449-780be167de51,2,IDFV,ios
10/28/2024 19:39,103.121.139.15,1a6196f1-7953-4e5a-8449-780be167de51,2,IDFV,ios
10/28/2024 19:44,103.121.139.15,1a6196f1-7953-4e5a-8449-780be167de51,2,IDFV,ios
10/28/2024 19:46,103.121.139.15,1a6196f1-7953-4e5a-8449-780be167de51,2,IDFV,ios
10/29/2024 10:15,103.121.245.162,04de0e1c-de2f-4515-8423-ae3083e4acee,2,IDFV,ios
10/29/2024 10:20,103.121.245.162,04de0e1c-de2f-4515-8423-ae3083e4acee,2,IDFV,ios
10/29/2024 10:23,103.121.245.162,04de0e1c-de2f-4515-8423-ae3083e4acee,2,IDFV,ios
10/29/2024 10:30,103.121.139.15,1a6196f1-7953-4e5a-8449-780be167de51,2,IDFV,ios
10/29/2024 10:31,103.121.139.15,1a6196f1-7953-4e5a-8449-780be167de51,2,IDFV,ios
10/29/2024 10:43,103.121.139.15,1a6196f1-7953-4e5a-8449-780be167de51,2,IDFV,ios
10/29/2024 10:51,103.121.139.15,1a6196f1-7953-4e5a-8449-780be167de51,2,IDFV,ios
10/29/2024 10:56,103.121.139.15,1a6196f1-7953-4e5a-8449-780be167de51,2,IDFV,ios
10/29/2024 11:04,103.121.139.15,1a6196f1-7953-4e5a-8449-780be167de51,2,IDFV,ios
10/29/2024 11:08,103.121.139.15,1a6196f1-7953-4e5a-8449-780be167de51,2,IDFV,ios
11/13/2024 20:40,2a00:5400:e051::,AAFcvU7LIAoAABO-Xttw5A,7,WEB_ID,android
11/13/2024 20:40,2a00:5400:e051::,AAFcvU7LIAoAABO-Xttw5A,7,WEB_ID,android
11/13/2024 20:44,2a00:5400:e051::,AAFcvU7LIAoAABO-Xttw5A,7,WEB_ID,android
11/13/2024 20:44,2a00:5400:e051::,AAFcvU7LIAoAABO-Xttw5A,7,WEB_ID,android
11/13/2024 20:46,2a00:5400:e051::,AAFcvU7LIAoAABO-Xttw5A,7,WEB_ID,android
11/13/2024 20:12,2a00:5400:e051::,AAFcvU7LIAoAABO-Xttw5A,7,WEB_ID,android
11/13/2024 20:15,2a00:5400:e051::,AAFcvU7LIAoAABO-Xttw5A,7,WEB_ID,android
11/13/2024 20:16,2a00:5400:e051::,AAFcvU7LIAoAABO-Xttw5A,7,WEB_ID,android
11/13/2024 20:19,2a00:5400:e051::,AAFcvU7LIAoAABO-Xttw5A,7,WEB_ID,android
10/29/2024 14:12,103.121.139.15,1a6196f1-7953-4e5a-8449-780be167de51,2,IDFV,ios
11/3/2024 11:28,2400:adc1:498::,d70be07e-05ff-4037-98c5-d059c20f4a1e,5,IDFA,ios
10/30/2024 20:32,103.121.139.15,1a6196f1-7953-4e5a-8449-780be167de51,2,IDFV,ios
10/30/2024 20:36,103.121.139.15,1a6196f1-7953-4e5a-8449-780be167de51,2,IDFV,ios
10/30/2024 20:47,103.121.139.15,1a6196f1-7953-4e5a-8449-780be167de51,2,IDFV,ios
10/30/2024 20:52,103.121.139.15,1a6196f1-7953-4e5a-8449-780be167de51,2,IDFV,ios
10/30/2024 21:09,103.121.139.15,1a6196f1-7953-4e5a-8449-780be167de51,2,IDFV,ios
11/6/2024 19:06,2a00:5400:f022::,AALKVk7RajkAABv5BSiD8w,6,WEB_ID,android
10/31/2024 13:18,103.121.139.15,1a6196f1-7953-4e5a-8449-780be167de51,2,IDFV,ios
11/13/2024 20:25,2a00:5400:e051::,AAFcvU7LIAoAABO-Xttw5A,7,WEB_ID,android
11/13/2024 20:25,2a00:5400:e051::,AAFcvU7LIAoAABO-Xttw5A,7,WEB_ID,android
11/13/2024 20:26,2a00:5400:e051::,AAFcvU7LIAoAABO-Xttw5A,7,WEB_ID,android
11/13/2024 20:27,2a00:5400:e051::,AAFcvU7LIAoAABO-Xttw5A,7,WEB_ID,android
11/13/2024 20:28,2a00:5400:e051::,AAFcvU7LIAoAABO-Xttw5A,7,WEB_ID,android
11/13/2024 20:30,2a00:5400:e051::,AAFcvU7LIAoAABO-Xttw5A,7,WEB_ID,android
11/13/2024 20:32,2a00:5400:e051::,AAFcvU7LIAoAABO-Xttw5A,7,WEB_ID,android
11/13/2024 20:33,2a00:5400:e051::,AAFcvU7LIAoAABO-Xttw5A,7,WEB_ID,android
11/13/2024 20:34,2a00:5400:e051::,AAFcvU7LIAoAABO-Xttw5A,7,WEB_ID,android
11/13/2024 20:35,2a00:5400:e051::,AAFcvU7LIAoAABO-Xttw5A,7,WEB_ID,android
11/13/2024 20:35,2a00:5400:e051::,AAFcvU7LIAoAABO-Xttw5A,7,WEB_ID,android
11/13/2024 20:36,2a00:5400:e051::,AAFcvU7LIAoAABO-Xttw5A,7,WEB_ID,android
11/13/2024 20:36,2a00:5400:e051::,AAFcvU7LIAoAABO-Xttw5A,7,WEB_ID,android
11/13/2024 20:37,2a00:5400:e051::,AAFcvU7LIAoAABO-Xttw5A,7,WEB_ID,android
11/14/2024 8:06,2a00:5400:e051::,AAFcvU7LIAoAABO-Xttw5A,7,WEB_ID,android
11/14/2024 8:11,2a00:5400:e051::,AAFcvU7LIAoAABO-Xttw5A,7,WEB_ID,android
11/14/2024 8:11,2a00:5400:e051::,AAFcvU7LIAoAABO-Xttw5A,7,WEB_ID,android
11/14/2024 8:11,2a00:5400:e051::,AAFcvU7LIAoAABO-Xttw5A,7,WEB_ID,android
11/14/2024 8:12,2a00:5400:e051::,AAFcvU7LIAoAABO-Xttw5A,7,WEB_ID,android
11/14/2024 8:12,2a00:5400:e051::,AAFcvU7LIAoAABO-Xttw5A,7,WEB_ID,android
11/14/2024 8:12,2a00:5400:e051::,AAFcvU7LIAoAABO-Xttw5A,7,WEB_ID,android
11/14/2024 8:12,2a00:5400:e051::,AAFcvU7LIAoAABO-Xttw5A,7,WEB_ID,android
11/14/2024 8:12,2a00:5400:e051::,AAFcvU7LIAoAABO-Xttw5A,7,WEB_ID,android
11/14/2024 13:22,2a00:5400:e051::,AAFcvU7LIAoAABO-Xttw5A,7,WEB_ID,android
11/14/2024 13:23,2a00:5400:e051::,AAFcvU7LIAoAABO-Xttw5A,7,WEB_ID,android
11/14/2024 13:24,2a00:5400:e051::,AAFcvU7LIAoAABO-Xttw5A,7,WEB_ID,android
11/14/2024 13:25,2a00:5400:e051::,AAFcvU7LIAoAABO-Xttw5A,7,WEB_ID,android
11/14/2024 13:26,2a00:5400:e051::,AAFcvU7LIAoAABO-Xttw5A,7,WEB_ID,android
11/14/2024 13:26,2a00:5400:e051::,AAFcvU7LIAoAABO-Xttw5A,7,WEB_ID,android
11/14/2024 13:26,2a00:5400:e051::,AAFcvU7LIAoAABO-Xttw5A,7,WEB_ID,android
11/14/2024 13:27,2a00:5400:e051::,AAFcvU7LIAoAABO-Xttw5A,7,WEB_ID,android
11/14/2024 13:27,2a00:5400:e051::,AAFcvU7LIAoAABO-Xttw5A,7,WEB_ID,android
11/14/2024 13:29,2a00:5400:e051::,AAFcvU7LIAoAABO-Xttw5A,7,WEB_ID,android
11/14/2024 13:30,82.167.120.0,AAFcvU7LIAoAABO-Xttw5A,7,WEB_ID,android
10/31/2024 16:42,202.165.46.191,686931a4-abd8-46e6-b0e3-78e57c0c620c,2,IDFV,ios
11/6/2024 19:39,2a00:5400:e053:631e:69b3:b804:8446:fcc5,AAKT707IOKgAAB_bLwHDew,6,WEB_ID,ios
11/14/2024 14:05,2a00:5400:f015::,AAKRGE7P9eIAABxfJkTLVA,7,WEB_ID,android
11/6/2024 19:59,2a00:5400:f022::,AALKVk7RajkAABv5BSiD8w,6,WEB_ID,android
11/6/2024 20:19,213.166.129.239,AALKVk7RajkAABv5BSiD8w,6,WEB_ID,android
10/31/2024 17:26,103.121.139.15,1a6196f1-7953-4e5a-8449-780be167de51,2,IDFV,ios
10/31/2024 17:31,103.121.139.15,1a6196f1-7953-4e5a-8449-780be167de51,2,IDFV,ios
10/31/2024 17:40,103.121.139.15,1a6196f1-7953-4e5a-8449-780be167de51,2,IDFV,ios
10/31/2024 17:46,103.121.139.15,1a6196f1-7953-4e5a-8449-780be167de51,2,IDFV,ios
10/31/2024 17:54,103.121.139.15,1a6196f1-7953-4e5a-8449-780be167de51,2,IDFV,ios
10/31/2024 18:05,103.121.139.15,1a6196f1-7953-4e5a-8449-780be167de51,2,IDFV,ios
10/31/2024 18:07,103.121.139.15,1a6196f1-7953-4e5a-8449-780be167de51,2,IDFV,ios
10/31/2024 18:15,103.121.139.15,1a6196f1-7953-4e5a-8449-780be167de51,2,IDFV,ios
10/31/2024 18:04,202.165.46.191,686931a4-abd8-46e6-b0e3-78e57c0c620c,2,IDFV,ios
10/31/2024 18:22,202.165.46.191,686931a4-abd8-46e6-b0e3-78e57c0c620c,2,IDFV,ios
10/31/2024 18:26,103.121.245.162,04de0e1c-de2f-4515-8423-ae3083e4acee,2,IDFV,ios
10/31/2024 18:30,2405:8180:201:716c:752b:2706:386c:33fc,04de0e1c-de2f-4515-8423-ae3083e4acee,2,IDFV,ios
10/31/2024 18:37,103.121.245.162,04de0e1c-de2f-4515-8423-ae3083e4acee,2,IDFV,ios
10/31/2024 18:46,103.121.245.162,04de0e1c-de2f-4515-8423-ae3083e4acee,2,IDFV,ios
10/31/2024 18:47,202.165.46.191,686931a4-abd8-46e6-b0e3-78e57c0c620c,2,IDFV,ios
11/1/2024 15:58,202.165.46.191,686931a4-abd8-46e6-b0e3-78e57c0c620c,2,IDFV,ios
11/1/2024 16:00,202.165.46.191,686931a4-abd8-46e6-b0e3-78e57c0c620c,2,IDFV,ios
11/1/2024 16:08,202.165.46.191,686931a4-abd8-46e6-b0e3-78e57c0c620c,2,IDFV,ios
11/1/2024 16:12,202.165.46.191,686931a4-abd8-46e6-b0e3-78e57c0c620c,2,IDFV,ios
11/1/2024 16:14,202.165.46.191,686931a4-abd8-46e6-b0e3-78e57c0c620c,2,IDFV,ios
11/1/2024 16:28,103.121.245.162,04de0e1c-de2f-4515-8423-ae3083e4acee,2,IDFV,ios
11/1/2024 16:37,2405:8180:201:716c:cd04:95e4:3d70:11fd,04de0e1c-de2f-4515-8423-ae3083e4acee,2,IDFV,ios
11/1/2024 16:39,103.121.245.162,04de0e1c-de2f-4515-8423-ae3083e4acee,2,IDFV,ios
11/1/2024 16:09,103.121.139.15,1a6196f1-7953-4e5a-8449-780be167de51,2,IDFV,ios
11/1/2024 16:21,103.121.139.15,1a6196f1-7953-4e5a-8449-780be167de51,2,IDFV,ios
11/1/2024 16:28,103.121.245.162,04de0e1c-de2f-4515-8423-ae3083e4acee,2,IDFV,ios
11/14/2024 15:41,2a00:5400:e051::,AAFcvU7LIAoAABO-Xttw5A,7,WEB_ID,android
11/14/2024 15:41,2a00:5400:e051::,AAFcvU7LIAoAABO-Xttw5A,7,WEB_ID,android
11/14/2024 15:59,2a00:5400:e051::,AAFcvU7LIAoAABO-Xttw5A,7,WEB_ID,android
11/14/2024 16:00,2a00:5400:e051::,AAFcvU7LIAoAABO-Xttw5A,7,WEB_ID,android
11/14/2024 16:00,2a00:5400:e051::,AAFcvU7LIAoAABO-Xttw5A,7,WEB_ID,android
11/14/2024 17:55,46.143.151.0,AAKRGE7P9eIAABxfJkTLVA,7,WEB_ID,android
11/6/2024 20:32,2a00:5400:e053:631e:69b3:b804:8446:fcc5,AAKT707IOKgAAB_bLwHDew,6,WEB_ID,ios
11/14/2024 17:59,2a00:5400:f015::,AAKRGE7P9eIAABxfJkTLVA,7,WEB_ID,android
11/6/2024 21:06,2a00:5400:e053:631e:69b3:b804:8446:fcc5,AAKT707IOKgAAB_bLwHDew,6,WEB_ID,ios
11/6/2024 21:06,2a00:5400:e053:631e:69b3:b804:8446:fcc5,AAKT707IOKgAAB_bLwHDew,6,WEB_ID,ios
11/7/2024 8:28,2a00:5400:e053:631e:69b3:b804:8446:fcc5,AAKT707IOKgAAB_bLwHDew,6,WEB_ID,ios
11/7/2024 8:29,2a00:5400:e053:631e::,AAKT707IOKgAAB_bLwHDew,6,WEB_ID,ios
11/7/2024 8:34,2a00:5400:e053:631e::,AAKT707IOKgAAB_bLwHDew,6,WEB_ID,ios
11/7/2024 8:44,2a00:5400:e053:631e:69b3:b804:8446:fcc5,AAKT707IOKgAAB_bLwHDew,6,WEB_ID,ios
11/7/2024 8:46,82.167.89.250,AAKT707IOKgAAB_bLwHDew,6,WEB_ID,ios
11/7/2024 8:46,2a00:5400:e053:631e::,AAKT707IOKgAAB_bLwHDew,6,WEB_ID,ios
11/7/2024 8:56,82.167.89.250,AAKT707IOKgAAB_bLwHDew,6,WEB_ID,ios
11/7/2024 9:03,2a00:5400:e053:631e::,AAKT707IOKgAAB_bLwHDew,6,WEB_ID,ios
11/7/2024 9:07,2a00:5400:e053:631e::,AAKT707IOKgAAB_bLwHDew,6,WEB_ID,ios
11/7/2024 9:10,82.167.89.250,AAKT707IOKgAAB_bLwHDew,6,WEB_ID,ios
11/1/2024 18:06,103.121.138.180,95d9aeb3-c446-4b44-b165-8f617e14955e,2,IDFV,ios
11/7/2024 18:16,2a00:5400:e053:631e:9d1e:20c8:8844:f7a1,AAKT707IOKgAAB_bLwHDew,6,WEB_ID,ios
11/7/2024 18:30,2a00:5400:e053:631e:9d1e:20c8:8844:f7a1,AAKT707IOKgAAB_bLwHDew,6,WEB_ID,ios
11/7/2024 18:32,2a00:5400:e053:631e::,AAKT707IOKgAAB_bLwHDew,6,WEB_ID,ios
11/8/2024 10:05,2a00:5400:e053:631e::,AAKT707IOKgAAB_bLwHDew,6,WEB_ID,ios
11/14/2024 18:07,2a00:5400:f015::,AAKRGE7P9eIAABxfJkTLVA,7,WEB_ID,android
11/14/2024 18:36,2a00:5400:f015::,AAKRGE7P9eIAABxfJkTLVA,7,WEB_ID,android
11/1/2024 18:16,182.3.38.246,686931a4-abd8-46e6-b0e3-78e57c0c620c,2,IDFV,ios
11/2/2024 17:49,182.3.38.246,686931a4-abd8-46e6-b0e3-78e57c0c620c,2,IDFV,ios
11/2/2024 18:33,182.3.38.246,686931a4-abd8-46e6-b0e3-78e57c0c620c,2,IDFV,ios
11/2/2024 18:41,103.121.169.110,1a6196f1-7953-4e5a-8449-780be167de51,2,IDFV,ios
11/2/2024 18:46,103.121.169.110,1a6196f1-7953-4e5a-8449-780be167de51,2,IDFV,ios
11/3/2024 14:15,103.121.169.110,1a6196f1-7953-4e5a-8449-780be167de51,2,IDFV,ios
11/3/2024 14:16,103.121.169.110,1a6196f1-7953-4e5a-8449-780be167de51,2,IDFV,ios
11/3/2024 14:31,103.121.169.110,1a6196f1-7953-4e5a-8449-780be167de51,2,IDFV,ios
11/3/2024 14:40,103.121.169.110,1a6196f1-7953-4e5a-8449-780be167de51,2,IDFV,ios
11/3/2024 14:48,103.121.169.110,1a6196f1-7953-4e5a-8449-780be167de51,2,IDFV,ios
11/4/2024 12:05,182.10.98.82,04de0e1c-de2f-4515-8423-ae3083e4acee,2,IDFV,ios
11/14/2024 18:08,2a00:5400:f015::,AAKRGE7P9eIAABxfJkTLVA,7,WEB_ID,android
11/14/2024 18:09,2a00:5400:f015::,AAKRGE7P9eIAABxfJkTLVA,7,WEB_ID,android
11/14/2024 18:10,2a00:5400:f015::,AAKRGE7P9eIAABxfJkTLVA,7,WEB_ID,android
11/14/2024 18:10,2a00:5400:f015::,AAKRGE7P9eIAABxfJkTLVA,7,WEB_ID,android
11/14/2024 18:12,2a00:5400:f015::,AAKRGE7P9eIAABxfJkTLVA,7,WEB_ID,android
11/14/2024 18:12,2a00:5400:f015::,AAKRGE7P9eIAABxfJkTLVA,7,WEB_ID,android
11/14/2024 18:12,2a00:5400:f015::,AAKRGE7P9eIAABxfJkTLVA,7,WEB_ID,android
11/14/2024 18:13,2a00:5400:f015::,AAKRGE7P9eIAABxfJkTLVA,7,WEB_ID,android
11/14/2024 18:16,2a00:5400:f015::,AAKRGE7P9eIAABxfJkTLVA,7,WEB_ID,android
11/14/2024 18:21,2a00:5400:f015::,AAKRGE7P9eIAABxfJkTLVA,7,WEB_ID,android
11/14/2024 18:24,2a00:5400:f015::,AAKRGE7P9eIAABxfJkTLVA,7,WEB_ID,android
11/14/2024 18:34,2a00:5400:f015::,AAKRGE7P9eIAABxfJkTLVA,7,WEB_ID,android
11/14/2024 20:26,2a00:5400:e051::,AAFcvU7LIAoAABO-Xttw5A,7,WEB_ID,android
11/14/2024 20:32,2a00:5400:e051::,AAFcvU7LIAoAABO-Xttw5A,7,WEB_ID,android
11/14/2024 20:32,2a00:5400:e051::,AAFcvU7LIAoAABO-Xttw5A,7,WEB_ID,android
11/14/2024 20:32,2a00:5400:e051::,AAFcvU7LIAoAABO-Xttw5A,7,WEB_ID,android
11/14/2024 20:44,2a00:5400:e051::,AAFcvU7LIAoAABO-Xttw5A,7,WEB_ID,android
11/14/2024 20:45,2a00:5400:e051::,AAFcvU7LIAoAABO-Xttw5A,7,WEB_ID,android
11/15/2024 9:15,2a00:5400:e051::,AAFcvU7LIAoAABO-Xttw5A,7,WEB_ID,android
11/15/2024 9:17,2a00:5400:e051::,AAFcvU7LIAoAABO-Xttw5A,7,WEB_ID,android
11/15/2024 9:21,2a00:5400:e051::,AAFcvU7LIAoAABO-Xttw5A,7,WEB_ID,android
11/15/2024 13:30,2a00:5400:f015::,AAKRGE7P9eIAABxfJkTLVA,7,WEB_ID,android
11/15/2024 13:30,2a00:5400:f015::,AAKRGE7P9eIAABxfJkTLVA,7,WEB_ID,android
11/5/2024 9:21,103.121.169.110,1a6196f1-7953-4e5a-8449-780be167de51,2,IDFV,ios
11/5/2024 9:28,103.121.169.110,1a6196f1-7953-4e5a-8449-780be167de51,2,IDFV,ios
11/8/2024 10:32,2a00:5400:f022::,AALKVk7RajkAABv5BSiD8w,6,WEB_ID,android
11/5/2024 13:19,103.121.169.110,1a6196f1-7953-4e5a-8449-780be167de51,2,IDFV,ios
11/5/2024 13:31,103.121.169.110,1a6196f1-7953-4e5a-8449-780be167de51,2,IDFV,ios
11/5/2024 13:35,103.121.169.110,1a6196f1-7953-4e5a-8449-780be167de51,2,IDFV,ios
11/15/2024 13:35,2001:16a2:c057::,AAFcvU7LIAoAABO-Xttw5A,7,WEB_ID,android
11/15/2024 13:36,2001:16a2:c057::,AAFcvU7LIAoAABO-Xttw5A,7,WEB_ID,android
11/15/2024 13:37,2001:16a2:c057::,AAFcvU7LIAoAABO-Xttw5A,7,WEB_ID,android
11/15/2024 14:24,2a00:5400:e051::,AAFcvU7LIAoAABO-Xttw5A,7,WEB_ID,android
11/15/2024 14:25,2a00:5400:e051::,AAFcvU7LIAoAABO-Xttw5A,7,WEB_ID,android
11/15/2024 14:28,2a00:5400:e051::,AAFcvU7LIAoAABO-Xttw5A,7,WEB_ID,android
11/15/2024 14:28,2a00:5400:e051::,AAFcvU7LIAoAABO-Xttw5A,7,WEB_ID,android
11/15/2024 14:29,2a00:5400:e051::,AAFcvU7LIAoAABO-Xttw5A,7,WEB_ID,android
11/15/2024 13:43,2a00:5400:e051::,AAFcvU7LIAoAABO-Xttw5A,7,WEB_ID,android
11/15/2024 13:43,2a00:5400:e051::,AAFcvU7LIAoAABO-Xttw5A,7,WEB_ID,android
11/15/2024 13:43,2a00:5400:e051::,AAFcvU7LIAoAABO-Xttw5A,7,WEB_ID,android
11/15/2024 13:44,2a00:5400:e051::,AAFcvU7LIAoAABO-Xttw5A,7,WEB_ID,android
11/15/2024 13:44,2a00:5400:e051::,AAFcvU7LIAoAABO-Xttw5A,7,WEB_ID,android
11/15/2024 13:45,2a00:5400:e051::,AAFcvU7LIAoAABO-Xttw5A,7,WEB_ID,android
11/15/2024 13:45,2a00:5400:e051::,AAFcvU7LIAoAABO-Xttw5A,7,WEB_ID,android
11/15/2024 13:46,2a00:5400:e051::,AAFcvU7LIAoAABO-Xttw5A,7,WEB_ID,android
11/15/2024 13:46,2a00:5400:e051::,AAFcvU7LIAoAABO-Xttw5A,7,WEB_ID,android
11/15/2024 13:46,2a00:5400:e051::,AAFcvU7LIAoAABO-Xttw5A,7,WEB_ID,android
11/15/2024 13:47,2a00:5400:e051::,AAFcvU7LIAoAABO-Xttw5A,7,WEB_ID,android
11/15/2024 13:47,2a00:5400:e051::,AAFcvU7LIAoAABO-Xttw5A,7,WEB_ID,android
11/15/2024 13:47,2a00:5400:e051::,AAFcvU7LIAoAABO-Xttw5A,7,WEB_ID,android
11/15/2024 13:47,2a00:5400:e051::,AAFcvU7LIAoAABO-Xttw5A,7,WEB_ID,android
11/15/2024 13:48,2a00:5400:e051::,AAFcvU7LIAoAABO-Xttw5A,7,WEB_ID,android
11/15/2024 13:48,2a00:5400:e051::,AAFcvU7LIAoAABO-Xttw5A,7,WEB_ID,android
11/15/2024 13:48,2a00:5400:e051::,AAFcvU7LIAoAABO-Xttw5A,7,WEB_ID,android
11/15/2024 13:48,2a00:5400:e051::,AAFcvU7LIAoAABO-Xttw5A,7,WEB_ID,android
11/15/2024 13:49,2a00:5400:e051::,AAFcvU7LIAoAABO-Xttw5A,7,WEB_ID,android
11/15/2024 13:49,2a00:5400:e051::,AAFcvU7LIAoAABO-Xttw5A,7,WEB_ID,android
11/15/2024 13:50,2a00:5400:e051::,AAFcvU7LIAoAABO-Xttw5A,7,WEB_ID,android
11/15/2024 13:50,2a00:5400:e051::,AAFcvU7LIAoAABO-Xttw5A,7,WEB_ID,android
11/15/2024 13:51,2a00:5400:e051::,AAFcvU7LIAoAABO-Xttw5A,7,WEB_ID,android
11/15/2024 13:51,2a00:5400:e051::,AAFcvU7LIAoAABO-Xttw5A,7,WEB_ID,android
11/15/2024 13:52,2a00:5400:e051::,AAFcvU7LIAoAABO-Xttw5A,7,WEB_ID,android
11/15/2024 13:52,2a00:5400:e051::,AAFcvU7LIAoAABO-Xttw5A,7,WEB_ID,android
11/15/2024 13:53,2a00:5400:e051::,AAFcvU7LIAoAABO-Xttw5A,7,WEB_ID,android
11/15/2024 13:53,2a00:5400:e051::,AAFcvU7LIAoAABO-Xttw5A,7,WEB_ID,android
11/15/2024 13:54,2a00:5400:e051::,AAFcvU7LIAoAABO-Xttw5A,7,WEB_ID,android
11/15/2024 13:54,2a00:5400:e051::,AAFcvU7LIAoAABO-Xttw5A,7,WEB_ID,android
11/15/2024 13:54,2a00:5400:e051::,AAFcvU7LIAoAABO-Xttw5A,7,WEB_ID,android
11/15/2024 13:55,2a00:5400:e051::,AAFcvU7LIAoAABO-Xttw5A,7,WEB_ID,android
11/15/2024 13:55,2a00:5400:e051::,AAFcvU7LIAoAABO-Xttw5A,7,WEB_ID,android
11/15/2024 13:56,2a00:5400:e051::,AAFcvU7LIAoAABO-Xttw5A,7,WEB_ID,android
11/15/2024 13:56,2a00:5400:e051::,AAFcvU7LIAoAABO-Xttw5A,7,WEB_ID,android
11/15/2024 13:58,2a00:5400:e051::,AAFcvU7LIAoAABO-Xttw5A,7,WEB_ID,android
11/15/2024 13:58,2a00:5400:e051::,AAFcvU7LIAoAABO-Xttw5A,7,WEB_ID,android
11/15/2024 13:59,2a00:5400:e051::,AAFcvU7LIAoAABO-Xttw5A,7,WEB_ID,android
11/15/2024 13:59,2a00:5400:e051::,AAFcvU7LIAoAABO-Xttw5A,7,WEB_ID,android
11/15/2024 14:01,2a00:5400:e051::,AAFcvU7LIAoAABO-Xttw5A,7,WEB_ID,android
11/5/2024 13:47,103.121.169.110,1a6196f1-7953-4e5a-8449-780be167de51,2,IDFV,ios
11/5/2024 15:34,103.121.169.110,1a6196f1-7953-4e5a-8449-780be167de51,2,IDFV,ios
11/5/2024 15:38,103.121.169.110,1a6196f1-7953-4e5a-8449-780be167de51,2,IDFV,ios
11/5/2024 15:39,103.121.169.110,1a6196f1-7953-4e5a-8449-780be167de51,2,IDFV,ios
11/5/2024 15:47,103.121.169.110,1a6196f1-7953-4e5a-8449-780be167de51,2,IDFV,ios
11/6/2024 8:43,182.10.98.82,04de0e1c-de2f-4515-8423-ae3083e4acee,2,IDFV,ios
11/15/2024 19:29,2a00:5400:e051::,AAFcvU7LIAoAABO-Xttw5A,7,WEB_ID,android
11/15/2024 19:29,2a00:5400:e051::,AAFcvU7LIAoAABO-Xttw5A,7,WEB_ID,android
11/15/2024 19:29,2a00:5400:e051::,AAFcvU7LIAoAABO-Xttw5A,7,WEB_ID,android
11/15/2024 19:30,2a00:5400:e051::,AAFcvU7LIAoAABO-Xttw5A,7,WEB_ID,android
11/6/2024 9:16,103.121.169.110,1a6196f1-7953-4e5a-8449-780be167de51,2,IDFV,ios
11/6/2024 9:31,103.121.169.110,1a6196f1-7953-4e5a-8449-780be167de51,2,IDFV,ios
11/6/2024 9:37,103.121.169.110,1a6196f1-7953-4e5a-8449-780be167de51,2,IDFV,ios
11/6/2024 9:42,103.121.169.110,1a6196f1-7953-4e5a-8449-780be167de51,2,IDFV,ios
11/6/2024 13:10,103.121.169.110,1a6196f1-7953-4e5a-8449-780be167de51,2,IDFV,ios
11/6/2024 13:17,103.121.169.110,1a6196f1-7953-4e5a-8449-780be167de51,2,IDFV,ios
11/6/2024 13:19,103.121.169.110,1a6196f1-7953-4e5a-8449-780be167de51,2,IDFV,ios
11/6/2024 13:21,182.10.98.82,04de0e1c-de2f-4515-8423-ae3083e4acee,2,IDFV,ios
11/6/2024 13:24,103.121.168.177,1a6196f1-7953-4e5a-8449-780be167de51,2,IDFV,ios
11/6/2024 19:18,103.121.168.177,1a6196f1-7953-4e5a-8449-780be167de51,2,IDFV,ios
11/15/2024 19:33,2a00:5400:e051::,AAFcvU7LIAoAABO-Xttw5A,7,WEB_ID,android
11/15/2024 19:33,2a00:5400:e051::,AAFcvU7LIAoAABO-Xttw5A,7,WEB_ID,android
11/15/2024 19:33,2a00:5400:e051::,AAFcvU7LIAoAABO-Xttw5A,7,WEB_ID,android
11/15/2024 20:40,2a00:5400:e051::,AAFcvU7LIAoAABO-Xttw5A,7,WEB_ID,android
11/15/2024 20:40,2a00:5400:e051::,AAFcvU7LIAoAABO-Xttw5A,7,WEB_ID,android
11/15/2024 20:47,2a00:5400:e051::,AAFcvU7LIAoAABO-Xttw5A,7,WEB_ID,android
11/15/2024 20:49,2a00:5400:e051::,AAFcvU7LIAoAABO-Xttw5A,7,WEB_ID,android
11/15/2024 20:49,2a00:5400:e051::,AAFcvU7LIAoAABO-Xttw5A,7,WEB_ID,android
11/15/2024 20:54,2a00:5400:e051::,AAFcvU7LIAoAABO-Xttw5A,7,WEB_ID,android
11/15/2024 20:54,2a00:5400:e051::,AAFcvU7LIAoAABO-Xttw5A,7,WEB_ID,android
11/15/2024 20:55,2a00:5400:e051::,AAFcvU7LIAoAABO-Xttw5A,7,WEB_ID,android
11/15/2024 20:58,2a00:5400:e051::,AAFcvU7LIAoAABO-Xttw5A,7,WEB_ID,android
11/15/2024 20:58,2a00:5400:e051::,AAFcvU7LIAoAABO-Xttw5A,7,WEB_ID,android
11/16/2024 12:27,46.143.147.0,AAKRGE7P9eIAABxfJkTLVA,7,WEB_ID,android
11/16/2024 12:27,2a00:5400:f011::,AAKRGE7P9eIAABxfJkTLVA,7,WEB_ID,android
11/16/2024 12:27,2a00:5400:f011::,AAKRGE7P9eIAABxfJkTLVA,7,WEB_ID,android
11/16/2024 12:29,2a00:5400:f011::,AAKRGE7P9eIAABxfJkTLVA,7,WEB_ID,android
11/16/2024 12:29,2a00:5400:f011::,AAKRGE7P9eIAABxfJkTLVA,7,WEB_ID,android
11/16/2024 12:29,2a00:5400:f011::,AAKRGE7P9eIAABxfJkTLVA,7,WEB_ID,android
11/16/2024 12:29,2a00:5400:f011::,AAKRGE7P9eIAABxfJkTLVA,7,WEB_ID,android
11/16/2024 12:29,2a00:5400:f011::,AAKRGE7P9eIAABxfJkTLVA,7,WEB_ID,android
11/16/2024 12:30,2a00:5400:f011::,AAKRGE7P9eIAABxfJkTLVA,7,WEB_ID,android
11/16/2024 12:33,2a00:5400:f011::,AAKRGE7P9eIAABxfJkTLVA,7,WEB_ID,android
11/16/2024 12:33,2a00:5400:f011::,AAKRGE7P9eIAABxfJkTLVA,7,WEB_ID,android
11/16/2024 12:36,2a00:5400:f011::,AAKRGE7P9eIAABxfJkTLVA,7,WEB_ID,android
11/16/2024 12:38,2a00:5400:f011::,AAKRGE7P9eIAABxfJkTLVA,7,WEB_ID,android
11/16/2024 12:41,2a00:5400:f011::,AAKRGE7P9eIAABxfJkTLVA,7,WEB_ID,android
11/16/2024 12:42,2a00:5400:f011::,AAKRGE7P9eIAABxfJkTLVA,7,WEB_ID,android
11/16/2024 12:42,2a00:5400:f011::,AAKRGE7P9eIAABxfJkTLVA,7,WEB_ID,android
11/16/2024 12:42,2a00:5400:f011::,AAKRGE7P9eIAABxfJkTLVA,7,WEB_ID,android
11/16/2024 12:42,2a00:5400:f011::,AAKRGE7P9eIAABxfJkTLVA,7,WEB_ID,android
11/16/2024 12:42,2a00:5400:f011::,AAKRGE7P9eIAABxfJkTLVA,7,WEB_ID,android
11/16/2024 12:43,2a00:5400:f011::,AAKRGE7P9eIAABxfJkTLVA,7,WEB_ID,android
11/16/2024 12:47,2a00:5400:f011::,AAKRGE7P9eIAABxfJkTLVA,7,WEB_ID,android
11/16/2024 12:55,2a00:5400:f011::,AAKRGE7P9eIAABxfJkTLVA,7,WEB_ID,android
11/16/2024 12:55,2a00:5400:f011::,AAKRGE7P9eIAABxfJkTLVA,7,WEB_ID,android
11/16/2024 12:56,2a00:5400:f011::,AAKRGE7P9eIAABxfJkTLVA,7,WEB_ID,android
11/16/2024 12:58,2a00:5400:f011::,AAKRGE7P9eIAABxfJkTLVA,7,WEB_ID,android
11/16/2024 12:58,2a00:5400:f011::,AAKRGE7P9eIAABxfJkTLVA,7,WEB_ID,android
11/16/2024 12:59,2a00:5400:f011::,AAKRGE7P9eIAABxfJkTLVA,7,WEB_ID,android
11/16/2024 12:59,2a00:5400:f011::,AAKRGE7P9eIAABxfJkTLVA,7,WEB_ID,android
11/16/2024 12:59,2a00:5400:f011::,AAKRGE7P9eIAABxfJkTLVA,7,WEB_ID,android
11/16/2024 12:59,2a00:5400:f011::,AAKRGE7P9eIAABxfJkTLVA,7,WEB_ID,android
11/16/2024 13:00,2a00:5400:f011::,AAKRGE7P9eIAABxfJkTLVA,7,WEB_ID,android
11/16/2024 13:00,2a00:5400:f011::,AAKRGE7P9eIAABxfJkTLVA,7,WEB_ID,android
11/16/2024 13:01,2a00:5400:f011::,AAKRGE7P9eIAABxfJkTLVA,7,WEB_ID,android
11/16/2024 13:01,2a00:5400:f011::,AAKRGE7P9eIAABxfJkTLVA,7,WEB_ID,android
11/16/2024 13:01,2a00:5400:f011::,AAKRGE7P9eIAABxfJkTLVA,7,WEB_ID,android
11/16/2024 13:02,2a00:5400:f011::,AAKRGE7P9eIAABxfJkTLVA,7,WEB_ID,android
11/16/2024 13:05,2a00:5400:f011::,AAKRGE7P9eIAABxfJkTLVA,7,WEB_ID,android
11/16/2024 13:05,2a00:5400:f011::,AAKRGE7P9eIAABxfJkTLVA,7,WEB_ID,android
11/16/2024 13:06,2a00:5400:f011::,AAKRGE7P9eIAABxfJkTLVA,7,WEB_ID,android
11/16/2024 13:07,2a00:5400:f011::,AAKRGE7P9eIAABxfJkTLVA,7,WEB_ID,android
11/16/2024 13:08,2a00:5400:f011::,AAKRGE7P9eIAABxfJkTLVA,7,WEB_ID,android
11/16/2024 13:08,2a00:5400:f011::,AAKRGE7P9eIAABxfJkTLVA,7,WEB_ID,android
11/16/2024 13:08,2a00:5400:f011::,AAKRGE7P9eIAABxfJkTLVA,7,WEB_ID,android
11/16/2024 13:08,2a00:5400:f011::,AAKRGE7P9eIAABxfJkTLVA,7,WEB_ID,android
11/16/2024 13:09,2a00:5400:f011::,AAKRGE7P9eIAABxfJkTLVA,7,WEB_ID,android
11/16/2024 13:28,2a00:5400:f011::,AAKRGE7P9eIAABxfJkTLVA,7,WEB_ID,android
11/8/2024 10:12,2a00:5400:e053:b76:ac5a:7968:2a27:4df6,AAKT707IOKgAAB_bLwHDew,6,WEB_ID,ios
11/8/2024 10:12,2a00:5400:e053:b76:ac5a:7968:2a27:4df6,AAKT707IOKgAAB_bLwHDew,6,WEB_ID,ios
11/8/2024 10:12,2a00:5400:e053:b76:ac5a:7968:2a27:4df6,AAKT707IOKgAAB_bLwHDew,6,WEB_ID,ios
11/8/2024 10:14,2a00:5400:e053:b76::,AAKT707IOKgAAB_bLwHDew,6,WEB_ID,ios
11/8/2024 10:15,2a00:5400:e053:b76:ac5a:7968:2a27:4df6,AAKT707IOKgAAB_bLwHDew,6,WEB_ID,ios
11/8/2024 10:17,82.167.95.188,AAKT707IOKgAAB_bLwHDew,6,WEB_ID,ios
11/8/2024 10:17,2a00:5400:e053:b76:ac5a:7968:2a27:4df6,AAKT707IOKgAAB_bLwHDew,6,WEB_ID,ios
11/8/2024 10:22,2a00:5400:e053:b76:ac5a:7968:2a27:4df6,AAKT707IOKgAAB_bLwHDew,6,WEB_ID,ios
11/8/2024 10:23,82.167.95.188,AAKT707IOKgAAB_bLwHDew,6,WEB_ID,ios
11/8/2024 10:23,2a00:5400:e053:b76:ac5a:7968:2a27:4df6,AAKT707IOKgAAB_bLwHDew,6,WEB_ID,ios
11/8/2024 10:25,82.167.95.188,AAKT707IOKgAAB_bLwHDew,6,WEB_ID,ios
11/16/2024 13:42,2a00:5400:f011::,AAKRGE7P9eIAABxfJkTLVA,7,WEB_ID,android
11/16/2024 13:45,2a00:5400:f011::,AAKRGE7P9eIAABxfJkTLVA,7,WEB_ID,android
11/16/2024 13:46,2a00:5400:f011::,AAKRGE7P9eIAABxfJkTLVA,7,WEB_ID,android
11/16/2024 13:49,2a00:5400:f011::,AAKRGE7P9eIAABxfJkTLVA,7,WEB_ID,android
11/6/2024 19:30,103.121.168.177,1a6196f1-7953-4e5a-8449-780be167de51,2,IDFV,ios
11/6/2024 19:31,103.121.168.177,1a6196f1-7953-4e5a-8449-780be167de51,2,IDFV,ios
11/16/2024 13:59,2a00:5400:e051::,AAFcvU7LIAoAABO-Xttw5A,7,WEB_ID,android
11/16/2024 13:59,2a00:5400:e051::,AAFcvU7LIAoAABO-Xttw5A,7,WEB_ID,android
11/16/2024 14:05,2a00:5400:e051::,AAFcvU7LIAoAABO-Xttw5A,7,WEB_ID,android
11/8/2024 10:41,82.167.95.188,AAKT707IOKgAAB_bLwHDew,6,WEB_ID,ios
11/9/2024 10:46,2a00:5400:e053:b76:ac5a:7968:2a27:4df6,AAKT707IOKgAAB_bLwHDew,6,WEB_ID,ios
11/9/2024 10:55,2a00:5400:e053:b76:ac5a:7968:2a27:4df6,AAKT707IOKgAAB_bLwHDew,6,WEB_ID,ios
11/9/2024 10:56,2a00:5400:e053:b76:ac5a:7968:2a27:4df6,AAKT707IOKgAAB_bLwHDew,6,WEB_ID,ios
11/9/2024 10:56,82.167.95.188,AAKT707IOKgAAB_bLwHDew,6,WEB_ID,ios
11/9/2024 11:02,82.167.95.188,AAKT707IOKgAAB_bLwHDew,6,WEB_ID,ios
11/9/2024 11:07,2a00:5400:e053:b76:ac5a:7968:2a27:4df6,AAKT707IOKgAAB_bLwHDew,6,WEB_ID,ios
11/9/2024 11:11,82.167.95.188,AAKT707IOKgAAB_bLwHDew,6,WEB_ID,ios
11/9/2024 11:13,2a00:5400:e053:b76:ac5a:7968:2a27:4df6,AAKT707IOKgAAB_bLwHDew,6,WEB_ID,ios
11/9/2024 11:18,2a00:5400:e053:b76:ac5a:7968:2a27:4df6,AAKT707IOKgAAB_bLwHDew,6,WEB_ID,ios
11/9/2024 11:20,2a00:5400:e053:b76:ac5a:7968:2a27:4df6,AAKT707IOKgAAB_bLwHDew,6,WEB_ID,ios
11/9/2024 11:26,2a00:5400:e053:b76:ac5a:7968:2a27:4df6,AAKT707IOKgAAB_bLwHDew,6,WEB_ID,ios
11/9/2024 11:26,2a00:5400:e053:b76:ac5a:7968:2a27:4df6,AAKT707IOKgAAB_bLwHDew,6,WEB_ID,ios
11/9/2024 11:33,2a00:5400:e053:b76:ac5a:7968:2a27:4df6,AAKT707IOKgAAB_bLwHDew,6,WEB_ID,ios
11/9/2024 11:37,2a00:5400:e053:b76:ac5a:7968:2a27:4df6,AAKT707IOKgAAB_bLwHDew,6,WEB_ID,ios
11/9/2024 11:40,2a00:5400:e053:b76:ac5a:7968:2a27:4df6,AAKT707IOKgAAB_bLwHDew,6,WEB_ID,ios
11/9/2024 17:11,2a00:5400:f022::,AALKVk7RajkAABv5BSiD8w,6,WEB_ID,android
11/7/2024 8:22,103.121.168.177,1a6196f1-7953-4e5a-8449-780be167de51,2,IDFV,ios
11/7/2024 8:23,103.121.168.177,1a6196f1-7953-4e5a-8449-780be167de51,2,IDFV,ios
11/7/2024 8:32,103.121.168.177,1a6196f1-7953-4e5a-8449-780be167de51,2,IDFV,ios
11/7/2024 8:36,103.121.168.177,1a6196f1-7953-4e5a-8449-780be167de51,2,IDFV,ios
11/7/2024 8:39,103.121.168.177,1a6196f1-7953-4e5a-8449-780be167de51,2,IDFV,ios
11/16/2024 14:24,2a00:5400:f011::,AAKRGE7P9eIAABxfJkTLVA,7,WEB_ID,android
11/16/2024 14:25,2a00:5400:f011::,AAKRGE7P9eIAABxfJkTLVA,7,WEB_ID,android
11/16/2024 14:25,2a00:5400:f011::,AAKRGE7P9eIAABxfJkTLVA,7,WEB_ID,android
11/16/2024 14:10,2a00:5400:f011::,AAKRGE7P9eIAABxfJkTLVA,7,WEB_ID,android
11/16/2024 14:11,2a00:5400:f011::,AAKRGE7P9eIAABxfJkTLVA,7,WEB_ID,android
11/16/2024 14:11,2a00:5400:f011::,AAKRGE7P9eIAABxfJkTLVA,7,WEB_ID,android
11/16/2024 14:12,2a00:5400:e051::,AAFcvU7LIAoAABO-Xttw5A,7,WEB_ID,android
11/16/2024 14:12,2a00:5400:e051::,AAFcvU7LIAoAABO-Xttw5A,7,WEB_ID,android
11/16/2024 14:13,2a00:5400:e051::,AAFcvU7LIAoAABO-Xttw5A,7,WEB_ID,android
11/16/2024 14:13,2a00:5400:e051::,AAFcvU7LIAoAABO-Xttw5A,7,WEB_ID,android
11/16/2024 14:13,2a00:5400:e051::,AAFcvU7LIAoAABO-Xttw5A,7,WEB_ID,android
11/16/2024 14:19,2a00:5400:e051::,AAFcvU7LIAoAABO-Xttw5A,7,WEB_ID,android
11/16/2024 14:20,2a00:5400:e051::,AAFcvU7LIAoAABO-Xttw5A,7,WEB_ID,android
11/16/2024 14:21,2a00:5400:e051::,AAFcvU7LIAoAABO-Xttw5A,7,WEB_ID,android
11/16/2024 14:24,2a00:5400:e051::,AAFcvU7LIAoAABO-Xttw5A,7,WEB_ID,android
11/16/2024 14:37,2a00:5400:e051::,AAFcvU7LIAoAABO-Xttw5A,7,WEB_ID,android
11/16/2024 14:51,2a00:5400:e051::,AAFcvU7LIAoAABO-Xttw5A,7,WEB_ID,android
11/16/2024 14:51,2a00:5400:e051::,AAFcvU7LIAoAABO-Xttw5A,7,WEB_ID,android
11/16/2024 14:53,2a00:5400:e051::,AAFcvU7LIAoAABO-Xttw5A,7,WEB_ID,android
11/16/2024 14:53,2a00:5400:e051::,AAFcvU7LIAoAABO-Xttw5A,7,WEB_ID,android
11/16/2024 14:54,2a00:5400:e051::,AAFcvU7LIAoAABO-Xttw5A,7,WEB_ID,android
11/16/2024 14:54,2a00:5400:e051::,AAFcvU7LIAoAABO-Xttw5A,7,WEB_ID,android
11/16/2024 14:55,2a00:5400:e051::,AAFcvU7LIAoAABO-Xttw5A,7,WEB_ID,android
11/16/2024 16:21,2a00:5400:e051::,AAFcvU7LIAoAABO-Xttw5A,7,WEB_ID,android
11/16/2024 16:24,2a00:5400:e051::,AAFcvU7LIAoAABO-Xttw5A,7,WEB_ID,android
11/7/2024 9:01,103.121.168.177,1a6196f1-7953-4e5a-8449-780be167de51,2,IDFV,ios
11/7/2024 9:03,103.121.168.177,1a6196f1-7953-4e5a-8449-780be167de51,2,IDFV,ios
11/7/2024 9:12,103.121.168.177,1a6196f1-7953-4e5a-8449-780be167de51,2,IDFV,ios
11/7/2024 9:12,103.121.168.177,1a6196f1-7953-4e5a-8449-780be167de51,2,IDFV,ios
11/7/2024 14:43,103.121.168.177,1a6196f1-7953-4e5a-8449-780be167de51,2,IDFV,ios
11/7/2024 14:49,103.121.168.177,1a6196f1-7953-4e5a-8449-780be167de51,2,IDFV,ios
11/7/2024 14:52,103.121.168.177,1a6196f1-7953-4e5a-8449-780be167de51,2,IDFV,ios
11/9/2024 17:11,2a00:5400:f022::,AALKVk7RajkAABv5BSiD8w,6,WEB_ID,android
11/9/2024 17:43,2a00:5400:e053:b76:f41a:2008:40c2:d9bb,AAKT707IOKgAAB_bLwHDew,6,WEB_ID,ios
11/7/2024 15:38,2404:c0:a301:6a86:d1af:7d5d:a9a4:781e,04de0e1c-de2f-4515-8423-ae3083e4acee,2,IDFV,ios
11/7/2024 15:40,2404:c0:a301:6a86:d1af:7d5d:a9a4:781e,04de0e1c-de2f-4515-8423-ae3083e4acee,2,IDFV,ios
11/7/2024 20:02,182.10.98.208,04de0e1c-de2f-4515-8423-ae3083e4acee,2,IDFV,ios
11/7/2024 20:55,103.121.168.177,1a6196f1-7953-4e5a-8449-780be167de51,2,IDFV,ios
11/7/2024 20:58,103.121.168.177,1a6196f1-7953-4e5a-8449-780be167de51,2,IDFV,ios
11/8/2024 12:33,103.121.168.177,1a6196f1-7953-4e5a-8449-780be167de51,2,IDFV,ios
11/8/2024 12:36,103.121.168.177,1a6196f1-7953-4e5a-8449-780be167de51,2,IDFV,ios
11/9/2024 17:45,2a00:5400:f022::,AALKVk7RajkAABv5BSiD8w,6,WEB_ID,android
11/16/2024 16:45,2a00:5400:f011::,AAKRGE7P9eIAABxfJkTLVA,7,WEB_ID,android
11/16/2024 16:53,2a00:5400:f011::,AAKRGE7P9eIAABxfJkTLVA,7,WEB_ID,android
11/8/2024 12:38,103.121.138.93,1a6196f1-7953-4e5a-8449-780be167de51,2,IDFV,ios
11/8/2024 12:43,103.121.138.93,1a6196f1-7953-4e5a-8449-780be167de51,2,IDFV,ios
11/16/2024 16:50,2a00:5400:e051::,AAFcvU7LIAoAABO-Xttw5A,7,WEB_ID,android
11/16/2024 16:52,2a00:5400:e051::,AAFcvU7LIAoAABO-Xttw5A,7,WEB_ID,android
11/16/2024 16:53,2a00:5400:e051::,AAFcvU7LIAoAABO-Xttw5A,7,WEB_ID,android
11/16/2024 17:11,2a00:5400:e051::,AAFcvU7LIAoAABO-Xttw5A,7,WEB_ID,android
11/16/2024 17:12,2a00:5400:e051::,AAFcvU7LIAoAABO-Xttw5A,7,WEB_ID,android
11/16/2024 17:14,2a00:5400:e051::,AAFcvU7LIAoAABO-Xttw5A,7,WEB_ID,android
11/8/2024 13:08,103.121.138.93,1a6196f1-7953-4e5a-8449-780be167de51,2,IDFV,ios
11/8/2024 13:10,103.121.138.93,1a6196f1-7953-4e5a-8449-780be167de51,2,IDFV,ios
11/8/2024 13:09,103.121.138.93,1a6196f1-7953-4e5a-8449-780be167de51,2,IDFV,ios
11/8/2024 13:16,103.121.138.93,1a6196f1-7953-4e5a-8449-780be167de51,2,IDFV,ios
11/8/2024 13:21,103.121.138.93,1a6196f1-7953-4e5a-8449-780be167de51,2,IDFV,ios
11/8/2024 13:22,103.121.138.93,1a6196f1-7953-4e5a-8449-780be167de51,2,IDFV,ios
11/8/2024 18:21,103.121.138.93,1a6196f1-7953-4e5a-8449-780be167de51,2,IDFV,ios
11/17/2024 14:02,2a00:5400:e051::,AAFcvU7LIAoAABO-Xttw5A,7,WEB_ID,android
11/17/2024 14:35,2a00:5400:e051::,AAFcvU7LIAoAABO-Xttw5A,7,WEB_ID,android
11/17/2024 14:36,2a00:5400:e051::,AAFcvU7LIAoAABO-Xttw5A,7,WEB_ID,android
11/17/2024 14:37,2a00:5400:e051::,AAFcvU7LIAoAABO-Xttw5A,7,WEB_ID,android
11/17/2024 14:37,2a00:5400:e051::,AAFcvU7LIAoAABO-Xttw5A,7,WEB_ID,android
11/17/2024 17:52,2a00:5400:e051::,AAFcvU7LIAoAABO-Xttw5A,7,WEB_ID,android
11/17/2024 17:52,2a00:5400:e051::,AAFcvU7LIAoAABO-Xttw5A,7,WEB_ID,android
11/17/2024 17:53,2a00:5400:e051::,AAFcvU7LIAoAABO-Xttw5A,7,WEB_ID,android
11/17/2024 17:53,2a00:5400:e051::,AAFcvU7LIAoAABO-Xttw5A,7,WEB_ID,android
11/17/2024 17:53,2a00:5400:e051::,AAFcvU7LIAoAABO-Xttw5A,7,WEB_ID,android
11/17/2024 17:57,82.167.93.0,AAFcvU7LIAoAABO-Xttw5A,7,WEB_ID,android
11/17/2024 17:57,82.167.93.0,AAFcvU7LIAoAABO-Xttw5A,7,WEB_ID,android
11/17/2024 18:16,2a00:5400:f011::,AAKRGE7P9eIAABxfJkTLVA,7,WEB_ID,android
11/17/2024 18:16,2a00:5400:f011::,AAKRGE7P9eIAABxfJkTLVA,7,WEB_ID,android
11/17/2024 18:17,2a00:5400:f011::,AAKRGE7P9eIAABxfJkTLVA,7,WEB_ID,android
11/17/2024 18:17,2a00:5400:f011::,AAKRGE7P9eIAABxfJkTLVA,7,WEB_ID,android
11/17/2024 18:29,2a00:5400:f011::,AAKRGE7P9eIAABxfJkTLVA,7,WEB_ID,android
11/17/2024 18:35,46.143.131.0,AAKRGE7P9eIAABxfJkTLVA,7,WEB_ID,android
11/17/2024 18:35,2a00:5400:f011::,AAKRGE7P9eIAABxfJkTLVA,7,WEB_ID,android
11/17/2024 18:45,2a00:5400:f011::,AAKRGE7P9eIAABxfJkTLVA,7,WEB_ID,android
11/17/2024 18:04,2a00:5400:f011::,AAKRGE7P9eIAABxfJkTLVA,7,WEB_ID,android
11/17/2024 18:04,2a00:5400:f011::,AAKRGE7P9eIAABxfJkTLVA,7,WEB_ID,android
11/17/2024 18:04,2a00:5400:f011::,AAKRGE7P9eIAABxfJkTLVA,7,WEB_ID,android
11/17/2024 18:07,2a00:5400:f011::,AAKRGE7P9eIAABxfJkTLVA,7,WEB_ID,android
11/17/2024 18:08,2a00:5400:f011::,AAKRGE7P9eIAABxfJkTLVA,7,WEB_ID,android
11/17/2024 18:31,2a00:5400:f011::,AAKRGE7P9eIAABxfJkTLVA,7,WEB_ID,android
11/17/2024 18:35,2a00:5400:f011::,AAKRGE7P9eIAABxfJkTLVA,7,WEB_ID,android
11/17/2024 18:38,2a00:5400:f011::,AAKRGE7P9eIAABxfJkTLVA,7,WEB_ID,android
11/17/2024 18:38,2a00:5400:f011::,AAKRGE7P9eIAABxfJkTLVA,7,WEB_ID,android
11/8/2024 18:51,202.165.46.254,686931a4-abd8-46e6-b0e3-78e57c0c620c,2,IDFV,ios
11/17/2024 19:33,2a00:5400:f011::,AAKRGE7P9eIAABxfJkTLVA,7,WEB_ID,android
11/18/2024 10:54,46.143.163.0,AAKRGE7P9eIAABxfJkTLVA,7,WEB_ID,android
11/18/2024 11:09,2a00:5400:f011::,AAKRGE7P9eIAABxfJkTLVA,7,WEB_ID,android
11/18/2024 11:23,2a00:5400:f011::,AAKRGE7P9eIAABxfJkTLVA,7,WEB_ID,android
11/18/2024 11:25,2a00:5400:f011::,AAKRGE7P9eIAABxfJkTLVA,7,WEB_ID,android
11/18/2024 12:51,2a00:5400:e051::,AAFcvU7LIAoAABO-Xttw5A,7,WEB_ID,android
11/18/2024 12:52,2a00:5400:e051::,AAFcvU7LIAoAABO-Xttw5A,7,WEB_ID,android
11/18/2024 12:52,2a00:5400:e051::,AAFcvU7LIAoAABO-Xttw5A,7,WEB_ID,android
11/18/2024 12:52,2a00:5400:e051::,AAFcvU7LIAoAABO-Xttw5A,7,WEB_ID,android
11/18/2024 12:52,2a00:5400:e051::,AAFcvU7LIAoAABO-Xttw5A,7,WEB_ID,android
11/18/2024 12:53,2a00:5400:e051::,AAFcvU7LIAoAABO-Xttw5A,7,WEB_ID,android
11/18/2024 12:53,2a00:5400:e051::,AAFcvU7LIAoAABO-Xttw5A,7,WEB_ID,android
11/18/2024 12:53,2a00:5400:e051::,AAFcvU7LIAoAABO-Xttw5A,7,WEB_ID,android
11/18/2024 12:53,2a00:5400:e051::,AAFcvU7LIAoAABO-Xttw5A,7,WEB_ID,android
11/18/2024 12:54,2a00:5400:e051::,AAFcvU7LIAoAABO-Xttw5A,7,WEB_ID,android
11/18/2024 12:56,2a00:5400:e051::,AAFcvU7LIAoAABO-Xttw5A,7,WEB_ID,android
11/18/2024 12:56,2a00:5400:e051::,AAFcvU7LIAoAABO-Xttw5A,7,WEB_ID,android
11/18/2024 12:56,2a00:5400:e051::,AAFcvU7LIAoAABO-Xttw5A,7,WEB_ID,android
11/18/2024 12:56,2a00:5400:e051::,AAFcvU7LIAoAABO-Xttw5A,7,WEB_ID,android
11/18/2024 12:56,2a00:5400:e051::,AAFcvU7LIAoAABO-Xttw5A,7,WEB_ID,android
11/18/2024 12:57,2a00:5400:e051::,AAFcvU7LIAoAABO-Xttw5A,7,WEB_ID,android
11/18/2024 12:57,2a00:5400:e051::,AAFcvU7LIAoAABO-Xttw5A,7,WEB_ID,android
11/18/2024 12:58,2a00:5400:e051::,AAFcvU7LIAoAABO-Xttw5A,7,WEB_ID,android
11/18/2024 12:58,2a00:5400:e051::,AAFcvU7LIAoAABO-Xttw5A,7,WEB_ID,android
11/18/2024 12:58,2a00:5400:e051::,AAFcvU7LIAoAABO-Xttw5A,7,WEB_ID,android
11/18/2024 12:58,2a00:5400:e051::,AAFcvU7LIAoAABO-Xttw5A,7,WEB_ID,android
11/18/2024 12:59,2a00:5400:e051::,AAFcvU7LIAoAABO-Xttw5A,7,WEB_ID,android
11/18/2024 12:59,2a00:5400:e051::,AAFcvU7LIAoAABO-Xttw5A,7,WEB_ID,android
11/18/2024 12:59,2a00:5400:e051::,AAFcvU7LIAoAABO-Xttw5A,7,WEB_ID,android
11/18/2024 12:59,2a00:5400:e051::,AAFcvU7LIAoAABO-Xttw5A,7,WEB_ID,android
11/18/2024 13:00,2a00:5400:e051::,AAFcvU7LIAoAABO-Xttw5A,7,WEB_ID,android
11/18/2024 13:00,2a00:5400:e051::,AAFcvU7LIAoAABO-Xttw5A,7,WEB_ID,android
11/18/2024 13:01,2a00:5400:e051::,AAFcvU7LIAoAABO-Xttw5A,7,WEB_ID,android
11/18/2024 13:01,2a00:5400:e051::,AAFcvU7LIAoAABO-Xttw5A,7,WEB_ID,android
11/18/2024 13:01,2a00:5400:e051::,AAFcvU7LIAoAABO-Xttw5A,7,WEB_ID,android
11/18/2024 13:01,2a00:5400:e051::,AAFcvU7LIAoAABO-Xttw5A,7,WEB_ID,android
11/18/2024 13:01,2a00:5400:e051::,AAFcvU7LIAoAABO-Xttw5A,7,WEB_ID,android
11/18/2024 13:02,2a00:5400:e051::,AAFcvU7LIAoAABO-Xttw5A,7,WEB_ID,android
11/18/2024 13:02,2a00:5400:e051::,AAFcvU7LIAoAABO-Xttw5A,7,WEB_ID,android
11/18/2024 13:03,2a00:5400:e051::,AAFcvU7LIAoAABO-Xttw5A,7,WEB_ID,android
11/18/2024 13:03,2a00:5400:e051::,AAFcvU7LIAoAABO-Xttw5A,7,WEB_ID,android
11/3/2024 11:29,103.244.173.0,d70be07e-05ff-4037-98c5-d059c20f4a1e,5,IDFA,ios
11/9/2024 18:19,2a00:5400:f022::,AALKVk7RajkAABv5BSiD8w,6,WEB_ID,android
11/9/2024 18:20,2a00:5400:f022::,AALKVk7RajkAABv5BSiD8w,6,WEB_ID,android
11/18/2024 13:10,2a00:5400:f011::,AAKRGE7P9eIAABxfJkTLVA,7,WEB_ID,android
11/18/2024 13:12,2a00:5400:f011::,AAKRGE7P9eIAABxfJkTLVA,7,WEB_ID,android
11/18/2024 13:20,2a00:5400:f011::,AAKRGE7P9eIAABxfJkTLVA,7,WEB_ID,android
11/18/2024 14:07,2a00:5400:f011::,AAKRGE7P9eIAABxfJkTLVA,7,WEB_ID,android
11/18/2024 14:07,2a00:5400:f011::,AAKRGE7P9eIAABxfJkTLVA,7,WEB_ID,android
11/18/2024 14:18,2a00:5400:f011::,AAKRGE7P9eIAABxfJkTLVA,7,WEB_ID,android
11/18/2024 14:57,2a00:5400:e051::,AAFcvU7LIAoAABO-Xttw5A,7,WEB_ID,android
11/18/2024 17:41,2a00:5400:f011::,AAKRGE7P9eIAABxfJkTLVA,7,WEB_ID,android
11/18/2024 17:42,2a00:5400:f011::,AAKRGE7P9eIAABxfJkTLVA,7,WEB_ID,android
11/18/2024 20:33,2a00:5400:f011::,AAKRGE7P9eIAABxfJkTLVA,7,WEB_ID,android
11/18/2024 20:33,2a00:5400:f011::,AAKRGE7P9eIAABxfJkTLVA,7,WEB_ID,android
11/18/2024 20:34,2a00:5400:f011::,AAKRGE7P9eIAABxfJkTLVA,7,WEB_ID,android
11/18/2024 20:34,2a00:5400:f011::,AAKRGE7P9eIAABxfJkTLVA,7,WEB_ID,android
11/18/2024 20:35,2a00:5400:f011::,AAKRGE7P9eIAABxfJkTLVA,7,WEB_ID,android
11/18/2024 20:35,2a00:5400:f011::,AAKRGE7P9eIAABxfJkTLVA,7,WEB_ID,android
11/18/2024 20:38,2a00:5400:f011::,AAKRGE7P9eIAABxfJkTLVA,7,WEB_ID,android
11/18/2024 20:40,46.143.143.0,AAKRGE7P9eIAABxfJkTLVA,7,WEB_ID,android
11/18/2024 20:40,46.143.143.0,AAKRGE7P9eIAABxfJkTLVA,7,WEB_ID,android
11/18/2024 20:40,2a00:5400:f011::,AAKRGE7P9eIAABxfJkTLVA,7,WEB_ID,android
11/9/2024 17:47,2a00:5400:e053:b76::,AAKT707IOKgAAB_bLwHDew,6,WEB_ID,ios
11/9/2024 17:48,82.167.77.124,AAKT707IOKgAAB_bLwHDew,6,WEB_ID,ios
11/3/2024 11:46,2401:ba80:ac97::,d70be07e-05ff-4037-98c5-d059c20f4a1e,5,IDFA,ios
11/5/2024 8:11,103.244.173.0,d70be07e-05ff-4037-98c5-d059c20f4a1e,5,IDFA,ios
11/18/2024 20:59,2a00:5400:f011::,AAKRGE7P9eIAABxfJkTLVA,7,WEB_ID,android
11/18/2024 20:59,2a00:5400:f011::,AAKRGE7P9eIAABxfJkTLVA,7,WEB_ID,android
11/19/2024 10:17,2a00:5400:f011::,AAKRGE7P9eIAABxfJkTLVA,7,WEB_ID,android
11/19/2024 10:41,2a00:5400:f011::,AAKRGE7P9eIAABxfJkTLVA,7,WEB_ID,android
11/19/2024 10:41,2a00:5400:f011::,AAKRGE7P9eIAABxfJkTLVA,7,WEB_ID,android
11/19/2024 10:43,2a00:5400:f011::,AAKRGE7P9eIAABxfJkTLVA,7,WEB_ID,android
11/19/2024 10:44,2a00:5400:f011::,AAKRGE7P9eIAABxfJkTLVA,7,WEB_ID,android
11/8/2024 19:12,103.121.138.93,1a6196f1-7953-4e5a-8449-780be167de51,2,IDFV,ios
11/8/2024 19:15,103.121.138.93,1a6196f1-7953-4e5a-8449-780be167de51,2,IDFV,ios
11/8/2024 19:20,103.121.138.93,1a6196f1-7953-4e5a-8449-780be167de51,2,IDFV,ios
11/10/2024 11:50,103.121.138.93,1a6196f1-7953-4e5a-8449-780be167de51,2,IDFV,ios
11/10/2024 11:54,103.121.138.93,1a6196f1-7953-4e5a-8449-780be167de51,2,IDFV,ios
11/10/2024 11:57,103.121.138.93,1a6196f1-7953-4e5a-8449-780be167de51,2,IDFV,ios
11/19/2024 13:04,2a00:5400:e051::,AAFcvU7LIAoAABO-Xttw5A,7,WEB_ID,android
11/19/2024 13:06,2a00:5400:e051::,AAFcvU7LIAoAABO-Xttw5A,7,WEB_ID,android
11/19/2024 13:06,2a00:5400:e051::,AAFcvU7LIAoAABO-Xttw5A,7,WEB_ID,android
11/19/2024 13:07,2a00:5400:e051::,AAFcvU7LIAoAABO-Xttw5A,7,WEB_ID,android
11/19/2024 13:07,2a00:5400:e051::,AAFcvU7LIAoAABO-Xttw5A,7,WEB_ID,android
11/19/2024 13:10,2a00:5400:e051::,AAFcvU7LIAoAABO-Xttw5A,7,WEB_ID,android
11/19/2024 13:13,2a00:5400:e051::,AAFcvU7LIAoAABO-Xttw5A,7,WEB_ID,android
11/19/2024 13:16,2a00:5400:e051::,AAFcvU7LIAoAABO-Xttw5A,7,WEB_ID,android
11/19/2024 13:21,2a00:5400:e051::,AAFcvU7LIAoAABO-Xttw5A,7,WEB_ID,android
11/9/2024 17:49,2a00:5400:f022::,AALKVk7RajkAABv5BSiD8w,6,WEB_ID,android
11/11/2024 12:55,2a00:5400:f022::,AALKVk7RajkAABv5BSiD8w,6,WEB_ID,android
11/11/2024 12:55,2a00:5400:f022::,AALKVk7RajkAABv5BSiD8w,6,WEB_ID,android
11/11/2024 12:55,2a00:5400:f022::,AALKVk7RajkAABv5BSiD8w,6,WEB_ID,android
11/11/2024 12:58,2a00:5400:f022::,AALKVk7RajkAABv5BSiD8w,6,WEB_ID,android
11/10/2024 12:04,103.121.138.93,1a6196f1-7953-4e5a-8449-780be167de51,2,IDFV,ios
11/10/2024 12:08,103.121.138.93,1a6196f1-7953-4e5a-8449-780be167de51,2,IDFV,ios
11/10/2024 12:14,103.121.138.93,1a6196f1-7953-4e5a-8449-780be167de51,2,IDFV,ios
11/10/2024 12:21,103.121.138.93,1a6196f1-7953-4e5a-8449-780be167de51,2,IDFV,ios
11/10/2024 12:24,103.121.138.93,1a6196f1-7953-4e5a-8449-780be167de51,2,IDFV,ios
11/19/2024 15:44,2a00:5400:e051::,AAFcvU7LIAoAABO-Xttw5A,7,WEB_ID,android
11/19/2024 15:44,2a00:5400:e051::,AAFcvU7LIAoAABO-Xttw5A,7,WEB_ID,android
11/19/2024 15:45,2a00:5400:e051::,AAFcvU7LIAoAABO-Xttw5A,7,WEB_ID,android
11/19/2024 15:45,2a00:5400:e051::,AAFcvU7LIAoAABO-Xttw5A,7,WEB_ID,android
11/19/2024 15:46,2a00:5400:e051::,AAFcvU7LIAoAABO-Xttw5A,7,WEB_ID,android
11/19/2024 15:46,2a00:5400:e051::,AAFcvU7LIAoAABO-Xttw5A,7,WEB_ID,android
11/19/2024 15:47,2a00:5400:e051::,AAFcvU7LIAoAABO-Xttw5A,7,WEB_ID,android
11/19/2024 15:47,2a00:5400:e051::,AAFcvU7LIAoAABO-Xttw5A,7,WEB_ID,android
11/19/2024 15:48,2a00:5400:e051::,AAFcvU7LIAoAABO-Xttw5A,7,WEB_ID,android
11/19/2024 15:48,2a00:5400:e051::,AAFcvU7LIAoAABO-Xttw5A,7,WEB_ID,android
11/19/2024 15:49,2a00:5400:e051::,AAFcvU7LIAoAABO-Xttw5A,7,WEB_ID,android
11/19/2024 15:49,2a00:5400:e051::,AAFcvU7LIAoAABO-Xttw5A,7,WEB_ID,android
11/19/2024 15:49,2a00:5400:e051::,AAFcvU7LIAoAABO-Xttw5A,7,WEB_ID,android
11/19/2024 15:50,2a00:5400:e051::,AAFcvU7LIAoAABO-Xttw5A,7,WEB_ID,android
11/19/2024 15:50,2a00:5400:e051::,AAFcvU7LIAoAABO-Xttw5A,7,WEB_ID,android
11/19/2024 15:51,2a00:5400:e051::,AAFcvU7LIAoAABO-Xttw5A,7,WEB_ID,android
11/19/2024 15:51,2a00:5400:e051::,AAFcvU7LIAoAABO-Xttw5A,7,WEB_ID,android
11/19/2024 15:52,2a00:5400:e051::,AAFcvU7LIAoAABO-Xttw5A,7,WEB_ID,android
11/19/2024 15:52,2a00:5400:e051::,AAFcvU7LIAoAABO-Xttw5A,7,WEB_ID,android
11/19/2024 15:52,2a00:5400:e051::,AAFcvU7LIAoAABO-Xttw5A,7,WEB_ID,android
11/19/2024 15:53,2a00:5400:e051::,AAFcvU7LIAoAABO-Xttw5A,7,WEB_ID,android
11/19/2024 15:53,2a00:5400:e051::,AAFcvU7LIAoAABO-Xttw5A,7,WEB_ID,android
11/19/2024 16:25,2a00:5400:e051::,AAFcvU7LIAoAABO-Xttw5A,7,WEB_ID,android
11/11/2024 13:41,2a00:5400:f022::,AALKVk7RajkAABv5BSiD8w,6,WEB_ID,android
10/30/2024 13:29,2800:430:1382::,59f377d4-2056-4a6a-a18a-916c0f59445a,1,GAID,android
11/10/2024 16:56,103.121.138.93,1a6196f1-7953-4e5a-8449-780be167de51,2,IDFV,ios
11/19/2024 18:11,2a00:5400:e051::,AAFcvU7LIAoAABO-Xttw5A,7,WEB_ID,android
11/19/2024 18:15,2a00:5400:e051::,AAFcvU7LIAoAABO-Xttw5A,7,WEB_ID,android
11/19/2024 18:16,2a00:5400:e051::,AAFcvU7LIAoAABO-Xttw5A,7,WEB_ID,android
11/19/2024 18:17,2a00:5400:e051::,AAFcvU7LIAoAABO-Xttw5A,7,WEB_ID,android
11/19/2024 18:17,2a00:5400:e051::,AAFcvU7LIAoAABO-Xttw5A,7,WEB_ID,android
11/19/2024 18:18,2a00:5400:e051::,AAFcvU7LIAoAABO-Xttw5A,7,WEB_ID,android
11/19/2024 18:18,2a00:5400:e051::,AAFcvU7LIAoAABO-Xttw5A,7,WEB_ID,android
11/19/2024 18:19,2a00:5400:e051::,AAFcvU7LIAoAABO-Xttw5A,7,WEB_ID,android
11/19/2024 18:20,2a00:5400:e051::,AAFcvU7LIAoAABO-Xttw5A,7,WEB_ID,android
11/19/2024 18:21,2a00:5400:e051::,AAFcvU7LIAoAABO-Xttw5A,7,WEB_ID,android
11/19/2024 18:21,2a00:5400:e051::,AAFcvU7LIAoAABO-Xttw5A,7,WEB_ID,android
11/19/2024 18:21,2a00:5400:e051::,AAFcvU7LIAoAABO-Xttw5A,7,WEB_ID,android
11/19/2024 18:22,2a00:5400:e051::,AAFcvU7LIAoAABO-Xttw5A,7,WEB_ID,android
11/19/2024 18:22,2a00:5400:e051::,AAFcvU7LIAoAABO-Xttw5A,7,WEB_ID,android
11/19/2024 18:23,2a00:5400:e051::,AAFcvU7LIAoAABO-Xttw5A,7,WEB_ID,android
11/10/2024 16:59,103.136.58.58,7c833208-053f-4ef5-bd69-f17d11084b24,2,IDFV,ios
11/10/2024 16:59,103.136.58.58,7c833208-053f-4ef5-bd69-f17d11084b24,2,IDFV,ios
11/10/2024 17:05,103.136.58.58,7c833208-053f-4ef5-bd69-f17d11084b24,2,IDFV,ios
11/10/2024 17:10,103.136.58.58,7c833208-053f-4ef5-bd69-f17d11084b24,2,IDFV,ios
11/19/2024 18:40,2a00:5400:e051::,AAFcvU7LIAoAABO-Xttw5A,7,WEB_ID,android
11/19/2024 18:41,2a00:5400:e051::,AAFcvU7LIAoAABO-Xttw5A,7,WEB_ID,android
11/19/2024 18:42,2a00:5400:e051::,AAFcvU7LIAoAABO-Xttw5A,7,WEB_ID,android
11/10/2024 20:29,103.121.138.93,1a6196f1-7953-4e5a-8449-780be167de51,2,IDFV,ios
11/10/2024 20:32,103.121.138.93,1a6196f1-7953-4e5a-8449-780be167de51,2,IDFV,ios
11/11/2024 10:42,103.136.58.58,7c833208-053f-4ef5-bd69-f17d11084b24,2,IDFV,ios
11/11/2024 10:50,103.136.58.58,7c833208-053f-4ef5-bd69-f17d11084b24,2,IDFV,ios
11/11/2024 10:57,103.136.58.58,7c833208-053f-4ef5-bd69-f17d11084b24,2,IDFV,ios
11/11/2024 11:02,103.136.58.58,7c833208-053f-4ef5-bd69-f17d11084b24,2,IDFV,ios
11/12/2024 8:29,2a00:5400:e053:b76:bcc1:6ef7:befe:4321,AAKT707IOKgAAB_bLwHDew,6,WEB_ID,ios
11/12/2024 8:30,2a00:5400:e053:b76:bcc1:6ef7:befe:4321,AAKT707IOKgAAB_bLwHDew,6,WEB_ID,ios
11/12/2024 8:35,2a00:5400:e053:b76:bcc1:6ef7:befe:4321,AAKT707IOKgAAB_bLwHDew,6,WEB_ID,ios
11/12/2024 8:37,2a00:5400:e053:b76:bcc1:6ef7:befe:4321,AAKT707IOKgAAB_bLwHDew,6,WEB_ID,ios
11/12/2024 8:39,82.167.77.124,AAKT707IOKgAAB_bLwHDew,6,WEB_ID,ios
11/12/2024 8:42,2a00:5400:e053:b76:bcc1:6ef7:befe:4321,AAKT707IOKgAAB_bLwHDew,6,WEB_ID,ios
11/12/2024 8:51,2a00:5400:e053:b76:bcc1:6ef7:befe:4321,AAKT707IOKgAAB_bLwHDew,6,WEB_ID,ios
11/12/2024 8:56,2a00:5400:e053:b76:bcc1:6ef7:befe:4321,AAKT707IOKgAAB_bLwHDew,6,WEB_ID,ios
10/30/2024 14:42,148.227.93.0,59f377d4-2056-4a6a-a18a-916c0f59445a,1,GAID,android
10/30/2024 15:32,148.227.93.157,59f377d4-2056-4a6a-a18a-916c0f59445a,1,GAID,android
10/30/2024 15:34,148.227.93.157,59f377d4-2056-4a6a-a18a-916c0f59445a,1,GAID,android
11/12/2024 9:07,2a00:5400:e053:b76:bcc1:6ef7:befe:4321,AAKT707IOKgAAB_bLwHDew,6,WEB_ID,ios
11/12/2024 9:09,2a00:5400:e053:b76:bcc1:6ef7:befe:4321,AAKT707IOKgAAB_bLwHDew,6,WEB_ID,ios
11/12/2024 9:15,2a00:5400:e053:b76:bcc1:6ef7:befe:4321,AAKT707IOKgAAB_bLwHDew,6,WEB_ID,ios
11/12/2024 9:22,2a00:5400:e053:b76:bcc1:6ef7:befe:4321,AAKT707IOKgAAB_bLwHDew,6,WEB_ID,ios
11/12/2024 14:53,2a00:5400:e053:b76::,AAKT707IOKgAAB_bLwHDew,6,WEB_ID,ios
11/12/2024 14:56,2a00:5400:e053:b76:bcc1:6ef7:befe:4321,AAKT707IOKgAAB_bLwHDew,6,WEB_ID,ios
11/12/2024 14:57,2a00:5400:e053:b76::,AAKT707IOKgAAB_bLwHDew,6,WEB_ID,ios
11/12/2024 15:01,2a00:5400:e053:b76:bcc1:6ef7:befe:4321,AAKT707IOKgAAB_bLwHDew,6,WEB_ID,ios
11/12/2024 15:04,2a00:5400:e053:b76:bcc1:6ef7:befe:4321,AAKT707IOKgAAB_bLwHDew,6,WEB_ID,ios
11/12/2024 15:11,82.167.76.60,AAKT707IOKgAAB_bLwHDew,6,WEB_ID,ios
11/12/2024 15:28,2a00:5400:e053:b76:bcc1:6ef7:befe:4321,AAKT707IOKgAAB_bLwHDew,6,WEB_ID,ios
11/12/2024 17:40,2a00:5400:e053:b76:bcc1:6ef7:befe:4321,AAKT707IOKgAAB_bLwHDew,6,WEB_ID,ios
11/12/2024 17:45,2a00:5400:e053:b76:bcc1:6ef7:befe:4321,AAKT707IOKgAAB_bLwHDew,6,WEB_ID,ios
11/12/2024 17:53,2a00:5400:e053:b76:bcc1:6ef7:befe:4321,AAKT707IOKgAAB_bLwHDew,6,WEB_ID,ios
10/30/2024 14:45,148.227.93.16,59f377d4-2056-4a6a-a18a-916c0f59445a,1,GAID,android
10/30/2024 14:45,148.227.93.16,59f377d4-2056-4a6a-a18a-916c0f59445a,1,GAID,android
10/30/2024 14:47,148.227.93.16,59f377d4-2056-4a6a-a18a-916c0f59445a,1,GAID,android
10/30/2024 14:47,148.227.93.16,59f377d4-2056-4a6a-a18a-916c0f59445a,1,GAID,android
11/19/2024 19:40,2a00:5400:f011::,AAKRGE7P9eIAABxfJkTLVA,7,WEB_ID,android
11/19/2024 19:43,2a00:5400:f011::,AAKRGE7P9eIAABxfJkTLVA,7,WEB_ID,android
11/19/2024 19:44,2a00:5400:f011::,AAKRGE7P9eIAABxfJkTLVA,7,WEB_ID,android
11/19/2024 19:45,2a00:5400:f011::,AAKRGE7P9eIAABxfJkTLVA,7,WEB_ID,android
11/19/2024 19:46,2a00:5400:f011::,AAKRGE7P9eIAABxfJkTLVA,7,WEB_ID,android
11/19/2024 19:47,2a00:5400:f011::,AAKRGE7P9eIAABxfJkTLVA,7,WEB_ID,android
11/19/2024 19:47,2a00:5400:f011::,AAKRGE7P9eIAABxfJkTLVA,7,WEB_ID,android
11/19/2024 19:47,2a00:5400:f011::,AAKRGE7P9eIAABxfJkTLVA,7,WEB_ID,android
11/19/2024 19:48,2a00:5400:f011::,AAKRGE7P9eIAABxfJkTLVA,7,WEB_ID,android
11/19/2024 19:48,2a00:5400:f011::,AAKRGE7P9eIAABxfJkTLVA,7,WEB_ID,android
11/19/2024 19:48,2a00:5400:f011::,AAKRGE7P9eIAABxfJkTLVA,7,WEB_ID,android
11/19/2024 19:49,2a00:5400:f011::,AAKRGE7P9eIAABxfJkTLVA,7,WEB_ID,android
11/19/2024 19:53,2a00:5400:f011::,AAKRGE7P9eIAABxfJkTLVA,7,WEB_ID,android
11/19/2024 19:54,2a00:5400:f011::,AAKRGE7P9eIAABxfJkTLVA,7,WEB_ID,android
11/19/2024 19:54,2a00:5400:f011::,AAKRGE7P9eIAABxfJkTLVA,7,WEB_ID,android
11/19/2024 19:55,2a00:5400:f011::,AAKRGE7P9eIAABxfJkTLVA,7,WEB_ID,android
11/11/2024 16:03,103.121.138.93,1a6196f1-7953-4e5a-8449-780be167de51,2,IDFV,ios
11/11/2024 16:06,103.121.138.93,1a6196f1-7953-4e5a-8449-780be167de51,2,IDFV,ios
11/12/2024 20:21,2a00:5400:f022::,AALKVk7RajkAABv5BSiD8w,6,WEB_ID,android
11/20/2024 11:05,2a00:5400:f011::,AAKRGE7P9eIAABxfJkTLVA,7,WEB_ID,android
11/20/2024 11:13,2a00:5400:f011::,AAKRGE7P9eIAABxfJkTLVA,7,WEB_ID,android
11/20/2024 11:15,2a00:5400:f011::,AAKRGE7P9eIAABxfJkTLVA,7,WEB_ID,android
11/20/2024 11:18,2a00:5400:f011::,AAKRGE7P9eIAABxfJkTLVA,7,WEB_ID,android
11/20/2024 11:22,2a00:5400:f011::,AAKRGE7P9eIAABxfJkTLVA,7,WEB_ID,android
11/20/2024 11:22,2a00:5400:f011::,AAKRGE7P9eIAABxfJkTLVA,7,WEB_ID,android
11/20/2024 11:22,2a00:5400:f011::,AAKRGE7P9eIAABxfJkTLVA,7,WEB_ID,android
11/20/2024 11:23,2a00:5400:f011::,AAKRGE7P9eIAABxfJkTLVA,7,WEB_ID,android
11/20/2024 11:24,2a00:5400:f011::,AAKRGE7P9eIAABxfJkTLVA,7,WEB_ID,android
11/20/2024 11:24,2a00:5400:f011::,AAKRGE7P9eIAABxfJkTLVA,7,WEB_ID,android
11/20/2024 11:24,2a00:5400:f011::,AAKRGE7P9eIAABxfJkTLVA,7,WEB_ID,android
11/20/2024 11:25,2a00:5400:f011::,AAKRGE7P9eIAABxfJkTLVA,7,WEB_ID,android
11/20/2024 11:25,2a00:5400:f011::,AAKRGE7P9eIAABxfJkTLVA,7,WEB_ID,android
11/20/2024 11:26,2a00:5400:f011::,AAKRGE7P9eIAABxfJkTLVA,7,WEB_ID,android
11/20/2024 11:31,2a00:5400:f011::,AAKRGE7P9eIAABxfJkTLVA,7,WEB_ID,android
11/20/2024 11:31,2a00:5400:f011::,AAKRGE7P9eIAABxfJkTLVA,7,WEB_ID,android
11/20/2024 11:32,2a00:5400:f011::,AAKRGE7P9eIAABxfJkTLVA,7,WEB_ID,android
11/20/2024 11:33,2a00:5400:f011::,AAKRGE7P9eIAABxfJkTLVA,7,WEB_ID,android
11/20/2024 11:34,2a00:5400:f011::,AAKRGE7P9eIAABxfJkTLVA,7,WEB_ID,android
11/20/2024 11:34,2a00:5400:f011::,AAKRGE7P9eIAABxfJkTLVA,7,WEB_ID,android
11/20/2024 11:35,2a00:5400:f011::,AAKRGE7P9eIAABxfJkTLVA,7,WEB_ID,android
11/20/2024 11:38,2a00:5400:f011::,AAKRGE7P9eIAABxfJkTLVA,7,WEB_ID,android
11/20/2024 11:38,2a00:5400:f011::,AAKRGE7P9eIAABxfJkTLVA,7,WEB_ID,android
11/20/2024 11:38,2a00:5400:f011::,AAKRGE7P9eIAABxfJkTLVA,7,WEB_ID,android
11/20/2024 11:39,2a00:5400:f011::,AAKRGE7P9eIAABxfJkTLVA,7,WEB_ID,android
11/20/2024 11:40,2a00:5400:f011::,AAKRGE7P9eIAABxfJkTLVA,7,WEB_ID,android
11/20/2024 11:41,2a00:5400:f011::,AAKRGE7P9eIAABxfJkTLVA,7,WEB_ID,android
11/20/2024 11:41,2a00:5400:f011::,AAKRGE7P9eIAABxfJkTLVA,7,WEB_ID,android
11/20/2024 11:42,2a00:5400:f011::,AAKRGE7P9eIAABxfJkTLVA,7,WEB_ID,android
11/20/2024 11:48,2a00:5400:f011::,AAKRGE7P9eIAABxfJkTLVA,7,WEB_ID,android
11/20/2024 11:49,2a00:5400:f011::,AAKRGE7P9eIAABxfJkTLVA,7,WEB_ID,android
11/11/2024 16:27,182.23.52.245,7c833208-053f-4ef5-bd69-f17d11084b24,2,IDFV,ios
11/12/2024 20:38,2a00:5400:f022::,AALKVk7RajkAABv5BSiD8w,6,WEB_ID,android
11/20/2024 15:29,2a00:5400:f014::,AAKRGE7P9eIAABxfJkTLVA,7,WEB_ID,android
11/20/2024 15:30,2a00:5400:f014::,AAKRGE7P9eIAABxfJkTLVA,7,WEB_ID,android
11/20/2024 15:32,2a00:5400:f014::,AAKRGE7P9eIAABxfJkTLVA,7,WEB_ID,android
11/20/2024 15:33,2a00:5400:f014::,AAKRGE7P9eIAABxfJkTLVA,7,WEB_ID,android
11/20/2024 15:33,2a00:5400:f014::,AAKRGE7P9eIAABxfJkTLVA,7,WEB_ID,android
11/20/2024 15:38,2a00:5400:f014::,AAKRGE7P9eIAABxfJkTLVA,7,WEB_ID,android
11/20/2024 18:33,2a00:5400:f014::,AAKRGE7P9eIAABxfJkTLVA,7,WEB_ID,android
10/30/2024 14:58,148.227.93.157,59f377d4-2056-4a6a-a18a-916c0f59445a,1,GAID,android
10/30/2024 15:31,148.227.93.157,59f377d4-2056-4a6a-a18a-916c0f59445a,1,GAID,android
10/30/2024 15:33,148.227.93.157,59f377d4-2056-4a6a-a18a-916c0f59445a,1,GAID,android
10/30/2024 15:33,148.227.93.157,59f377d4-2056-4a6a-a18a-916c0f59445a,1,GAID,android
10/30/2024 15:39,148.227.93.157,59f377d4-2056-4a6a-a18a-916c0f59445a,1,GAID,android
10/30/2024 15:40,148.227.93.157,59f377d4-2056-4a6a-a18a-916c0f59445a,1,GAID,android
10/30/2024 15:45,148.227.93.157,59f377d4-2056-4a6a-a18a-916c0f59445a,1,GAID,android
10/30/2024 15:46,148.227.93.157,59f377d4-2056-4a6a-a18a-916c0f59445a,1,GAID,android
10/30/2024 15:52,148.227.93.157,59f377d4-2056-4a6a-a18a-916c0f59445a,1,GAID,android
11/12/2024 20:45,2a00:5400:f022::,AALKVk7RajkAABv5BSiD8w,6,WEB_ID,android
11/12/2024 20:46,2a00:5400:f022::,AALKVk7RajkAABv5BSiD8w,6,WEB_ID,android
10/30/2024 18:02,148.227.93.157,59f377d4-2056-4a6a-a18a-916c0f59445a,1,GAID,android
10/30/2024 18:02,148.227.93.157,59f377d4-2056-4a6a-a18a-916c0f59445a,1,GAID,android
11/11/2024 16:45,103.164.195.59,7c833208-053f-4ef5-bd69-f17d11084b24,2,IDFV,ios
11/11/2024 16:51,103.164.195.59,7c833208-053f-4ef5-bd69-f17d11084b24,2,IDFV,ios
11/20/2024 19:24,2a00:5400:f014::,AAKRGE7P9eIAABxfJkTLVA,7,WEB_ID,android
11/20/2024 19:26,2a00:5400:f014::,AAKRGE7P9eIAABxfJkTLVA,7,WEB_ID,android
11/20/2024 20:45,2a00:5400:f014::,AAKRGE7P9eIAABxfJkTLVA,7,WEB_ID,android
11/20/2024 20:49,2a00:5400:f014::,AAKRGE7P9eIAABxfJkTLVA,7,WEB_ID,android
11/20/2024 20:49,2a00:5400:f014::,AAKRGE7P9eIAABxfJkTLVA,7,WEB_ID,android
11/20/2024 20:53,2a00:5400:f014::,AAKRGE7P9eIAABxfJkTLVA,7,WEB_ID,android
11/20/2024 20:55,2a00:5400:f014::,AAKRGE7P9eIAABxfJkTLVA,7,WEB_ID,android
11/20/2024 20:58,2a00:5400:f014::,AAKRGE7P9eIAABxfJkTLVA,7,WEB_ID,android
11/20/2024 21:26,2a00:5400:f014::,AAKRGE7P9eIAABxfJkTLVA,7,WEB_ID,android
11/5/2024 8:24,2401:ba80:aa93::,d70be07e-05ff-4037-98c5-d059c20f4a1e,5,IDFA,ios
11/21/2024 8:47,2a00:5400:f014::,AAKRGE7P9eIAABxfJkTLVA,7,WEB_ID,android
11/21/2024 8:52,2a00:5400:f014::,AAKRGE7P9eIAABxfJkTLVA,7,WEB_ID,android
10/30/2024 19:36,148.227.93.37,59f377d4-2056-4a6a-a18a-916c0f59445a,1,GAID,android
10/30/2024 19:36,148.227.93.37,59f377d4-2056-4a6a-a18a-916c0f59445a,1,GAID,android
10/30/2024 19:41,148.227.93.37,59f377d4-2056-4a6a-a18a-916c0f59445a,1,GAID,android
10/30/2024 19:42,148.227.93.37,59f377d4-2056-4a6a-a18a-916c0f59445a,1,GAID,android
10/30/2024 19:43,148.227.93.37,59f377d4-2056-4a6a-a18a-916c0f59445a,1,GAID,android
10/30/2024 19:45,148.227.93.37,59f377d4-2056-4a6a-a18a-916c0f59445a,1,GAID,android
10/30/2024 19:46,2803:9810:6294:ea10:10d8:902a:7cb4:7a68,59f377d4-2056-4a6a-a18a-916c0f59445a,1,GAID,android
10/30/2024 19:46,2803:9810:6294:ea10:10d8:902a:7cb4:7a68,59f377d4-2056-4a6a-a18a-916c0f59445a,1,GAID,android
10/30/2024 19:49,148.227.93.37,59f377d4-2056-4a6a-a18a-916c0f59445a,1,GAID,android
10/30/2024 19:49,148.227.93.37,59f377d4-2056-4a6a-a18a-916c0f59445a,1,GAID,android
11/11/2024 20:57,202.165.46.254,686931a4-abd8-46e6-b0e3-78e57c0c620c,2,IDFV,ios
11/21/2024 9:59,2a00:5400:f014::,AAKRGE7P9eIAABxfJkTLVA,7,WEB_ID,android
11/21/2024 10:01,2a00:5400:f014::,AAKRGE7P9eIAABxfJkTLVA,7,WEB_ID,android
11/21/2024 10:01,2a00:5400:f014::,AAKRGE7P9eIAABxfJkTLVA,7,WEB_ID,android
11/21/2024 10:02,2a00:5400:f014::,AAKRGE7P9eIAABxfJkTLVA,7,WEB_ID,android
11/21/2024 10:02,2a00:5400:f014::,AAKRGE7P9eIAABxfJkTLVA,7,WEB_ID,android
11/21/2024 10:08,2a00:5400:f014::,AAKRGE7P9eIAABxfJkTLVA,7,WEB_ID,android
10/30/2024 19:42,2803:9810:343d::,59f377d4-2056-4a6a-a18a-916c0f59445a,1,GAID,android
11/12/2024 9:54,103.121.138.93,1a6196f1-7953-4e5a-8449-780be167de51,2,IDFV,ios
11/12/2024 10:01,103.121.138.93,1a6196f1-7953-4e5a-8449-780be167de51,2,IDFV,ios
11/12/2024 10:06,103.121.138.93,1a6196f1-7953-4e5a-8449-780be167de51,2,IDFV,ios
11/12/2024 10:12,103.121.138.93,1a6196f1-7953-4e5a-8449-780be167de51,2,IDFV,ios
11/12/2024 21:02,2a00:5400:f022::,AALKVk7RajkAABv5BSiD8w,6,WEB_ID,android
10/30/2024 19:45,148.227.93.90,59f377d4-2056-4a6a-a18a-916c0f59445a,1,GAID,android
10/30/2024 19:46,148.227.93.90,59f377d4-2056-4a6a-a18a-916c0f59445a,1,GAID,android
10/30/2024 19:47,148.227.93.90,59f377d4-2056-4a6a-a18a-916c0f59445a,1,GAID,android
10/30/2024 19:47,148.227.93.90,59f377d4-2056-4a6a-a18a-916c0f59445a,1,GAID,android
11/12/2024 10:16,182.23.52.245,7c833208-053f-4ef5-bd69-f17d11084b24,2,IDFV,ios
11/12/2024 10:26,103.135.220.100,7c833208-053f-4ef5-bd69-f17d11084b24,2,IDFV,ios
11/12/2024 10:31,114.10.79.202,7c833208-053f-4ef5-bd69-f17d11084b24,2,IDFV,ios
11/21/2024 11:13,2a00:5400:e051::,AAFcvU7LIAoAABO-Xttw5A,7,WEB_ID,android
11/21/2024 11:27,2a00:5400:e051::,AAFcvU7LIAoAABO-Xttw5A,7,WEB_ID,android
11/21/2024 11:28,2a00:5400:e051::,AAFcvU7LIAoAABO-Xttw5A,7,WEB_ID,android
11/21/2024 11:35,2a00:5400:e051::,AAFcvU7LIAoAABO-Xttw5A,7,WEB_ID,android
11/21/2024 11:38,2a00:5400:e051::,AAFcvU7LIAoAABO-Xttw5A,7,WEB_ID,android
11/21/2024 11:39,2a00:5400:e051::,AAFcvU7LIAoAABO-Xttw5A,7,WEB_ID,android
11/21/2024 11:39,2a00:5400:e051::,AAFcvU7LIAoAABO-Xttw5A,7,WEB_ID,android
11/21/2024 11:40,2a00:5400:e051::,AAFcvU7LIAoAABO-Xttw5A,7,WEB_ID,android
11/21/2024 11:40,2a00:5400:e051::,AAFcvU7LIAoAABO-Xttw5A,7,WEB_ID,android
11/21/2024 11:41,2a00:5400:e051::,AAFcvU7LIAoAABO-Xttw5A,7,WEB_ID,android
11/21/2024 11:41,2a00:5400:e051::,AAFcvU7LIAoAABO-Xttw5A,7,WEB_ID,android
11/21/2024 11:41,2a00:5400:e051::,AAFcvU7LIAoAABO-Xttw5A,7,WEB_ID,android
11/21/2024 11:41,2a00:5400:e051::,AAFcvU7LIAoAABO-Xttw5A,7,WEB_ID,android
11/21/2024 11:42,2a00:5400:e051::,AAFcvU7LIAoAABO-Xttw5A,7,WEB_ID,android
11/21/2024 11:45,2a00:5400:e051::,AAFcvU7LIAoAABO-Xttw5A,7,WEB_ID,android
11/21/2024 11:45,2a00:5400:e051::,AAFcvU7LIAoAABO-Xttw5A,7,WEB_ID,android
11/21/2024 11:45,2a00:5400:e051::,AAFcvU7LIAoAABO-Xttw5A,7,WEB_ID,android
11/21/2024 11:46,2a00:5400:e051::,AAFcvU7LIAoAABO-Xttw5A,7,WEB_ID,android
11/21/2024 11:46,2a00:5400:e051::,AAFcvU7LIAoAABO-Xttw5A,7,WEB_ID,android
11/21/2024 11:46,2a00:5400:e051::,AAFcvU7LIAoAABO-Xttw5A,7,WEB_ID,android
11/21/2024 11:46,2a00:5400:e051::,AAFcvU7LIAoAABO-Xttw5A,7,WEB_ID,android
11/21/2024 11:47,2a00:5400:e051::,AAFcvU7LIAoAABO-Xttw5A,7,WEB_ID,android
11/21/2024 11:48,2a00:5400:e051::,AAFcvU7LIAoAABO-Xttw5A,7,WEB_ID,android
11/21/2024 11:48,2a00:5400:e051::,AAFcvU7LIAoAABO-Xttw5A,7,WEB_ID,android
11/21/2024 11:48,2a00:5400:e051::,AAFcvU7LIAoAABO-Xttw5A,7,WEB_ID,android
11/21/2024 11:49,2a00:5400:e051::,AAFcvU7LIAoAABO-Xttw5A,7,WEB_ID,android
11/21/2024 11:49,2a00:5400:e051::,AAFcvU7LIAoAABO-Xttw5A,7,WEB_ID,android
11/21/2024 11:49,2a00:5400:e051::,AAFcvU7LIAoAABO-Xttw5A,7,WEB_ID,android
11/21/2024 11:50,2a00:5400:e051::,AAFcvU7LIAoAABO-Xttw5A,7,WEB_ID,android
11/21/2024 11:50,2a00:5400:e051::,AAFcvU7LIAoAABO-Xttw5A,7,WEB_ID,android
11/21/2024 11:50,2a00:5400:e051::,AAFcvU7LIAoAABO-Xttw5A,7,WEB_ID,android
11/21/2024 11:51,2a00:5400:e051::,AAFcvU7LIAoAABO-Xttw5A,7,WEB_ID,android
11/21/2024 11:51,2a00:5400:e051::,AAFcvU7LIAoAABO-Xttw5A,7,WEB_ID,android
11/21/2024 11:51,2a00:5400:e051::,AAFcvU7LIAoAABO-Xttw5A,7,WEB_ID,android
11/21/2024 11:52,2a00:5400:e051::,AAFcvU7LIAoAABO-Xttw5A,7,WEB_ID,android
11/21/2024 11:52,2a00:5400:e051::,AAFcvU7LIAoAABO-Xttw5A,7,WEB_ID,android
11/21/2024 11:52,2a00:5400:e051::,AAFcvU7LIAoAABO-Xttw5A,7,WEB_ID,android
11/21/2024 11:53,2a00:5400:e051::,AAFcvU7LIAoAABO-Xttw5A,7,WEB_ID,android
11/14/2024 10:17,103.121.138.180,7c833208-053f-4ef5-bd69-f17d11084b24,2,IDFV,ios
11/14/2024 10:29,103.121.138.180,7c833208-053f-4ef5-bd69-f17d11084b24,2,IDFV,ios
11/14/2024 10:33,103.121.138.180,7c833208-053f-4ef5-bd69-f17d11084b24,2,IDFV,ios
11/14/2024 10:39,103.121.138.180,7c833208-053f-4ef5-bd69-f17d11084b24,2,IDFV,ios
10/30/2024 19:47,148.227.93.184,59f377d4-2056-4a6a-a18a-916c0f59445a,1,GAID,android
10/30/2024 19:47,2803:9810:6294:ea10:f68c:249:1b9:a877,59f377d4-2056-4a6a-a18a-916c0f59445a,1,GAID,android
10/30/2024 19:48,148.227.93.184,59f377d4-2056-4a6a-a18a-916c0f59445a,1,GAID,android
10/30/2024 19:50,148.227.93.184,59f377d4-2056-4a6a-a18a-916c0f59445a,1,GAID,android
10/30/2024 20:01,148.227.93.90,59f377d4-2056-4a6a-a18a-916c0f59445a,1,GAID,android
11/14/2024 12:25,103.121.138.93,1a6196f1-7953-4e5a-8449-780be167de51,2,IDFV,ios
11/14/2024 12:30,103.121.138.93,1a6196f1-7953-4e5a-8449-780be167de51,2,IDFV,ios
11/14/2024 12:33,103.121.138.93,1a6196f1-7953-4e5a-8449-780be167de51,2,IDFV,ios
11/14/2024 12:38,103.121.138.93,1a6196f1-7953-4e5a-8449-780be167de51,2,IDFV,ios
11/14/2024 8:21,82.167.76.60,AAKT707IOKgAAB_bLwHDew,6,WEB_ID,ios
11/14/2024 8:22,82.167.76.60,AAKT707IOKgAAB_bLwHDew,6,WEB_ID,ios
11/14/2024 8:22,2a00:5400:e053:b76::,AAKT707IOKgAAB_bLwHDew,6,WEB_ID,ios
11/5/2024 8:41,2400:adc1:498::,d70be07e-05ff-4037-98c5-d059c20f4a1e,5,IDFA,ios
11/14/2024 16:15,182.3.36.178,686931a4-abd8-46e6-b0e3-78e57c0c620c,2,IDFV,ios
10/30/2024 20:19,148.227.93.90,59f377d4-2056-4a6a-a18a-916c0f59445a,1,GAID,android
10/30/2024 20:30,148.227.93.90,59f377d4-2056-4a6a-a18a-916c0f59445a,1,GAID,android
10/30/2024 20:30,148.227.93.90,59f377d4-2056-4a6a-a18a-916c0f59445a,1,GAID,android
10/30/2024 20:35,148.227.93.90,59f377d4-2056-4a6a-a18a-916c0f59445a,1,GAID,android
10/30/2024 20:35,148.227.93.90,59f377d4-2056-4a6a-a18a-916c0f59445a,1,GAID,android
11/14/2024 12:39,2a00:5400:f020::,AALKVk7RajkAABv5BSiD8w,6,WEB_ID,android
10/30/2024 20:38,148.227.93.90,59f377d4-2056-4a6a-a18a-916c0f59445a,1,GAID,android
10/30/2024 20:40,148.227.93.90,59f377d4-2056-4a6a-a18a-916c0f59445a,1,GAID,android
11/14/2024 16:27,114.10.65.75,1a6196f1-7953-4e5a-8449-780be167de51,2,IDFV,ios
10/31/2024 8:27,148.227.93.90,59f377d4-2056-4a6a-a18a-916c0f59445a,1,GAID,android
11/14/2024 16:40,114.10.65.75,1a6196f1-7953-4e5a-8449-780be167de51,2,IDFV,ios
10/31/2024 8:28,148.227.93.90,59f377d4-2056-4a6a-a18a-916c0f59445a,1,GAID,android
10/31/2024 8:31,148.227.93.90,59f377d4-2056-4a6a-a18a-916c0f59445a,1,GAID,android
10/31/2024 9:14,2803:9810:343d::,59f377d4-2056-4a6a-a18a-916c0f59445a,1,GAID,android
10/31/2024 9:17,2803:9810:343d::,59f377d4-2056-4a6a-a18a-916c0f59445a,1,GAID,android
11/21/2024 13:44,2a00:5400:e051::,AAFcvU7LIAoAABO-Xttw5A,7,WEB_ID,android
11/21/2024 13:44,2a00:5400:e051::,AAFcvU7LIAoAABO-Xttw5A,7,WEB_ID,android
11/21/2024 13:49,2a00:5400:e051::,AAFcvU7LIAoAABO-Xttw5A,7,WEB_ID,android
11/21/2024 13:50,2a00:5400:e051::,AAFcvU7LIAoAABO-Xttw5A,7,WEB_ID,android
11/21/2024 13:50,2a00:5400:e051::,AAFcvU7LIAoAABO-Xttw5A,7,WEB_ID,android
11/21/2024 13:51,2a00:5400:e051::,AAFcvU7LIAoAABO-Xttw5A,7,WEB_ID,android
11/21/2024 13:53,2a00:5400:e051::,AAFcvU7LIAoAABO-Xttw5A,7,WEB_ID,android
11/21/2024 13:55,2a00:5400:e051::,AAFcvU7LIAoAABO-Xttw5A,7,WEB_ID,android
11/21/2024 13:56,2a00:5400:e051::,AAFcvU7LIAoAABO-Xttw5A,7,WEB_ID,android
11/21/2024 13:57,2a00:5400:e051::,AAFcvU7LIAoAABO-Xttw5A,7,WEB_ID,android
11/21/2024 13:57,2a00:5400:e051::,AAFcvU7LIAoAABO-Xttw5A,7,WEB_ID,android
11/21/2024 13:59,2a00:5400:e051::,AAFcvU7LIAoAABO-Xttw5A,7,WEB_ID,android
11/21/2024 13:59,2a00:5400:e051::,AAFcvU7LIAoAABO-Xttw5A,7,WEB_ID,android
11/21/2024 14:00,2a00:5400:e051::,AAFcvU7LIAoAABO-Xttw5A,7,WEB_ID,android
11/21/2024 14:01,2a00:5400:e051::,AAFcvU7LIAoAABO-Xttw5A,7,WEB_ID,android
11/21/2024 14:02,2a00:5400:e051::,AAFcvU7LIAoAABO-Xttw5A,7,WEB_ID,android
11/21/2024 14:06,2a00:5400:e051::,AAFcvU7LIAoAABO-Xttw5A,7,WEB_ID,android
11/21/2024 14:06,2a00:5400:e051::,AAFcvU7LIAoAABO-Xttw5A,7,WEB_ID,android
11/21/2024 14:07,2a00:5400:e051::,AAFcvU7LIAoAABO-Xttw5A,7,WEB_ID,android
11/21/2024 14:07,2a00:5400:e051::,AAFcvU7LIAoAABO-Xttw5A,7,WEB_ID,android
11/21/2024 14:08,2a00:5400:e051::,AAFcvU7LIAoAABO-Xttw5A,7,WEB_ID,android
11/21/2024 14:08,2a00:5400:e051::,AAFcvU7LIAoAABO-Xttw5A,7,WEB_ID,android
11/21/2024 14:08,2a00:5400:e051::,AAFcvU7LIAoAABO-Xttw5A,7,WEB_ID,android
11/21/2024 14:09,2a00:5400:e051::,AAFcvU7LIAoAABO-Xttw5A,7,WEB_ID,android
11/21/2024 14:09,2a00:5400:e051::,AAFcvU7LIAoAABO-Xttw5A,7,WEB_ID,android
11/21/2024 14:10,2a00:5400:e051::,AAFcvU7LIAoAABO-Xttw5A,7,WEB_ID,android
11/21/2024 15:24,2a00:5400:e051::,AAFcvU7LIAoAABO-Xttw5A,7,WEB_ID,android
11/21/2024 15:24,2a00:5400:e051::,AAFcvU7LIAoAABO-Xttw5A,7,WEB_ID,android
11/21/2024 15:25,2a00:5400:e051::,AAFcvU7LIAoAABO-Xttw5A,7,WEB_ID,android
11/21/2024 15:25,2a00:5400:e051::,AAFcvU7LIAoAABO-Xttw5A,7,WEB_ID,android
11/21/2024 15:26,2a00:5400:e051::,AAFcvU7LIAoAABO-Xttw5A,7,WEB_ID,android
11/21/2024 15:26,2a00:5400:e051::,AAFcvU7LIAoAABO-Xttw5A,7,WEB_ID,android
11/21/2024 15:27,2a00:5400:e051::,AAFcvU7LIAoAABO-Xttw5A,7,WEB_ID,android
11/21/2024 15:27,2a00:5400:e051::,AAFcvU7LIAoAABO-Xttw5A,7,WEB_ID,android
11/21/2024 15:27,2a00:5400:e051::,AAFcvU7LIAoAABO-Xttw5A,7,WEB_ID,android
11/21/2024 15:28,2a00:5400:e051::,AAFcvU7LIAoAABO-Xttw5A,7,WEB_ID,android
11/21/2024 15:28,2a00:5400:e051::,AAFcvU7LIAoAABO-Xttw5A,7,WEB_ID,android
11/21/2024 15:28,2a00:5400:e051::,AAFcvU7LIAoAABO-Xttw5A,7,WEB_ID,android
11/21/2024 15:29,2a00:5400:e051::,AAFcvU7LIAoAABO-Xttw5A,7,WEB_ID,android
11/21/2024 15:29,2a00:5400:e051::,AAFcvU7LIAoAABO-Xttw5A,7,WEB_ID,android
11/21/2024 15:30,2a00:5400:e051::,AAFcvU7LIAoAABO-Xttw5A,7,WEB_ID,android
11/21/2024 15:30,2a00:5400:e051::,AAFcvU7LIAoAABO-Xttw5A,7,WEB_ID,android
11/21/2024 15:31,2a00:5400:e051::,AAFcvU7LIAoAABO-Xttw5A,7,WEB_ID,android
11/21/2024 15:31,2a00:5400:e051::,AAFcvU7LIAoAABO-Xttw5A,7,WEB_ID,android
11/21/2024 15:31,2a00:5400:e051::,AAFcvU7LIAoAABO-Xttw5A,7,WEB_ID,android
11/21/2024 15:32,2a00:5400:e051::,AAFcvU7LIAoAABO-Xttw5A,7,WEB_ID,android
11/21/2024 15:32,2a00:5400:e051::,AAFcvU7LIAoAABO-Xttw5A,7,WEB_ID,android
11/21/2024 15:33,2a00:5400:e051::,AAFcvU7LIAoAABO-Xttw5A,7,WEB_ID,android
11/21/2024 15:33,2a00:5400:e051::,AAFcvU7LIAoAABO-Xttw5A,7,WEB_ID,android
11/21/2024 15:34,2a00:5400:e051::,AAFcvU7LIAoAABO-Xttw5A,7,WEB_ID,android
11/21/2024 15:34,2a00:5400:e051::,AAFcvU7LIAoAABO-Xttw5A,7,WEB_ID,android
11/21/2024 15:34,2a00:5400:e051::,AAFcvU7LIAoAABO-Xttw5A,7,WEB_ID,android
11/21/2024 15:34,2a00:5400:e051::,AAFcvU7LIAoAABO-Xttw5A,7,WEB_ID,android
11/21/2024 16:15,2a00:5400:e051::,AAFcvU7LIAoAABO-Xttw5A,7,WEB_ID,android
11/14/2024 17:25,103.105.68.146,1a6196f1-7953-4e5a-8449-780be167de51,2,IDFV,ios
10/31/2024 12:26,148.227.93.90,59f377d4-2056-4a6a-a18a-916c0f59445a,1,GAID,android
10/31/2024 12:28,148.227.93.90,59f377d4-2056-4a6a-a18a-916c0f59445a,1,GAID,android
10/31/2024 12:28,148.227.93.90,59f377d4-2056-4a6a-a18a-916c0f59445a,1,GAID,android
10/31/2024 12:33,148.227.93.90,59f377d4-2056-4a6a-a18a-916c0f59445a,1,GAID,android
10/31/2024 12:33,148.227.93.90,59f377d4-2056-4a6a-a18a-916c0f59445a,1,GAID,android
10/31/2024 12:34,2803:9810:343d:b510:27d5:6445:75dc:48c,59f377d4-2056-4a6a-a18a-916c0f59445a,1,GAID,android
10/31/2024 12:34,148.227.93.90,59f377d4-2056-4a6a-a18a-916c0f59445a,1,GAID,android
10/31/2024 12:34,148.227.93.90,59f377d4-2056-4a6a-a18a-916c0f59445a,1,GAID,android
11/14/2024 13:29,2a00:5400:f020::,AALKVk7RajkAABv5BSiD8w,6,WEB_ID,android
11/14/2024 19:25,2a00:5400:f020::,AALKVk7RajkAABv5BSiD8w,6,WEB_ID,android
11/14/2024 20:04,2a00:5400:f020::,AALKVk7RajkAABv5BSiD8w,6,WEB_ID,android
11/14/2024 17:01,103.105.68.146,1a6196f1-7953-4e5a-8449-780be167de51,2,IDFV,ios
11/14/2024 17:06,103.105.68.146,1a6196f1-7953-4e5a-8449-780be167de51,2,IDFV,ios
11/14/2024 17:11,103.105.68.146,1a6196f1-7953-4e5a-8449-780be167de51,2,IDFV,ios
11/14/2024 17:21,103.105.68.146,1a6196f1-7953-4e5a-8449-780be167de51,2,IDFV,ios
11/14/2024 17:25,103.105.68.146,1a6196f1-7953-4e5a-8449-780be167de51,2,IDFV,ios
11/14/2024 17:29,103.105.68.146,1a6196f1-7953-4e5a-8449-780be167de51,2,IDFV,ios
11/14/2024 18:48,182.2.141.186,686931a4-abd8-46e6-b0e3-78e57c0c620c,2,IDFV,ios
10/31/2024 12:51,190.63.114.53,59f377d4-2056-4a6a-a18a-916c0f59445a,1,GAID,android
10/31/2024 12:51,190.63.114.53,59f377d4-2056-4a6a-a18a-916c0f59445a,1,GAID,android
11/14/2024 19:03,103.121.138.93,1a6196f1-7953-4e5a-8449-780be167de51,2,IDFV,ios
11/15/2024 10:47,2a00:5400:f020::,AALKVk7RajkAABv5BSiD8w,6,WEB_ID,android
11/14/2024 19:05,182.2.147.165,686931a4-abd8-46e6-b0e3-78e57c0c620c,2,IDFV,ios
10/31/2024 12:49,201.182.87.0,59f377d4-2056-4a6a-a18a-916c0f59445a,1,GAID,android
11/14/2024 19:37,103.121.138.93,1a6196f1-7953-4e5a-8449-780be167de51,2,IDFV,ios
11/14/2024 19:38,103.121.138.93,1a6196f1-7953-4e5a-8449-780be167de51,2,IDFV,ios
11/21/2024 16:27,2a00:5400:f012::,AAKRGE7P9eIAABxfJkTLVA,7,WEB_ID,android
11/21/2024 16:31,2a00:5400:f012::,AAKRGE7P9eIAABxfJkTLVA,7,WEB_ID,android
11/21/2024 16:31,2a00:5400:f012::,AAKRGE7P9eIAABxfJkTLVA,7,WEB_ID,android
11/21/2024 16:33,2a00:5400:f012::,AAKRGE7P9eIAABxfJkTLVA,7,WEB_ID,android
11/21/2024 17:01,2a00:5400:f012::,AAKRGE7P9eIAABxfJkTLVA,7,WEB_ID,android
11/21/2024 17:13,2a00:5400:f012::,AAKRGE7P9eIAABxfJkTLVA,7,WEB_ID,android
11/21/2024 17:15,2a00:5400:f012::,AAKRGE7P9eIAABxfJkTLVA,7,WEB_ID,android
11/21/2024 17:16,2a00:5400:f012::,AAKRGE7P9eIAABxfJkTLVA,7,WEB_ID,android
11/14/2024 19:40,103.121.138.93,1a6196f1-7953-4e5a-8449-780be167de51,2,IDFV,ios
11/14/2024 19:47,103.121.138.93,1a6196f1-7953-4e5a-8449-780be167de51,2,IDFV,ios
11/15/2024 17:43,103.121.138.93,1a6196f1-7953-4e5a-8449-780be167de51,2,IDFV,ios
11/15/2024 13:12,2a00:5400:f020::,AALKVk7RajkAABv5BSiD8w,6,WEB_ID,android
11/16/2024 11:00,2a00:5400:f020::,AALKVk7RajkAABv5BSiD8w,6,WEB_ID,android
11/16/2024 11:10,2a00:5400:e053:b76:7564:c468:a9c6:16eb,AAKT707IOKgAAB_bLwHDew,6,WEB_ID,ios
11/16/2024 11:21,82.167.76.60,AAKT707IOKgAAB_bLwHDew,6,WEB_ID,ios
11/16/2024 11:26,2a00:5400:e053:b76:7564:c468:a9c6:16eb,AAKT707IOKgAAB_bLwHDew,6,WEB_ID,ios
11/16/2024 11:29,2a00:5400:e053:b76:7564:c468:a9c6:16eb,AAKT707IOKgAAB_bLwHDew,6,WEB_ID,ios
11/16/2024 11:30,2a00:5400:e053:b76:7564:c468:a9c6:16eb,AAKT707IOKgAAB_bLwHDew,6,WEB_ID,ios
11/16/2024 11:36,2a00:5400:e053:b76:7564:c468:a9c6:16eb,AAKT707IOKgAAB_bLwHDew,6,WEB_ID,ios
11/16/2024 11:40,2a00:5400:e053:b76::,AAKT707IOKgAAB_bLwHDew,6,WEB_ID,ios
11/16/2024 11:41,2a00:5400:e053:b76:7564:c468:a9c6:16eb,AAKT707IOKgAAB_bLwHDew,6,WEB_ID,ios
11/16/2024 11:45,2a00:5400:e053:b76::,AAKT707IOKgAAB_bLwHDew,6,WEB_ID,ios
11/16/2024 11:47,2a00:5400:e053:b76:7564:c468:a9c6:16eb,AAKT707IOKgAAB_bLwHDew,6,WEB_ID,ios
11/16/2024 11:53,2a00:5400:e053:b76:7564:c468:a9c6:16eb,AAKT707IOKgAAB_bLwHDew,6,WEB_ID,ios
11/16/2024 11:54,2a00:5400:e053:b76:7564:c468:a9c6:16eb,AAKT707IOKgAAB_bLwHDew,6,WEB_ID,ios
11/16/2024 17:29,2a00:5400:e053:b76:7564:c468:a9c6:16eb,AAKT707IOKgAAB_bLwHDew,6,WEB_ID,ios
11/16/2024 17:35,2a00:5400:e053:b76:7564:c468:a9c6:16eb,AAKT707IOKgAAB_bLwHDew,6,WEB_ID,ios
11/16/2024 17:40,2a00:5400:e053:b76:7564:c468:a9c6:16eb,AAKT707IOKgAAB_bLwHDew,6,WEB_ID,ios
11/16/2024 17:41,2a00:5400:e053:b76:7564:c468:a9c6:16eb,AAKT707IOKgAAB_bLwHDew,6,WEB_ID,ios
11/16/2024 17:43,82.167.76.60,AAKT707IOKgAAB_bLwHDew,6,WEB_ID,ios
11/21/2024 20:11,2a00:5400:f010::,AAKRGE7P9eIAABxfJkTLVA,7,WEB_ID,android
11/15/2024 18:34,103.121.138.93,1a6196f1-7953-4e5a-8449-780be167de51,2,IDFV,ios
11/16/2024 15:23,103.121.138.93,1a6196f1-7953-4e5a-8449-780be167de51,2,IDFV,ios
10/31/2024 14:16,201.182.87.0,59f377d4-2056-4a6a-a18a-916c0f59445a,1,GAID,android
10/31/2024 14:46,201.182.87.0,59f377d4-2056-4a6a-a18a-916c0f59445a,1,GAID,android
11/17/2024 16:38,2a00:5400:f020::,AALKVk7RajkAABv5BSiD8w,6,WEB_ID,android
11/17/2024 16:38,2a00:5400:f020::,AALKVk7RajkAABv5BSiD8w,6,WEB_ID,android
10/31/2024 14:47,201.182.87.0,59f377d4-2056-4a6a-a18a-916c0f59445a,1,GAID,android
10/31/2024 14:49,201.182.87.0,59f377d4-2056-4a6a-a18a-916c0f59445a,1,GAID,android
10/31/2024 14:56,201.182.87.0,59f377d4-2056-4a6a-a18a-916c0f59445a,1,GAID,android
11/21/2024 20:33,2a00:5400:f010::,AAKRGE7P9eIAABxfJkTLVA,7,WEB_ID,android
11/21/2024 20:36,2a00:5400:f010::,AAKRGE7P9eIAABxfJkTLVA,7,WEB_ID,android
11/16/2024 15:52,103.121.138.93,1a6196f1-7953-4e5a-8449-780be167de51,2,IDFV,ios
10/31/2024 15:18,201.182.87.0,59f377d4-2056-4a6a-a18a-916c0f59445a,1,GAID,android
10/31/2024 15:23,201.182.87.0,59f377d4-2056-4a6a-a18a-916c0f59445a,1,GAID,android
11/17/2024 9:48,103.121.138.93,1a6196f1-7953-4e5a-8449-780be167de51,2,IDFV,ios
11/17/2024 10:00,103.121.138.93,1a6196f1-7953-4e5a-8449-780be167de51,2,IDFV,ios
11/17/2024 10:05,103.121.138.93,1a6196f1-7953-4e5a-8449-780be167de51,2,IDFV,ios
11/17/2024 10:07,103.121.138.93,1a6196f1-7953-4e5a-8449-780be167de51,2,IDFV,ios
11/17/2024 17:28,2a00:5400:f020::,AALKVk7RajkAABv5BSiD8w,6,WEB_ID,android
11/17/2024 17:30,2a00:5400:f020::,AALKVk7RajkAABv5BSiD8w,6,WEB_ID,android
11/17/2024 17:49,2a00:5400:f020::,AALKVk7RajkAABv5BSiD8w,6,WEB_ID,android
11/17/2024 17:49,2a00:5400:f020::,AALKVk7RajkAABv5BSiD8w,6,WEB_ID,android
11/17/2024 17:49,2a00:5400:f020::,AALKVk7RajkAABv5BSiD8w,6,WEB_ID,android
11/17/2024 17:49,2a00:5400:f020::,AALKVk7RajkAABv5BSiD8w,6,WEB_ID,android
11/17/2024 17:50,2a00:5400:f020::,AALKVk7RajkAABv5BSiD8w,6,WEB_ID,android
11/17/2024 17:51,2a00:5400:f020::,AALKVk7RajkAABv5BSiD8w,6,WEB_ID,android
10/31/2024 15:50,201.182.87.0,59f377d4-2056-4a6a-a18a-916c0f59445a,1,GAID,android
10/31/2024 16:09,201.182.87.0,59f377d4-2056-4a6a-a18a-916c0f59445a,1,GAID,android
10/31/2024 16:13,201.182.87.0,59f377d4-2056-4a6a-a18a-916c0f59445a,1,GAID,android
10/31/2024 16:20,201.182.87.0,59f377d4-2056-4a6a-a18a-916c0f59445a,1,GAID,android
10/31/2024 16:25,201.182.87.0,59f377d4-2056-4a6a-a18a-916c0f59445a,1,GAID,android
10/31/2024 16:30,201.182.87.0,59f377d4-2056-4a6a-a18a-916c0f59445a,1,GAID,android
11/17/2024 18:31,2a00:5400:e053:b76:7564:c468:a9c6:16eb,AAKT707IOKgAAB_bLwHDew,6,WEB_ID,ios
11/17/2024 18:32,2a00:5400:e053:b76::,AAKT707IOKgAAB_bLwHDew,6,WEB_ID,ios
11/17/2024 18:35,2a00:5400:e053:b76:7564:c468:a9c6:16eb,AAKT707IOKgAAB_bLwHDew,6,WEB_ID,ios
11/17/2024 18:35,82.167.76.60,AAKT707IOKgAAB_bLwHDew,6,WEB_ID,ios
10/31/2024 16:35,201.182.87.0,59f377d4-2056-4a6a-a18a-916c0f59445a,1,GAID,android
11/17/2024 18:39,2a00:5400:e053:b76:7564:c468:a9c6:16eb,AAKT707IOKgAAB_bLwHDew,6,WEB_ID,ios
10/31/2024 16:38,201.182.87.0,59f377d4-2056-4a6a-a18a-916c0f59445a,1,GAID,android
11/17/2024 18:45,2a00:5400:e053:b76:7564:c468:a9c6:16eb,AAKT707IOKgAAB_bLwHDew,6,WEB_ID,ios
11/18/2024 12:30,2a00:5400:e053:b76:7564:c468:a9c6:16eb,AAKT707IOKgAAB_bLwHDew,6,WEB_ID,ios
11/18/2024 12:33,2a00:5400:e053:b76:7564:c468:a9c6:16eb,AAKT707IOKgAAB_bLwHDew,6,WEB_ID,ios
11/18/2024 13:23,2a00:5400:e053:b76::,AAKT707IOKgAAB_bLwHDew,6,WEB_ID,ios
11/18/2024 13:23,2a00:5400:e053:b76:7564:c468:a9c6:16eb,AAKT707IOKgAAB_bLwHDew,6,WEB_ID,ios
11/18/2024 13:25,2a00:5400:e053:b76::,AAKT707IOKgAAB_bLwHDew,6,WEB_ID,ios
11/18/2024 13:26,2a00:5400:e053:b76:7564:c468:a9c6:16eb,AAKT707IOKgAAB_bLwHDew,6,WEB_ID,ios
11/18/2024 13:26,2a00:5400:e053:b76:7564:c468:a9c6:16eb,AAKT707IOKgAAB_bLwHDew,6,WEB_ID,ios
11/19/2024 10:58,2a00:5400:e053:b76:7564:c468:a9c6:16eb,AAKT707IOKgAAB_bLwHDew,6,WEB_ID,ios
11/19/2024 10:58,2a00:5400:e053:b76::,AAKT707IOKgAAB_bLwHDew,6,WEB_ID,ios
11/19/2024 11:04,2a00:5400:e053:b76:7564:c468:a9c6:16eb,AAKT707IOKgAAB_bLwHDew,6,WEB_ID,ios
11/19/2024 11:08,2a00:5400:e053:b76:7564:c468:a9c6:16eb,AAKT707IOKgAAB_bLwHDew,6,WEB_ID,ios
11/19/2024 11:13,82.167.76.60,AAKT707IOKgAAB_bLwHDew,6,WEB_ID,ios
11/19/2024 11:13,82.167.76.60,AAKT707IOKgAAB_bLwHDew,6,WEB_ID,ios
11/19/2024 11:14,2a00:5400:e053:b76:7564:c468:a9c6:16eb,AAKT707IOKgAAB_bLwHDew,6,WEB_ID,ios
11/19/2024 11:16,2a00:5400:e053:b76::,AAKT707IOKgAAB_bLwHDew,6,WEB_ID,ios
11/19/2024 11:17,2a00:5400:e053:b76:7564:c468:a9c6:16eb,AAKT707IOKgAAB_bLwHDew,6,WEB_ID,ios
11/19/2024 11:21,2a00:5400:e053:b76::,AAKT707IOKgAAB_bLwHDew,6,WEB_ID,ios
11/19/2024 11:23,2a00:5400:e053:b76:7564:c468:a9c6:16eb,AAKT707IOKgAAB_bLwHDew,6,WEB_ID,ios
11/19/2024 11:26,2a00:5400:e053:b76:7564:c468:a9c6:16eb,AAKT707IOKgAAB_bLwHDew,6,WEB_ID,ios
11/19/2024 11:26,2a00:5400:e053:b76:7564:c468:a9c6:16eb,AAKT707IOKgAAB_bLwHDew,6,WEB_ID,ios
11/19/2024 11:31,2a00:5400:e053:b76:7564:c468:a9c6:16eb,AAKT707IOKgAAB_bLwHDew,6,WEB_ID,ios
11/19/2024 14:42,2a00:5400:e053:b76:7564:c468:a9c6:16eb,AAKT707IOKgAAB_bLwHDew,6,WEB_ID,ios
11/19/2024 14:43,82.167.76.60,AAKT707IOKgAAB_bLwHDew,6,WEB_ID,ios
11/19/2024 14:47,2a00:5400:e053:b76:7564:c468:a9c6:16eb,AAKT707IOKgAAB_bLwHDew,6,WEB_ID,ios
11/19/2024 14:51,2a00:5400:e053:b76:7564:c468:a9c6:16eb,AAKT707IOKgAAB_bLwHDew,6,WEB_ID,ios
11/19/2024 14:51,2a00:5400:e053:b76::,AAKT707IOKgAAB_bLwHDew,6,WEB_ID,ios
11/19/2024 14:57,2a00:5400:e053:b76:7564:c468:a9c6:16eb,AAKT707IOKgAAB_bLwHDew,6,WEB_ID,ios
11/19/2024 14:58,2a00:5400:e053:b76:7564:c468:a9c6:16eb,AAKT707IOKgAAB_bLwHDew,6,WEB_ID,ios
11/19/2024 15:03,2a00:5400:e053:b76:7564:c468:a9c6:16eb,AAKT707IOKgAAB_bLwHDew,6,WEB_ID,ios
11/19/2024 15:16,2a00:5400:e053:b76:7564:c468:a9c6:16eb,AAKT707IOKgAAB_bLwHDew,6,WEB_ID,ios
11/19/2024 15:16,2a00:5400:e053:b76:7564:c468:a9c6:16eb,AAKT707IOKgAAB_bLwHDew,6,WEB_ID,ios
11/19/2024 16:48,2a00:5400:e053:b76:7564:c468:a9c6:16eb,AAKT707IOKgAAB_bLwHDew,6,WEB_ID,ios
11/19/2024 16:49,2a00:5400:e053:b76:7564:c468:a9c6:16eb,AAKT707IOKgAAB_bLwHDew,6,WEB_ID,ios
11/19/2024 16:54,2a00:5400:e053:b76:7564:c468:a9c6:16eb,AAKT707IOKgAAB_bLwHDew,6,WEB_ID,ios
11/19/2024 16:59,2a00:5400:e053:b76:7564:c468:a9c6:16eb,AAKT707IOKgAAB_bLwHDew,6,WEB_ID,ios
11/19/2024 17:04,2a00:5400:e053:b76:7564:c468:a9c6:16eb,AAKT707IOKgAAB_bLwHDew,6,WEB_ID,ios
11/19/2024 17:09,2a00:5400:e053:b76:7564:c468:a9c6:16eb,AAKT707IOKgAAB_bLwHDew,6,WEB_ID,ios
11/19/2024 17:14,82.167.76.60,AAKT707IOKgAAB_bLwHDew,6,WEB_ID,ios
11/19/2024 17:14,2a00:5400:e053:b76:7564:c468:a9c6:16eb,AAKT707IOKgAAB_bLwHDew,6,WEB_ID,ios
11/19/2024 17:19,2a00:5400:e053:b76:7564:c468:a9c6:16eb,AAKT707IOKgAAB_bLwHDew,6,WEB_ID,ios
11/19/2024 17:20,2a00:5400:e053:b76:7564:c468:a9c6:16eb,AAKT707IOKgAAB_bLwHDew,6,WEB_ID,ios
11/19/2024 17:20,2a00:5400:e053:b76:7564:c468:a9c6:16eb,AAKT707IOKgAAB_bLwHDew,6,WEB_ID,ios
11/19/2024 17:34,2a00:5400:e053:b76:7564:c468:a9c6:16eb,AAKT707IOKgAAB_bLwHDew,6,WEB_ID,ios
11/19/2024 17:38,2a00:5400:e053:b76:7564:c468:a9c6:16eb,AAKT707IOKgAAB_bLwHDew,6,WEB_ID,ios
11/19/2024 17:41,2a00:5400:e053:b76:7564:c468:a9c6:16eb,AAKT707IOKgAAB_bLwHDew,6,WEB_ID,ios
11/19/2024 17:42,2a00:5400:e053:b76:7564:c468:a9c6:16eb,AAKT707IOKgAAB_bLwHDew,6,WEB_ID,ios
11/20/2024 8:44,2a00:5400:e053:b76:7564:c468:a9c6:16eb,AAKT707IOKgAAB_bLwHDew,6,WEB_ID,ios
11/20/2024 18:18,2a00:5400:e053:b76::,AAKT707IOKgAAB_bLwHDew,6,WEB_ID,ios
11/20/2024 18:22,2a00:5400:e053:b76:7564:c468:a9c6:16eb,AAKT707IOKgAAB_bLwHDew,6,WEB_ID,ios
11/14/2024 13:01,94.98.32.0,d70be07e-05ff-4037-98c5-d059c20f4a1e,5,IDFA,ios
11/17/2024 13:52,103.121.138.180,1a6196f1-7953-4e5a-8449-780be167de51,2,IDFV,ios
11/17/2024 13:56,103.121.138.180,1a6196f1-7953-4e5a-8449-780be167de51,2,IDFV,ios
11/17/2024 14:01,103.121.138.180,1a6196f1-7953-4e5a-8449-780be167de51,2,IDFV,ios
11/17/2024 14:02,103.121.138.180,1a6196f1-7953-4e5a-8449-780be167de51,2,IDFV,ios
11/17/2024 17:45,103.121.138.180,1a6196f1-7953-4e5a-8449-780be167de51,2,IDFV,ios
11/17/2024 17:47,103.121.138.180,1a6196f1-7953-4e5a-8449-780be167de51,2,IDFV,ios
11/17/2024 17:55,103.121.138.180,1a6196f1-7953-4e5a-8449-780be167de51,2,IDFV,ios
11/17/2024 18:07,103.121.138.180,1a6196f1-7953-4e5a-8449-780be167de51,2,IDFV,ios
11/17/2024 18:10,103.121.138.180,1a6196f1-7953-4e5a-8449-780be167de51,2,IDFV,ios
11/17/2024 18:11,103.121.138.180,1a6196f1-7953-4e5a-8449-780be167de51,2,IDFV,ios
11/17/2024 18:13,103.121.138.180,1a6196f1-7953-4e5a-8449-780be167de51,2,IDFV,ios
11/21/2024 20:40,51.252.184.0,AAFcvU7LIAoAABO-Xttw5A,7,WEB_ID,android
11/21/2024 20:43,2001:16a4:5::,AAFcvU7LIAoAABO-Xttw5A,7,WEB_ID,android
11/21/2024 20:44,2001:16a4:5::,AAFcvU7LIAoAABO-Xttw5A,7,WEB_ID,android
11/21/2024 20:46,2001:16a4:5::,AAFcvU7LIAoAABO-Xttw5A,7,WEB_ID,android
11/21/2024 20:47,2001:16a4:5::,AAFcvU7LIAoAABO-Xttw5A,7,WEB_ID,android
11/21/2024 20:48,2001:16a4:5::,AAFcvU7LIAoAABO-Xttw5A,7,WEB_ID,android
11/21/2024 20:49,2001:16a4:5::,AAFcvU7LIAoAABO-Xttw5A,7,WEB_ID,android
11/21/2024 20:49,51.252.184.0,AAFcvU7LIAoAABO-Xttw5A,7,WEB_ID,android
11/21/2024 20:51,2001:16a4:5::,AAFcvU7LIAoAABO-Xttw5A,7,WEB_ID,android
11/21/2024 20:53,51.252.184.0,AAFcvU7LIAoAABO-Xttw5A,7,WEB_ID,android
11/21/2024 20:54,51.252.184.0,AAFcvU7LIAoAABO-Xttw5A,7,WEB_ID,android
11/21/2024 20:55,2001:16a4:5::,AAFcvU7LIAoAABO-Xttw5A,7,WEB_ID,android
11/21/2024 20:57,2001:16a4:5::,AAFcvU7LIAoAABO-Xttw5A,7,WEB_ID,android
11/21/2024 20:58,51.252.184.0,AAFcvU7LIAoAABO-Xttw5A,7,WEB_ID,android
11/21/2024 20:58,51.252.184.0,AAFcvU7LIAoAABO-Xttw5A,7,WEB_ID,android
11/21/2024 20:59,51.252.184.0,AAFcvU7LIAoAABO-Xttw5A,7,WEB_ID,android
11/21/2024 20:59,51.252.184.0,AAFcvU7LIAoAABO-Xttw5A,7,WEB_ID,android
11/21/2024 21:00,2001:16a4:5::,AAFcvU7LIAoAABO-Xttw5A,7,WEB_ID,android
11/21/2024 21:02,2001:16a4:5::,AAFcvU7LIAoAABO-Xttw5A,7,WEB_ID,android
11/21/2024 21:14,2001:16a4:5::,AAFcvU7LIAoAABO-Xttw5A,7,WEB_ID,android
11/20/2024 18:50,2a00:5400:e053:b76::,AAKT707IOKgAAB_bLwHDew,6,WEB_ID,ios
11/18/2024 11:11,103.121.138.180,1a6196f1-7953-4e5a-8449-780be167de51,2,IDFV,ios
11/18/2024 11:16,103.121.138.180,1a6196f1-7953-4e5a-8449-780be167de51,2,IDFV,ios
11/18/2024 11:21,103.121.138.180,1a6196f1-7953-4e5a-8449-780be167de51,2,IDFV,ios
11/18/2024 11:24,103.121.138.180,1a6196f1-7953-4e5a-8449-780be167de51,2,IDFV,ios
11/18/2024 11:31,103.121.138.180,1a6196f1-7953-4e5a-8449-780be167de51,2,IDFV,ios
11/20/2024 19:17,2a00:5400:e053:b76::,AAKT707IOKgAAB_bLwHDew,6,WEB_ID,ios
11/21/2024 15:21,82.167.76.60,AAKT707IOKgAAB_bLwHDew,6,WEB_ID,ios
11/18/2024 11:46,103.121.138.180,1a6196f1-7953-4e5a-8449-780be167de51,2,IDFV,ios
11/18/2024 11:55,103.121.138.180,1a6196f1-7953-4e5a-8449-780be167de51,2,IDFV,ios
11/18/2024 11:59,103.121.138.180,1a6196f1-7953-4e5a-8449-780be167de51,2,IDFV,ios
11/18/2024 12:08,103.121.138.180,1a6196f1-7953-4e5a-8449-780be167de51,2,IDFV,ios
11/18/2024 12:13,103.121.138.180,1a6196f1-7953-4e5a-8449-780be167de51,2,IDFV,ios
11/18/2024 12:26,103.121.138.180,1a6196f1-7953-4e5a-8449-780be167de51,2,IDFV,ios
11/18/2024 12:27,103.121.138.180,1a6196f1-7953-4e5a-8449-780be167de51,2,IDFV,ios
11/18/2024 12:28,103.121.138.180,1a6196f1-7953-4e5a-8449-780be167de51,2,IDFV,ios
11/18/2024 12:33,103.121.138.180,1a6196f1-7953-4e5a-8449-780be167de51,2,IDFV,ios
11/18/2024 12:22,103.121.138.180,1a6196f1-7953-4e5a-8449-780be167de51,2,IDFV,ios
11/18/2024 12:29,103.121.138.180,1a6196f1-7953-4e5a-8449-780be167de51,2,IDFV,ios
11/18/2024 12:34,103.121.138.180,1a6196f1-7953-4e5a-8449-780be167de51,2,IDFV,ios
11/18/2024 12:55,103.121.138.180,1a6196f1-7953-4e5a-8449-780be167de51,2,IDFV,ios
11/22/2024 9:15,2a00:5400:e051::,AAFcvU7LIAoAABO-Xttw5A,7,WEB_ID,android
11/22/2024 9:16,2a00:5400:e051::,AAFcvU7LIAoAABO-Xttw5A,7,WEB_ID,android
11/22/2024 9:16,2a00:5400:e051::,AAFcvU7LIAoAABO-Xttw5A,7,WEB_ID,android
11/22/2024 9:16,2a00:5400:e051::,AAFcvU7LIAoAABO-Xttw5A,7,WEB_ID,android
11/22/2024 9:17,2a00:5400:e051::,AAFcvU7LIAoAABO-Xttw5A,7,WEB_ID,android
11/22/2024 9:17,2a00:5400:e051::,AAFcvU7LIAoAABO-Xttw5A,7,WEB_ID,android
11/22/2024 9:18,2a00:5400:e051::,AAFcvU7LIAoAABO-Xttw5A,7,WEB_ID,android
11/18/2024 13:09,103.121.138.180,1a6196f1-7953-4e5a-8449-780be167de51,2,IDFV,ios
11/22/2024 9:21,2a00:5400:e051::,AAFcvU7LIAoAABO-Xttw5A,7,WEB_ID,android
11/22/2024 9:25,2a00:5400:e051::,AAFcvU7LIAoAABO-Xttw5A,7,WEB_ID,android
11/18/2024 13:16,103.121.138.180,1a6196f1-7953-4e5a-8449-780be167de51,2,IDFV,ios
11/22/2024 12:08,2a00:5400:e051::,AAFcvU7LIAoAABO-Xttw5A,7,WEB_ID,android
11/22/2024 12:11,2a00:5400:e051::,AAFcvU7LIAoAABO-Xttw5A,7,WEB_ID,android
11/22/2024 12:12,2a00:5400:e051::,AAFcvU7LIAoAABO-Xttw5A,7,WEB_ID,android
11/18/2024 17:33,111.94.4.103,1a6196f1-7953-4e5a-8449-780be167de51,2,IDFV,ios
11/18/2024 17:36,111.94.4.103,1a6196f1-7953-4e5a-8449-780be167de51,2,IDFV,ios
11/18/2024 17:40,111.94.4.103,1a6196f1-7953-4e5a-8449-780be167de51,2,IDFV,ios
11/21/2024 15:45,2a00:5400:e053:b76::,AAKT707IOKgAAB_bLwHDew,6,WEB_ID,ios
11/21/2024 18:58,2a00:5400:e053:b76::,AAKT707IOKgAAB_bLwHDew,6,WEB_ID,ios
11/21/2024 18:58,2a00:5400:e053:b76:f079:c4a6:e7db:225e,AAKT707IOKgAAB_bLwHDew,6,WEB_ID,ios
11/21/2024 19:03,2a00:5400:e053:b76:f079:c4a6:e7db:225e,AAKT707IOKgAAB_bLwHDew,6,WEB_ID,ios
11/21/2024 19:07,2a00:5400:e053:b76:f079:c4a6:e7db:225e,AAKT707IOKgAAB_bLwHDew,6,WEB_ID,ios
11/21/2024 19:13,2a00:5400:e053:b76:f079:c4a6:e7db:225e,AAKT707IOKgAAB_bLwHDew,6,WEB_ID,ios
11/21/2024 19:18,2a00:5400:e053:b76:f079:c4a6:e7db:225e,AAKT707IOKgAAB_bLwHDew,6,WEB_ID,ios
11/21/2024 19:28,2a00:5400:e053:b76:f079:c4a6:e7db:225e,AAKT707IOKgAAB_bLwHDew,6,WEB_ID,ios
11/21/2024 19:28,2a00:5400:e053:b76:f079:c4a6:e7db:225e,AAKT707IOKgAAB_bLwHDew,6,WEB_ID,ios
11/21/2024 19:36,2a00:5400:e053:b76:f079:c4a6:e7db:225e,AAKT707IOKgAAB_bLwHDew,6,WEB_ID,ios
11/22/2024 16:55,2a00:5400:e053:b76:f079:c4a6:e7db:225e,AAKT707IOKgAAB_bLwHDew,6,WEB_ID,ios
11/22/2024 18:47,2a00:5400:e053:b76:f079:c4a6:e7db:225e,AAKT707IOKgAAB_bLwHDew,6,WEB_ID,ios
11/22/2024 19:18,2a00:5400:f020::,AALKVk7RajkAABv5BSiD8w,6,WEB_ID,android
11/18/2024 20:14,103.121.138.180,1a6196f1-7953-4e5a-8449-780be167de51,2,IDFV,ios
11/18/2024 20:21,103.121.138.180,1a6196f1-7953-4e5a-8449-780be167de51,2,IDFV,ios
11/18/2024 20:23,103.121.138.180,1a6196f1-7953-4e5a-8449-780be167de51,2,IDFV,ios
11/18/2024 20:24,103.121.138.180,1a6196f1-7953-4e5a-8449-780be167de51,2,IDFV,ios
11/18/2024 20:26,103.121.138.180,1a6196f1-7953-4e5a-8449-780be167de51,2,IDFV,ios
11/18/2024 20:35,103.121.138.180,1a6196f1-7953-4e5a-8449-780be167de51,2,IDFV,ios
11/18/2024 20:46,103.121.138.180,1a6196f1-7953-4e5a-8449-780be167de51,2,IDFV,ios
11/22/2024 19:25,2a00:5400:e053:b76::,AAKT707IOKgAAB_bLwHDew,6,WEB_ID,ios
11/22/2024 19:27,2a00:5400:e053:b76::,AAKT707IOKgAAB_bLwHDew,6,WEB_ID,ios
11/22/2024 19:28,2a00:5400:e053:b76:f079:c4a6:e7db:225e,AAKT707IOKgAAB_bLwHDew,6,WEB_ID,ios
11/22/2024 19:29,2a00:5400:e053:b76:f079:c4a6:e7db:225e,AAKT707IOKgAAB_bLwHDew,6,WEB_ID,ios
11/18/2024 20:33,103.121.138.180,1a6196f1-7953-4e5a-8449-780be167de51,2,IDFV,ios
11/18/2024 20:40,103.121.138.180,1a6196f1-7953-4e5a-8449-780be167de51,2,IDFV,ios
11/18/2024 20:50,103.121.138.180,1a6196f1-7953-4e5a-8449-780be167de51,2,IDFV,ios
11/18/2024 20:53,103.121.138.180,1a6196f1-7953-4e5a-8449-780be167de51,2,IDFV,ios
11/20/2024 8:18,103.121.138.180,1a6196f1-7953-4e5a-8449-780be167de51,2,IDFV,ios
11/20/2024 8:28,103.121.138.180,1a6196f1-7953-4e5a-8449-780be167de51,2,IDFV,ios
11/20/2024 8:53,36.90.67.51,686931a4-abd8-46e6-b0e3-78e57c0c620c,2,IDFV,ios
11/20/2024 19:15,36.90.67.51,686931a4-abd8-46e6-b0e3-78e57c0c620c,2,IDFV,ios
11/20/2024 19:20,36.90.67.51,686931a4-abd8-46e6-b0e3-78e57c0c620c,2,IDFV,ios
11/20/2024 19:28,36.90.67.51,686931a4-abd8-46e6-b0e3-78e57c0c620c,2,IDFV,ios
11/20/2024 19:35,36.90.67.51,686931a4-abd8-46e6-b0e3-78e57c0c620c,2,IDFV,ios
11/20/2024 19:41,36.90.67.51,686931a4-abd8-46e6-b0e3-78e57c0c620c,2,IDFV,ios
11/20/2024 19:48,36.90.67.51,686931a4-abd8-46e6-b0e3-78e57c0c620c,2,IDFV,ios
11/20/2024 19:52,36.90.67.51,686931a4-abd8-46e6-b0e3-78e57c0c620c,2,IDFV,ios
11/20/2024 19:59,36.90.67.51,686931a4-abd8-46e6-b0e3-78e57c0c620c,2,IDFV,ios
11/20/2024 20:06,36.90.67.51,686931a4-abd8-46e6-b0e3-78e57c0c620c,2,IDFV,ios
11/20/2024 19:22,36.90.67.51,686931a4-abd8-46e6-b0e3-78e57c0c620c,2,IDFV,ios
11/20/2024 19:35,36.90.67.51,686931a4-abd8-46e6-b0e3-78e57c0c620c,2,IDFV,ios
11/20/2024 19:52,36.90.67.51,686931a4-abd8-46e6-b0e3-78e57c0c620c,2,IDFV,ios
11/20/2024 20:05,36.90.67.51,686931a4-abd8-46e6-b0e3-78e57c0c620c,2,IDFV,ios
11/20/2024 20:14,36.90.67.51,686931a4-abd8-46e6-b0e3-78e57c0c620c,2,IDFV,ios
11/21/2024 11:36,36.90.67.51,686931a4-abd8-46e6-b0e3-78e57c0c620c,2,IDFV,ios
11/1/2024 10:06,2803:9810:5378::,59f377d4-2056-4a6a-a18a-916c0f59445a,1,GAID,android
11/1/2024 10:16,148.227.107.174,59f377d4-2056-4a6a-a18a-916c0f59445a,1,GAID,android
11/1/2024 10:16,148.227.107.174,59f377d4-2056-4a6a-a18a-916c0f59445a,1,GAID,android
11/1/2024 10:24,148.227.107.174,59f377d4-2056-4a6a-a18a-916c0f59445a,1,GAID,android
11/1/2024 10:27,148.227.107.174,59f377d4-2056-4a6a-a18a-916c0f59445a,1,GAID,android
11/21/2024 12:13,103.121.138.180,1a6196f1-7953-4e5a-8449-780be167de51,2,IDFV,ios
11/21/2024 12:17,103.121.138.180,1a6196f1-7953-4e5a-8449-780be167de51,2,IDFV,ios
11/23/2024 8:22,2a00:5400:f020::,AALKVk7RajkAABv5BSiD8w,6,WEB_ID,android
11/22/2024 12:22,2a00:5400:e051::,AAFcvU7LIAoAABO-Xttw5A,7,WEB_ID,android
11/21/2024 12:33,103.116.174.250,686931a4-abd8-46e6-b0e3-78e57c0c620c,2,IDFV,ios
11/22/2024 10:35,103.116.174.250,686931a4-abd8-46e6-b0e3-78e57c0c620c,2,IDFV,ios
11/22/2024 10:45,103.116.174.250,686931a4-abd8-46e6-b0e3-78e57c0c620c,2,IDFV,ios
11/22/2024 10:51,103.116.174.250,686931a4-abd8-46e6-b0e3-78e57c0c620c,2,IDFV,ios
11/22/2024 10:53,103.116.174.250,686931a4-abd8-46e6-b0e3-78e57c0c620c,2,IDFV,ios
11/22/2024 11:08,103.116.174.250,686931a4-abd8-46e6-b0e3-78e57c0c620c,2,IDFV,ios
11/22/2024 11:20,103.116.174.250,686931a4-abd8-46e6-b0e3-78e57c0c620c,2,IDFV,ios
11/22/2024 11:25,103.116.174.250,686931a4-abd8-46e6-b0e3-78e57c0c620c,2,IDFV,ios
11/22/2024 12:54,103.116.174.250,686931a4-abd8-46e6-b0e3-78e57c0c620c,2,IDFV,ios
11/1/2024 10:12,148.227.107.174,59f377d4-2056-4a6a-a18a-916c0f59445a,1,GAID,android
11/22/2024 12:59,2a00:5400:f010::,AAKRGE7P9eIAABxfJkTLVA,7,WEB_ID,android
11/22/2024 12:59,2a00:5400:f010::,AAKRGE7P9eIAABxfJkTLVA,7,WEB_ID,android
11/22/2024 13:44,103.121.138.180,1a6196f1-7953-4e5a-8449-780be167de51,2,IDFV,ios
11/22/2024 13:47,103.121.138.180,1a6196f1-7953-4e5a-8449-780be167de51,2,IDFV,ios
11/22/2024 16:57,103.121.138.180,1a6196f1-7953-4e5a-8449-780be167de51,2,IDFV,ios
11/22/2024 17:04,103.121.138.180,1a6196f1-7953-4e5a-8449-780be167de51,2,IDFV,ios
11/22/2024 17:11,103.121.138.180,1a6196f1-7953-4e5a-8449-780be167de51,2,IDFV,ios
11/22/2024 17:17,103.121.138.180,1a6196f1-7953-4e5a-8449-780be167de51,2,IDFV,ios
11/22/2024 17:22,103.121.138.180,1a6196f1-7953-4e5a-8449-780be167de51,2,IDFV,ios
11/22/2024 17:29,103.121.138.180,1a6196f1-7953-4e5a-8449-780be167de51,2,IDFV,ios
11/22/2024 17:36,103.121.138.180,1a6196f1-7953-4e5a-8449-780be167de51,2,IDFV,ios
11/22/2024 16:22,2a00:5400:e337::,AAA7PE7OD50AABQ_9xhR4Q,7,WEB_ID,android
11/1/2024 10:40,2803:9810:5378::,59f377d4-2056-4a6a-a18a-916c0f59445a,1,GAID,android
11/1/2024 10:42,2803:9810:5378::,59f377d4-2056-4a6a-a18a-916c0f59445a,1,GAID,android
11/1/2024 10:43,2803:9810:5378::,59f377d4-2056-4a6a-a18a-916c0f59445a,1,GAID,android
11/1/2024 10:43,2803:9810:5378::,59f377d4-2056-4a6a-a18a-916c0f59445a,1,GAID,android
11/23/2024 8:16,2a00:5400:f010::,AAKRGE7P9eIAABxfJkTLVA,7,WEB_ID,android
11/23/2024 8:16,2a00:5400:f010::,AAKRGE7P9eIAABxfJkTLVA,7,WEB_ID,android
11/23/2024 8:30,2a00:5400:f010::,AAKRGE7P9eIAABxfJkTLVA,7,WEB_ID,android
11/23/2024 18:28,103.121.138.180,1a6196f1-7953-4e5a-8449-780be167de51,2,IDFV,ios
11/23/2024 18:30,103.121.138.180,1a6196f1-7953-4e5a-8449-780be167de51,2,IDFV,ios
11/23/2024 18:32,202.165.46.254,686931a4-abd8-46e6-b0e3-78e57c0c620c,2,IDFV,ios
11/23/2024 18:33,103.121.138.180,1a6196f1-7953-4e5a-8449-780be167de51,2,IDFV,ios
11/24/2024 10:55,103.129.48.229,95d9aeb3-c446-4b44-b165-8f617e14955e,2,IDFV,ios
11/23/2024 14:38,2a00:5400:f010::,AAKRGE7P9eIAABxfJkTLVA,7,WEB_ID,android
11/25/2024 16:15,103.121.138.180,1a6196f1-7953-4e5a-8449-780be167de51,2,IDFV,ios
11/25/2024 16:25,103.121.138.180,1a6196f1-7953-4e5a-8449-780be167de51,2,IDFV,ios
11/25/2024 16:30,103.121.138.180,1a6196f1-7953-4e5a-8449-780be167de51,2,IDFV,ios
11/25/2024 16:34,103.121.138.180,1a6196f1-7953-4e5a-8449-780be167de51,2,IDFV,ios
11/25/2024 16:43,103.121.138.180,1a6196f1-7953-4e5a-8449-780be167de51,2,IDFV,ios
11/25/2024 16:48,103.121.138.180,1a6196f1-7953-4e5a-8449-780be167de51,2,IDFV,ios
11/25/2024 16:52,103.121.138.180,1a6196f1-7953-4e5a-8449-780be167de51,2,IDFV,ios
11/28/2024 12:50,103.121.138.180,1a6196f1-7953-4e5a-8449-780be167de51,2,IDFV,ios
11/28/2024 12:51,103.121.138.180,1a6196f1-7953-4e5a-8449-780be167de51,2,IDFV,ios
11/28/2024 12:55,103.121.138.180,1a6196f1-7953-4e5a-8449-780be167de51,2,IDFV,ios
11/28/2024 12:59,103.121.138.180,1a6196f1-7953-4e5a-8449-780be167de51,2,IDFV,ios
11/28/2024 13:04,103.121.138.180,1a6196f1-7953-4e5a-8449-780be167de51,2,IDFV,ios
11/28/2024 13:04,103.121.138.180,1a6196f1-7953-4e5a-8449-780be167de51,2,IDFV,ios
11/28/2024 13:03,182.253.15.59,686931a4-abd8-46e6-b0e3-78e57c0c620c,2,IDFV,ios
11/28/2024 13:12,182.253.15.59,686931a4-abd8-46e6-b0e3-78e57c0c620c,2,IDFV,ios
11/28/2024 13:21,182.253.15.59,686931a4-abd8-46e6-b0e3-78e57c0c620c,2,IDFV,ios
11/28/2024 13:26,182.253.15.59,686931a4-abd8-46e6-b0e3-78e57c0c620c,2,IDFV,ios
11/28/2024 13:29,182.253.15.59,686931a4-abd8-46e6-b0e3-78e57c0c620c,2,IDFV,ios
11/28/2024 13:38,182.253.15.59,686931a4-abd8-46e6-b0e3-78e57c0c620c,2,IDFV,ios
11/28/2024 13:41,182.253.15.59,686931a4-abd8-46e6-b0e3-78e57c0c620c,2,IDFV,ios
11/28/2024 13:47,182.253.15.59,686931a4-abd8-46e6-b0e3-78e57c0c620c,2,IDFV,ios
11/28/2024 13:58,182.253.15.59,686931a4-abd8-46e6-b0e3-78e57c0c620c,2,IDFV,ios
11/28/2024 13:15,182.253.15.59,686931a4-abd8-46e6-b0e3-78e57c0c620c,2,IDFV,ios
11/28/2024 13:34,182.253.15.59,686931a4-abd8-46e6-b0e3-78e57c0c620c,2,IDFV,ios
11/28/2024 13:39,182.253.15.59,686931a4-abd8-46e6-b0e3-78e57c0c620c,2,IDFV,ios
11/28/2024 13:51,182.253.15.59,686931a4-abd8-46e6-b0e3-78e57c0c620c,2,IDFV,ios
11/23/2024 15:31,2a00:5400:e337::,AAA7PE7OD50AABQ_9xhR4Q,7,WEB_ID,android
11/23/2024 14:43,2a00:5400:f010::,AAKRGE7P9eIAABxfJkTLVA,7,WEB_ID,android
11/23/2024 14:44,2a00:5400:f010::,AAKRGE7P9eIAABxfJkTLVA,7,WEB_ID,android
11/23/2024 14:47,2a00:5400:f010::,AAKRGE7P9eIAABxfJkTLVA,7,WEB_ID,android
11/23/2024 14:50,2a00:5400:f010::,AAKRGE7P9eIAABxfJkTLVA,7,WEB_ID,android
11/23/2024 14:52,2a00:5400:f010::,AAKRGE7P9eIAABxfJkTLVA,7,WEB_ID,android
11/23/2024 14:52,2a00:5400:f010::,AAKRGE7P9eIAABxfJkTLVA,7,WEB_ID,android
11/23/2024 15:01,2a00:5400:f010::,AAKRGE7P9eIAABxfJkTLVA,7,WEB_ID,android
11/23/2024 15:03,2a00:5400:f010::,AAKRGE7P9eIAABxfJkTLVA,7,WEB_ID,android
11/23/2024 15:04,2a00:5400:f010::,AAKRGE7P9eIAABxfJkTLVA,7,WEB_ID,android
11/23/2024 15:04,2a00:5400:f010::,AAKRGE7P9eIAABxfJkTLVA,7,WEB_ID,android
11/28/2024 16:03,103.121.170.100,1a6196f1-7953-4e5a-8449-780be167de51,2,IDFV,ios
11/28/2024 16:08,103.121.170.100,1a6196f1-7953-4e5a-8449-780be167de51,2,IDFV,ios
11/28/2024 16:11,103.121.170.100,1a6196f1-7953-4e5a-8449-780be167de51,2,IDFV,ios
11/28/2024 16:17,103.121.170.100,1a6196f1-7953-4e5a-8449-780be167de51,2,IDFV,ios
11/28/2024 16:18,103.121.170.100,1a6196f1-7953-4e5a-8449-780be167de51,2,IDFV,ios
11/28/2024 16:21,103.121.170.100,1a6196f1-7953-4e5a-8449-780be167de51,2,IDFV,ios
11/28/2024 16:25,103.121.170.100,1a6196f1-7953-4e5a-8449-780be167de51,2,IDFV,ios
11/28/2024 16:27,103.121.170.100,1a6196f1-7953-4e5a-8449-780be167de51,2,IDFV,ios
11/23/2024 17:53,2a00:5400:e337::,AAA7PE7OD50AABQ_9xhR4Q,7,WEB_ID,android
11/28/2024 16:31,103.121.170.100,1a6196f1-7953-4e5a-8449-780be167de51,2,IDFV,ios
11/28/2024 16:46,103.121.170.100,1a6196f1-7953-4e5a-8449-780be167de51,2,IDFV,ios
11/1/2024 10:54,148.227.93.246,8819aef2-1a40-4291-b4a4-bcc08c8a4b74,1,GAID,android
11/1/2024 10:54,148.227.93.246,8819aef2-1a40-4291-b4a4-bcc08c8a4b74,1,GAID,android
11/1/2024 10:54,148.227.93.246,8819aef2-1a40-4291-b4a4-bcc08c8a4b74,1,GAID,android
11/23/2024 9:34,2a00:5400:f020::,AALKVk7RajkAABv5BSiD8w,6,WEB_ID,android
11/23/2024 9:34,2a00:5400:f020::,AALKVk7RajkAABv5BSiD8w,6,WEB_ID,android
11/23/2024 9:35,2a00:5400:f020::,AALKVk7RajkAABv5BSiD8w,6,WEB_ID,android
11/23/2024 9:43,2a00:5400:f020::,AALKVk7RajkAABv5BSiD8w,6,WEB_ID,android
11/23/2024 9:43,2a00:5400:f020::,AALKVk7RajkAABv5BSiD8w,6,WEB_ID,android
11/1/2024 11:10,148.227.93.246,8819aef2-1a40-4291-b4a4-bcc08c8a4b74,1,GAID,android
11/1/2024 11:15,148.227.93.246,8819aef2-1a40-4291-b4a4-bcc08c8a4b74,1,GAID,android
11/1/2024 11:17,148.227.93.246,8819aef2-1a40-4291-b4a4-bcc08c8a4b74,1,GAID,android
11/1/2024 11:22,148.227.93.246,8819aef2-1a40-4291-b4a4-bcc08c8a4b74,1,GAID,android
11/1/2024 11:26,148.227.93.246,8819aef2-1a40-4291-b4a4-bcc08c8a4b74,1,GAID,android
11/1/2024 11:26,148.227.93.246,8819aef2-1a40-4291-b4a4-bcc08c8a4b74,1,GAID,android
11/1/2024 11:27,148.227.93.246,8819aef2-1a40-4291-b4a4-bcc08c8a4b74,1,GAID,android
11/1/2024 11:27,148.227.93.246,8819aef2-1a40-4291-b4a4-bcc08c8a4b74,1,GAID,android
11/1/2024 11:31,148.227.93.246,8819aef2-1a40-4291-b4a4-bcc08c8a4b74,1,GAID,android
11/1/2024 13:18,148.227.93.246,8819aef2-1a40-4291-b4a4-bcc08c8a4b74,1,GAID,android
11/1/2024 13:23,148.227.93.246,8819aef2-1a40-4291-b4a4-bcc08c8a4b74,1,GAID,android
11/1/2024 13:30,148.227.93.246,8819aef2-1a40-4291-b4a4-bcc08c8a4b74,1,GAID,android
11/24/2024 9:19,2a00:5400:f010::,AAKRGE7P9eIAABxfJkTLVA,7,WEB_ID,android
11/24/2024 9:30,2a00:5400:f010::,AAKRGE7P9eIAABxfJkTLVA,7,WEB_ID,android
11/23/2024 9:59,2a00:5400:e053:b76:64c5:db3d:87e5:a874,AAKT707IOKgAAB_bLwHDew,6,WEB_ID,ios
11/23/2024 10:04,2a00:5400:e053:b76:64c5:db3d:87e5:a874,AAKT707IOKgAAB_bLwHDew,6,WEB_ID,ios
11/23/2024 10:06,2a00:5400:e053:b76:64c5:db3d:87e5:a874,AAKT707IOKgAAB_bLwHDew,6,WEB_ID,ios
11/2/2024 10:29,148.227.93.74,8819aef2-1a40-4291-b4a4-bcc08c8a4b74,1,GAID,android
11/2/2024 10:30,148.227.93.74,8819aef2-1a40-4291-b4a4-bcc08c8a4b74,1,GAID,android
11/2/2024 10:34,2803:9810:6289:8608:1548:3527:5b23:1d93,8819aef2-1a40-4291-b4a4-bcc08c8a4b74,1,GAID,android
11/2/2024 10:34,148.227.93.74,8819aef2-1a40-4291-b4a4-bcc08c8a4b74,1,GAID,android
11/2/2024 10:35,148.227.93.74,8819aef2-1a40-4291-b4a4-bcc08c8a4b74,1,GAID,android
11/24/2024 11:22,2a00:5400:e337::,AAA7PE7OD50AABQ_9xhR4Q,7,WEB_ID,android
11/2/2024 11:20,2803:9810:6289:8608::,8819aef2-1a40-4291-b4a4-bcc08c8a4b74,1,GAID,android
11/2/2024 11:21,148.227.93.90,8819aef2-1a40-4291-b4a4-bcc08c8a4b74,1,GAID,android
11/2/2024 11:22,148.227.93.90,8819aef2-1a40-4291-b4a4-bcc08c8a4b74,1,GAID,android
11/2/2024 12:01,148.227.93.90,8819aef2-1a40-4291-b4a4-bcc08c8a4b74,1,GAID,android
11/2/2024 12:04,2803:9810:6289:8608::,8819aef2-1a40-4291-b4a4-bcc08c8a4b74,1,GAID,android
11/2/2024 12:04,148.227.93.90,8819aef2-1a40-4291-b4a4-bcc08c8a4b74,1,GAID,android
11/2/2024 12:04,148.227.93.90,8819aef2-1a40-4291-b4a4-bcc08c8a4b74,1,GAID,android
11/2/2024 12:05,148.227.93.90,8819aef2-1a40-4291-b4a4-bcc08c8a4b74,1,GAID,android
11/2/2024 12:05,2803:9810:6289:8608::,8819aef2-1a40-4291-b4a4-bcc08c8a4b74,1,GAID,android
11/2/2024 12:05,2803:9810:6289:8608::,8819aef2-1a40-4291-b4a4-bcc08c8a4b74,1,GAID,android
11/2/2024 12:11,148.227.93.90,8819aef2-1a40-4291-b4a4-bcc08c8a4b74,1,GAID,android
11/2/2024 12:11,148.227.93.90,8819aef2-1a40-4291-b4a4-bcc08c8a4b74,1,GAID,android
11/2/2024 12:12,148.227.93.90,8819aef2-1a40-4291-b4a4-bcc08c8a4b74,1,GAID,android
11/2/2024 12:12,148.227.93.90,8819aef2-1a40-4291-b4a4-bcc08c8a4b74,1,GAID,android
11/2/2024 12:13,148.227.93.90,8819aef2-1a40-4291-b4a4-bcc08c8a4b74,1,GAID,android
11/2/2024 12:14,148.227.93.90,8819aef2-1a40-4291-b4a4-bcc08c8a4b74,1,GAID,android
11/2/2024 12:14,2803:9810:6289:8608::,8819aef2-1a40-4291-b4a4-bcc08c8a4b74,1,GAID,android
11/2/2024 12:15,148.227.93.90,8819aef2-1a40-4291-b4a4-bcc08c8a4b74,1,GAID,android
11/2/2024 12:15,2803:9810:6289:8608::,8819aef2-1a40-4291-b4a4-bcc08c8a4b74,1,GAID,android
11/2/2024 12:16,148.227.93.90,8819aef2-1a40-4291-b4a4-bcc08c8a4b74,1,GAID,android
11/2/2024 12:18,148.227.93.90,8819aef2-1a40-4291-b4a4-bcc08c8a4b74,1,GAID,android
11/2/2024 12:19,148.227.93.90,8819aef2-1a40-4291-b4a4-bcc08c8a4b74,1,GAID,android
11/2/2024 12:42,148.227.93.90,8819aef2-1a40-4291-b4a4-bcc08c8a4b74,1,GAID,android
11/2/2024 12:48,2803:9810:6289:8608::,8819aef2-1a40-4291-b4a4-bcc08c8a4b74,1,GAID,android
11/2/2024 12:52,2803:9810:6289:8608::,8819aef2-1a40-4291-b4a4-bcc08c8a4b74,1,GAID,android
11/2/2024 12:52,148.227.93.90,8819aef2-1a40-4291-b4a4-bcc08c8a4b74,1,GAID,android
11/2/2024 18:44,148.227.93.90,8819aef2-1a40-4291-b4a4-bcc08c8a4b74,1,GAID,android
11/24/2024 12:08,2a00:5400:e337::,AAA7PE7OD50AABQ_9xhR4Q,7,WEB_ID,android
11/24/2024 16:34,2a00:5400:f010::,AAKRGE7P9eIAABxfJkTLVA,7,WEB_ID,android
11/24/2024 16:34,2a00:5400:f010::,AAKRGE7P9eIAABxfJkTLVA,7,WEB_ID,android
11/24/2024 16:36,2a00:5400:f010::,AAKRGE7P9eIAABxfJkTLVA,7,WEB_ID,android
11/2/2024 19:18,148.227.93.129,8819aef2-1a40-4291-b4a4-bcc08c8a4b74,1,GAID,android
11/2/2024 19:18,148.227.93.129,8819aef2-1a40-4291-b4a4-bcc08c8a4b74,1,GAID,android
11/2/2024 18:48,148.227.93.129,8819aef2-1a40-4291-b4a4-bcc08c8a4b74,1,GAID,android
11/2/2024 18:49,148.227.93.129,8819aef2-1a40-4291-b4a4-bcc08c8a4b74,1,GAID,android
11/2/2024 19:03,148.227.93.129,8819aef2-1a40-4291-b4a4-bcc08c8a4b74,1,GAID,android
11/2/2024 19:04,148.227.93.129,8819aef2-1a40-4291-b4a4-bcc08c8a4b74,1,GAID,android
11/2/2024 19:07,148.227.93.129,8819aef2-1a40-4291-b4a4-bcc08c8a4b74,1,GAID,android
11/2/2024 19:07,148.227.93.129,8819aef2-1a40-4291-b4a4-bcc08c8a4b74,1,GAID,android
11/2/2024 19:08,2803:9810:6289:8608::,8819aef2-1a40-4291-b4a4-bcc08c8a4b74,1,GAID,android
11/2/2024 19:09,148.227.93.129,8819aef2-1a40-4291-b4a4-bcc08c8a4b74,1,GAID,android
11/2/2024 19:15,148.227.93.129,8819aef2-1a40-4291-b4a4-bcc08c8a4b74,1,GAID,android
11/2/2024 19:19,2803:9810:6289:8608::,8819aef2-1a40-4291-b4a4-bcc08c8a4b74,1,GAID,android
11/24/2024 17:01,2a00:5400:e337::,AAA7PE7OD50AABQ_9xhR4Q,7,WEB_ID,android
11/2/2024 19:21,148.227.93.129,8819aef2-1a40-4291-b4a4-bcc08c8a4b74,1,GAID,android
11/2/2024 19:22,148.227.93.129,8819aef2-1a40-4291-b4a4-bcc08c8a4b74,1,GAID,android
11/2/2024 19:22,148.227.93.129,8819aef2-1a40-4291-b4a4-bcc08c8a4b74,1,GAID,android
11/23/2024 10:10,2a00:5400:f020::,AALKVk7RajkAABv5BSiD8w,6,WEB_ID,android
11/23/2024 10:18,2a00:5400:f020::,AALKVk7RajkAABv5BSiD8w,6,WEB_ID,android
10/25/2024 18:52,148.227.93.75,f03bc630-b53b-42b1-8e24-670999ed9e3b,4,IDFA,ios
11/2/2024 20:50,2803:9810:6289:8608::,8819aef2-1a40-4291-b4a4-bcc08c8a4b74,1,GAID,android
11/2/2024 20:52,2803:9810:6289:8608::,8819aef2-1a40-4291-b4a4-bcc08c8a4b74,1,GAID,android
11/2/2024 20:52,148.227.93.129,8819aef2-1a40-4291-b4a4-bcc08c8a4b74,1,GAID,android
11/2/2024 20:53,2803:9810:6289:8608::,8819aef2-1a40-4291-b4a4-bcc08c8a4b74,1,GAID,android
11/2/2024 20:53,2803:9810:6289:8608::,8819aef2-1a40-4291-b4a4-bcc08c8a4b74,1,GAID,android
11/2/2024 20:54,148.227.93.129,8819aef2-1a40-4291-b4a4-bcc08c8a4b74,1,GAID,android
11/2/2024 20:55,148.227.93.129,8819aef2-1a40-4291-b4a4-bcc08c8a4b74,1,GAID,android
11/2/2024 20:55,2803:9810:6289:8608:9c1a:bfe5:7a80:7896,8819aef2-1a40-4291-b4a4-bcc08c8a4b74,1,GAID,android
11/2/2024 20:56,148.227.93.129,8819aef2-1a40-4291-b4a4-bcc08c8a4b74,1,GAID,android
11/2/2024 20:59,2803:9810:6289:8608::,8819aef2-1a40-4291-b4a4-bcc08c8a4b74,1,GAID,android
11/2/2024 21:00,148.227.93.129,8819aef2-1a40-4291-b4a4-bcc08c8a4b74,1,GAID,android
11/2/2024 21:02,2803:9810:6289:8608::,8819aef2-1a40-4291-b4a4-bcc08c8a4b74,1,GAID,android
11/2/2024 21:04,148.227.93.129,8819aef2-1a40-4291-b4a4-bcc08c8a4b74,1,GAID,android
11/2/2024 21:08,148.227.93.129,8819aef2-1a40-4291-b4a4-bcc08c8a4b74,1,GAID,android
11/2/2024 21:08,148.227.93.129,8819aef2-1a40-4291-b4a4-bcc08c8a4b74,1,GAID,android
11/2/2024 21:09,148.227.93.129,8819aef2-1a40-4291-b4a4-bcc08c8a4b74,1,GAID,android
11/2/2024 21:10,148.227.93.129,8819aef2-1a40-4291-b4a4-bcc08c8a4b74,1,GAID,android
11/2/2024 21:10,2803:9810:6289:8608::,8819aef2-1a40-4291-b4a4-bcc08c8a4b74,1,GAID,android
11/2/2024 21:35,148.227.93.129,8819aef2-1a40-4291-b4a4-bcc08c8a4b74,1,GAID,android
11/2/2024 21:42,148.227.93.129,8819aef2-1a40-4291-b4a4-bcc08c8a4b74,1,GAID,android
11/2/2024 21:44,148.227.93.129,8819aef2-1a40-4291-b4a4-bcc08c8a4b74,1,GAID,android
11/3/2024 10:04,148.227.93.129,8819aef2-1a40-4291-b4a4-bcc08c8a4b74,1,GAID,android
11/3/2024 10:05,148.227.93.129,8819aef2-1a40-4291-b4a4-bcc08c8a4b74,1,GAID,android
11/3/2024 10:24,148.227.93.129,8819aef2-1a40-4291-b4a4-bcc08c8a4b74,1,GAID,android
11/3/2024 10:27,148.227.93.129,8819aef2-1a40-4291-b4a4-bcc08c8a4b74,1,GAID,android
11/3/2024 10:32,148.227.93.129,8819aef2-1a40-4291-b4a4-bcc08c8a4b74,1,GAID,android
11/3/2024 10:38,148.227.93.129,8819aef2-1a40-4291-b4a4-bcc08c8a4b74,1,GAID,android
11/3/2024 10:40,148.227.93.129,8819aef2-1a40-4291-b4a4-bcc08c8a4b74,1,GAID,android
11/3/2024 10:42,148.227.93.129,8819aef2-1a40-4291-b4a4-bcc08c8a4b74,1,GAID,android
11/3/2024 10:42,2803:9810:6289:8608:9c1a:bfe5:7a80:7896,8819aef2-1a40-4291-b4a4-bcc08c8a4b74,1,GAID,android
11/3/2024 10:42,2803:9810:6289:8608::,8819aef2-1a40-4291-b4a4-bcc08c8a4b74,1,GAID,android
11/3/2024 10:43,148.227.93.129,8819aef2-1a40-4291-b4a4-bcc08c8a4b74,1,GAID,android
11/3/2024 10:43,148.227.93.129,8819aef2-1a40-4291-b4a4-bcc08c8a4b74,1,GAID,android
11/3/2024 10:44,148.227.93.129,8819aef2-1a40-4291-b4a4-bcc08c8a4b74,1,GAID,android
11/3/2024 10:44,2803:9810:6289:8608::,8819aef2-1a40-4291-b4a4-bcc08c8a4b74,1,GAID,android
11/3/2024 10:45,148.227.93.129,8819aef2-1a40-4291-b4a4-bcc08c8a4b74,1,GAID,android
11/3/2024 10:46,148.227.93.129,8819aef2-1a40-4291-b4a4-bcc08c8a4b74,1,GAID,android
11/3/2024 10:50,148.227.93.129,8819aef2-1a40-4291-b4a4-bcc08c8a4b74,1,GAID,android
11/3/2024 10:53,148.227.93.129,8819aef2-1a40-4291-b4a4-bcc08c8a4b74,1,GAID,android
11/3/2024 10:58,148.227.93.129,8819aef2-1a40-4291-b4a4-bcc08c8a4b74,1,GAID,android
10/5/2024 9:39,51.39.244.172,AAFK807KLUoAABmn5BDNiQ,3,WEB_ID,android
10/5/2024 9:40,51.39.244.145,AAFK807KLUoAABmn5BDNiQ,3,WEB_ID,android
10/6/2024 15:51,51.39.244.145,AAFK807KLUoAABmn5BDNiQ,3,WEB_ID,android
11/3/2024 13:29,148.227.93.129,8819aef2-1a40-4291-b4a4-bcc08c8a4b74,1,GAID,android
11/3/2024 13:40,148.227.93.129,8819aef2-1a40-4291-b4a4-bcc08c8a4b74,1,GAID,android
11/3/2024 13:47,148.227.93.129,8819aef2-1a40-4291-b4a4-bcc08c8a4b74,1,GAID,android
11/3/2024 13:51,148.227.93.129,8819aef2-1a40-4291-b4a4-bcc08c8a4b74,1,GAID,android
10/30/2024 17:12,148.227.92.140,f03bc630-b53b-42b1-8e24-670999ed9e3b,4,IDFA,ios
11/3/2024 14:13,2803:9810:6289:8608::,8819aef2-1a40-4291-b4a4-bcc08c8a4b74,1,GAID,android
11/3/2024 14:13,148.227.93.129,8819aef2-1a40-4291-b4a4-bcc08c8a4b74,1,GAID,android
11/3/2024 14:13,148.227.93.129,8819aef2-1a40-4291-b4a4-bcc08c8a4b74,1,GAID,android
10/6/2024 16:16,51.39.130.67,AAFK807KLUoAABmn5BDNiQ,3,WEB_ID,android
11/3/2024 14:35,148.227.93.129,8819aef2-1a40-4291-b4a4-bcc08c8a4b74,1,GAID,android
11/3/2024 14:37,148.227.93.129,8819aef2-1a40-4291-b4a4-bcc08c8a4b74,1,GAID,android
10/6/2024 16:25,2a02:cb80:4118:9f73::,AAFK807KLUoAABmn5BDNiQ,3,WEB_ID,android
10/6/2024 16:28,2a02:cb80:4118:97d0::,AAFK807KLUoAABmn5BDNiQ,3,WEB_ID,android
10/6/2024 16:32,2a02:cb80:4118:97d0::,AAFK807KLUoAABmn5BDNiQ,3,WEB_ID,android
10/6/2024 16:32,2a02:cb80:4118:97d0::,AAFK807KLUoAABmn5BDNiQ,3,WEB_ID,android
11/3/2024 14:50,148.227.93.129,8819aef2-1a40-4291-b4a4-bcc08c8a4b74,1,GAID,android
10/6/2024 16:39,2a02:cb80:4118:97d0::,AAFK807KLUoAABmn5BDNiQ,3,WEB_ID,android
11/3/2024 14:54,148.227.93.129,8819aef2-1a40-4291-b4a4-bcc08c8a4b74,1,GAID,android
10/7/2024 14:47,2a02:cb80:4118:97d0::,AAFK807KLUoAABmn5BDNiQ,3,WEB_ID,android
10/7/2024 14:47,51.39.130.67,AAFK807KLUoAABmn5BDNiQ,3,WEB_ID,android
11/14/2024 13:12,2a00:5400:f026::,377933c0-77e3-44e2-b1c8-0d09a4c18f8b,5,IDFA,ios
11/14/2024 13:12,2a00:5400:f026::,377933c0-77e3-44e2-b1c8-0d09a4c18f8b,5,IDFA,ios
10/7/2024 20:46,51.39.130.67,AAFK807KLUoAABmn5BDNiQ,3,WEB_ID,android
10/7/2024 20:53,2a02:cb80:4118:97d0::,AAFK807KLUoAABmn5BDNiQ,3,WEB_ID,android
10/7/2024 20:54,2a02:cb80:4118:97d0::,AAFK807KLUoAABmn5BDNiQ,3,WEB_ID,android
10/7/2024 21:03,2a02:cb80:4018:5dad::,AAFK807KLUoAABmn5BDNiQ,3,WEB_ID,android
10/7/2024 21:04,2a02:cb80:4018:5dad::,AAFK807KLUoAABmn5BDNiQ,3,WEB_ID,android
11/23/2024 15:38,2a00:5400:e053:b76::,AAKT707IOKgAAB_bLwHDew,6,WEB_ID,ios
10/8/2024 19:55,94.99.7.201,AABvrk7RhqwAABuvMhFb-w,3,WEB_ID,android
10/8/2024 19:55,94.99.7.201,AABvrk7RhqwAABuvMhFb-w,3,WEB_ID,android
10/8/2024 19:56,94.99.7.201,AABvrk7RhqwAABuvMhFb-w,3,WEB_ID,android
10/8/2024 19:56,94.99.7.201,AABvrk7RhqwAABuvMhFb-w,3,WEB_ID,android
10/8/2024 20:38,51.36.183.49,AABvrk7RhqwAABuvMhFb-w,3,WEB_ID,android
10/8/2024 20:38,51.36.183.49,AABvrk7RhqwAABuvMhFb-w,3,WEB_ID,android
10/8/2024 20:38,51.36.183.49,AABvrk7RhqwAABuvMhFb-w,3,WEB_ID,android
10/8/2024 20:38,51.36.183.49,AABvrk7RhqwAABuvMhFb-w,3,WEB_ID,android
10/8/2024 20:38,51.36.183.49,AABvrk7RhqwAABuvMhFb-w,3,WEB_ID,android
10/8/2024 20:38,51.36.183.49,AABvrk7RhqwAABuvMhFb-w,3,WEB_ID,android
10/8/2024 20:38,51.36.183.49,AABvrk7RhqwAABuvMhFb-w,3,WEB_ID,android
10/8/2024 20:38,51.36.183.49,AABvrk7RhqwAABuvMhFb-w,3,WEB_ID,android
11/3/2024 13:22,148.227.93.70,f03bc630-b53b-42b1-8e24-670999ed9e3b,4,IDFA,ios
11/25/2024 8:12,2a00:5400:f012::,AAKRGE7P9eIAABxfJkTLVA,7,WEB_ID,android
11/25/2024 8:13,2a00:5400:f012::,AAKRGE7P9eIAABxfJkTLVA,7,WEB_ID,android
11/25/2024 8:13,2a00:5400:f012::,AAKRGE7P9eIAABxfJkTLVA,7,WEB_ID,android
11/25/2024 8:14,2a00:5400:f012::,AAKRGE7P9eIAABxfJkTLVA,7,WEB_ID,android
11/25/2024 8:22,2a00:5400:f012::,AAKRGE7P9eIAABxfJkTLVA,7,WEB_ID,android
11/25/2024 8:24,2a00:5400:f012::,AAKRGE7P9eIAABxfJkTLVA,7,WEB_ID,android
11/25/2024 8:25,2a00:5400:f012::,AAKRGE7P9eIAABxfJkTLVA,7,WEB_ID,android
11/3/2024 15:30,148.227.93.157,8819aef2-1a40-4291-b4a4-bcc08c8a4b74,1,GAID,android
11/3/2024 15:30,2803:9810:6289:8608::,8819aef2-1a40-4291-b4a4-bcc08c8a4b74,1,GAID,android
11/25/2024 8:32,2a00:5400:f012::,AAKRGE7P9eIAABxfJkTLVA,7,WEB_ID,android
11/3/2024 15:33,2803:9810:6289:8608::,8819aef2-1a40-4291-b4a4-bcc08c8a4b74,1,GAID,android
11/3/2024 15:34,148.227.93.157,8819aef2-1a40-4291-b4a4-bcc08c8a4b74,1,GAID,android
11/3/2024 15:37,2803:9810:6289:8608::,8819aef2-1a40-4291-b4a4-bcc08c8a4b74,1,GAID,android
11/25/2024 8:36,2a00:5400:f012::,AAKRGE7P9eIAABxfJkTLVA,7,WEB_ID,android
11/3/2024 15:37,148.227.93.157,8819aef2-1a40-4291-b4a4-bcc08c8a4b74,1,GAID,android
11/21/2024 12:42,2a00:5400:f025::,377933c0-77e3-44e2-b1c8-0d09a4c18f8b,5,IDFA,ios
11/21/2024 12:42,2a00:5400:f025::,377933c0-77e3-44e2-b1c8-0d09a4c18f8b,5,IDFA,ios
11/21/2024 12:57,2a00:5400:f025::,d70be07e-05ff-4037-98c5-d059c20f4a1e,5,IDFA,ios
11/21/2024 12:57,2a00:5400:f025::,d70be07e-05ff-4037-98c5-d059c20f4a1e,5,IDFA,ios
11/25/2024 8:42,2a00:5400:f012::,AAKRGE7P9eIAABxfJkTLVA,7,WEB_ID,android
11/25/2024 8:42,2a00:5400:f012::,AAKRGE7P9eIAABxfJkTLVA,7,WEB_ID,android
11/25/2024 8:42,2a00:5400:f012::,AAKRGE7P9eIAABxfJkTLVA,7,WEB_ID,android
11/25/2024 8:43,2a00:5400:f012::,AAKRGE7P9eIAABxfJkTLVA,7,WEB_ID,android
11/25/2024 8:43,2a00:5400:e051::,AAFcvU7LIAoAABO-Xttw5A,7,WEB_ID,android
11/25/2024 8:45,2a00:5400:f012::,AAKRGE7P9eIAABxfJkTLVA,7,WEB_ID,android
11/25/2024 8:47,2a00:5400:f012::,AAKRGE7P9eIAABxfJkTLVA,7,WEB_ID,android
11/25/2024 8:47,2a00:5400:f012::,AAKRGE7P9eIAABxfJkTLVA,7,WEB_ID,android
11/25/2024 8:47,2a00:5400:f012::,AAKRGE7P9eIAABxfJkTLVA,7,WEB_ID,android
11/25/2024 8:47,2a00:5400:f012::,AAKRGE7P9eIAABxfJkTLVA,7,WEB_ID,android
11/25/2024 8:55,2a00:5400:e051::,AAFcvU7LIAoAABO-Xttw5A,7,WEB_ID,android
11/25/2024 8:57,2a00:5400:e051::,AAFcvU7LIAoAABO-Xttw5A,7,WEB_ID,android
11/25/2024 8:58,2a00:5400:e337::,AAA7PE7OD50AABQ_9xhR4Q,7,WEB_ID,android
11/3/2024 17:08,148.227.93.157,8819aef2-1a40-4291-b4a4-bcc08c8a4b74,1,GAID,android
11/25/2024 8:59,2a00:5400:e051::,AAFcvU7LIAoAABO-Xttw5A,7,WEB_ID,android
11/25/2024 9:00,2a00:5400:e051::,AAFcvU7LIAoAABO-Xttw5A,7,WEB_ID,android
11/25/2024 9:02,2a00:5400:e051::,AAFcvU7LIAoAABO-Xttw5A,7,WEB_ID,android
11/23/2024 16:15,2a00:5400:e053:b76:64c5:db3d:87e5:a874,AAKT707IOKgAAB_bLwHDew,6,WEB_ID,ios
11/25/2024 9:03,2a00:5400:e051::,AAFcvU7LIAoAABO-Xttw5A,7,WEB_ID,android
11/25/2024 9:04,2a00:5400:e051::,AAFcvU7LIAoAABO-Xttw5A,7,WEB_ID,android
11/25/2024 9:04,2a00:5400:e051::,AAFcvU7LIAoAABO-Xttw5A,7,WEB_ID,android
11/25/2024 9:04,2a00:5400:e051::,AAFcvU7LIAoAABO-Xttw5A,7,WEB_ID,android
11/25/2024 9:05,2a00:5400:e051::,AAFcvU7LIAoAABO-Xttw5A,7,WEB_ID,android
11/25/2024 9:05,2a00:5400:e051::,AAFcvU7LIAoAABO-Xttw5A,7,WEB_ID,android
11/25/2024 9:06,2a00:5400:e051::,AAFcvU7LIAoAABO-Xttw5A,7,WEB_ID,android
11/25/2024 9:06,2a00:5400:e051::,AAFcvU7LIAoAABO-Xttw5A,7,WEB_ID,android
11/25/2024 9:06,2a00:5400:e051::,AAFcvU7LIAoAABO-Xttw5A,7,WEB_ID,android
11/25/2024 9:07,2a00:5400:e051::,AAFcvU7LIAoAABO-Xttw5A,7,WEB_ID,android
11/25/2024 9:07,2a00:5400:e051::,AAFcvU7LIAoAABO-Xttw5A,7,WEB_ID,android
11/3/2024 17:16,148.227.93.157,8819aef2-1a40-4291-b4a4-bcc08c8a4b74,1,GAID,android
11/25/2024 9:07,2a00:5400:e051::,AAFcvU7LIAoAABO-Xttw5A,7,WEB_ID,android
11/25/2024 9:08,2a00:5400:e051::,AAFcvU7LIAoAABO-Xttw5A,7,WEB_ID,android
11/23/2024 16:21,2a00:5400:f025::,AALKVk7RajkAABv5BSiD8w,6,WEB_ID,android
11/23/2024 16:21,2a00:5400:f025::,AALKVk7RajkAABv5BSiD8w,6,WEB_ID,android
11/25/2024 9:09,2a00:5400:e051::,AAFcvU7LIAoAABO-Xttw5A,7,WEB_ID,android
11/25/2024 9:10,2a00:5400:e051::,AAFcvU7LIAoAABO-Xttw5A,7,WEB_ID,android
11/25/2024 9:10,2a00:5400:e051::,AAFcvU7LIAoAABO-Xttw5A,7,WEB_ID,android
11/25/2024 9:10,2a00:5400:e051::,AAFcvU7LIAoAABO-Xttw5A,7,WEB_ID,android
11/3/2024 17:19,148.227.93.157,8819aef2-1a40-4291-b4a4-bcc08c8a4b74,1,GAID,android
11/25/2024 9:11,2a00:5400:e051::,AAFcvU7LIAoAABO-Xttw5A,7,WEB_ID,android
11/25/2024 9:11,2a00:5400:e051::,AAFcvU7LIAoAABO-Xttw5A,7,WEB_ID,android
11/25/2024 9:11,2a00:5400:e051::,AAFcvU7LIAoAABO-Xttw5A,7,WEB_ID,android
11/23/2024 16:26,2a00:5400:e053:b76:64c5:db3d:87e5:a874,AAKT707IOKgAAB_bLwHDew,6,WEB_ID,ios
11/21/2024 13:35,2a00:5400:f025::,377933c0-77e3-44e2-b1c8-0d09a4c18f8b,5,IDFA,ios
11/21/2024 13:35,2a00:5400:f025::,377933c0-77e3-44e2-b1c8-0d09a4c18f8b,5,IDFA,ios
11/23/2024 16:30,2a00:5400:e053:b76:64c5:db3d:87e5:a874,AAKT707IOKgAAB_bLwHDew,6,WEB_ID,ios
11/23/2024 16:35,82.167.94.0,AAKT707IOKgAAB_bLwHDew,6,WEB_ID,ios
11/23/2024 16:36,2a00:5400:e053:b76::,AAKT707IOKgAAB_bLwHDew,6,WEB_ID,ios
11/3/2024 17:32,148.227.93.157,8819aef2-1a40-4291-b4a4-bcc08c8a4b74,1,GAID,android
11/23/2024 16:30,2a00:5400:e053:b76::,AAKT707IOKgAAB_bLwHDew,6,WEB_ID,ios
11/23/2024 16:30,2a00:5400:e053:b76:64c5:db3d:87e5:a874,AAKT707IOKgAAB_bLwHDew,6,WEB_ID,ios
11/4/2024 10:14,148.227.93.157,8819aef2-1a40-4291-b4a4-bcc08c8a4b74,1,GAID,android
11/23/2024 16:35,2a00:5400:e053:b76:64c5:db3d:87e5:a874,AAKT707IOKgAAB_bLwHDew,6,WEB_ID,ios
11/23/2024 16:36,2a00:5400:e053:b76::,AAKT707IOKgAAB_bLwHDew,6,WEB_ID,ios
11/4/2024 10:19,148.227.93.157,8819aef2-1a40-4291-b4a4-bcc08c8a4b74,1,GAID,android
11/23/2024 16:40,2a00:5400:e053:b76:64c5:db3d:87e5:a874,AAKT707IOKgAAB_bLwHDew,6,WEB_ID,ios
11/23/2024 16:41,2a00:5400:e053:b76:64c5:db3d:87e5:a874,AAKT707IOKgAAB_bLwHDew,6,WEB_ID,ios
11/4/2024 10:24,148.227.93.157,8819aef2-1a40-4291-b4a4-bcc08c8a4b74,1,GAID,android
11/4/2024 10:26,148.227.93.157,8819aef2-1a40-4291-b4a4-bcc08c8a4b74,1,GAID,android
11/23/2024 16:45,2a00:5400:e053:b76::,AAKT707IOKgAAB_bLwHDew,6,WEB_ID,ios
11/23/2024 16:45,2a00:5400:e053:b76:64c5:db3d:87e5:a874,AAKT707IOKgAAB_bLwHDew,6,WEB_ID,ios
11/23/2024 16:46,2a00:5400:e053:b76:64c5:db3d:87e5:a874,AAKT707IOKgAAB_bLwHDew,6,WEB_ID,ios
11/23/2024 16:48,2a00:5400:e053:b76:64c5:db3d:87e5:a874,AAKT707IOKgAAB_bLwHDew,6,WEB_ID,ios
11/23/2024 16:48,2a00:5400:e053:b76::,AAKT707IOKgAAB_bLwHDew,6,WEB_ID,ios
11/23/2024 16:50,2a00:5400:e053:b76:64c5:db3d:87e5:a874,AAKT707IOKgAAB_bLwHDew,6,WEB_ID,ios
11/23/2024 16:52,2a00:5400:e053:b76::,AAKT707IOKgAAB_bLwHDew,6,WEB_ID,ios
11/23/2024 16:55,2a00:5400:e053:b76:64c5:db3d:87e5:a874,AAKT707IOKgAAB_bLwHDew,6,WEB_ID,ios
11/4/2024 10:38,148.227.93.157,8819aef2-1a40-4291-b4a4-bcc08c8a4b74,1,GAID,android
11/23/2024 17:01,2a00:5400:e053:b76::,AAKT707IOKgAAB_bLwHDew,6,WEB_ID,ios
11/23/2024 17:02,2a00:5400:e053:b76:64c5:db3d:87e5:a874,AAKT707IOKgAAB_bLwHDew,6,WEB_ID,ios
11/23/2024 17:05,2a00:5400:e053:b76:64c5:db3d:87e5:a874,AAKT707IOKgAAB_bLwHDew,6,WEB_ID,ios
11/23/2024 17:05,2a00:5400:e053:b76:64c5:db3d:87e5:a874,AAKT707IOKgAAB_bLwHDew,6,WEB_ID,ios
11/4/2024 10:48,148.227.93.157,8819aef2-1a40-4291-b4a4-bcc08c8a4b74,1,GAID,android
11/4/2024 10:51,148.227.93.157,8819aef2-1a40-4291-b4a4-bcc08c8a4b74,1,GAID,android
11/23/2024 17:09,82.167.94.200,AAKT707IOKgAAB_bLwHDew,6,WEB_ID,ios
11/23/2024 17:10,2a00:5400:e053:b76:64c5:db3d:87e5:a874,AAKT707IOKgAAB_bLwHDew,6,WEB_ID,ios
11/23/2024 17:10,2a00:5400:e053:b76::,AAKT707IOKgAAB_bLwHDew,6,WEB_ID,ios
11/4/2024 10:58,148.227.93.157,8819aef2-1a40-4291-b4a4-bcc08c8a4b74,1,GAID,android
11/4/2024 11:02,148.227.93.157,8819aef2-1a40-4291-b4a4-bcc08c8a4b74,1,GAID,android
11/4/2024 11:07,148.227.93.157,8819aef2-1a40-4291-b4a4-bcc08c8a4b74,1,GAID,android
11/4/2024 15:37,148.227.93.157,8819aef2-1a40-4291-b4a4-bcc08c8a4b74,1,GAID,android
11/26/2024 18:51,2a00:5400:f025::,377933c0-77e3-44e2-b1c8-0d09a4c18f8b,5,IDFA,ios
11/26/2024 18:51,2a00:5400:f025::,377933c0-77e3-44e2-b1c8-0d09a4c18f8b,5,IDFA,ios
11/4/2024 15:45,148.227.93.157,8819aef2-1a40-4291-b4a4-bcc08c8a4b74,1,GAID,android
11/4/2024 15:46,148.227.93.157,8819aef2-1a40-4291-b4a4-bcc08c8a4b74,1,GAID,android
11/4/2024 16:05,148.227.93.157,8819aef2-1a40-4291-b4a4-bcc08c8a4b74,1,GAID,android
11/4/2024 16:09,148.227.93.157,8819aef2-1a40-4291-b4a4-bcc08c8a4b74,1,GAID,android
11/4/2024 16:17,148.227.93.157,8819aef2-1a40-4291-b4a4-bcc08c8a4b74,1,GAID,android
11/5/2024 10:23,148.227.93.157,8819aef2-1a40-4291-b4a4-bcc08c8a4b74,1,GAID,android
11/5/2024 10:29,148.227.93.157,8819aef2-1a40-4291-b4a4-bcc08c8a4b74,1,GAID,android
11/5/2024 10:31,148.227.93.157,8819aef2-1a40-4291-b4a4-bcc08c8a4b74,1,GAID,android
11/5/2024 10:47,148.227.93.157,8819aef2-1a40-4291-b4a4-bcc08c8a4b74,1,GAID,android
11/5/2024 10:52,148.227.93.157,8819aef2-1a40-4291-b4a4-bcc08c8a4b74,1,GAID,android
11/5/2024 10:58,148.227.93.157,8819aef2-1a40-4291-b4a4-bcc08c8a4b74,1,GAID,android
11/5/2024 11:02,148.227.93.157,8819aef2-1a40-4291-b4a4-bcc08c8a4b74,1,GAID,android
11/5/2024 11:08,148.227.93.157,8819aef2-1a40-4291-b4a4-bcc08c8a4b74,1,GAID,android
11/5/2024 11:13,148.227.93.157,8819aef2-1a40-4291-b4a4-bcc08c8a4b74,1,GAID,android
11/5/2024 11:16,148.227.93.157,8819aef2-1a40-4291-b4a4-bcc08c8a4b74,1,GAID,android
11/6/2024 14:58,148.227.93.157,8819aef2-1a40-4291-b4a4-bcc08c8a4b74,1,GAID,android
11/6/2024 15:06,148.227.93.157,8819aef2-1a40-4291-b4a4-bcc08c8a4b74,1,GAID,android
11/6/2024 15:16,148.227.93.157,8819aef2-1a40-4291-b4a4-bcc08c8a4b74,1,GAID,android
11/6/2024 15:22,148.227.93.157,8819aef2-1a40-4291-b4a4-bcc08c8a4b74,1,GAID,android
11/6/2024 15:25,148.227.93.157,8819aef2-1a40-4291-b4a4-bcc08c8a4b74,1,GAID,android
10/8/2024 20:41,51.39.245.174,AAFK807KLUoAABmn5BDNiQ,3,WEB_ID,android
10/8/2024 20:41,51.39.245.174,AAFK807KLUoAABmn5BDNiQ,3,WEB_ID,android
10/10/2024 20:30,51.39.245.174,AAFK807KLUoAABmn5BDNiQ,3,WEB_ID,android
10/10/2024 21:01,51.39.245.174,AAFK807KLUoAABmn5BDNiQ,3,WEB_ID,android
10/17/2024 14:48,51.39.245.174,AAFK807KLUoAABmn5BDNiQ,3,WEB_ID,android
10/21/2024 15:46,51.39.245.174,AAFK807KLUoAABmn5BDNiQ,3,WEB_ID,android
10/21/2024 20:06,2a02:cb80:4118:97d0::,AAFK807KLUoAABmn5BDNiQ,3,WEB_ID,android
11/23/2024 19:36,2a00:5400:f025::,AALKVk7RajkAABv5BSiD8w,6,WEB_ID,android
10/21/2024 20:24,37.224.235.0,AAHhFE7P8tUAAByFE9yEmA,3,WEB_ID,android
10/26/2024 15:34,2a02:cb80:4107::,AAHhFE7P8tUAAByFE9yEmA,3,WEB_ID,android
10/27/2024 14:10,51.36.158.141,AAFK807KLUoAABmn5BDNiQ,3,WEB_ID,android
10/27/2024 14:10,2a02:cb80:4107::,AAFK807KLUoAABmn5BDNiQ,3,WEB_ID,android
10/27/2024 14:18,51.36.158.141,AAFK807KLUoAABmn5BDNiQ,3,WEB_ID,android
10/27/2024 14:18,2a02:cb80:4107::,AAFK807KLUoAABmn5BDNiQ,3,WEB_ID,android
11/6/2024 20:24,2803:9810:6289:8608::,8819aef2-1a40-4291-b4a4-bcc08c8a4b74,1,GAID,android
11/6/2024 20:28,148.227.93.113,8819aef2-1a40-4291-b4a4-bcc08c8a4b74,1,GAID,android
11/6/2024 20:30,148.227.93.113,8819aef2-1a40-4291-b4a4-bcc08c8a4b74,1,GAID,android
11/6/2024 20:31,148.227.93.113,8819aef2-1a40-4291-b4a4-bcc08c8a4b74,1,GAID,android
11/6/2024 20:33,148.227.93.113,8819aef2-1a40-4291-b4a4-bcc08c8a4b74,1,GAID,android
11/6/2024 20:37,148.227.93.113,8819aef2-1a40-4291-b4a4-bcc08c8a4b74,1,GAID,android
11/6/2024 20:45,148.227.93.113,8819aef2-1a40-4291-b4a4-bcc08c8a4b74,1,GAID,android
11/6/2024 20:47,148.227.93.113,8819aef2-1a40-4291-b4a4-bcc08c8a4b74,1,GAID,android
11/6/2024 20:54,148.227.93.113,8819aef2-1a40-4291-b4a4-bcc08c8a4b74,1,GAID,android
11/6/2024 20:58,148.227.93.113,8819aef2-1a40-4291-b4a4-bcc08c8a4b74,1,GAID,android
11/7/2024 10:48,148.227.93.113,8819aef2-1a40-4291-b4a4-bcc08c8a4b74,1,GAID,android
11/7/2024 10:53,148.227.93.113,8819aef2-1a40-4291-b4a4-bcc08c8a4b74,1,GAID,android
10/28/2024 16:13,51.36.183.49,AAHhFE7P8tUAAByFE9yEmA,3,WEB_ID,android
10/28/2024 16:13,2a02:cb80:4107::,AAHhFE7P8tUAAByFE9yEmA,3,WEB_ID,android
11/7/2024 11:02,148.227.93.113,8819aef2-1a40-4291-b4a4-bcc08c8a4b74,1,GAID,android
10/28/2024 16:28,51.36.183.49,AAHhFE7P8tUAAByFE9yEmA,3,WEB_ID,android
10/28/2024 16:53,51.36.183.49,AAHhFE7P8tUAAByFE9yEmA,3,WEB_ID,android
10/28/2024 17:01,2a02:cb80:4107::,AAHhFE7P8tUAAByFE9yEmA,3,WEB_ID,android
11/8/2024 15:49,37.224.235.0,AAHhFE7P8tUAAByFE9yEmA,3,WEB_ID,android
11/8/2024 16:01,37.224.235.0,AAHhFE7P8tUAAByFE9yEmA,3,WEB_ID,android
11/8/2024 16:03,51.36.183.49,AAHhFE7P8tUAAByFE9yEmA,3,WEB_ID,android
11/8/2024 16:03,2a02:cb80:4107::,AAHhFE7P8tUAAByFE9yEmA,3,WEB_ID,android
11/8/2024 16:09,2a02:cb80:4107::,AAHhFE7P8tUAAByFE9yEmA,3,WEB_ID,android
11/8/2024 16:13,51.36.183.49,AAHhFE7P8tUAAByFE9yEmA,3,WEB_ID,android
11/8/2024 16:14,37.224.235.0,AAHhFE7P8tUAAByFE9yEmA,3,WEB_ID,android
11/8/2024 16:15,51.36.183.49,AAHhFE7P8tUAAByFE9yEmA,3,WEB_ID,android
11/8/2024 16:15,2a02:cb80:4107::,AAHhFE7P8tUAAByFE9yEmA,3,WEB_ID,android
11/7/2024 11:23,2803:9810:6289:8608::,8819aef2-1a40-4291-b4a4-bcc08c8a4b74,1,GAID,android
11/7/2024 11:23,148.227.93.158,8819aef2-1a40-4291-b4a4-bcc08c8a4b74,1,GAID,android
11/7/2024 11:29,148.227.93.158,8819aef2-1a40-4291-b4a4-bcc08c8a4b74,1,GAID,android
11/8/2024 16:25,51.36.156.19,AAFK807KLUoAABmn5BDNiQ,3,WEB_ID,android
11/8/2024 16:25,2a02:cb80:4107::,AAFK807KLUoAABmn5BDNiQ,3,WEB_ID,android
11/8/2024 16:26,2a02:cb80:4107::,AAFK807KLUoAABmn5BDNiQ,3,WEB_ID,android
11/7/2024 11:32,148.227.93.158,8819aef2-1a40-4291-b4a4-bcc08c8a4b74,1,GAID,android
11/7/2024 11:39,148.227.93.158,8819aef2-1a40-4291-b4a4-bcc08c8a4b74,1,GAID,android
11/7/2024 11:44,148.227.93.158,8819aef2-1a40-4291-b4a4-bcc08c8a4b74,1,GAID,android
11/7/2024 13:26,148.227.93.158,8819aef2-1a40-4291-b4a4-bcc08c8a4b74,1,GAID,android
11/7/2024 13:27,148.227.93.158,8819aef2-1a40-4291-b4a4-bcc08c8a4b74,1,GAID,android
11/7/2024 13:31,148.227.93.158,8819aef2-1a40-4291-b4a4-bcc08c8a4b74,1,GAID,android
11/7/2024 13:37,148.227.93.158,8819aef2-1a40-4291-b4a4-bcc08c8a4b74,1,GAID,android
11/7/2024 13:46,148.227.93.158,8819aef2-1a40-4291-b4a4-bcc08c8a4b74,1,GAID,android
11/7/2024 14:02,148.227.93.158,8819aef2-1a40-4291-b4a4-bcc08c8a4b74,1,GAID,android
11/7/2024 14:16,148.227.93.158,8819aef2-1a40-4291-b4a4-bcc08c8a4b74,1,GAID,android
11/7/2024 14:21,148.227.93.158,8819aef2-1a40-4291-b4a4-bcc08c8a4b74,1,GAID,android
11/7/2024 13:53,148.227.93.158,8819aef2-1a40-4291-b4a4-bcc08c8a4b74,1,GAID,android
11/7/2024 13:58,148.227.93.158,8819aef2-1a40-4291-b4a4-bcc08c8a4b74,1,GAID,android
11/7/2024 14:18,148.227.93.158,8819aef2-1a40-4291-b4a4-bcc08c8a4b74,1,GAID,android
11/7/2024 14:26,148.227.93.158,8819aef2-1a40-4291-b4a4-bcc08c8a4b74,1,GAID,android
11/7/2024 14:34,148.227.93.158,8819aef2-1a40-4291-b4a4-bcc08c8a4b74,1,GAID,android
11/7/2024 14:38,148.227.93.158,8819aef2-1a40-4291-b4a4-bcc08c8a4b74,1,GAID,android
11/7/2024 14:45,148.227.93.158,8819aef2-1a40-4291-b4a4-bcc08c8a4b74,1,GAID,android
11/7/2024 17:58,148.227.93.158,8819aef2-1a40-4291-b4a4-bcc08c8a4b74,1,GAID,android
11/7/2024 18:02,148.227.93.158,8819aef2-1a40-4291-b4a4-bcc08c8a4b74,1,GAID,android
11/7/2024 18:08,148.227.93.158,8819aef2-1a40-4291-b4a4-bcc08c8a4b74,1,GAID,android
11/7/2024 18:12,148.227.93.158,8819aef2-1a40-4291-b4a4-bcc08c8a4b74,1,GAID,android
11/7/2024 18:18,148.227.93.158,8819aef2-1a40-4291-b4a4-bcc08c8a4b74,1,GAID,android
11/7/2024 18:28,148.227.93.158,8819aef2-1a40-4291-b4a4-bcc08c8a4b74,1,GAID,android
11/7/2024 18:37,148.227.93.158,8819aef2-1a40-4291-b4a4-bcc08c8a4b74,1,GAID,android
11/7/2024 20:00,2803:9810:6289:8608::,8819aef2-1a40-4291-b4a4-bcc08c8a4b74,1,GAID,android
11/7/2024 20:02,148.227.93.158,8819aef2-1a40-4291-b4a4-bcc08c8a4b74,1,GAID,android
11/7/2024 20:07,148.227.93.158,8819aef2-1a40-4291-b4a4-bcc08c8a4b74,1,GAID,android
11/7/2024 20:08,148.227.93.158,8819aef2-1a40-4291-b4a4-bcc08c8a4b74,1,GAID,android
11/7/2024 20:28,148.227.93.158,8819aef2-1a40-4291-b4a4-bcc08c8a4b74,1,GAID,android
11/7/2024 20:31,2803:9810:6289:8608::,8819aef2-1a40-4291-b4a4-bcc08c8a4b74,1,GAID,android
11/7/2024 20:32,148.227.93.158,8819aef2-1a40-4291-b4a4-bcc08c8a4b74,1,GAID,android
11/7/2024 20:33,2803:9810:6289:8608::,8819aef2-1a40-4291-b4a4-bcc08c8a4b74,1,GAID,android
11/7/2024 20:36,2803:9810:6289:8608::,8819aef2-1a40-4291-b4a4-bcc08c8a4b74,1,GAID,android
11/7/2024 20:37,148.227.93.158,8819aef2-1a40-4291-b4a4-bcc08c8a4b74,1,GAID,android
11/7/2024 20:37,2803:9810:6289:8608::,8819aef2-1a40-4291-b4a4-bcc08c8a4b74,1,GAID,android
11/7/2024 20:37,148.227.93.158,8819aef2-1a40-4291-b4a4-bcc08c8a4b74,1,GAID,android
11/7/2024 20:40,148.227.93.158,8819aef2-1a40-4291-b4a4-bcc08c8a4b74,1,GAID,android
11/7/2024 20:41,2803:9810:6289:8608::,8819aef2-1a40-4291-b4a4-bcc08c8a4b74,1,GAID,android
11/7/2024 20:41,2803:9810:6289:8608::,8819aef2-1a40-4291-b4a4-bcc08c8a4b74,1,GAID,android
11/7/2024 20:42,148.227.93.158,8819aef2-1a40-4291-b4a4-bcc08c8a4b74,1,GAID,android
11/7/2024 20:44,148.227.93.158,8819aef2-1a40-4291-b4a4-bcc08c8a4b74,1,GAID,android
11/7/2024 20:44,2803:9810:6289:8608::,8819aef2-1a40-4291-b4a4-bcc08c8a4b74,1,GAID,android
11/7/2024 20:44,2803:9810:6289:8608::,8819aef2-1a40-4291-b4a4-bcc08c8a4b74,1,GAID,android
11/7/2024 20:45,148.227.93.158,8819aef2-1a40-4291-b4a4-bcc08c8a4b74,1,GAID,android
11/7/2024 20:48,2803:9810:6289:8608::,8819aef2-1a40-4291-b4a4-bcc08c8a4b74,1,GAID,android
11/7/2024 20:52,148.227.93.158,8819aef2-1a40-4291-b4a4-bcc08c8a4b74,1,GAID,android
11/7/2024 20:56,2803:9810:6289:8608::,8819aef2-1a40-4291-b4a4-bcc08c8a4b74,1,GAID,android
11/7/2024 20:57,148.227.93.158,8819aef2-1a40-4291-b4a4-bcc08c8a4b74,1,GAID,android
11/8/2024 12:21,2803:9810:6289:8608::,8819aef2-1a40-4291-b4a4-bcc08c8a4b74,1,GAID,android
11/8/2024 12:25,148.227.93.158,8819aef2-1a40-4291-b4a4-bcc08c8a4b74,1,GAID,android
11/8/2024 12:29,148.227.93.158,8819aef2-1a40-4291-b4a4-bcc08c8a4b74,1,GAID,android
11/8/2024 12:34,148.227.93.158,8819aef2-1a40-4291-b4a4-bcc08c8a4b74,1,GAID,android
11/8/2024 12:41,148.227.93.158,8819aef2-1a40-4291-b4a4-bcc08c8a4b74,1,GAID,android
11/25/2024 9:50,2a00:5400:e337::,AAA7PE7OD50AABQ_9xhR4Q,7,WEB_ID,android
11/8/2024 12:55,148.227.93.158,8819aef2-1a40-4291-b4a4-bcc08c8a4b74,1,GAID,android
11/8/2024 13:09,148.227.93.158,8819aef2-1a40-4291-b4a4-bcc08c8a4b74,1,GAID,android
11/8/2024 13:12,148.227.93.158,8819aef2-1a40-4291-b4a4-bcc08c8a4b74,1,GAID,android
11/8/2024 14:24,148.227.93.158,8819aef2-1a40-4291-b4a4-bcc08c8a4b74,1,GAID,android
11/8/2024 14:33,148.227.93.158,8819aef2-1a40-4291-b4a4-bcc08c8a4b74,1,GAID,android
11/25/2024 9:59,2a00:5400:e051::,AAFcvU7LIAoAABO-Xttw5A,7,WEB_ID,android
11/25/2024 10:00,2a00:5400:e051::,AAFcvU7LIAoAABO-Xttw5A,7,WEB_ID,android
11/25/2024 10:00,2a00:5400:e051::,AAFcvU7LIAoAABO-Xttw5A,7,WEB_ID,android
11/25/2024 10:00,2a00:5400:e051::,AAFcvU7LIAoAABO-Xttw5A,7,WEB_ID,android
11/25/2024 10:09,2a00:5400:e051::,AAFcvU7LIAoAABO-Xttw5A,7,WEB_ID,android
11/25/2024 10:21,2a00:5400:e051::,AAFcvU7LIAoAABO-Xttw5A,7,WEB_ID,android
11/25/2024 10:23,2a00:5400:e051::,AAFcvU7LIAoAABO-Xttw5A,7,WEB_ID,android
11/25/2024 10:23,2a00:5400:e051::,AAFcvU7LIAoAABO-Xttw5A,7,WEB_ID,android
11/25/2024 10:25,2a00:5400:e051::,AAFcvU7LIAoAABO-Xttw5A,7,WEB_ID,android
11/25/2024 10:28,2a00:5400:e051::,AAFcvU7LIAoAABO-Xttw5A,7,WEB_ID,android
11/8/2024 14:37,2803:9810:6289:8608::,8819aef2-1a40-4291-b4a4-bcc08c8a4b74,1,GAID,android
11/8/2024 14:38,148.227.93.158,8819aef2-1a40-4291-b4a4-bcc08c8a4b74,1,GAID,android
11/8/2024 14:39,148.227.93.158,8819aef2-1a40-4291-b4a4-bcc08c8a4b74,1,GAID,android
11/8/2024 14:46,148.227.93.158,8819aef2-1a40-4291-b4a4-bcc08c8a4b74,1,GAID,android
11/8/2024 15:03,148.227.93.158,8819aef2-1a40-4291-b4a4-bcc08c8a4b74,1,GAID,android
11/8/2024 15:05,148.227.93.158,8819aef2-1a40-4291-b4a4-bcc08c8a4b74,1,GAID,android
11/25/2024 10:29,2a00:5400:f012::,AAKRGE7P9eIAABxfJkTLVA,7,WEB_ID,android
11/25/2024 10:31,2a00:5400:f012::,AAKRGE7P9eIAABxfJkTLVA,7,WEB_ID,android
11/25/2024 10:32,2a00:5400:f012::,AAKRGE7P9eIAABxfJkTLVA,7,WEB_ID,android
11/25/2024 10:34,2a00:5400:f012::,AAKRGE7P9eIAABxfJkTLVA,7,WEB_ID,android
11/25/2024 10:34,2a00:5400:f012::,AAKRGE7P9eIAABxfJkTLVA,7,WEB_ID,android
11/25/2024 10:34,2a00:5400:f012::,AAKRGE7P9eIAABxfJkTLVA,7,WEB_ID,android
11/25/2024 10:35,2a00:5400:f012::,AAKRGE7P9eIAABxfJkTLVA,7,WEB_ID,android
11/25/2024 10:35,2a00:5400:f012::,AAKRGE7P9eIAABxfJkTLVA,7,WEB_ID,android
11/25/2024 10:35,2a00:5400:f012::,AAKRGE7P9eIAABxfJkTLVA,7,WEB_ID,android
11/25/2024 10:36,2a00:5400:f012::,AAKRGE7P9eIAABxfJkTLVA,7,WEB_ID,android
11/8/2024 15:14,148.227.93.158,8819aef2-1a40-4291-b4a4-bcc08c8a4b74,1,GAID,android
11/8/2024 15:17,148.227.93.158,8819aef2-1a40-4291-b4a4-bcc08c8a4b74,1,GAID,android
11/25/2024 10:41,2a00:5400:f012::,AAKRGE7P9eIAABxfJkTLVA,7,WEB_ID,android
11/25/2024 10:41,2a00:5400:f012::,AAKRGE7P9eIAABxfJkTLVA,7,WEB_ID,android
11/25/2024 10:41,2a00:5400:f012::,AAKRGE7P9eIAABxfJkTLVA,7,WEB_ID,android
11/25/2024 10:41,2a00:5400:f012::,AAKRGE7P9eIAABxfJkTLVA,7,WEB_ID,android
11/25/2024 10:41,2a00:5400:f012::,AAKRGE7P9eIAABxfJkTLVA,7,WEB_ID,android
11/25/2024 10:41,2a00:5400:f012::,AAKRGE7P9eIAABxfJkTLVA,7,WEB_ID,android
11/25/2024 10:41,2a00:5400:f012::,AAKRGE7P9eIAABxfJkTLVA,7,WEB_ID,android
11/25/2024 10:42,2a00:5400:f012::,AAKRGE7P9eIAABxfJkTLVA,7,WEB_ID,android
11/25/2024 10:43,2a00:5400:f012::,AAKRGE7P9eIAABxfJkTLVA,7,WEB_ID,android
11/25/2024 10:43,2a00:5400:f012::,AAKRGE7P9eIAABxfJkTLVA,7,WEB_ID,android
11/25/2024 10:44,2a00:5400:f012::,AAKRGE7P9eIAABxfJkTLVA,7,WEB_ID,android
11/25/2024 10:44,2a00:5400:f012::,AAKRGE7P9eIAABxfJkTLVA,7,WEB_ID,android
11/25/2024 10:44,2a00:5400:f012::,AAKRGE7P9eIAABxfJkTLVA,7,WEB_ID,android
11/25/2024 10:45,2a00:5400:f012::,AAKRGE7P9eIAABxfJkTLVA,7,WEB_ID,android
11/25/2024 10:57,2a00:5400:f012::,AAKRGE7P9eIAABxfJkTLVA,7,WEB_ID,android
11/9/2024 8:47,148.227.93.158,8819aef2-1a40-4291-b4a4-bcc08c8a4b74,1,GAID,android
11/25/2024 11:03,2a00:5400:f012::,AAKRGE7P9eIAABxfJkTLVA,7,WEB_ID,android
11/9/2024 8:50,148.227.93.158,8819aef2-1a40-4291-b4a4-bcc08c8a4b74,1,GAID,android
11/25/2024 11:03,2a00:5400:f012::,AAKRGE7P9eIAABxfJkTLVA,7,WEB_ID,android
11/25/2024 11:04,2a00:5400:f012::,AAKRGE7P9eIAABxfJkTLVA,7,WEB_ID,android
11/9/2024 8:56,148.227.93.158,8819aef2-1a40-4291-b4a4-bcc08c8a4b74,1,GAID,android
11/25/2024 11:10,2a00:5400:f012::,AAKRGE7P9eIAABxfJkTLVA,7,WEB_ID,android
11/9/2024 9:00,148.227.93.158,8819aef2-1a40-4291-b4a4-bcc08c8a4b74,1,GAID,android
11/25/2024 11:14,2a00:5400:f012::,AAKRGE7P9eIAABxfJkTLVA,7,WEB_ID,android
11/25/2024 11:15,2a00:5400:f012::,AAKRGE7P9eIAABxfJkTLVA,7,WEB_ID,android
11/25/2024 11:15,2a00:5400:f012::,AAKRGE7P9eIAABxfJkTLVA,7,WEB_ID,android
11/25/2024 11:15,2a00:5400:f012::,AAKRGE7P9eIAABxfJkTLVA,7,WEB_ID,android
11/11/2024 18:02,51.39.128.22,AAFK807KLUoAABmn5BDNiQ,3,WEB_ID,android
11/25/2024 11:18,2a00:5400:f012::,AAKRGE7P9eIAABxfJkTLVA,7,WEB_ID,android
11/25/2024 11:18,2a00:5400:f012::,AAKRGE7P9eIAABxfJkTLVA,7,WEB_ID,android
11/9/2024 9:08,148.227.93.158,8819aef2-1a40-4291-b4a4-bcc08c8a4b74,1,GAID,android
11/9/2024 9:17,148.227.93.158,8819aef2-1a40-4291-b4a4-bcc08c8a4b74,1,GAID,android
11/9/2024 9:22,148.227.93.158,8819aef2-1a40-4291-b4a4-bcc08c8a4b74,1,GAID,android
11/9/2024 9:23,148.227.93.158,8819aef2-1a40-4291-b4a4-bcc08c8a4b74,1,GAID,android
11/9/2024 9:37,148.227.93.158,8819aef2-1a40-4291-b4a4-bcc08c8a4b74,1,GAID,android
11/9/2024 9:38,148.227.93.158,8819aef2-1a40-4291-b4a4-bcc08c8a4b74,1,GAID,android
11/9/2024 15:25,148.227.93.158,8819aef2-1a40-4291-b4a4-bcc08c8a4b74,1,GAID,android
11/9/2024 15:40,148.227.93.158,8819aef2-1a40-4291-b4a4-bcc08c8a4b74,1,GAID,android
11/9/2024 15:42,148.227.93.158,8819aef2-1a40-4291-b4a4-bcc08c8a4b74,1,GAID,android
11/9/2024 15:48,148.227.93.158,8819aef2-1a40-4291-b4a4-bcc08c8a4b74,1,GAID,android
11/9/2024 15:53,148.227.93.158,8819aef2-1a40-4291-b4a4-bcc08c8a4b74,1,GAID,android
11/9/2024 15:55,148.227.93.158,8819aef2-1a40-4291-b4a4-bcc08c8a4b74,1,GAID,android
11/11/2024 18:21,51.39.128.22,AAFK807KLUoAABmn5BDNiQ,3,WEB_ID,android
11/11/2024 18:21,51.39.128.127,AAFK807KLUoAABmn5BDNiQ,3,WEB_ID,android
11/11/2024 18:22,51.39.128.127,AAFK807KLUoAABmn5BDNiQ,3,WEB_ID,android
11/9/2024 16:02,148.227.93.158,8819aef2-1a40-4291-b4a4-bcc08c8a4b74,1,GAID,android
11/11/2024 18:24,51.39.128.127,AAFK807KLUoAABmn5BDNiQ,3,WEB_ID,android
11/11/2024 18:24,51.39.128.127,AAFK807KLUoAABmn5BDNiQ,3,WEB_ID,android
11/9/2024 16:07,148.227.93.158,8819aef2-1a40-4291-b4a4-bcc08c8a4b74,1,GAID,android
11/11/2024 18:32,51.39.128.127,AAFK807KLUoAABmn5BDNiQ,3,WEB_ID,android
11/11/2024 18:32,51.39.128.127,AAFK807KLUoAABmn5BDNiQ,3,WEB_ID,android
11/11/2024 18:33,51.39.128.127,AAFK807KLUoAABmn5BDNiQ,3,WEB_ID,android
11/11/2024 18:35,51.39.128.127,AAFK807KLUoAABmn5BDNiQ,3,WEB_ID,android
11/11/2024 18:35,51.39.128.127,AAFK807KLUoAABmn5BDNiQ,3,WEB_ID,android
11/9/2024 17:04,148.227.93.158,8819aef2-1a40-4291-b4a4-bcc08c8a4b74,1,GAID,android
11/9/2024 17:11,148.227.93.158,8819aef2-1a40-4291-b4a4-bcc08c8a4b74,1,GAID,android
11/9/2024 17:16,148.227.93.158,8819aef2-1a40-4291-b4a4-bcc08c8a4b74,1,GAID,android
11/9/2024 17:21,148.227.93.158,8819aef2-1a40-4291-b4a4-bcc08c8a4b74,1,GAID,android
11/9/2024 17:24,148.227.93.158,8819aef2-1a40-4291-b4a4-bcc08c8a4b74,1,GAID,android
11/25/2024 11:44,2a00:5400:e051::,AAFcvU7LIAoAABO-Xttw5A,7,WEB_ID,android
11/25/2024 11:46,2a00:5400:e051::,AAFcvU7LIAoAABO-Xttw5A,7,WEB_ID,android
11/25/2024 12:16,2a00:5400:e051::,AAFcvU7LIAoAABO-Xttw5A,7,WEB_ID,android
11/25/2024 12:20,2a00:5400:e051::,AAFcvU7LIAoAABO-Xttw5A,7,WEB_ID,android
11/16/2024 9:43,51.39.128.127,AAFK807KLUoAABmn5BDNiQ,3,WEB_ID,android
11/16/2024 9:43,2a02:cb80:4018:5dad::,AAFK807KLUoAABmn5BDNiQ,3,WEB_ID,android
11/25/2024 12:31,2a00:5400:e337::,AAA7PE7OD50AABQ_9xhR4Q,7,WEB_ID,android
11/24/2024 12:28,82.167.94.200,AAKT707IOKgAAB_bLwHDew,6,WEB_ID,ios
11/24/2024 12:33,2a00:5400:e053:b76:71d6:ae9c:3df7:aced,AAKT707IOKgAAB_bLwHDew,6,WEB_ID,ios
11/24/2024 12:36,2a00:5400:e053:b76:71d6:ae9c:3df7:aced,AAKT707IOKgAAB_bLwHDew,6,WEB_ID,ios
11/16/2024 10:18,94.99.7.201,AABvrk7RhqwAABuvMhFb-w,3,WEB_ID,android
11/16/2024 10:18,94.99.7.201,AABvrk7RhqwAABuvMhFb-w,3,WEB_ID,android
11/24/2024 12:40,2a00:5400:e053:b76:71d6:ae9c:3df7:aced,AAKT707IOKgAAB_bLwHDew,6,WEB_ID,ios
11/24/2024 12:55,2a00:5400:e053:b76::,AAKT707IOKgAAB_bLwHDew,6,WEB_ID,ios
11/16/2024 10:28,94.99.7.201,AABvrk7RhqwAABuvMhFb-w,3,WEB_ID,android
11/16/2024 10:28,94.99.7.201,AABvrk7RhqwAABuvMhFb-w,3,WEB_ID,android
11/16/2024 11:54,51.36.183.49,AABvrk7RhqwAABuvMhFb-w,3,WEB_ID,android
11/16/2024 11:54,51.36.183.49,AABvrk7RhqwAABuvMhFb-w,3,WEB_ID,android
11/9/2024 17:50,148.227.93.158,8819aef2-1a40-4291-b4a4-bcc08c8a4b74,1,GAID,android
11/9/2024 17:53,148.227.93.158,8819aef2-1a40-4291-b4a4-bcc08c8a4b74,1,GAID,android
11/25/2024 13:20,2a00:5400:e051::,AAFcvU7LIAoAABO-Xttw5A,7,WEB_ID,android
11/25/2024 13:20,2a00:5400:e051::,AAFcvU7LIAoAABO-Xttw5A,7,WEB_ID,android
11/25/2024 13:24,2a00:5400:e051::,AAFcvU7LIAoAABO-Xttw5A,7,WEB_ID,android
11/25/2024 13:24,2a00:5400:e051::,AAFcvU7LIAoAABO-Xttw5A,7,WEB_ID,android
11/25/2024 13:24,2a00:5400:e051::,AAFcvU7LIAoAABO-Xttw5A,7,WEB_ID,android
11/25/2024 13:25,2a00:5400:e051::,AAFcvU7LIAoAABO-Xttw5A,7,WEB_ID,android
11/25/2024 13:25,2a00:5400:e051::,AAFcvU7LIAoAABO-Xttw5A,7,WEB_ID,android
11/25/2024 13:25,2a00:5400:e051::,AAFcvU7LIAoAABO-Xttw5A,7,WEB_ID,android
11/25/2024 13:26,2a00:5400:e051::,AAFcvU7LIAoAABO-Xttw5A,7,WEB_ID,android
11/25/2024 14:00,2a00:5400:e051::,AAFcvU7LIAoAABO-Xttw5A,7,WEB_ID,android
11/25/2024 14:12,2a00:5400:e051::,AAFcvU7LIAoAABO-Xttw5A,7,WEB_ID,android
11/25/2024 14:12,2a00:5400:e051::,AAFcvU7LIAoAABO-Xttw5A,7,WEB_ID,android
11/25/2024 14:12,2a00:5400:e051::,AAFcvU7LIAoAABO-Xttw5A,7,WEB_ID,android
11/9/2024 18:13,148.227.93.158,8819aef2-1a40-4291-b4a4-bcc08c8a4b74,1,GAID,android
11/9/2024 18:15,148.227.93.158,8819aef2-1a40-4291-b4a4-bcc08c8a4b74,1,GAID,android
11/9/2024 18:26,148.227.93.158,8819aef2-1a40-4291-b4a4-bcc08c8a4b74,1,GAID,android
11/9/2024 18:32,148.227.93.158,8819aef2-1a40-4291-b4a4-bcc08c8a4b74,1,GAID,android
11/9/2024 18:43,148.227.93.158,8819aef2-1a40-4291-b4a4-bcc08c8a4b74,1,GAID,android
11/9/2024 18:47,148.227.93.158,8819aef2-1a40-4291-b4a4-bcc08c8a4b74,1,GAID,android
11/9/2024 18:48,148.227.93.158,8819aef2-1a40-4291-b4a4-bcc08c8a4b74,1,GAID,android
11/9/2024 18:50,148.227.93.158,8819aef2-1a40-4291-b4a4-bcc08c8a4b74,1,GAID,android
11/9/2024 19:31,148.227.93.158,8819aef2-1a40-4291-b4a4-bcc08c8a4b74,1,GAID,android
11/9/2024 19:33,148.227.93.158,8819aef2-1a40-4291-b4a4-bcc08c8a4b74,1,GAID,android
11/9/2024 19:46,148.227.93.158,8819aef2-1a40-4291-b4a4-bcc08c8a4b74,1,GAID,android
11/9/2024 19:49,148.227.93.158,8819aef2-1a40-4291-b4a4-bcc08c8a4b74,1,GAID,android
11/9/2024 19:50,2803:9810:6289:8608::,8819aef2-1a40-4291-b4a4-bcc08c8a4b74,1,GAID,android
11/16/2024 12:11,2a02:cb80:4166:7754:acbd:1645:1bd6:ed61,AABvrk7RhqwAABuvMhFb-w,3,WEB_ID,android
11/16/2024 12:11,2a02:cb80:4166:7754:acbd:1645:1bd6:ed61,AABvrk7RhqwAABuvMhFb-w,3,WEB_ID,android
11/16/2024 12:11,2a02:cb80:4166:7754::,AABvrk7RhqwAABuvMhFb-w,3,WEB_ID,android
11/16/2024 12:11,2a02:cb80:4166:7754::,AABvrk7RhqwAABuvMhFb-w,3,WEB_ID,android
11/16/2024 12:11,2a02:cb80:4166:7754::,AABvrk7RhqwAABuvMhFb-w,3,WEB_ID,android
11/16/2024 12:11,2a02:cb80:4166:7754::,AABvrk7RhqwAABuvMhFb-w,3,WEB_ID,android
11/16/2024 12:21,51.36.249.73,AAFK807KLUoAABmn5BDNiQ,3,WEB_ID,android
11/16/2024 12:21,51.36.249.73,AAFK807KLUoAABmn5BDNiQ,3,WEB_ID,android
11/16/2024 12:21,51.36.249.73,AAFK807KLUoAABmn5BDNiQ,3,WEB_ID,android
11/16/2024 12:22,51.36.249.73,AAFK807KLUoAABmn5BDNiQ,3,WEB_ID,android
11/22/2024 16:15,51.36.249.73,AAFK807KLUoAABmn5BDNiQ,3,WEB_ID,android
11/9/2024 20:26,148.227.93.158,8819aef2-1a40-4291-b4a4-bcc08c8a4b74,1,GAID,android
11/9/2024 20:27,148.227.93.158,8819aef2-1a40-4291-b4a4-bcc08c8a4b74,1,GAID,android
11/9/2024 20:27,2803:9810:6289:8608::,8819aef2-1a40-4291-b4a4-bcc08c8a4b74,1,GAID,android
11/9/2024 20:27,2803:9810:6289:8608::,8819aef2-1a40-4291-b4a4-bcc08c8a4b74,1,GAID,android
11/22/2024 16:19,51.36.249.73,AAFK807KLUoAABmn5BDNiQ,3,WEB_ID,android
11/9/2024 20:28,148.227.93.158,8819aef2-1a40-4291-b4a4-bcc08c8a4b74,1,GAID,android
11/9/2024 20:28,148.227.93.158,8819aef2-1a40-4291-b4a4-bcc08c8a4b74,1,GAID,android
11/9/2024 20:29,148.227.93.158,8819aef2-1a40-4291-b4a4-bcc08c8a4b74,1,GAID,android
11/9/2024 20:29,148.227.93.158,8819aef2-1a40-4291-b4a4-bcc08c8a4b74,1,GAID,android
11/9/2024 20:30,148.227.93.158,8819aef2-1a40-4291-b4a4-bcc08c8a4b74,1,GAID,android
11/22/2024 16:21,51.36.249.73,AAFK807KLUoAABmn5BDNiQ,3,WEB_ID,android
11/9/2024 20:30,148.227.93.158,8819aef2-1a40-4291-b4a4-bcc08c8a4b74,1,GAID,android
11/22/2024 16:22,51.36.249.73,AAFK807KLUoAABmn5BDNiQ,3,WEB_ID,android
11/9/2024 20:32,148.227.93.158,8819aef2-1a40-4291-b4a4-bcc08c8a4b74,1,GAID,android
11/9/2024 20:35,148.227.93.158,8819aef2-1a40-4291-b4a4-bcc08c8a4b74,1,GAID,android
11/9/2024 20:36,148.227.93.158,8819aef2-1a40-4291-b4a4-bcc08c8a4b74,1,GAID,android
11/9/2024 20:37,148.227.93.158,8819aef2-1a40-4291-b4a4-bcc08c8a4b74,1,GAID,android
11/9/2024 20:39,148.227.93.158,8819aef2-1a40-4291-b4a4-bcc08c8a4b74,1,GAID,android
11/9/2024 20:40,148.227.93.158,8819aef2-1a40-4291-b4a4-bcc08c8a4b74,1,GAID,android
11/9/2024 20:44,148.227.93.158,8819aef2-1a40-4291-b4a4-bcc08c8a4b74,1,GAID,android
11/9/2024 20:44,148.227.93.158,8819aef2-1a40-4291-b4a4-bcc08c8a4b74,1,GAID,android
11/9/2024 20:47,2803:9810:6289:8608:28c2:9b6c:6269:7ca1,8819aef2-1a40-4291-b4a4-bcc08c8a4b74,1,GAID,android
11/9/2024 20:49,148.227.93.158,8819aef2-1a40-4291-b4a4-bcc08c8a4b74,1,GAID,android
11/9/2024 20:50,148.227.93.158,8819aef2-1a40-4291-b4a4-bcc08c8a4b74,1,GAID,android
11/9/2024 20:53,148.227.93.158,8819aef2-1a40-4291-b4a4-bcc08c8a4b74,1,GAID,android
11/9/2024 20:58,148.227.93.158,8819aef2-1a40-4291-b4a4-bcc08c8a4b74,1,GAID,android
11/9/2024 20:59,148.227.93.158,8819aef2-1a40-4291-b4a4-bcc08c8a4b74,1,GAID,android
11/9/2024 21:07,148.227.93.158,8819aef2-1a40-4291-b4a4-bcc08c8a4b74,1,GAID,android
11/22/2024 16:58,2a02:cb80:4019::,AAFK807KLUoAABmn5BDNiQ,3,WEB_ID,android
11/22/2024 17:02,2a02:cb80:4019::,AAFK807KLUoAABmn5BDNiQ,3,WEB_ID,android
11/9/2024 21:12,148.227.93.158,8819aef2-1a40-4291-b4a4-bcc08c8a4b74,1,GAID,android
11/9/2024 21:18,148.227.93.158,8819aef2-1a40-4291-b4a4-bcc08c8a4b74,1,GAID,android
11/9/2024 21:23,148.227.93.158,8819aef2-1a40-4291-b4a4-bcc08c8a4b74,1,GAID,android
11/10/2024 9:46,148.227.93.158,8819aef2-1a40-4291-b4a4-bcc08c8a4b74,1,GAID,android
11/10/2024 9:53,148.227.93.158,8819aef2-1a40-4291-b4a4-bcc08c8a4b74,1,GAID,android
11/10/2024 9:55,2803:9810:6289:8608::,8819aef2-1a40-4291-b4a4-bcc08c8a4b74,1,GAID,android
11/10/2024 9:56,148.227.93.158,8819aef2-1a40-4291-b4a4-bcc08c8a4b74,1,GAID,android
11/10/2024 9:57,148.227.93.158,8819aef2-1a40-4291-b4a4-bcc08c8a4b74,1,GAID,android
11/10/2024 10:00,148.227.93.158,8819aef2-1a40-4291-b4a4-bcc08c8a4b74,1,GAID,android
11/10/2024 10:02,148.227.93.158,8819aef2-1a40-4291-b4a4-bcc08c8a4b74,1,GAID,android
11/10/2024 10:02,2803:9810:6289:8608::,8819aef2-1a40-4291-b4a4-bcc08c8a4b74,1,GAID,android
11/10/2024 10:02,148.227.93.158,8819aef2-1a40-4291-b4a4-bcc08c8a4b74,1,GAID,android
11/10/2024 10:02,148.227.93.158,8819aef2-1a40-4291-b4a4-bcc08c8a4b74,1,GAID,android
11/10/2024 10:08,148.227.93.158,8819aef2-1a40-4291-b4a4-bcc08c8a4b74,1,GAID,android
11/10/2024 10:08,148.227.93.158,8819aef2-1a40-4291-b4a4-bcc08c8a4b74,1,GAID,android
11/10/2024 10:11,148.227.93.90,8819aef2-1a40-4291-b4a4-bcc08c8a4b74,1,GAID,android
11/10/2024 10:17,148.227.93.90,8819aef2-1a40-4291-b4a4-bcc08c8a4b74,1,GAID,android
11/10/2024 10:22,148.227.93.90,8819aef2-1a40-4291-b4a4-bcc08c8a4b74,1,GAID,android
11/10/2024 10:24,148.227.93.90,8819aef2-1a40-4291-b4a4-bcc08c8a4b74,1,GAID,android
11/23/2024 9:33,145.82.32.0,AAFK807KLUoAABmn5BDNiQ,3,WEB_ID,android
11/26/2024 12:09,145.82.32.0,AAFK807KLUoAABmn5BDNiQ,3,WEB_ID,android
11/26/2024 12:32,51.36.183.49,AAH_Y07MZloAABUOIaOO6Q,3,WEB_ID,android
11/26/2024 12:40,51.36.183.49,AAH_Y07MZloAABUOIaOO6Q,3,WEB_ID,android
11/26/2024 12:40,51.36.183.49,AAH_Y07MZloAABUOIaOO6Q,3,WEB_ID,android
11/26/2024 12:51,51.36.183.49,AAH_Y07MZloAABUOIaOO6Q,3,WEB_ID,android
11/26/2024 12:51,2a02:cb80:4118::,AAH_Y07MZloAABUOIaOO6Q,3,WEB_ID,android
11/26/2024 12:51,51.36.183.49,AAH_Y07MZloAABUOIaOO6Q,3,WEB_ID,android
11/29/2024 16:38,51.36.183.49,AAH_Y07MZloAABUOIaOO6Q,3,WEB_ID,android
11/29/2024 16:38,51.36.183.49,AAH_Y07MZloAABUOIaOO6Q,3,WEB_ID,android
11/10/2024 15:43,148.227.93.186,8819aef2-1a40-4291-b4a4-bcc08c8a4b74,1,GAID,android
11/10/2024 15:46,148.227.93.186,8819aef2-1a40-4291-b4a4-bcc08c8a4b74,1,GAID,android
11/10/2024 15:51,148.227.93.186,8819aef2-1a40-4291-b4a4-bcc08c8a4b74,1,GAID,android
11/10/2024 15:59,148.227.93.186,8819aef2-1a40-4291-b4a4-bcc08c8a4b74,1,GAID,android
11/10/2024 16:02,148.227.93.186,8819aef2-1a40-4291-b4a4-bcc08c8a4b74,1,GAID,android
11/10/2024 16:06,148.227.93.186,8819aef2-1a40-4291-b4a4-bcc08c8a4b74,1,GAID,android
11/25/2024 19:22,2a00:5400:f012::,AAKRGE7P9eIAABxfJkTLVA,7,WEB_ID,android
11/25/2024 19:23,2a00:5400:f012::,AAKRGE7P9eIAABxfJkTLVA,7,WEB_ID,android
11/25/2024 19:23,2a00:5400:f012::,AAKRGE7P9eIAABxfJkTLVA,7,WEB_ID,android
11/25/2024 19:25,2a00:5400:f012::,AAKRGE7P9eIAABxfJkTLVA,7,WEB_ID,android
11/25/2024 19:26,2a00:5400:f012::,AAKRGE7P9eIAABxfJkTLVA,7,WEB_ID,android
11/25/2024 19:31,2a00:5400:f012::,AAKRGE7P9eIAABxfJkTLVA,7,WEB_ID,android
11/29/2024 16:58,2a02:cb80:4166:d1::,AAFK807KLUoAABmn5BDNiQ,3,WEB_ID,android
11/10/2024 16:02,2803:9810:6289:8608::,8819aef2-1a40-4291-b4a4-bcc08c8a4b74,1,GAID,android
11/29/2024 16:59,2a02:cb80:4166:d1::,AAFK807KLUoAABmn5BDNiQ,3,WEB_ID,android
11/10/2024 16:07,2803:9810:6289:8608::,8819aef2-1a40-4291-b4a4-bcc08c8a4b74,1,GAID,android
11/10/2024 16:10,2803:9810:6289:8608::,8819aef2-1a40-4291-b4a4-bcc08c8a4b74,1,GAID,android
11/10/2024 16:10,148.227.93.186,8819aef2-1a40-4291-b4a4-bcc08c8a4b74,1,GAID,android
11/10/2024 16:11,148.227.93.186,8819aef2-1a40-4291-b4a4-bcc08c8a4b74,1,GAID,android
11/10/2024 16:11,148.227.93.186,8819aef2-1a40-4291-b4a4-bcc08c8a4b74,1,GAID,android
11/10/2024 16:12,2803:9810:6289:8608::,8819aef2-1a40-4291-b4a4-bcc08c8a4b74,1,GAID,android
11/10/2024 16:13,148.227.93.186,8819aef2-1a40-4291-b4a4-bcc08c8a4b74,1,GAID,android
11/10/2024 16:13,2803:9810:6289:8608:a44a:dd59:3a45:667e,8819aef2-1a40-4291-b4a4-bcc08c8a4b74,1,GAID,android
11/10/2024 16:52,2803:9810:6289:8608::,8819aef2-1a40-4291-b4a4-bcc08c8a4b74,1,GAID,android
11/10/2024 16:53,148.227.93.186,8819aef2-1a40-4291-b4a4-bcc08c8a4b74,1,GAID,android
11/25/2024 19:36,2a00:5400:e051::,AAFcvU7LIAoAABO-Xttw5A,7,WEB_ID,android
11/25/2024 19:36,2a00:5400:e051::,AAFcvU7LIAoAABO-Xttw5A,7,WEB_ID,android
11/25/2024 19:36,2a00:5400:e051::,AAFcvU7LIAoAABO-Xttw5A,7,WEB_ID,android
11/25/2024 19:37,2a00:5400:e051::,AAFcvU7LIAoAABO-Xttw5A,7,WEB_ID,android
11/26/2024 9:15,2a00:5400:e051::,AAFcvU7LIAoAABO-Xttw5A,7,WEB_ID,android
11/26/2024 9:20,2a00:5400:e051::,AAFcvU7LIAoAABO-Xttw5A,7,WEB_ID,android
11/26/2024 9:20,2a00:5400:e051::,AAFcvU7LIAoAABO-Xttw5A,7,WEB_ID,android
11/26/2024 9:20,2a00:5400:e051::,AAFcvU7LIAoAABO-Xttw5A,7,WEB_ID,android
11/26/2024 9:22,2a00:5400:e051::,AAFcvU7LIAoAABO-Xttw5A,7,WEB_ID,android
11/26/2024 9:22,2a00:5400:e051::,AAFcvU7LIAoAABO-Xttw5A,7,WEB_ID,android
11/26/2024 9:23,2a00:5400:e051::,AAFcvU7LIAoAABO-Xttw5A,7,WEB_ID,android
11/26/2024 9:23,2a00:5400:e051::,AAFcvU7LIAoAABO-Xttw5A,7,WEB_ID,android
11/26/2024 9:23,2a00:5400:e051::,AAFcvU7LIAoAABO-Xttw5A,7,WEB_ID,android
11/26/2024 9:24,2a00:5400:e051::,AAFcvU7LIAoAABO-Xttw5A,7,WEB_ID,android
11/26/2024 9:24,2a00:5400:e051::,AAFcvU7LIAoAABO-Xttw5A,7,WEB_ID,android
11/26/2024 9:24,2a00:5400:e051::,AAFcvU7LIAoAABO-Xttw5A,7,WEB_ID,android
11/26/2024 9:25,2a00:5400:e051::,AAFcvU7LIAoAABO-Xttw5A,7,WEB_ID,android
11/26/2024 9:25,2a00:5400:e051::,AAFcvU7LIAoAABO-Xttw5A,7,WEB_ID,android
11/26/2024 9:25,2a00:5400:e051::,AAFcvU7LIAoAABO-Xttw5A,7,WEB_ID,android
11/10/2024 18:52,2803:9810:6289:8608::,8819aef2-1a40-4291-b4a4-bcc08c8a4b74,1,GAID,android
11/26/2024 9:56,2a00:5400:f012::,AAKRGE7P9eIAABxfJkTLVA,7,WEB_ID,android
11/10/2024 19:07,148.227.93.212,8819aef2-1a40-4291-b4a4-bcc08c8a4b74,1,GAID,android
11/26/2024 10:30,2a00:5400:e051::,AAFcvU7LIAoAABO-Xttw5A,7,WEB_ID,android
11/26/2024 10:31,2a00:5400:e051::,AAFcvU7LIAoAABO-Xttw5A,7,WEB_ID,android
11/26/2024 10:32,2a00:5400:e051::,AAFcvU7LIAoAABO-Xttw5A,7,WEB_ID,android
11/26/2024 10:33,2a00:5400:e051::,AAFcvU7LIAoAABO-Xttw5A,7,WEB_ID,android
11/26/2024 10:34,2a00:5400:e051::,AAFcvU7LIAoAABO-Xttw5A,7,WEB_ID,android
11/26/2024 10:35,2a00:5400:e051::,AAFcvU7LIAoAABO-Xttw5A,7,WEB_ID,android
11/26/2024 10:35,2a00:5400:e051::,AAFcvU7LIAoAABO-Xttw5A,7,WEB_ID,android
11/26/2024 10:36,2a00:5400:e051::,AAFcvU7LIAoAABO-Xttw5A,7,WEB_ID,android
11/26/2024 10:36,2a00:5400:e051::,AAFcvU7LIAoAABO-Xttw5A,7,WEB_ID,android
11/26/2024 10:37,2a00:5400:e051::,AAFcvU7LIAoAABO-Xttw5A,7,WEB_ID,android
11/26/2024 10:37,2a00:5400:e051::,AAFcvU7LIAoAABO-Xttw5A,7,WEB_ID,android
11/26/2024 10:38,2a00:5400:e051::,AAFcvU7LIAoAABO-Xttw5A,7,WEB_ID,android
11/26/2024 10:38,2a00:5400:e051::,AAFcvU7LIAoAABO-Xttw5A,7,WEB_ID,android
11/10/2024 19:43,2803:9810:6289:8608::,8819aef2-1a40-4291-b4a4-bcc08c8a4b74,1,GAID,android
11/10/2024 20:27,2803:9810:6289:8608::,8819aef2-1a40-4291-b4a4-bcc08c8a4b74,1,GAID,android
11/10/2024 20:27,148.227.93.212,8819aef2-1a40-4291-b4a4-bcc08c8a4b74,1,GAID,android
11/10/2024 20:30,148.227.93.212,8819aef2-1a40-4291-b4a4-bcc08c8a4b74,1,GAID,android
11/10/2024 20:32,2803:9810:6289:8608:e4f2:9fab:1fb1:5cc9,8819aef2-1a40-4291-b4a4-bcc08c8a4b74,1,GAID,android
11/10/2024 20:33,148.227.93.212,8819aef2-1a40-4291-b4a4-bcc08c8a4b74,1,GAID,android
11/10/2024 20:33,2803:9810:6289:8608::,8819aef2-1a40-4291-b4a4-bcc08c8a4b74,1,GAID,android
11/10/2024 20:33,148.227.93.212,8819aef2-1a40-4291-b4a4-bcc08c8a4b74,1,GAID,android
11/10/2024 20:38,148.227.93.212,8819aef2-1a40-4291-b4a4-bcc08c8a4b74,1,GAID,android
11/10/2024 20:40,148.227.93.212,8819aef2-1a40-4291-b4a4-bcc08c8a4b74,1,GAID,android
11/10/2024 20:40,148.227.93.212,8819aef2-1a40-4291-b4a4-bcc08c8a4b74,1,GAID,android
11/10/2024 20:41,148.227.93.212,8819aef2-1a40-4291-b4a4-bcc08c8a4b74,1,GAID,android
11/10/2024 20:41,2803:9810:6289:8608:e4f2:9fab:1fb1:5cc9,8819aef2-1a40-4291-b4a4-bcc08c8a4b74,1,GAID,android
11/10/2024 20:42,148.227.93.212,8819aef2-1a40-4291-b4a4-bcc08c8a4b74,1,GAID,android
11/10/2024 20:45,148.227.93.212,8819aef2-1a40-4291-b4a4-bcc08c8a4b74,1,GAID,android
11/10/2024 20:48,148.227.93.212,8819aef2-1a40-4291-b4a4-bcc08c8a4b74,1,GAID,android
11/10/2024 20:51,148.227.93.212,8819aef2-1a40-4291-b4a4-bcc08c8a4b74,1,GAID,android
11/10/2024 20:51,2803:9810:6289:8608::,8819aef2-1a40-4291-b4a4-bcc08c8a4b74,1,GAID,android
11/10/2024 20:52,148.227.93.212,8819aef2-1a40-4291-b4a4-bcc08c8a4b74,1,GAID,android
11/10/2024 20:52,148.227.93.212,8819aef2-1a40-4291-b4a4-bcc08c8a4b74,1,GAID,android
11/10/2024 20:52,2803:9810:6289:8608::,8819aef2-1a40-4291-b4a4-bcc08c8a4b74,1,GAID,android
11/10/2024 20:58,148.227.93.212,8819aef2-1a40-4291-b4a4-bcc08c8a4b74,1,GAID,android
11/10/2024 20:58,148.227.93.212,8819aef2-1a40-4291-b4a4-bcc08c8a4b74,1,GAID,android
11/10/2024 21:01,148.227.93.212,8819aef2-1a40-4291-b4a4-bcc08c8a4b74,1,GAID,android
11/10/2024 21:01,148.227.93.212,8819aef2-1a40-4291-b4a4-bcc08c8a4b74,1,GAID,android
11/11/2024 8:43,148.227.93.212,8819aef2-1a40-4291-b4a4-bcc08c8a4b74,1,GAID,android
11/11/2024 8:46,148.227.93.212,8819aef2-1a40-4291-b4a4-bcc08c8a4b74,1,GAID,android
11/11/2024 9:08,148.227.93.212,8819aef2-1a40-4291-b4a4-bcc08c8a4b74,1,GAID,android
11/11/2024 9:27,148.227.93.212,8819aef2-1a40-4291-b4a4-bcc08c8a4b74,1,GAID,android
11/11/2024 9:27,148.227.93.212,8819aef2-1a40-4291-b4a4-bcc08c8a4b74,1,GAID,android
11/11/2024 9:48,148.227.93.212,8819aef2-1a40-4291-b4a4-bcc08c8a4b74,1,GAID,android
11/11/2024 9:49,148.227.93.212,8819aef2-1a40-4291-b4a4-bcc08c8a4b74,1,GAID,android
11/11/2024 9:52,2803:9810:6289:8608::,8819aef2-1a40-4291-b4a4-bcc08c8a4b74,1,GAID,android
11/11/2024 9:52,148.227.93.212,8819aef2-1a40-4291-b4a4-bcc08c8a4b74,1,GAID,android
11/11/2024 9:54,148.227.93.212,8819aef2-1a40-4291-b4a4-bcc08c8a4b74,1,GAID,android
11/11/2024 9:54,2803:9810:6289:8608:846a:65fa:ae45:9711,8819aef2-1a40-4291-b4a4-bcc08c8a4b74,1,GAID,android
11/11/2024 9:57,148.227.93.212,8819aef2-1a40-4291-b4a4-bcc08c8a4b74,1,GAID,android
11/11/2024 10:48,2803:9810:6289:8608::,8819aef2-1a40-4291-b4a4-bcc08c8a4b74,1,GAID,android
11/11/2024 10:52,148.227.93.212,8819aef2-1a40-4291-b4a4-bcc08c8a4b74,1,GAID,android
11/11/2024 10:53,2803:9810:6289:8608::,8819aef2-1a40-4291-b4a4-bcc08c8a4b74,1,GAID,android
11/11/2024 10:53,2803:9810:6289:8608::,8819aef2-1a40-4291-b4a4-bcc08c8a4b74,1,GAID,android
11/11/2024 10:56,2803:9810:6289:8608::,8819aef2-1a40-4291-b4a4-bcc08c8a4b74,1,GAID,android
11/11/2024 10:56,148.227.93.212,8819aef2-1a40-4291-b4a4-bcc08c8a4b74,1,GAID,android
11/11/2024 10:58,2803:9810:6289:8608::,8819aef2-1a40-4291-b4a4-bcc08c8a4b74,1,GAID,android
11/11/2024 10:58,148.227.93.212,8819aef2-1a40-4291-b4a4-bcc08c8a4b74,1,GAID,android
11/11/2024 11:00,2803:9810:6289:8608::,8819aef2-1a40-4291-b4a4-bcc08c8a4b74,1,GAID,android
11/11/2024 11:01,148.227.93.212,8819aef2-1a40-4291-b4a4-bcc08c8a4b74,1,GAID,android
11/11/2024 11:03,148.227.93.212,8819aef2-1a40-4291-b4a4-bcc08c8a4b74,1,GAID,android
11/11/2024 11:06,148.227.93.212,8819aef2-1a40-4291-b4a4-bcc08c8a4b74,1,GAID,android
11/11/2024 11:06,148.227.93.212,8819aef2-1a40-4291-b4a4-bcc08c8a4b74,1,GAID,android
11/11/2024 11:08,148.227.93.212,8819aef2-1a40-4291-b4a4-bcc08c8a4b74,1,GAID,android
11/11/2024 11:11,148.227.93.212,8819aef2-1a40-4291-b4a4-bcc08c8a4b74,1,GAID,android
11/11/2024 11:12,148.227.93.212,8819aef2-1a40-4291-b4a4-bcc08c8a4b74,1,GAID,android
11/11/2024 11:17,148.227.93.212,8819aef2-1a40-4291-b4a4-bcc08c8a4b74,1,GAID,android
11/11/2024 11:21,148.227.93.212,8819aef2-1a40-4291-b4a4-bcc08c8a4b74,1,GAID,android
11/11/2024 11:21,148.227.93.212,8819aef2-1a40-4291-b4a4-bcc08c8a4b74,1,GAID,android
11/11/2024 11:22,148.227.93.212,8819aef2-1a40-4291-b4a4-bcc08c8a4b74,1,GAID,android
11/11/2024 11:22,2803:9810:6289:8608::,8819aef2-1a40-4291-b4a4-bcc08c8a4b74,1,GAID,android
11/11/2024 11:31,148.227.93.212,8819aef2-1a40-4291-b4a4-bcc08c8a4b74,1,GAID,android
11/12/2024 17:52,148.227.93.212,8819aef2-1a40-4291-b4a4-bcc08c8a4b74,1,GAID,android
11/12/2024 18:14,148.227.93.212,8819aef2-1a40-4291-b4a4-bcc08c8a4b74,1,GAID,android
11/12/2024 18:25,148.227.93.212,8819aef2-1a40-4291-b4a4-bcc08c8a4b74,1,GAID,android
11/12/2024 18:37,148.227.93.212,8819aef2-1a40-4291-b4a4-bcc08c8a4b74,1,GAID,android
11/26/2024 12:26,82.167.71.2,AAFcvU7LIAoAABO-Xttw5A,7,WEB_ID,android
11/12/2024 20:40,148.227.93.212,8819aef2-1a40-4291-b4a4-bcc08c8a4b74,1,GAID,android
11/26/2024 12:28,2a00:5400:e051::,AAFcvU7LIAoAABO-Xttw5A,7,WEB_ID,android
11/26/2024 12:28,2a00:5400:e051::,AAFcvU7LIAoAABO-Xttw5A,7,WEB_ID,android
11/26/2024 12:29,82.167.71.2,AAFcvU7LIAoAABO-Xttw5A,7,WEB_ID,android
11/26/2024 12:30,82.167.71.2,AAFcvU7LIAoAABO-Xttw5A,7,WEB_ID,android
11/26/2024 12:30,82.167.71.2,AAFcvU7LIAoAABO-Xttw5A,7,WEB_ID,android
11/26/2024 12:31,82.167.71.2,AAFcvU7LIAoAABO-Xttw5A,7,WEB_ID,android
11/26/2024 12:34,2a00:5400:e051::,AAFcvU7LIAoAABO-Xttw5A,7,WEB_ID,android
11/26/2024 12:35,2a00:5400:e051::,AAFcvU7LIAoAABO-Xttw5A,7,WEB_ID,android
11/26/2024 12:38,2a00:5400:e051::,AAFcvU7LIAoAABO-Xttw5A,7,WEB_ID,android
11/26/2024 12:40,2a00:5400:e051::,AAFcvU7LIAoAABO-Xttw5A,7,WEB_ID,android
11/26/2024 12:41,2a00:5400:e051::,AAFcvU7LIAoAABO-Xttw5A,7,WEB_ID,android
11/26/2024 12:41,2a00:5400:e051::,AAFcvU7LIAoAABO-Xttw5A,7,WEB_ID,android
11/26/2024 12:42,2a00:5400:e051::,AAFcvU7LIAoAABO-Xttw5A,7,WEB_ID,android
11/26/2024 12:43,2a00:5400:e051::,AAFcvU7LIAoAABO-Xttw5A,7,WEB_ID,android
11/26/2024 12:43,2a00:5400:e051::,AAFcvU7LIAoAABO-Xttw5A,7,WEB_ID,android
11/26/2024 12:44,2a00:5400:e051::,AAFcvU7LIAoAABO-Xttw5A,7,WEB_ID,android
11/26/2024 12:44,2a00:5400:e051::,AAFcvU7LIAoAABO-Xttw5A,7,WEB_ID,android
11/26/2024 12:44,2a00:5400:e051::,AAFcvU7LIAoAABO-Xttw5A,7,WEB_ID,android
11/26/2024 12:45,2a00:5400:e051::,AAFcvU7LIAoAABO-Xttw5A,7,WEB_ID,android
11/26/2024 12:46,2a00:5400:e051::,AAFcvU7LIAoAABO-Xttw5A,7,WEB_ID,android
11/12/2024 20:59,148.227.93.212,8819aef2-1a40-4291-b4a4-bcc08c8a4b74,1,GAID,android
11/26/2024 12:46,2a00:5400:e051::,AAFcvU7LIAoAABO-Xttw5A,7,WEB_ID,android
11/26/2024 12:47,2a00:5400:e051::,AAFcvU7LIAoAABO-Xttw5A,7,WEB_ID,android
11/26/2024 12:47,2a00:5400:e051::,AAFcvU7LIAoAABO-Xttw5A,7,WEB_ID,android
11/26/2024 12:48,2a00:5400:e051::,AAFcvU7LIAoAABO-Xttw5A,7,WEB_ID,android
11/26/2024 12:48,2a00:5400:e051::,AAFcvU7LIAoAABO-Xttw5A,7,WEB_ID,android
11/26/2024 12:48,2a00:5400:e051::,AAFcvU7LIAoAABO-Xttw5A,7,WEB_ID,android
11/12/2024 21:07,148.227.93.212,8819aef2-1a40-4291-b4a4-bcc08c8a4b74,1,GAID,android
11/12/2024 21:18,148.227.93.212,8819aef2-1a40-4291-b4a4-bcc08c8a4b74,1,GAID,android
11/12/2024 21:31,148.227.93.212,8819aef2-1a40-4291-b4a4-bcc08c8a4b74,1,GAID,android
11/12/2024 21:36,148.227.93.212,8819aef2-1a40-4291-b4a4-bcc08c8a4b74,1,GAID,android
11/13/2024 10:29,148.227.93.212,8819aef2-1a40-4291-b4a4-bcc08c8a4b74,1,GAID,android
11/13/2024 10:30,148.227.93.212,8819aef2-1a40-4291-b4a4-bcc08c8a4b74,1,GAID,android
11/13/2024 10:32,148.227.93.212,8819aef2-1a40-4291-b4a4-bcc08c8a4b74,1,GAID,android
11/13/2024 10:39,148.227.93.212,8819aef2-1a40-4291-b4a4-bcc08c8a4b74,1,GAID,android
11/13/2024 10:50,148.227.93.212,8819aef2-1a40-4291-b4a4-bcc08c8a4b74,1,GAID,android
11/13/2024 11:03,148.227.93.212,8819aef2-1a40-4291-b4a4-bcc08c8a4b74,1,GAID,android
11/26/2024 13:14,2a00:5400:f012::,AAKRGE7P9eIAABxfJkTLVA,7,WEB_ID,android
11/26/2024 13:14,2a00:5400:f012::,AAKRGE7P9eIAABxfJkTLVA,7,WEB_ID,android
11/26/2024 13:18,2a00:5400:f012::,AAKRGE7P9eIAABxfJkTLVA,7,WEB_ID,android
11/26/2024 13:35,2a00:5400:f012::,AAKRGE7P9eIAABxfJkTLVA,7,WEB_ID,android
11/26/2024 13:36,2a00:5400:f012::,AAKRGE7P9eIAABxfJkTLVA,7,WEB_ID,android
11/26/2024 13:38,2a00:5400:f012::,AAKRGE7P9eIAABxfJkTLVA,7,WEB_ID,android
11/26/2024 13:40,2a00:5400:f012::,AAKRGE7P9eIAABxfJkTLVA,7,WEB_ID,android
11/26/2024 13:42,2a00:5400:f012::,AAKRGE7P9eIAABxfJkTLVA,7,WEB_ID,android
11/26/2024 13:43,2a00:5400:f012::,AAKRGE7P9eIAABxfJkTLVA,7,WEB_ID,android
11/26/2024 13:45,2a00:5400:f012::,AAKRGE7P9eIAABxfJkTLVA,7,WEB_ID,android
11/26/2024 13:46,2a00:5400:f012::,AAKRGE7P9eIAABxfJkTLVA,7,WEB_ID,android
11/26/2024 13:46,46.143.136.0,AAKRGE7P9eIAABxfJkTLVA,7,WEB_ID,android
11/26/2024 13:47,2a00:5400:f012::,AAKRGE7P9eIAABxfJkTLVA,7,WEB_ID,android
11/13/2024 11:21,148.227.93.212,8819aef2-1a40-4291-b4a4-bcc08c8a4b74,1,GAID,android
11/13/2024 12:15,148.227.93.212,8819aef2-1a40-4291-b4a4-bcc08c8a4b74,1,GAID,android
11/13/2024 12:18,148.227.93.212,8819aef2-1a40-4291-b4a4-bcc08c8a4b74,1,GAID,android
11/13/2024 12:54,148.227.93.212,8819aef2-1a40-4291-b4a4-bcc08c8a4b74,1,GAID,android
11/13/2024 12:57,148.227.93.212,8819aef2-1a40-4291-b4a4-bcc08c8a4b74,1,GAID,android
11/13/2024 17:57,148.227.93.212,8819aef2-1a40-4291-b4a4-bcc08c8a4b74,1,GAID,android
11/13/2024 17:57,148.227.93.212,8819aef2-1a40-4291-b4a4-bcc08c8a4b74,1,GAID,android
11/13/2024 18:00,148.227.93.212,8819aef2-1a40-4291-b4a4-bcc08c8a4b74,1,GAID,android
11/13/2024 18:05,148.227.93.212,8819aef2-1a40-4291-b4a4-bcc08c8a4b74,1,GAID,android
11/13/2024 18:08,148.227.93.212,8819aef2-1a40-4291-b4a4-bcc08c8a4b74,1,GAID,android
11/13/2024 20:14,148.227.93.212,8819aef2-1a40-4291-b4a4-bcc08c8a4b74,1,GAID,android
11/13/2024 20:18,148.227.93.212,8819aef2-1a40-4291-b4a4-bcc08c8a4b74,1,GAID,android
11/13/2024 20:23,148.227.93.212,8819aef2-1a40-4291-b4a4-bcc08c8a4b74,1,GAID,android
11/13/2024 20:25,148.227.93.212,8819aef2-1a40-4291-b4a4-bcc08c8a4b74,1,GAID,android
11/13/2024 20:25,148.227.93.212,8819aef2-1a40-4291-b4a4-bcc08c8a4b74,1,GAID,android
11/13/2024 20:25,148.227.93.212,8819aef2-1a40-4291-b4a4-bcc08c8a4b74,1,GAID,android
11/13/2024 20:25,148.227.93.212,8819aef2-1a40-4291-b4a4-bcc08c8a4b74,1,GAID,android
11/13/2024 20:26,148.227.93.212,8819aef2-1a40-4291-b4a4-bcc08c8a4b74,1,GAID,android
11/13/2024 20:32,148.227.93.212,8819aef2-1a40-4291-b4a4-bcc08c8a4b74,1,GAID,android
11/13/2024 20:33,148.227.93.212,8819aef2-1a40-4291-b4a4-bcc08c8a4b74,1,GAID,android
11/13/2024 20:35,148.227.93.212,8819aef2-1a40-4291-b4a4-bcc08c8a4b74,1,GAID,android
11/13/2024 20:35,148.227.93.212,8819aef2-1a40-4291-b4a4-bcc08c8a4b74,1,GAID,android
11/13/2024 20:36,148.227.93.212,8819aef2-1a40-4291-b4a4-bcc08c8a4b74,1,GAID,android
11/13/2024 20:37,148.227.93.212,8819aef2-1a40-4291-b4a4-bcc08c8a4b74,1,GAID,android
11/13/2024 20:41,148.227.93.212,8819aef2-1a40-4291-b4a4-bcc08c8a4b74,1,GAID,android
11/13/2024 20:42,148.227.93.212,8819aef2-1a40-4291-b4a4-bcc08c8a4b74,1,GAID,android
11/13/2024 20:42,148.227.93.212,8819aef2-1a40-4291-b4a4-bcc08c8a4b74,1,GAID,android
11/13/2024 20:43,148.227.93.212,8819aef2-1a40-4291-b4a4-bcc08c8a4b74,1,GAID,android
11/13/2024 20:44,148.227.93.212,8819aef2-1a40-4291-b4a4-bcc08c8a4b74,1,GAID,android
11/13/2024 20:44,148.227.93.212,8819aef2-1a40-4291-b4a4-bcc08c8a4b74,1,GAID,android
11/13/2024 20:46,148.227.93.212,8819aef2-1a40-4291-b4a4-bcc08c8a4b74,1,GAID,android
11/13/2024 20:47,148.227.93.212,8819aef2-1a40-4291-b4a4-bcc08c8a4b74,1,GAID,android
11/13/2024 20:48,148.227.93.212,8819aef2-1a40-4291-b4a4-bcc08c8a4b74,1,GAID,android
11/13/2024 20:48,148.227.93.212,8819aef2-1a40-4291-b4a4-bcc08c8a4b74,1,GAID,android
11/13/2024 20:48,148.227.93.212,8819aef2-1a40-4291-b4a4-bcc08c8a4b74,1,GAID,android
11/13/2024 20:48,148.227.93.212,8819aef2-1a40-4291-b4a4-bcc08c8a4b74,1,GAID,android
11/13/2024 20:49,148.227.93.212,8819aef2-1a40-4291-b4a4-bcc08c8a4b74,1,GAID,android
11/13/2024 20:49,148.227.93.212,8819aef2-1a40-4291-b4a4-bcc08c8a4b74,1,GAID,android
11/13/2024 20:49,148.227.93.212,8819aef2-1a40-4291-b4a4-bcc08c8a4b74,1,GAID,android
11/13/2024 20:50,148.227.93.212,8819aef2-1a40-4291-b4a4-bcc08c8a4b74,1,GAID,android
11/13/2024 20:50,148.227.93.212,8819aef2-1a40-4291-b4a4-bcc08c8a4b74,1,GAID,android
11/13/2024 20:52,148.227.93.212,8819aef2-1a40-4291-b4a4-bcc08c8a4b74,1,GAID,android
11/13/2024 20:56,148.227.93.212,8819aef2-1a40-4291-b4a4-bcc08c8a4b74,1,GAID,android
11/13/2024 21:03,148.227.93.212,8819aef2-1a40-4291-b4a4-bcc08c8a4b74,1,GAID,android
11/13/2024 21:08,148.227.93.212,8819aef2-1a40-4291-b4a4-bcc08c8a4b74,1,GAID,android
11/13/2024 21:12,148.227.93.212,8819aef2-1a40-4291-b4a4-bcc08c8a4b74,1,GAID,android
11/24/2024 15:37,82.167.74.0,AAKT707IOKgAAB_bLwHDew,6,WEB_ID,ios
11/14/2024 12:20,148.227.93.212,8819aef2-1a40-4291-b4a4-bcc08c8a4b74,1,GAID,android
11/14/2024 12:25,148.227.93.212,8819aef2-1a40-4291-b4a4-bcc08c8a4b74,1,GAID,android
11/14/2024 12:25,148.227.93.212,8819aef2-1a40-4291-b4a4-bcc08c8a4b74,1,GAID,android
11/14/2024 12:30,148.227.93.212,8819aef2-1a40-4291-b4a4-bcc08c8a4b74,1,GAID,android
11/14/2024 12:34,148.227.93.212,8819aef2-1a40-4291-b4a4-bcc08c8a4b74,1,GAID,android
11/14/2024 12:46,148.227.93.212,8819aef2-1a40-4291-b4a4-bcc08c8a4b74,1,GAID,android
11/24/2024 16:16,82.167.74.0,AAKT707IOKgAAB_bLwHDew,6,WEB_ID,ios
11/14/2024 12:53,148.227.93.212,8819aef2-1a40-4291-b4a4-bcc08c8a4b74,1,GAID,android
11/14/2024 12:57,148.227.93.212,8819aef2-1a40-4291-b4a4-bcc08c8a4b74,1,GAID,android
11/14/2024 13:02,148.227.93.212,8819aef2-1a40-4291-b4a4-bcc08c8a4b74,1,GAID,android
11/14/2024 12:33,148.227.93.212,8819aef2-1a40-4291-b4a4-bcc08c8a4b74,1,GAID,android
11/14/2024 12:35,148.227.93.212,8819aef2-1a40-4291-b4a4-bcc08c8a4b74,1,GAID,android
11/24/2024 15:38,82.167.74.0,AAKT707IOKgAAB_bLwHDew,6,WEB_ID,ios
11/14/2024 12:47,148.227.93.212,8819aef2-1a40-4291-b4a4-bcc08c8a4b74,1,GAID,android
11/14/2024 13:01,148.227.93.212,8819aef2-1a40-4291-b4a4-bcc08c8a4b74,1,GAID,android
11/24/2024 16:08,82.167.74.0,AAKT707IOKgAAB_bLwHDew,6,WEB_ID,ios
11/24/2024 16:21,2a00:5400:e053:b76::,AAKT707IOKgAAB_bLwHDew,6,WEB_ID,ios
11/26/2024 13:43,2a00:5400:f012::,AAKRGE7P9eIAABxfJkTLVA,7,WEB_ID,android
11/3/2024 13:48,148.227.93.129,f03bc630-b53b-42b1-8e24-670999ed9e3b,4,IDFA,ios
11/3/2024 13:53,148.227.93.129,f03bc630-b53b-42b1-8e24-670999ed9e3b,4,IDFA,ios
11/26/2024 14:07,82.167.71.2,AAFcvU7LIAoAABO-Xttw5A,7,WEB_ID,android
11/26/2024 14:07,82.167.71.2,AAFcvU7LIAoAABO-Xttw5A,7,WEB_ID,android
11/26/2024 14:09,2a00:5400:e051::,AAFcvU7LIAoAABO-Xttw5A,7,WEB_ID,android
11/26/2024 14:10,82.167.71.2,AAFcvU7LIAoAABO-Xttw5A,7,WEB_ID,android
11/26/2024 14:17,82.167.71.2,AAFcvU7LIAoAABO-Xttw5A,7,WEB_ID,android
11/26/2024 14:20,2a00:5400:e051::,AAFcvU7LIAoAABO-Xttw5A,7,WEB_ID,android
11/26/2024 15:23,2a00:5400:e051::,AAFcvU7LIAoAABO-Xttw5A,7,WEB_ID,android
11/26/2024 15:25,2a00:5400:e051::,AAFcvU7LIAoAABO-Xttw5A,7,WEB_ID,android
11/26/2024 15:27,2a00:5400:e051::,AAFcvU7LIAoAABO-Xttw5A,7,WEB_ID,android
11/26/2024 15:30,2a00:5400:e051::,AAFcvU7LIAoAABO-Xttw5A,7,WEB_ID,android
11/26/2024 15:31,2a00:5400:e051::,AAFcvU7LIAoAABO-Xttw5A,7,WEB_ID,android
11/26/2024 15:32,2a00:5400:e051::,AAFcvU7LIAoAABO-Xttw5A,7,WEB_ID,android
11/26/2024 15:32,2a00:5400:e051::,AAFcvU7LIAoAABO-Xttw5A,7,WEB_ID,android
11/26/2024 15:33,2a00:5400:e051::,AAFcvU7LIAoAABO-Xttw5A,7,WEB_ID,android
11/26/2024 15:33,2a00:5400:e051::,AAFcvU7LIAoAABO-Xttw5A,7,WEB_ID,android
11/26/2024 15:33,2a00:5400:e051::,AAFcvU7LIAoAABO-Xttw5A,7,WEB_ID,android
11/26/2024 15:33,2a00:5400:e051::,AAFcvU7LIAoAABO-Xttw5A,7,WEB_ID,android
11/26/2024 15:33,2a00:5400:e051::,AAFcvU7LIAoAABO-Xttw5A,7,WEB_ID,android
11/26/2024 15:36,2a00:5400:e051::,AAFcvU7LIAoAABO-Xttw5A,7,WEB_ID,android
11/26/2024 15:37,2a00:5400:e051::,AAFcvU7LIAoAABO-Xttw5A,7,WEB_ID,android
11/26/2024 15:37,2a00:5400:e051::,AAFcvU7LIAoAABO-Xttw5A,7,WEB_ID,android
11/26/2024 15:37,2a00:5400:e051::,AAFcvU7LIAoAABO-Xttw5A,7,WEB_ID,android
11/26/2024 15:37,2a00:5400:e051::,AAFcvU7LIAoAABO-Xttw5A,7,WEB_ID,android
11/26/2024 15:38,2a00:5400:e051::,AAFcvU7LIAoAABO-Xttw5A,7,WEB_ID,android
11/26/2024 15:38,2a00:5400:e051::,AAFcvU7LIAoAABO-Xttw5A,7,WEB_ID,android
11/26/2024 15:40,82.167.71.2,AAFcvU7LIAoAABO-Xttw5A,7,WEB_ID,android
11/26/2024 15:41,82.167.71.2,AAFcvU7LIAoAABO-Xttw5A,7,WEB_ID,android
11/26/2024 15:56,2a00:5400:e051::,AAFcvU7LIAoAABO-Xttw5A,7,WEB_ID,android
11/26/2024 15:57,2a00:5400:e051::,AAFcvU7LIAoAABO-Xttw5A,7,WEB_ID,android
11/26/2024 15:57,2a00:5400:e051::,AAFcvU7LIAoAABO-Xttw5A,7,WEB_ID,android
11/26/2024 15:58,2a00:5400:e051::,AAFcvU7LIAoAABO-Xttw5A,7,WEB_ID,android
11/26/2024 15:58,2a00:5400:e051::,AAFcvU7LIAoAABO-Xttw5A,7,WEB_ID,android
11/26/2024 15:58,2a00:5400:e051::,AAFcvU7LIAoAABO-Xttw5A,7,WEB_ID,android
11/26/2024 16:05,2a00:5400:e051::,AAFcvU7LIAoAABO-Xttw5A,7,WEB_ID,android
11/26/2024 16:05,2a00:5400:e051::,AAFcvU7LIAoAABO-Xttw5A,7,WEB_ID,android
11/26/2024 16:13,2a00:5400:e051::,AAFcvU7LIAoAABO-Xttw5A,7,WEB_ID,android
11/26/2024 16:16,2a00:5400:e051::,AAFcvU7LIAoAABO-Xttw5A,7,WEB_ID,android
11/26/2024 16:16,2a00:5400:e051::,AAFcvU7LIAoAABO-Xttw5A,7,WEB_ID,android
11/26/2024 16:16,2a00:5400:e051::,AAFcvU7LIAoAABO-Xttw5A,7,WEB_ID,android
11/26/2024 16:16,2a00:5400:e051::,AAFcvU7LIAoAABO-Xttw5A,7,WEB_ID,android
11/26/2024 16:17,2a00:5400:e051::,AAFcvU7LIAoAABO-Xttw5A,7,WEB_ID,android
11/26/2024 16:17,2a00:5400:e051::,AAFcvU7LIAoAABO-Xttw5A,7,WEB_ID,android
11/26/2024 16:19,2a00:5400:e051::,AAFcvU7LIAoAABO-Xttw5A,7,WEB_ID,android
11/26/2024 16:19,2a00:5400:e051::,AAFcvU7LIAoAABO-Xttw5A,7,WEB_ID,android
11/26/2024 16:20,2a00:5400:e051::,AAFcvU7LIAoAABO-Xttw5A,7,WEB_ID,android
11/26/2024 16:21,2a00:5400:e051::,AAFcvU7LIAoAABO-Xttw5A,7,WEB_ID,android
11/26/2024 16:21,2a00:5400:e051::,AAFcvU7LIAoAABO-Xttw5A,7,WEB_ID,android
11/26/2024 16:22,2a00:5400:e051::,AAFcvU7LIAoAABO-Xttw5A,7,WEB_ID,android
11/26/2024 15:30,2a00:5400:e051::,AAFcvU7LIAoAABO-Xttw5A,7,WEB_ID,android
11/26/2024 15:31,2a00:5400:e051::,AAFcvU7LIAoAABO-Xttw5A,7,WEB_ID,android
11/26/2024 15:33,2a00:5400:e051::,AAFcvU7LIAoAABO-Xttw5A,7,WEB_ID,android
11/26/2024 15:34,2a00:5400:e051::,AAFcvU7LIAoAABO-Xttw5A,7,WEB_ID,android
11/26/2024 15:34,2a00:5400:e051::,AAFcvU7LIAoAABO-Xttw5A,7,WEB_ID,android
11/26/2024 15:38,2a00:5400:e051::,AAFcvU7LIAoAABO-Xttw5A,7,WEB_ID,android
11/26/2024 15:39,82.167.71.2,AAFcvU7LIAoAABO-Xttw5A,7,WEB_ID,android
11/26/2024 15:39,2a00:5400:e051::,AAFcvU7LIAoAABO-Xttw5A,7,WEB_ID,android
11/26/2024 15:40,2a00:5400:e051::,AAFcvU7LIAoAABO-Xttw5A,7,WEB_ID,android
11/26/2024 15:41,2a00:5400:e051::,AAFcvU7LIAoAABO-Xttw5A,7,WEB_ID,android
11/26/2024 15:41,2a00:5400:e051::,AAFcvU7LIAoAABO-Xttw5A,7,WEB_ID,android
11/26/2024 15:42,2a00:5400:e051::,AAFcvU7LIAoAABO-Xttw5A,7,WEB_ID,android
11/26/2024 15:44,2a00:5400:e051::,AAFcvU7LIAoAABO-Xttw5A,7,WEB_ID,android
11/26/2024 15:45,2a00:5400:e051::,AAFcvU7LIAoAABO-Xttw5A,7,WEB_ID,android
11/26/2024 15:45,2a00:5400:e051::,AAFcvU7LIAoAABO-Xttw5A,7,WEB_ID,android
11/26/2024 15:45,2a00:5400:e051::,AAFcvU7LIAoAABO-Xttw5A,7,WEB_ID,android
11/24/2024 18:28,2a00:5400:f026::,AALKVk7RajkAABv5BSiD8w,6,WEB_ID,android
11/24/2024 18:28,2a00:5400:e053:b76::,AAKT707IOKgAAB_bLwHDew,6,WEB_ID,ios
11/24/2024 18:29,82.167.74.123,AAKT707IOKgAAB_bLwHDew,6,WEB_ID,ios
11/24/2024 18:36,2a00:5400:e053:b76::,AAKT707IOKgAAB_bLwHDew,6,WEB_ID,ios
11/24/2024 18:37,2a00:5400:e053:b76:b92c:1a3e:341c:af66,AAKT707IOKgAAB_bLwHDew,6,WEB_ID,ios
11/24/2024 18:37,82.167.74.123,AAKT707IOKgAAB_bLwHDew,6,WEB_ID,ios
11/24/2024 18:38,2a00:5400:e053:b76:b92c:1a3e:341c:af66,AAKT707IOKgAAB_bLwHDew,6,WEB_ID,ios
11/24/2024 18:41,2a00:5400:e053:b76:b92c:1a3e:341c:af66,AAKT707IOKgAAB_bLwHDew,6,WEB_ID,ios
11/24/2024 18:41,2a00:5400:e053:b76::,AAKT707IOKgAAB_bLwHDew,6,WEB_ID,ios
11/24/2024 18:46,2a00:5400:e053:b76::,AAKT707IOKgAAB_bLwHDew,6,WEB_ID,ios
11/24/2024 18:47,82.167.74.123,AAKT707IOKgAAB_bLwHDew,6,WEB_ID,ios
11/24/2024 18:49,2a00:5400:e053:b76:b92c:1a3e:341c:af66,AAKT707IOKgAAB_bLwHDew,6,WEB_ID,ios
11/24/2024 18:50,2a00:5400:e053:b76::,AAKT707IOKgAAB_bLwHDew,6,WEB_ID,ios
11/24/2024 20:27,2a00:5400:e053:b76::,AAKT707IOKgAAB_bLwHDew,6,WEB_ID,ios
11/24/2024 20:31,2a00:5400:e053:b76:b92c:1a3e:341c:af66,AAKT707IOKgAAB_bLwHDew,6,WEB_ID,ios
11/24/2024 20:44,82.167.74.123,AAKT707IOKgAAB_bLwHDew,6,WEB_ID,ios
11/25/2024 16:24,2a00:5400:e053:b76:b92c:1a3e:341c:af66,AAKT707IOKgAAB_bLwHDew,6,WEB_ID,ios
11/26/2024 18:22,2a00:5400:e337::,AAA7PE7OD50AABQ_9xhR4Q,7,WEB_ID,android
11/14/2024 13:19,148.227.93.182,8819aef2-1a40-4291-b4a4-bcc08c8a4b74,1,GAID,android
11/14/2024 13:27,148.227.93.182,8819aef2-1a40-4291-b4a4-bcc08c8a4b74,1,GAID,android
11/14/2024 13:32,148.227.93.182,8819aef2-1a40-4291-b4a4-bcc08c8a4b74,1,GAID,android
11/14/2024 13:38,148.227.93.182,8819aef2-1a40-4291-b4a4-bcc08c8a4b74,1,GAID,android
11/14/2024 13:46,148.227.93.182,8819aef2-1a40-4291-b4a4-bcc08c8a4b74,1,GAID,android
11/14/2024 13:56,148.227.93.182,8819aef2-1a40-4291-b4a4-bcc08c8a4b74,1,GAID,android
11/14/2024 14:12,148.227.93.182,8819aef2-1a40-4291-b4a4-bcc08c8a4b74,1,GAID,android
11/14/2024 14:44,148.227.93.182,8819aef2-1a40-4291-b4a4-bcc08c8a4b74,1,GAID,android
11/14/2024 14:50,148.227.93.182,8819aef2-1a40-4291-b4a4-bcc08c8a4b74,1,GAID,android
11/14/2024 14:54,148.227.93.182,8819aef2-1a40-4291-b4a4-bcc08c8a4b74,1,GAID,android
11/14/2024 14:58,148.227.93.182,8819aef2-1a40-4291-b4a4-bcc08c8a4b74,1,GAID,android
11/14/2024 15:09,148.227.93.182,8819aef2-1a40-4291-b4a4-bcc08c8a4b74,1,GAID,android
11/14/2024 15:21,148.227.93.182,8819aef2-1a40-4291-b4a4-bcc08c8a4b74,1,GAID,android
11/14/2024 15:33,148.227.93.182,8819aef2-1a40-4291-b4a4-bcc08c8a4b74,1,GAID,android
11/14/2024 15:14,148.227.93.182,8819aef2-1a40-4291-b4a4-bcc08c8a4b74,1,GAID,android
11/14/2024 15:17,148.227.93.182,8819aef2-1a40-4291-b4a4-bcc08c8a4b74,1,GAID,android
11/14/2024 15:27,148.227.93.182,8819aef2-1a40-4291-b4a4-bcc08c8a4b74,1,GAID,android
11/14/2024 15:40,148.227.93.182,8819aef2-1a40-4291-b4a4-bcc08c8a4b74,1,GAID,android
11/14/2024 16:04,2803:9810:6289:8608::,8819aef2-1a40-4291-b4a4-bcc08c8a4b74,1,GAID,android
11/15/2024 9:49,148.227.93.182,8819aef2-1a40-4291-b4a4-bcc08c8a4b74,1,GAID,android
11/15/2024 9:59,148.227.93.182,8819aef2-1a40-4291-b4a4-bcc08c8a4b74,1,GAID,android
11/15/2024 9:59,148.227.93.182,8819aef2-1a40-4291-b4a4-bcc08c8a4b74,1,GAID,android
11/15/2024 10:04,148.227.93.182,8819aef2-1a40-4291-b4a4-bcc08c8a4b74,1,GAID,android
11/15/2024 10:10,148.227.93.182,8819aef2-1a40-4291-b4a4-bcc08c8a4b74,1,GAID,android
11/15/2024 10:52,148.227.93.182,8819aef2-1a40-4291-b4a4-bcc08c8a4b74,1,GAID,android
11/26/2024 19:27,2a00:5400:e051::,AAFcvU7LIAoAABO-Xttw5A,7,WEB_ID,android
11/15/2024 10:54,148.227.93.182,8819aef2-1a40-4291-b4a4-bcc08c8a4b74,1,GAID,android
11/26/2024 19:29,2a00:5400:e051::,AAFcvU7LIAoAABO-Xttw5A,7,WEB_ID,android
11/15/2024 10:57,148.227.93.182,8819aef2-1a40-4291-b4a4-bcc08c8a4b74,1,GAID,android
11/26/2024 19:31,82.167.71.2,AAFcvU7LIAoAABO-Xttw5A,7,WEB_ID,android
11/15/2024 11:04,148.227.93.182,8819aef2-1a40-4291-b4a4-bcc08c8a4b74,1,GAID,android
11/15/2024 11:11,148.227.93.182,8819aef2-1a40-4291-b4a4-bcc08c8a4b74,1,GAID,android
11/26/2024 19:49,2a00:5400:e051::,AAFcvU7LIAoAABO-Xttw5A,7,WEB_ID,android
11/15/2024 11:17,148.227.93.182,8819aef2-1a40-4291-b4a4-bcc08c8a4b74,1,GAID,android
11/26/2024 19:54,2a00:5400:e051::,AAFcvU7LIAoAABO-Xttw5A,7,WEB_ID,android
11/26/2024 19:55,2a00:5400:e051::,AAFcvU7LIAoAABO-Xttw5A,7,WEB_ID,android
11/26/2024 20:14,82.167.71.2,AAFcvU7LIAoAABO-Xttw5A,7,WEB_ID,android
11/26/2024 20:14,82.167.71.2,AAFcvU7LIAoAABO-Xttw5A,7,WEB_ID,android
11/15/2024 11:41,148.227.93.182,8819aef2-1a40-4291-b4a4-bcc08c8a4b74,1,GAID,android
11/26/2024 20:17,2a00:5400:e051::,AAFcvU7LIAoAABO-Xttw5A,7,WEB_ID,android
11/26/2024 20:19,2a00:5400:e051::,AAFcvU7LIAoAABO-Xttw5A,7,WEB_ID,android
11/15/2024 11:48,148.227.93.182,8819aef2-1a40-4291-b4a4-bcc08c8a4b74,1,GAID,android
11/15/2024 13:55,148.227.93.182,8819aef2-1a40-4291-b4a4-bcc08c8a4b74,1,GAID,android
11/15/2024 14:08,148.227.93.182,8819aef2-1a40-4291-b4a4-bcc08c8a4b74,1,GAID,android
11/15/2024 14:13,148.227.93.182,8819aef2-1a40-4291-b4a4-bcc08c8a4b74,1,GAID,android
11/15/2024 14:19,148.227.93.182,8819aef2-1a40-4291-b4a4-bcc08c8a4b74,1,GAID,android
11/25/2024 16:50,2a00:5400:f026::,AALKVk7RajkAABv5BSiD8w,6,WEB_ID,android
11/15/2024 14:37,148.227.93.182,8819aef2-1a40-4291-b4a4-bcc08c8a4b74,1,GAID,android
11/15/2024 14:41,148.227.93.182,8819aef2-1a40-4291-b4a4-bcc08c8a4b74,1,GAID,android
11/15/2024 14:50,148.227.93.182,8819aef2-1a40-4291-b4a4-bcc08c8a4b74,1,GAID,android
11/26/2024 19:42,2a00:5400:e051::,AAFcvU7LIAoAABO-Xttw5A,7,WEB_ID,android
11/26/2024 19:42,2a00:5400:e051::,AAFcvU7LIAoAABO-Xttw5A,7,WEB_ID,android
11/26/2024 20:00,2a00:5400:e051::,AAFcvU7LIAoAABO-Xttw5A,7,WEB_ID,android
11/26/2024 20:00,2a00:5400:e051::,AAFcvU7LIAoAABO-Xttw5A,7,WEB_ID,android
11/26/2024 20:01,2a00:5400:e051::,AAFcvU7LIAoAABO-Xttw5A,7,WEB_ID,android
11/26/2024 20:01,2a00:5400:e051::,AAFcvU7LIAoAABO-Xttw5A,7,WEB_ID,android
11/26/2024 20:03,2a00:5400:e051::,AAFcvU7LIAoAABO-Xttw5A,7,WEB_ID,android
11/26/2024 20:03,2a00:5400:e051::,AAFcvU7LIAoAABO-Xttw5A,7,WEB_ID,android
11/26/2024 20:04,2a00:5400:e051::,AAFcvU7LIAoAABO-Xttw5A,7,WEB_ID,android
11/26/2024 20:04,2a00:5400:e051::,AAFcvU7LIAoAABO-Xttw5A,7,WEB_ID,android
11/26/2024 20:05,2a00:5400:e051::,AAFcvU7LIAoAABO-Xttw5A,7,WEB_ID,android
11/26/2024 20:05,2a00:5400:e051::,AAFcvU7LIAoAABO-Xttw5A,7,WEB_ID,android
11/26/2024 20:11,2a00:5400:f012::,AAKRGE7P9eIAABxfJkTLVA,7,WEB_ID,android
11/26/2024 20:18,2a00:5400:f012::,AAKRGE7P9eIAABxfJkTLVA,7,WEB_ID,android
11/26/2024 20:25,2a00:5400:e337::,AAA7PE7OD50AABQ_9xhR4Q,7,WEB_ID,android
11/26/2024 20:30,2a00:5400:f012::,AAKRGE7P9eIAABxfJkTLVA,7,WEB_ID,android
11/26/2024 20:31,2a00:5400:f012::,AAKRGE7P9eIAABxfJkTLVA,7,WEB_ID,android
11/26/2024 20:32,2a00:5400:f012::,AAKRGE7P9eIAABxfJkTLVA,7,WEB_ID,android
11/26/2024 20:34,2a00:5400:f012::,AAKRGE7P9eIAABxfJkTLVA,7,WEB_ID,android
11/27/2024 8:43,2a00:5400:f012::,AAKRGE7P9eIAABxfJkTLVA,7,WEB_ID,android
11/27/2024 8:44,2a00:5400:f012::,AAKRGE7P9eIAABxfJkTLVA,7,WEB_ID,android
11/27/2024 8:45,2a00:5400:f012::,AAKRGE7P9eIAABxfJkTLVA,7,WEB_ID,android
11/27/2024 8:46,2a00:5400:f012::,AAKRGE7P9eIAABxfJkTLVA,7,WEB_ID,android
11/27/2024 8:46,2a00:5400:f012::,AAKRGE7P9eIAABxfJkTLVA,7,WEB_ID,android
11/27/2024 12:00,82.167.74.123,AAKT707IOKgAAB_bLwHDew,6,WEB_ID,ios
11/27/2024 12:32,2a00:5400:f026::,AALKVk7RajkAABv5BSiD8w,6,WEB_ID,android
11/15/2024 14:56,148.227.93.182,8819aef2-1a40-4291-b4a4-bcc08c8a4b74,1,GAID,android
11/15/2024 15:02,148.227.93.182,8819aef2-1a40-4291-b4a4-bcc08c8a4b74,1,GAID,android
11/15/2024 15:03,148.227.93.182,8819aef2-1a40-4291-b4a4-bcc08c8a4b74,1,GAID,android
11/15/2024 16:04,148.227.93.182,8819aef2-1a40-4291-b4a4-bcc08c8a4b74,1,GAID,android
11/15/2024 16:08,148.227.93.182,8819aef2-1a40-4291-b4a4-bcc08c8a4b74,1,GAID,android
11/15/2024 16:22,148.227.93.182,8819aef2-1a40-4291-b4a4-bcc08c8a4b74,1,GAID,android
11/15/2024 16:27,148.227.93.182,8819aef2-1a40-4291-b4a4-bcc08c8a4b74,1,GAID,android
11/15/2024 16:29,148.227.93.182,8819aef2-1a40-4291-b4a4-bcc08c8a4b74,1,GAID,android
11/15/2024 16:44,2803:9810:6289:8608::,8819aef2-1a40-4291-b4a4-bcc08c8a4b74,1,GAID,android
11/16/2024 19:59,148.227.93.182,8819aef2-1a40-4291-b4a4-bcc08c8a4b74,1,GAID,android
11/27/2024 9:22,2a00:5400:f012::,AAKRGE7P9eIAABxfJkTLVA,7,WEB_ID,android
11/16/2024 20:16,2803:9810:6289:8608::,8819aef2-1a40-4291-b4a4-bcc08c8a4b74,1,GAID,android
11/16/2024 20:17,148.227.93.16,8819aef2-1a40-4291-b4a4-bcc08c8a4b74,1,GAID,android
11/16/2024 20:20,148.227.93.16,8819aef2-1a40-4291-b4a4-bcc08c8a4b74,1,GAID,android
11/16/2024 20:28,148.227.93.16,8819aef2-1a40-4291-b4a4-bcc08c8a4b74,1,GAID,android
11/16/2024 20:34,148.227.93.16,8819aef2-1a40-4291-b4a4-bcc08c8a4b74,1,GAID,android
11/16/2024 20:35,148.227.93.16,8819aef2-1a40-4291-b4a4-bcc08c8a4b74,1,GAID,android
11/16/2024 20:44,148.227.93.16,8819aef2-1a40-4291-b4a4-bcc08c8a4b74,1,GAID,android
11/16/2024 20:56,148.227.93.16,8819aef2-1a40-4291-b4a4-bcc08c8a4b74,1,GAID,android
11/16/2024 21:01,148.227.93.16,8819aef2-1a40-4291-b4a4-bcc08c8a4b74,1,GAID,android
11/17/2024 9:09,148.227.93.16,8819aef2-1a40-4291-b4a4-bcc08c8a4b74,1,GAID,android
11/17/2024 9:19,148.227.93.16,8819aef2-1a40-4291-b4a4-bcc08c8a4b74,1,GAID,android
11/17/2024 9:19,148.227.93.16,8819aef2-1a40-4291-b4a4-bcc08c8a4b74,1,GAID,android
11/17/2024 9:29,148.227.93.16,8819aef2-1a40-4291-b4a4-bcc08c8a4b74,1,GAID,android
11/17/2024 9:31,148.227.93.16,8819aef2-1a40-4291-b4a4-bcc08c8a4b74,1,GAID,android
11/17/2024 9:36,148.227.93.16,8819aef2-1a40-4291-b4a4-bcc08c8a4b74,1,GAID,android
11/17/2024 14:09,148.227.93.16,8819aef2-1a40-4291-b4a4-bcc08c8a4b74,1,GAID,android
11/17/2024 14:14,148.227.93.16,8819aef2-1a40-4291-b4a4-bcc08c8a4b74,1,GAID,android
11/17/2024 14:17,148.227.93.16,8819aef2-1a40-4291-b4a4-bcc08c8a4b74,1,GAID,android
11/17/2024 14:21,148.227.93.16,8819aef2-1a40-4291-b4a4-bcc08c8a4b74,1,GAID,android
11/17/2024 14:39,148.227.93.16,8819aef2-1a40-4291-b4a4-bcc08c8a4b74,1,GAID,android
11/17/2024 16:36,148.227.93.16,8819aef2-1a40-4291-b4a4-bcc08c8a4b74,1,GAID,android
11/17/2024 16:38,148.227.93.16,8819aef2-1a40-4291-b4a4-bcc08c8a4b74,1,GAID,android
11/17/2024 16:44,148.227.93.16,8819aef2-1a40-4291-b4a4-bcc08c8a4b74,1,GAID,android
11/27/2024 9:04,82.167.71.2,AAFcvU7LIAoAABO-Xttw5A,7,WEB_ID,android
11/27/2024 9:05,82.167.71.2,AAFcvU7LIAoAABO-Xttw5A,7,WEB_ID,android
11/27/2024 9:05,82.167.71.2,AAFcvU7LIAoAABO-Xttw5A,7,WEB_ID,android
11/27/2024 9:06,82.167.71.2,AAFcvU7LIAoAABO-Xttw5A,7,WEB_ID,android
11/27/2024 9:06,82.167.71.2,AAFcvU7LIAoAABO-Xttw5A,7,WEB_ID,android
11/27/2024 9:06,82.167.71.2,AAFcvU7LIAoAABO-Xttw5A,7,WEB_ID,android
11/27/2024 9:06,82.167.71.2,AAFcvU7LIAoAABO-Xttw5A,7,WEB_ID,android
11/27/2024 9:07,82.167.71.2,AAFcvU7LIAoAABO-Xttw5A,7,WEB_ID,android
11/27/2024 9:07,82.167.71.2,AAFcvU7LIAoAABO-Xttw5A,7,WEB_ID,android
11/27/2024 9:08,82.167.71.2,AAFcvU7LIAoAABO-Xttw5A,7,WEB_ID,android
11/27/2024 9:09,2a00:5400:e051::,AAFcvU7LIAoAABO-Xttw5A,7,WEB_ID,android
11/27/2024 9:14,2a00:5400:e051::,AAFcvU7LIAoAABO-Xttw5A,7,WEB_ID,android
11/17/2024 17:10,148.227.93.16,8819aef2-1a40-4291-b4a4-bcc08c8a4b74,1,GAID,android
11/17/2024 17:13,148.227.93.16,8819aef2-1a40-4291-b4a4-bcc08c8a4b74,1,GAID,android
11/17/2024 17:14,148.227.93.16,8819aef2-1a40-4291-b4a4-bcc08c8a4b74,1,GAID,android
11/17/2024 17:17,148.227.93.16,8819aef2-1a40-4291-b4a4-bcc08c8a4b74,1,GAID,android
11/17/2024 17:18,148.227.93.16,8819aef2-1a40-4291-b4a4-bcc08c8a4b74,1,GAID,android
11/17/2024 17:02,148.227.93.16,8819aef2-1a40-4291-b4a4-bcc08c8a4b74,1,GAID,android
11/17/2024 17:05,148.227.93.16,8819aef2-1a40-4291-b4a4-bcc08c8a4b74,1,GAID,android
11/17/2024 17:06,148.227.93.16,8819aef2-1a40-4291-b4a4-bcc08c8a4b74,1,GAID,android
11/17/2024 17:07,148.227.93.16,8819aef2-1a40-4291-b4a4-bcc08c8a4b74,1,GAID,android
11/17/2024 17:08,148.227.93.16,8819aef2-1a40-4291-b4a4-bcc08c8a4b74,1,GAID,android
11/17/2024 17:11,148.227.93.16,8819aef2-1a40-4291-b4a4-bcc08c8a4b74,1,GAID,android
11/17/2024 17:28,148.227.93.16,8819aef2-1a40-4291-b4a4-bcc08c8a4b74,1,GAID,android
11/17/2024 17:38,148.227.93.16,8819aef2-1a40-4291-b4a4-bcc08c8a4b74,1,GAID,android
11/17/2024 17:46,148.227.93.16,8819aef2-1a40-4291-b4a4-bcc08c8a4b74,1,GAID,android
11/17/2024 17:50,148.227.93.16,8819aef2-1a40-4291-b4a4-bcc08c8a4b74,1,GAID,android
11/18/2024 8:56,148.227.93.16,8819aef2-1a40-4291-b4a4-bcc08c8a4b74,1,GAID,android
11/18/2024 8:59,148.227.93.16,8819aef2-1a40-4291-b4a4-bcc08c8a4b74,1,GAID,android
11/18/2024 9:03,148.227.93.16,8819aef2-1a40-4291-b4a4-bcc08c8a4b74,1,GAID,android
11/27/2024 16:22,2a00:5400:f026::,AALKVk7RajkAABv5BSiD8w,6,WEB_ID,android
11/18/2024 17:53,148.227.93.16,8819aef2-1a40-4291-b4a4-bcc08c8a4b74,1,GAID,android
11/18/2024 17:58,148.227.93.16,8819aef2-1a40-4291-b4a4-bcc08c8a4b74,1,GAID,android
11/18/2024 18:03,148.227.93.16,8819aef2-1a40-4291-b4a4-bcc08c8a4b74,1,GAID,android
11/27/2024 9:29,2a00:5400:f012::,AAKRGE7P9eIAABxfJkTLVA,7,WEB_ID,android
11/27/2024 9:56,2a00:5400:f012::,AAKRGE7P9eIAABxfJkTLVA,7,WEB_ID,android
11/18/2024 18:24,148.227.93.16,8819aef2-1a40-4291-b4a4-bcc08c8a4b74,1,GAID,android
11/18/2024 18:29,148.227.93.16,8819aef2-1a40-4291-b4a4-bcc08c8a4b74,1,GAID,android
11/18/2024 18:36,148.227.93.16,8819aef2-1a40-4291-b4a4-bcc08c8a4b74,1,GAID,android
11/18/2024 18:36,148.227.93.16,8819aef2-1a40-4291-b4a4-bcc08c8a4b74,1,GAID,android
11/18/2024 18:48,148.227.93.16,8819aef2-1a40-4291-b4a4-bcc08c8a4b74,1,GAID,android
11/18/2024 19:32,148.227.93.16,8819aef2-1a40-4291-b4a4-bcc08c8a4b74,1,GAID,android
11/18/2024 19:39,148.227.93.16,8819aef2-1a40-4291-b4a4-bcc08c8a4b74,1,GAID,android
11/18/2024 19:44,148.227.93.16,8819aef2-1a40-4291-b4a4-bcc08c8a4b74,1,GAID,android
11/18/2024 19:48,148.227.93.16,8819aef2-1a40-4291-b4a4-bcc08c8a4b74,1,GAID,android
11/18/2024 19:53,148.227.93.16,8819aef2-1a40-4291-b4a4-bcc08c8a4b74,1,GAID,android
11/18/2024 19:58,148.227.93.16,8819aef2-1a40-4291-b4a4-bcc08c8a4b74,1,GAID,android
11/18/2024 20:01,148.227.93.16,8819aef2-1a40-4291-b4a4-bcc08c8a4b74,1,GAID,android
11/18/2024 20:04,148.227.93.16,8819aef2-1a40-4291-b4a4-bcc08c8a4b74,1,GAID,android
11/18/2024 20:13,148.227.93.16,8819aef2-1a40-4291-b4a4-bcc08c8a4b74,1,GAID,android
11/18/2024 20:19,148.227.93.16,8819aef2-1a40-4291-b4a4-bcc08c8a4b74,1,GAID,android
11/18/2024 20:20,148.227.93.16,8819aef2-1a40-4291-b4a4-bcc08c8a4b74,1,GAID,android
11/18/2024 20:27,148.227.93.16,8819aef2-1a40-4291-b4a4-bcc08c8a4b74,1,GAID,android
11/18/2024 20:00,148.227.93.16,8819aef2-1a40-4291-b4a4-bcc08c8a4b74,1,GAID,android
11/18/2024 20:06,148.227.93.16,8819aef2-1a40-4291-b4a4-bcc08c8a4b74,1,GAID,android
11/18/2024 20:06,148.227.93.16,8819aef2-1a40-4291-b4a4-bcc08c8a4b74,1,GAID,android
11/18/2024 20:13,148.227.93.16,8819aef2-1a40-4291-b4a4-bcc08c8a4b74,1,GAID,android
11/18/2024 20:18,148.227.93.16,8819aef2-1a40-4291-b4a4-bcc08c8a4b74,1,GAID,android
11/18/2024 20:22,148.227.93.16,8819aef2-1a40-4291-b4a4-bcc08c8a4b74,1,GAID,android
11/18/2024 20:24,148.227.93.16,8819aef2-1a40-4291-b4a4-bcc08c8a4b74,1,GAID,android
11/18/2024 20:25,148.227.93.16,8819aef2-1a40-4291-b4a4-bcc08c8a4b74,1,GAID,android
11/18/2024 20:31,148.227.93.16,8819aef2-1a40-4291-b4a4-bcc08c8a4b74,1,GAID,android
11/19/2024 8:53,148.227.93.123,8819aef2-1a40-4291-b4a4-bcc08c8a4b74,1,GAID,android
11/19/2024 8:57,148.227.93.123,8819aef2-1a40-4291-b4a4-bcc08c8a4b74,1,GAID,android
11/19/2024 9:03,148.227.93.123,8819aef2-1a40-4291-b4a4-bcc08c8a4b74,1,GAID,android
11/19/2024 9:07,148.227.93.123,8819aef2-1a40-4291-b4a4-bcc08c8a4b74,1,GAID,android
11/19/2024 9:08,148.227.93.123,8819aef2-1a40-4291-b4a4-bcc08c8a4b74,1,GAID,android
11/19/2024 9:16,148.227.93.123,8819aef2-1a40-4291-b4a4-bcc08c8a4b74,1,GAID,android
11/19/2024 9:21,148.227.93.123,8819aef2-1a40-4291-b4a4-bcc08c8a4b74,1,GAID,android
11/19/2024 9:28,148.227.93.123,8819aef2-1a40-4291-b4a4-bcc08c8a4b74,1,GAID,android
11/19/2024 9:33,148.227.93.123,8819aef2-1a40-4291-b4a4-bcc08c8a4b74,1,GAID,android
11/19/2024 9:35,148.227.93.123,8819aef2-1a40-4291-b4a4-bcc08c8a4b74,1,GAID,android
11/19/2024 12:11,148.227.93.123,8819aef2-1a40-4291-b4a4-bcc08c8a4b74,1,GAID,android
11/19/2024 12:52,148.227.93.123,8819aef2-1a40-4291-b4a4-bcc08c8a4b74,1,GAID,android
11/19/2024 12:55,148.227.93.123,8819aef2-1a40-4291-b4a4-bcc08c8a4b74,1,GAID,android
11/19/2024 14:35,148.227.93.123,8819aef2-1a40-4291-b4a4-bcc08c8a4b74,1,GAID,android
11/19/2024 14:45,148.227.93.123,8819aef2-1a40-4291-b4a4-bcc08c8a4b74,1,GAID,android
11/19/2024 14:51,148.227.93.123,8819aef2-1a40-4291-b4a4-bcc08c8a4b74,1,GAID,android
11/19/2024 14:57,148.227.93.123,8819aef2-1a40-4291-b4a4-bcc08c8a4b74,1,GAID,android
11/19/2024 14:58,148.227.93.123,8819aef2-1a40-4291-b4a4-bcc08c8a4b74,1,GAID,android
11/19/2024 15:05,148.227.93.123,8819aef2-1a40-4291-b4a4-bcc08c8a4b74,1,GAID,android
11/19/2024 15:06,148.227.93.123,8819aef2-1a40-4291-b4a4-bcc08c8a4b74,1,GAID,android
11/19/2024 15:11,148.227.93.123,8819aef2-1a40-4291-b4a4-bcc08c8a4b74,1,GAID,android
11/19/2024 15:17,148.227.93.123,8819aef2-1a40-4291-b4a4-bcc08c8a4b74,1,GAID,android
11/19/2024 15:20,148.227.93.123,8819aef2-1a40-4291-b4a4-bcc08c8a4b74,1,GAID,android
11/20/2024 9:01,148.227.93.123,8819aef2-1a40-4291-b4a4-bcc08c8a4b74,1,GAID,android
11/20/2024 9:06,148.227.93.123,8819aef2-1a40-4291-b4a4-bcc08c8a4b74,1,GAID,android
11/20/2024 9:16,148.227.93.123,8819aef2-1a40-4291-b4a4-bcc08c8a4b74,1,GAID,android
11/20/2024 9:24,148.227.93.123,8819aef2-1a40-4291-b4a4-bcc08c8a4b74,1,GAID,android
11/20/2024 9:32,148.227.93.123,8819aef2-1a40-4291-b4a4-bcc08c8a4b74,1,GAID,android
11/20/2024 9:35,148.227.93.123,8819aef2-1a40-4291-b4a4-bcc08c8a4b74,1,GAID,android
11/20/2024 9:47,148.227.93.123,8819aef2-1a40-4291-b4a4-bcc08c8a4b74,1,GAID,android
11/20/2024 9:50,148.227.93.123,8819aef2-1a40-4291-b4a4-bcc08c8a4b74,1,GAID,android
11/20/2024 11:16,148.227.93.123,8819aef2-1a40-4291-b4a4-bcc08c8a4b74,1,GAID,android
11/20/2024 11:19,148.227.93.123,8819aef2-1a40-4291-b4a4-bcc08c8a4b74,1,GAID,android
11/20/2024 11:24,148.227.93.123,8819aef2-1a40-4291-b4a4-bcc08c8a4b74,1,GAID,android
11/20/2024 11:31,148.227.93.123,8819aef2-1a40-4291-b4a4-bcc08c8a4b74,1,GAID,android
11/20/2024 11:32,148.227.93.123,8819aef2-1a40-4291-b4a4-bcc08c8a4b74,1,GAID,android
11/20/2024 11:38,148.227.93.123,8819aef2-1a40-4291-b4a4-bcc08c8a4b74,1,GAID,android
11/20/2024 11:44,148.227.93.123,8819aef2-1a40-4291-b4a4-bcc08c8a4b74,1,GAID,android
11/20/2024 11:47,148.227.93.123,8819aef2-1a40-4291-b4a4-bcc08c8a4b74,1,GAID,android
11/20/2024 11:53,148.227.93.123,8819aef2-1a40-4291-b4a4-bcc08c8a4b74,1,GAID,android
11/20/2024 11:59,148.227.93.123,8819aef2-1a40-4291-b4a4-bcc08c8a4b74,1,GAID,android
11/20/2024 12:02,148.227.93.123,8819aef2-1a40-4291-b4a4-bcc08c8a4b74,1,GAID,android
11/20/2024 14:04,148.227.93.123,8819aef2-1a40-4291-b4a4-bcc08c8a4b74,1,GAID,android
11/20/2024 14:09,148.227.93.123,8819aef2-1a40-4291-b4a4-bcc08c8a4b74,1,GAID,android
11/20/2024 14:20,148.227.93.123,8819aef2-1a40-4291-b4a4-bcc08c8a4b74,1,GAID,android
11/20/2024 14:26,148.227.93.123,8819aef2-1a40-4291-b4a4-bcc08c8a4b74,1,GAID,android
11/20/2024 14:40,148.227.93.123,8819aef2-1a40-4291-b4a4-bcc08c8a4b74,1,GAID,android
11/20/2024 14:44,148.227.93.123,8819aef2-1a40-4291-b4a4-bcc08c8a4b74,1,GAID,android
11/20/2024 14:47,148.227.93.123,8819aef2-1a40-4291-b4a4-bcc08c8a4b74,1,GAID,android
11/20/2024 15:10,148.227.93.123,8819aef2-1a40-4291-b4a4-bcc08c8a4b74,1,GAID,android
11/20/2024 15:23,148.227.93.123,8819aef2-1a40-4291-b4a4-bcc08c8a4b74,1,GAID,android
11/20/2024 15:29,148.227.93.123,8819aef2-1a40-4291-b4a4-bcc08c8a4b74,1,GAID,android
11/20/2024 15:39,148.227.93.123,8819aef2-1a40-4291-b4a4-bcc08c8a4b74,1,GAID,android
11/20/2024 15:53,148.227.93.123,8819aef2-1a40-4291-b4a4-bcc08c8a4b74,1,GAID,android
11/20/2024 15:53,2803:9810:6289:8608::,8819aef2-1a40-4291-b4a4-bcc08c8a4b74,1,GAID,android
11/20/2024 16:02,148.227.93.123,8819aef2-1a40-4291-b4a4-bcc08c8a4b74,1,GAID,android
11/20/2024 18:16,148.227.93.123,8819aef2-1a40-4291-b4a4-bcc08c8a4b74,1,GAID,android
11/20/2024 18:20,148.227.93.123,8819aef2-1a40-4291-b4a4-bcc08c8a4b74,1,GAID,android
11/20/2024 18:32,148.227.93.123,8819aef2-1a40-4291-b4a4-bcc08c8a4b74,1,GAID,android
11/20/2024 18:36,148.227.93.123,8819aef2-1a40-4291-b4a4-bcc08c8a4b74,1,GAID,android
11/20/2024 18:44,148.227.93.218,8819aef2-1a40-4291-b4a4-bcc08c8a4b74,1,GAID,android
11/20/2024 18:51,148.227.93.218,8819aef2-1a40-4291-b4a4-bcc08c8a4b74,1,GAID,android
11/20/2024 18:56,148.227.93.218,8819aef2-1a40-4291-b4a4-bcc08c8a4b74,1,GAID,android
11/20/2024 18:58,148.227.93.218,8819aef2-1a40-4291-b4a4-bcc08c8a4b74,1,GAID,android
11/20/2024 19:09,148.227.93.218,8819aef2-1a40-4291-b4a4-bcc08c8a4b74,1,GAID,android
11/20/2024 18:50,148.227.93.218,8819aef2-1a40-4291-b4a4-bcc08c8a4b74,1,GAID,android
11/20/2024 18:55,148.227.93.218,8819aef2-1a40-4291-b4a4-bcc08c8a4b74,1,GAID,android
11/20/2024 18:58,148.227.93.218,8819aef2-1a40-4291-b4a4-bcc08c8a4b74,1,GAID,android
11/20/2024 19:08,148.227.93.218,8819aef2-1a40-4291-b4a4-bcc08c8a4b74,1,GAID,android
11/20/2024 19:14,148.227.93.218,8819aef2-1a40-4291-b4a4-bcc08c8a4b74,1,GAID,android
11/20/2024 19:20,148.227.93.218,8819aef2-1a40-4291-b4a4-bcc08c8a4b74,1,GAID,android
11/20/2024 19:23,148.227.93.218,8819aef2-1a40-4291-b4a4-bcc08c8a4b74,1,GAID,android
11/20/2024 19:24,148.227.93.218,8819aef2-1a40-4291-b4a4-bcc08c8a4b74,1,GAID,android
11/20/2024 19:24,148.227.93.218,8819aef2-1a40-4291-b4a4-bcc08c8a4b74,1,GAID,android
11/20/2024 19:26,2803:9810:6289:8608::,8819aef2-1a40-4291-b4a4-bcc08c8a4b74,1,GAID,android
11/20/2024 19:27,148.227.93.218,8819aef2-1a40-4291-b4a4-bcc08c8a4b74,1,GAID,android
11/20/2024 19:31,2803:9810:6289:8608::,8819aef2-1a40-4291-b4a4-bcc08c8a4b74,1,GAID,android
11/20/2024 19:31,148.227.93.218,8819aef2-1a40-4291-b4a4-bcc08c8a4b74,1,GAID,android
11/20/2024 19:31,148.227.93.218,8819aef2-1a40-4291-b4a4-bcc08c8a4b74,1,GAID,android
11/20/2024 19:33,148.227.93.218,8819aef2-1a40-4291-b4a4-bcc08c8a4b74,1,GAID,android
11/20/2024 19:34,2803:9810:6289:8608::,8819aef2-1a40-4291-b4a4-bcc08c8a4b74,1,GAID,android
11/20/2024 19:34,148.227.93.218,8819aef2-1a40-4291-b4a4-bcc08c8a4b74,1,GAID,android
11/20/2024 19:36,148.227.93.218,8819aef2-1a40-4291-b4a4-bcc08c8a4b74,1,GAID,android
11/20/2024 19:42,148.227.93.218,8819aef2-1a40-4291-b4a4-bcc08c8a4b74,1,GAID,android
11/20/2024 19:52,148.227.93.218,8819aef2-1a40-4291-b4a4-bcc08c8a4b74,1,GAID,android
11/20/2024 19:53,148.227.93.218,8819aef2-1a40-4291-b4a4-bcc08c8a4b74,1,GAID,android
11/20/2024 20:00,148.227.93.218,8819aef2-1a40-4291-b4a4-bcc08c8a4b74,1,GAID,android
11/20/2024 20:03,148.227.93.218,8819aef2-1a40-4291-b4a4-bcc08c8a4b74,1,GAID,android
11/20/2024 20:09,148.227.93.218,8819aef2-1a40-4291-b4a4-bcc08c8a4b74,1,GAID,android
11/20/2024 20:11,148.227.93.218,8819aef2-1a40-4291-b4a4-bcc08c8a4b74,1,GAID,android
11/20/2024 20:13,148.227.93.218,8819aef2-1a40-4291-b4a4-bcc08c8a4b74,1,GAID,android
11/20/2024 20:13,148.227.93.218,8819aef2-1a40-4291-b4a4-bcc08c8a4b74,1,GAID,android
11/20/2024 20:17,148.227.93.218,8819aef2-1a40-4291-b4a4-bcc08c8a4b74,1,GAID,android
11/20/2024 20:18,148.227.93.218,8819aef2-1a40-4291-b4a4-bcc08c8a4b74,1,GAID,android
11/27/2024 10:10,2a00:5400:f012::,AAKRGE7P9eIAABxfJkTLVA,7,WEB_ID,android
11/27/2024 17:49,2a00:5400:e053:b76:b92c:1a3e:341c:af66,AAKT707IOKgAAB_bLwHDew,6,WEB_ID,ios
11/20/2024 20:45,148.227.93.218,8819aef2-1a40-4291-b4a4-bcc08c8a4b74,1,GAID,android
11/20/2024 20:45,2803:9810:6289:8608::,8819aef2-1a40-4291-b4a4-bcc08c8a4b74,1,GAID,android
11/20/2024 20:48,148.227.93.218,8819aef2-1a40-4291-b4a4-bcc08c8a4b74,1,GAID,android
11/21/2024 10:05,148.227.93.218,8819aef2-1a40-4291-b4a4-bcc08c8a4b74,1,GAID,android
11/21/2024 10:29,148.227.93.218,8819aef2-1a40-4291-b4a4-bcc08c8a4b74,1,GAID,android
11/21/2024 10:33,148.227.93.218,8819aef2-1a40-4291-b4a4-bcc08c8a4b74,1,GAID,android
11/21/2024 13:22,148.227.93.218,8819aef2-1a40-4291-b4a4-bcc08c8a4b74,1,GAID,android
11/21/2024 13:29,148.227.93.218,8819aef2-1a40-4291-b4a4-bcc08c8a4b74,1,GAID,android
11/21/2024 13:42,148.227.93.218,8819aef2-1a40-4291-b4a4-bcc08c8a4b74,1,GAID,android
11/21/2024 13:47,148.227.93.218,8819aef2-1a40-4291-b4a4-bcc08c8a4b74,1,GAID,android
11/21/2024 13:48,148.227.93.218,8819aef2-1a40-4291-b4a4-bcc08c8a4b74,1,GAID,android
11/21/2024 14:06,148.227.93.218,8819aef2-1a40-4291-b4a4-bcc08c8a4b74,1,GAID,android
11/21/2024 14:10,2803:9810:6289:8608::,8819aef2-1a40-4291-b4a4-bcc08c8a4b74,1,GAID,android
11/21/2024 14:11,148.227.93.218,8819aef2-1a40-4291-b4a4-bcc08c8a4b74,1,GAID,android
11/27/2024 18:10,2a00:5400:f020::,AALKVk7RajkAABv5BSiD8w,6,WEB_ID,android
11/22/2024 8:01,148.227.93.75,8819aef2-1a40-4291-b4a4-bcc08c8a4b74,1,GAID,android
11/22/2024 8:05,148.227.93.75,8819aef2-1a40-4291-b4a4-bcc08c8a4b74,1,GAID,android
11/22/2024 8:11,148.227.93.75,8819aef2-1a40-4291-b4a4-bcc08c8a4b74,1,GAID,android
11/22/2024 8:14,2803:9810:6289:8608::,8819aef2-1a40-4291-b4a4-bcc08c8a4b74,1,GAID,android
11/22/2024 8:14,148.227.93.75,8819aef2-1a40-4291-b4a4-bcc08c8a4b74,1,GAID,android
11/22/2024 8:18,148.227.93.75,8819aef2-1a40-4291-b4a4-bcc08c8a4b74,1,GAID,android
11/22/2024 8:23,148.227.93.75,8819aef2-1a40-4291-b4a4-bcc08c8a4b74,1,GAID,android
11/22/2024 8:26,148.227.93.75,8819aef2-1a40-4291-b4a4-bcc08c8a4b74,1,GAID,android
11/22/2024 8:31,148.227.93.75,8819aef2-1a40-4291-b4a4-bcc08c8a4b74,1,GAID,android
11/22/2024 8:37,148.227.93.75,8819aef2-1a40-4291-b4a4-bcc08c8a4b74,1,GAID,android
11/22/2024 16:27,148.227.93.75,8819aef2-1a40-4291-b4a4-bcc08c8a4b74,1,GAID,android
11/22/2024 16:32,148.227.93.75,8819aef2-1a40-4291-b4a4-bcc08c8a4b74,1,GAID,android
11/22/2024 16:34,148.227.93.75,8819aef2-1a40-4291-b4a4-bcc08c8a4b74,1,GAID,android
11/22/2024 16:41,148.227.93.75,8819aef2-1a40-4291-b4a4-bcc08c8a4b74,1,GAID,android
11/22/2024 16:48,148.227.93.75,8819aef2-1a40-4291-b4a4-bcc08c8a4b74,1,GAID,android
11/22/2024 16:49,148.227.93.75,8819aef2-1a40-4291-b4a4-bcc08c8a4b74,1,GAID,android
11/22/2024 16:59,148.227.93.75,8819aef2-1a40-4291-b4a4-bcc08c8a4b74,1,GAID,android
11/22/2024 17:04,148.227.93.75,8819aef2-1a40-4291-b4a4-bcc08c8a4b74,1,GAID,android
11/22/2024 17:12,148.227.93.75,8819aef2-1a40-4291-b4a4-bcc08c8a4b74,1,GAID,android
11/22/2024 17:16,148.227.93.75,8819aef2-1a40-4291-b4a4-bcc08c8a4b74,1,GAID,android
11/22/2024 17:20,148.227.93.75,8819aef2-1a40-4291-b4a4-bcc08c8a4b74,1,GAID,android
11/23/2024 10:59,148.227.93.75,8819aef2-1a40-4291-b4a4-bcc08c8a4b74,1,GAID,android
11/23/2024 11:07,148.227.93.75,8819aef2-1a40-4291-b4a4-bcc08c8a4b74,1,GAID,android
11/23/2024 11:10,148.227.93.75,8819aef2-1a40-4291-b4a4-bcc08c8a4b74,1,GAID,android
11/23/2024 11:12,148.227.93.75,8819aef2-1a40-4291-b4a4-bcc08c8a4b74,1,GAID,android
11/23/2024 11:21,2803:9810:6289:8608::,8819aef2-1a40-4291-b4a4-bcc08c8a4b74,1,GAID,android
11/23/2024 11:21,148.227.93.75,8819aef2-1a40-4291-b4a4-bcc08c8a4b74,1,GAID,android
11/23/2024 13:12,2803:9810:6289:8608::,8819aef2-1a40-4291-b4a4-bcc08c8a4b74,1,GAID,android
11/23/2024 13:50,148.227.93.75,8819aef2-1a40-4291-b4a4-bcc08c8a4b74,1,GAID,android
11/23/2024 16:47,148.227.93.75,8819aef2-1a40-4291-b4a4-bcc08c8a4b74,1,GAID,android
11/27/2024 10:42,2a00:5400:e051::,AAFcvU7LIAoAABO-Xttw5A,7,WEB_ID,android
11/27/2024 10:42,2a00:5400:e051::,AAFcvU7LIAoAABO-Xttw5A,7,WEB_ID,android
11/27/2024 10:45,2a00:5400:e051::,AAFcvU7LIAoAABO-Xttw5A,7,WEB_ID,android
11/27/2024 10:45,2a00:5400:e051::,AAFcvU7LIAoAABO-Xttw5A,7,WEB_ID,android
11/27/2024 10:49,2a00:5400:e051::,AAFcvU7LIAoAABO-Xttw5A,7,WEB_ID,android
11/27/2024 10:49,2a00:5400:e051::,AAFcvU7LIAoAABO-Xttw5A,7,WEB_ID,android
11/27/2024 10:49,2a00:5400:e051::,AAFcvU7LIAoAABO-Xttw5A,7,WEB_ID,android
11/27/2024 10:51,2a00:5400:e051::,AAFcvU7LIAoAABO-Xttw5A,7,WEB_ID,android
11/27/2024 10:51,2a00:5400:e051::,AAFcvU7LIAoAABO-Xttw5A,7,WEB_ID,android
11/27/2024 10:52,2a00:5400:e051::,AAFcvU7LIAoAABO-Xttw5A,7,WEB_ID,android
11/27/2024 10:52,2a00:5400:e051::,AAFcvU7LIAoAABO-Xttw5A,7,WEB_ID,android
11/27/2024 10:52,2a00:5400:e051::,AAFcvU7LIAoAABO-Xttw5A,7,WEB_ID,android
11/27/2024 10:53,2a00:5400:e051::,AAFcvU7LIAoAABO-Xttw5A,7,WEB_ID,android
11/27/2024 10:53,2a00:5400:e051::,AAFcvU7LIAoAABO-Xttw5A,7,WEB_ID,android
11/27/2024 10:53,2a00:5400:e051::,AAFcvU7LIAoAABO-Xttw5A,7,WEB_ID,android
11/27/2024 10:56,2a00:5400:e051::,AAFcvU7LIAoAABO-Xttw5A,7,WEB_ID,android
11/27/2024 10:58,2a00:5400:e051::,AAFcvU7LIAoAABO-Xttw5A,7,WEB_ID,android
11/27/2024 10:58,2a00:5400:e051::,AAFcvU7LIAoAABO-Xttw5A,7,WEB_ID,android
11/27/2024 10:59,2a00:5400:e051::,AAFcvU7LIAoAABO-Xttw5A,7,WEB_ID,android
11/27/2024 11:01,2a00:5400:e051::,AAFcvU7LIAoAABO-Xttw5A,7,WEB_ID,android
11/27/2024 11:01,2a00:5400:e051::,AAFcvU7LIAoAABO-Xttw5A,7,WEB_ID,android
11/27/2024 11:02,2a00:5400:e051::,AAFcvU7LIAoAABO-Xttw5A,7,WEB_ID,android
11/27/2024 11:06,2a00:5400:e051::,AAFcvU7LIAoAABO-Xttw5A,7,WEB_ID,android
11/27/2024 11:06,2a00:5400:e051::,AAFcvU7LIAoAABO-Xttw5A,7,WEB_ID,android
11/27/2024 11:07,2a00:5400:e051::,AAFcvU7LIAoAABO-Xttw5A,7,WEB_ID,android
11/27/2024 11:07,2a00:5400:e051::,AAFcvU7LIAoAABO-Xttw5A,7,WEB_ID,android
11/27/2024 11:22,2a00:5400:e051::,AAFcvU7LIAoAABO-Xttw5A,7,WEB_ID,android
11/27/2024 14:30,2a00:5400:e051::,AAFcvU7LIAoAABO-Xttw5A,7,WEB_ID,android
11/27/2024 14:44,2a00:5400:e337::,AAA7PE7OD50AABQ_9xhR4Q,7,WEB_ID,android
11/27/2024 17:25,2a00:5400:f012::,AAKRGE7P9eIAABxfJkTLVA,7,WEB_ID,android
11/27/2024 17:26,2a00:5400:f012::,AAKRGE7P9eIAABxfJkTLVA,7,WEB_ID,android
11/27/2024 17:27,2a00:5400:f012::,AAKRGE7P9eIAABxfJkTLVA,7,WEB_ID,android
11/27/2024 17:31,2a00:5400:f012::,AAKRGE7P9eIAABxfJkTLVA,7,WEB_ID,android
11/27/2024 17:32,2a00:5400:f012::,AAKRGE7P9eIAABxfJkTLVA,7,WEB_ID,android
11/27/2024 17:33,2a00:5400:f012::,AAKRGE7P9eIAABxfJkTLVA,7,WEB_ID,android
11/27/2024 17:34,2a00:5400:f012::,AAKRGE7P9eIAABxfJkTLVA,7,WEB_ID,android
11/23/2024 16:56,148.227.93.75,8819aef2-1a40-4291-b4a4-bcc08c8a4b74,1,GAID,android
11/28/2024 10:19,2a00:5400:f020::,AALKVk7RajkAABv5BSiD8w,6,WEB_ID,android
11/23/2024 16:58,148.227.93.75,8819aef2-1a40-4291-b4a4-bcc08c8a4b74,1,GAID,android
11/23/2024 17:09,148.227.93.75,8819aef2-1a40-4291-b4a4-bcc08c8a4b74,1,GAID,android
11/23/2024 16:54,2803:9810:6289:8608::,8819aef2-1a40-4291-b4a4-bcc08c8a4b74,1,GAID,android
11/23/2024 16:55,2803:9810:6289:8608::,8819aef2-1a40-4291-b4a4-bcc08c8a4b74,1,GAID,android
11/23/2024 17:02,2803:9810:6289:8608::,8819aef2-1a40-4291-b4a4-bcc08c8a4b74,1,GAID,android
11/23/2024 17:02,148.227.93.75,8819aef2-1a40-4291-b4a4-bcc08c8a4b74,1,GAID,android
11/23/2024 17:04,148.227.93.75,8819aef2-1a40-4291-b4a4-bcc08c8a4b74,1,GAID,android
11/23/2024 17:05,148.227.93.75,8819aef2-1a40-4291-b4a4-bcc08c8a4b74,1,GAID,android
11/23/2024 18:05,2803:9810:6289:8608::,8819aef2-1a40-4291-b4a4-bcc08c8a4b74,1,GAID,android
11/23/2024 18:06,2803:9810:6289:8608::,8819aef2-1a40-4291-b4a4-bcc08c8a4b74,1,GAID,android
11/23/2024 18:07,148.227.93.75,8819aef2-1a40-4291-b4a4-bcc08c8a4b74,1,GAID,android
11/23/2024 18:08,148.227.93.75,8819aef2-1a40-4291-b4a4-bcc08c8a4b74,1,GAID,android
11/23/2024 18:08,148.227.93.75,8819aef2-1a40-4291-b4a4-bcc08c8a4b74,1,GAID,android
11/23/2024 18:13,148.227.93.75,8819aef2-1a40-4291-b4a4-bcc08c8a4b74,1,GAID,android
11/23/2024 18:13,148.227.93.75,8819aef2-1a40-4291-b4a4-bcc08c8a4b74,1,GAID,android
11/23/2024 18:15,148.227.93.75,8819aef2-1a40-4291-b4a4-bcc08c8a4b74,1,GAID,android
11/23/2024 18:15,2803:9810:6289:8608:8157:dea6:8adc:8c5a,8819aef2-1a40-4291-b4a4-bcc08c8a4b74,1,GAID,android
11/23/2024 18:15,148.227.93.75,8819aef2-1a40-4291-b4a4-bcc08c8a4b74,1,GAID,android
11/23/2024 18:18,148.227.93.75,8819aef2-1a40-4291-b4a4-bcc08c8a4b74,1,GAID,android
11/23/2024 18:22,148.227.93.75,8819aef2-1a40-4291-b4a4-bcc08c8a4b74,1,GAID,android
11/23/2024 18:25,148.227.93.75,8819aef2-1a40-4291-b4a4-bcc08c8a4b74,1,GAID,android
11/23/2024 18:35,148.227.93.75,8819aef2-1a40-4291-b4a4-bcc08c8a4b74,1,GAID,android
11/23/2024 18:43,148.227.93.75,8819aef2-1a40-4291-b4a4-bcc08c8a4b74,1,GAID,android
11/27/2024 17:34,2a00:5400:f012::,AAKRGE7P9eIAABxfJkTLVA,7,WEB_ID,android
11/27/2024 17:37,2a00:5400:f012::,AAKRGE7P9eIAABxfJkTLVA,7,WEB_ID,android
11/27/2024 17:39,2a00:5400:f012::,AAKRGE7P9eIAABxfJkTLVA,7,WEB_ID,android
11/27/2024 17:40,2a00:5400:f012::,AAKRGE7P9eIAABxfJkTLVA,7,WEB_ID,android
11/27/2024 17:40,2a00:5400:f012::,AAKRGE7P9eIAABxfJkTLVA,7,WEB_ID,android
11/27/2024 17:41,2a00:5400:f012::,AAKRGE7P9eIAABxfJkTLVA,7,WEB_ID,android
11/27/2024 17:41,2a00:5400:f012::,AAKRGE7P9eIAABxfJkTLVA,7,WEB_ID,android
11/27/2024 17:41,2a00:5400:f012::,AAKRGE7P9eIAABxfJkTLVA,7,WEB_ID,android
11/27/2024 17:41,2a00:5400:f012::,AAKRGE7P9eIAABxfJkTLVA,7,WEB_ID,android
11/27/2024 17:43,2a00:5400:f012::,AAKRGE7P9eIAABxfJkTLVA,7,WEB_ID,android
11/27/2024 17:44,2a00:5400:f012::,AAKRGE7P9eIAABxfJkTLVA,7,WEB_ID,android
11/27/2024 17:49,2a00:5400:f012::,AAKRGE7P9eIAABxfJkTLVA,7,WEB_ID,android
11/27/2024 17:51,2a00:5400:f012::,AAKRGE7P9eIAABxfJkTLVA,7,WEB_ID,android
11/27/2024 17:53,2a00:5400:f012::,AAKRGE7P9eIAABxfJkTLVA,7,WEB_ID,android
11/27/2024 17:53,2a00:5400:f012::,AAKRGE7P9eIAABxfJkTLVA,7,WEB_ID,android
11/27/2024 17:53,2a00:5400:f012::,AAKRGE7P9eIAABxfJkTLVA,7,WEB_ID,android
11/27/2024 17:53,2a00:5400:f012::,AAKRGE7P9eIAABxfJkTLVA,7,WEB_ID,android
11/27/2024 17:53,2a00:5400:f012::,AAKRGE7P9eIAABxfJkTLVA,7,WEB_ID,android
11/27/2024 17:54,2a00:5400:f012::,AAKRGE7P9eIAABxfJkTLVA,7,WEB_ID,android
11/27/2024 17:54,2a00:5400:f012::,AAKRGE7P9eIAABxfJkTLVA,7,WEB_ID,android
11/23/2024 18:41,148.227.93.254,8819aef2-1a40-4291-b4a4-bcc08c8a4b74,1,GAID,android
11/23/2024 18:41,148.227.93.254,8819aef2-1a40-4291-b4a4-bcc08c8a4b74,1,GAID,android
11/23/2024 18:41,148.227.93.254,8819aef2-1a40-4291-b4a4-bcc08c8a4b74,1,GAID,android
11/23/2024 18:42,148.227.93.254,8819aef2-1a40-4291-b4a4-bcc08c8a4b74,1,GAID,android
11/23/2024 18:53,148.227.93.254,8819aef2-1a40-4291-b4a4-bcc08c8a4b74,1,GAID,android
11/23/2024 18:54,148.227.93.254,8819aef2-1a40-4291-b4a4-bcc08c8a4b74,1,GAID,android
11/23/2024 18:59,148.227.93.254,8819aef2-1a40-4291-b4a4-bcc08c8a4b74,1,GAID,android
11/23/2024 19:04,148.227.93.254,8819aef2-1a40-4291-b4a4-bcc08c8a4b74,1,GAID,android
11/23/2024 19:07,148.227.93.254,8819aef2-1a40-4291-b4a4-bcc08c8a4b74,1,GAID,android
11/23/2024 19:10,148.227.93.254,8819aef2-1a40-4291-b4a4-bcc08c8a4b74,1,GAID,android
11/23/2024 19:14,148.227.93.254,8819aef2-1a40-4291-b4a4-bcc08c8a4b74,1,GAID,android
11/23/2024 19:19,148.227.93.254,8819aef2-1a40-4291-b4a4-bcc08c8a4b74,1,GAID,android
11/23/2024 19:21,148.227.93.254,8819aef2-1a40-4291-b4a4-bcc08c8a4b74,1,GAID,android
11/23/2024 19:26,148.227.93.254,8819aef2-1a40-4291-b4a4-bcc08c8a4b74,1,GAID,android
11/23/2024 19:34,148.227.93.254,8819aef2-1a40-4291-b4a4-bcc08c8a4b74,1,GAID,android
11/23/2024 19:35,148.227.93.254,8819aef2-1a40-4291-b4a4-bcc08c8a4b74,1,GAID,android
11/23/2024 19:58,148.227.93.254,8819aef2-1a40-4291-b4a4-bcc08c8a4b74,1,GAID,android
11/23/2024 20:02,148.227.93.254,8819aef2-1a40-4291-b4a4-bcc08c8a4b74,1,GAID,android
11/23/2024 20:05,148.227.93.254,8819aef2-1a40-4291-b4a4-bcc08c8a4b74,1,GAID,android
11/23/2024 20:42,148.227.93.254,8819aef2-1a40-4291-b4a4-bcc08c8a4b74,1,GAID,android
11/23/2024 20:46,148.227.93.254,8819aef2-1a40-4291-b4a4-bcc08c8a4b74,1,GAID,android
11/24/2024 10:38,148.227.93.254,8819aef2-1a40-4291-b4a4-bcc08c8a4b74,1,GAID,android
11/24/2024 10:43,148.227.93.254,8819aef2-1a40-4291-b4a4-bcc08c8a4b74,1,GAID,android
11/24/2024 10:45,148.227.93.254,8819aef2-1a40-4291-b4a4-bcc08c8a4b74,1,GAID,android
11/24/2024 11:08,148.227.93.254,8819aef2-1a40-4291-b4a4-bcc08c8a4b74,1,GAID,android
11/24/2024 11:23,148.227.93.254,8819aef2-1a40-4291-b4a4-bcc08c8a4b74,1,GAID,android
11/24/2024 11:34,148.227.93.254,8819aef2-1a40-4291-b4a4-bcc08c8a4b74,1,GAID,android
11/24/2024 13:58,148.227.93.254,8819aef2-1a40-4291-b4a4-bcc08c8a4b74,1,GAID,android
11/24/2024 14:04,148.227.93.254,8819aef2-1a40-4291-b4a4-bcc08c8a4b74,1,GAID,android
11/28/2024 8:00,2a00:5400:e051::,AAFcvU7LIAoAABO-Xttw5A,7,WEB_ID,android
11/28/2024 8:02,2a00:5400:e051::,AAFcvU7LIAoAABO-Xttw5A,7,WEB_ID,android
11/28/2024 8:04,2a00:5400:e051::,AAFcvU7LIAoAABO-Xttw5A,7,WEB_ID,android
11/28/2024 8:04,2a00:5400:e051::,AAFcvU7LIAoAABO-Xttw5A,7,WEB_ID,android
11/28/2024 8:05,2a00:5400:e051::,AAFcvU7LIAoAABO-Xttw5A,7,WEB_ID,android
11/28/2024 8:08,2a00:5400:e051::,AAFcvU7LIAoAABO-Xttw5A,7,WEB_ID,android
11/28/2024 8:08,2a00:5400:e051::,AAFcvU7LIAoAABO-Xttw5A,7,WEB_ID,android
11/28/2024 8:09,2a00:5400:e051::,AAFcvU7LIAoAABO-Xttw5A,7,WEB_ID,android
11/24/2024 14:14,148.227.93.254,8819aef2-1a40-4291-b4a4-bcc08c8a4b74,1,GAID,android
11/24/2024 14:18,148.227.93.254,8819aef2-1a40-4291-b4a4-bcc08c8a4b74,1,GAID,android
11/24/2024 14:31,148.227.93.254,8819aef2-1a40-4291-b4a4-bcc08c8a4b74,1,GAID,android
11/28/2024 8:43,2a00:5400:e051::,AAFcvU7LIAoAABO-Xttw5A,7,WEB_ID,android
11/24/2024 14:47,148.227.93.254,8819aef2-1a40-4291-b4a4-bcc08c8a4b74,1,GAID,android
11/28/2024 8:44,2a00:5400:e051::,AAFcvU7LIAoAABO-Xttw5A,7,WEB_ID,android
11/28/2024 8:47,2a00:5400:e051::,AAFcvU7LIAoAABO-Xttw5A,7,WEB_ID,android
11/28/2024 8:48,2a00:5400:e051::,AAFcvU7LIAoAABO-Xttw5A,7,WEB_ID,android
11/28/2024 8:49,2a00:5400:e051::,AAFcvU7LIAoAABO-Xttw5A,7,WEB_ID,android
11/28/2024 8:49,2a00:5400:e051::,AAFcvU7LIAoAABO-Xttw5A,7,WEB_ID,android
11/28/2024 8:50,2a00:5400:e051::,AAFcvU7LIAoAABO-Xttw5A,7,WEB_ID,android
11/28/2024 18:19,2a00:5400:e051::,AAFcvU7LIAoAABO-Xttw5A,7,WEB_ID,android
11/28/2024 18:20,2a00:5400:e051::,AAFcvU7LIAoAABO-Xttw5A,7,WEB_ID,android
11/24/2024 14:36,148.227.93.254,8819aef2-1a40-4291-b4a4-bcc08c8a4b74,1,GAID,android
11/28/2024 18:24,2a00:5400:e051::,AAFcvU7LIAoAABO-Xttw5A,7,WEB_ID,android
11/28/2024 18:24,2a00:5400:e051::,AAFcvU7LIAoAABO-Xttw5A,7,WEB_ID,android
11/28/2024 18:25,2a00:5400:e051::,AAFcvU7LIAoAABO-Xttw5A,7,WEB_ID,android
11/28/2024 18:28,2a00:5400:e051::,AAFcvU7LIAoAABO-Xttw5A,7,WEB_ID,android
11/28/2024 18:31,2a00:5400:e051::,AAFcvU7LIAoAABO-Xttw5A,7,WEB_ID,android
11/24/2024 14:47,148.227.93.254,8819aef2-1a40-4291-b4a4-bcc08c8a4b74,1,GAID,android
11/28/2024 18:32,2a00:5400:e051::,AAFcvU7LIAoAABO-Xttw5A,7,WEB_ID,android
11/28/2024 18:34,2a00:5400:e051::,AAFcvU7LIAoAABO-Xttw5A,7,WEB_ID,android
11/28/2024 18:36,2a00:5400:e051::,AAFcvU7LIAoAABO-Xttw5A,7,WEB_ID,android
11/24/2024 14:56,148.227.93.254,8819aef2-1a40-4291-b4a4-bcc08c8a4b74,1,GAID,android
11/28/2024 18:42,2a00:5400:e051::,AAFcvU7LIAoAABO-Xttw5A,7,WEB_ID,android
11/28/2024 18:44,2a00:5400:e051::,AAFcvU7LIAoAABO-Xttw5A,7,WEB_ID,android
11/28/2024 18:44,2a00:5400:e051::,AAFcvU7LIAoAABO-Xttw5A,7,WEB_ID,android
11/24/2024 15:00,148.227.93.254,8819aef2-1a40-4291-b4a4-bcc08c8a4b74,1,GAID,android
11/28/2024 18:45,2a00:5400:e051::,AAFcvU7LIAoAABO-Xttw5A,7,WEB_ID,android
11/28/2024 18:46,2a00:5400:e051::,AAFcvU7LIAoAABO-Xttw5A,7,WEB_ID,android
11/28/2024 18:46,2a00:5400:e051::,AAFcvU7LIAoAABO-Xttw5A,7,WEB_ID,android
11/28/2024 18:46,2a00:5400:e051::,AAFcvU7LIAoAABO-Xttw5A,7,WEB_ID,android
11/28/2024 18:46,2a00:5400:e051::,AAFcvU7LIAoAABO-Xttw5A,7,WEB_ID,android
11/28/2024 18:46,2a00:5400:e051::,AAFcvU7LIAoAABO-Xttw5A,7,WEB_ID,android
11/28/2024 18:49,2a00:5400:e051::,AAFcvU7LIAoAABO-Xttw5A,7,WEB_ID,android
11/28/2024 18:51,2a00:5400:e051::,AAFcvU7LIAoAABO-Xttw5A,7,WEB_ID,android
11/24/2024 15:06,148.227.93.254,8819aef2-1a40-4291-b4a4-bcc08c8a4b74,1,GAID,android
11/28/2024 18:51,2a00:5400:e051::,AAFcvU7LIAoAABO-Xttw5A,7,WEB_ID,android
11/28/2024 18:52,2a00:5400:e051::,AAFcvU7LIAoAABO-Xttw5A,7,WEB_ID,android
11/28/2024 18:54,2a00:5400:e051::,AAFcvU7LIAoAABO-Xttw5A,7,WEB_ID,android
11/28/2024 18:56,2a00:5400:e051::,AAFcvU7LIAoAABO-Xttw5A,7,WEB_ID,android
11/28/2024 18:56,82.167.71.2,AAFcvU7LIAoAABO-Xttw5A,7,WEB_ID,android
11/24/2024 15:13,148.227.93.254,8819aef2-1a40-4291-b4a4-bcc08c8a4b74,1,GAID,android
11/28/2024 18:58,2a00:5400:e051::,AAFcvU7LIAoAABO-Xttw5A,7,WEB_ID,android
11/28/2024 18:59,2a00:5400:e051::,AAFcvU7LIAoAABO-Xttw5A,7,WEB_ID,android
11/24/2024 15:17,148.227.93.254,8819aef2-1a40-4291-b4a4-bcc08c8a4b74,1,GAID,android
11/24/2024 15:29,148.227.93.254,8819aef2-1a40-4291-b4a4-bcc08c8a4b74,1,GAID,android
11/24/2024 16:16,148.227.93.254,8819aef2-1a40-4291-b4a4-bcc08c8a4b74,1,GAID,android
11/24/2024 16:23,148.227.93.254,8819aef2-1a40-4291-b4a4-bcc08c8a4b74,1,GAID,android
11/24/2024 16:23,148.227.93.254,8819aef2-1a40-4291-b4a4-bcc08c8a4b74,1,GAID,android
11/24/2024 16:36,148.227.93.254,8819aef2-1a40-4291-b4a4-bcc08c8a4b74,1,GAID,android
11/24/2024 16:46,148.227.93.254,8819aef2-1a40-4291-b4a4-bcc08c8a4b74,1,GAID,android
11/24/2024 16:49,2803:9810:6289:8608::,8819aef2-1a40-4291-b4a4-bcc08c8a4b74,1,GAID,android
11/24/2024 16:50,148.227.93.254,8819aef2-1a40-4291-b4a4-bcc08c8a4b74,1,GAID,android
11/24/2024 16:58,148.227.93.254,8819aef2-1a40-4291-b4a4-bcc08c8a4b74,1,GAID,android
11/24/2024 17:02,148.227.93.254,8819aef2-1a40-4291-b4a4-bcc08c8a4b74,1,GAID,android
11/24/2024 17:03,148.227.93.254,8819aef2-1a40-4291-b4a4-bcc08c8a4b74,1,GAID,android
11/24/2024 17:13,148.227.93.254,8819aef2-1a40-4291-b4a4-bcc08c8a4b74,1,GAID,android
11/24/2024 16:47,148.227.93.254,8819aef2-1a40-4291-b4a4-bcc08c8a4b74,1,GAID,android
11/24/2024 16:51,148.227.93.254,8819aef2-1a40-4291-b4a4-bcc08c8a4b74,1,GAID,android
11/24/2024 16:58,148.227.93.254,8819aef2-1a40-4291-b4a4-bcc08c8a4b74,1,GAID,android
11/28/2024 14:49,2a00:5400:f020::,AALKVk7RajkAABv5BSiD8w,6,WEB_ID,android
11/24/2024 17:08,148.227.93.254,8819aef2-1a40-4291-b4a4-bcc08c8a4b74,1,GAID,android
11/24/2024 17:09,148.227.93.254,8819aef2-1a40-4291-b4a4-bcc08c8a4b74,1,GAID,android
11/24/2024 17:18,148.227.93.254,8819aef2-1a40-4291-b4a4-bcc08c8a4b74,1,GAID,android
11/24/2024 17:25,148.227.93.254,8819aef2-1a40-4291-b4a4-bcc08c8a4b74,1,GAID,android
11/24/2024 17:42,148.227.93.254,8819aef2-1a40-4291-b4a4-bcc08c8a4b74,1,GAID,android
11/24/2024 17:56,148.227.93.254,8819aef2-1a40-4291-b4a4-bcc08c8a4b74,1,GAID,android
11/24/2024 18:03,148.227.93.254,8819aef2-1a40-4291-b4a4-bcc08c8a4b74,1,GAID,android
11/24/2024 18:06,148.227.93.254,8819aef2-1a40-4291-b4a4-bcc08c8a4b74,1,GAID,android
11/24/2024 18:08,148.227.93.254,8819aef2-1a40-4291-b4a4-bcc08c8a4b74,1,GAID,android
11/24/2024 18:12,148.227.93.254,8819aef2-1a40-4291-b4a4-bcc08c8a4b74,1,GAID,android
11/24/2024 18:13,148.227.93.254,8819aef2-1a40-4291-b4a4-bcc08c8a4b74,1,GAID,android
11/24/2024 18:15,148.227.93.254,8819aef2-1a40-4291-b4a4-bcc08c8a4b74,1,GAID,android
11/24/2024 18:17,148.227.93.254,8819aef2-1a40-4291-b4a4-bcc08c8a4b74,1,GAID,android
11/24/2024 18:22,148.227.93.254,8819aef2-1a40-4291-b4a4-bcc08c8a4b74,1,GAID,android
11/24/2024 18:36,148.227.93.254,8819aef2-1a40-4291-b4a4-bcc08c8a4b74,1,GAID,android
11/24/2024 18:37,148.227.93.254,8819aef2-1a40-4291-b4a4-bcc08c8a4b74,1,GAID,android
11/24/2024 20:16,148.227.93.254,8819aef2-1a40-4291-b4a4-bcc08c8a4b74,1,GAID,android
11/24/2024 20:19,148.227.93.254,8819aef2-1a40-4291-b4a4-bcc08c8a4b74,1,GAID,android
11/24/2024 20:20,148.227.93.254,8819aef2-1a40-4291-b4a4-bcc08c8a4b74,1,GAID,android
11/24/2024 20:25,148.227.93.254,8819aef2-1a40-4291-b4a4-bcc08c8a4b74,1,GAID,android
11/24/2024 20:26,148.227.93.254,8819aef2-1a40-4291-b4a4-bcc08c8a4b74,1,GAID,android
11/24/2024 20:29,148.227.93.254,8819aef2-1a40-4291-b4a4-bcc08c8a4b74,1,GAID,android
11/24/2024 20:35,148.227.93.254,8819aef2-1a40-4291-b4a4-bcc08c8a4b74,1,GAID,android
11/24/2024 20:39,148.227.93.254,8819aef2-1a40-4291-b4a4-bcc08c8a4b74,1,GAID,android
11/24/2024 20:45,148.227.93.254,8819aef2-1a40-4291-b4a4-bcc08c8a4b74,1,GAID,android
11/24/2024 20:49,148.227.93.254,8819aef2-1a40-4291-b4a4-bcc08c8a4b74,1,GAID,android
11/24/2024 20:55,2803:9810:6289:8608::,8819aef2-1a40-4291-b4a4-bcc08c8a4b74,1,GAID,android
11/24/2024 20:55,148.227.93.254,8819aef2-1a40-4291-b4a4-bcc08c8a4b74,1,GAID,android
11/24/2024 21:01,148.227.93.254,8819aef2-1a40-4291-b4a4-bcc08c8a4b74,1,GAID,android
11/24/2024 21:04,148.227.93.254,8819aef2-1a40-4291-b4a4-bcc08c8a4b74,1,GAID,android
11/24/2024 21:06,148.227.93.254,8819aef2-1a40-4291-b4a4-bcc08c8a4b74,1,GAID,android
11/24/2024 21:08,148.227.93.254,8819aef2-1a40-4291-b4a4-bcc08c8a4b74,1,GAID,android
11/25/2024 8:28,148.227.93.254,8819aef2-1a40-4291-b4a4-bcc08c8a4b74,1,GAID,android
11/25/2024 8:28,148.227.93.254,8819aef2-1a40-4291-b4a4-bcc08c8a4b74,1,GAID,android
11/25/2024 8:29,2803:9810:6289:8608::,8819aef2-1a40-4291-b4a4-bcc08c8a4b74,1,GAID,android
11/25/2024 8:33,148.227.93.254,8819aef2-1a40-4291-b4a4-bcc08c8a4b74,1,GAID,android
11/25/2024 8:34,148.227.93.254,8819aef2-1a40-4291-b4a4-bcc08c8a4b74,1,GAID,android
11/25/2024 8:36,148.227.93.254,8819aef2-1a40-4291-b4a4-bcc08c8a4b74,1,GAID,android
11/25/2024 8:43,148.227.93.254,8819aef2-1a40-4291-b4a4-bcc08c8a4b74,1,GAID,android
11/25/2024 8:45,148.227.93.254,8819aef2-1a40-4291-b4a4-bcc08c8a4b74,1,GAID,android
11/25/2024 8:54,148.227.93.254,8819aef2-1a40-4291-b4a4-bcc08c8a4b74,1,GAID,android
11/25/2024 9:04,148.227.93.254,8819aef2-1a40-4291-b4a4-bcc08c8a4b74,1,GAID,android
11/25/2024 9:05,148.227.93.254,8819aef2-1a40-4291-b4a4-bcc08c8a4b74,1,GAID,android
11/25/2024 9:10,148.227.93.254,8819aef2-1a40-4291-b4a4-bcc08c8a4b74,1,GAID,android
11/25/2024 9:18,148.227.93.254,8819aef2-1a40-4291-b4a4-bcc08c8a4b74,1,GAID,android
11/25/2024 9:19,148.227.93.254,8819aef2-1a40-4291-b4a4-bcc08c8a4b74,1,GAID,android
11/25/2024 9:16,148.227.93.254,8819aef2-1a40-4291-b4a4-bcc08c8a4b74,1,GAID,android
11/25/2024 9:22,148.227.93.254,8819aef2-1a40-4291-b4a4-bcc08c8a4b74,1,GAID,android
11/25/2024 9:26,148.227.93.254,8819aef2-1a40-4291-b4a4-bcc08c8a4b74,1,GAID,android
11/25/2024 9:31,148.227.93.254,8819aef2-1a40-4291-b4a4-bcc08c8a4b74,1,GAID,android
11/25/2024 9:37,148.227.93.254,8819aef2-1a40-4291-b4a4-bcc08c8a4b74,1,GAID,android
11/25/2024 9:47,2803:9810:6289:8608::,8819aef2-1a40-4291-b4a4-bcc08c8a4b74,1,GAID,android
11/25/2024 11:26,148.227.93.254,8819aef2-1a40-4291-b4a4-bcc08c8a4b74,1,GAID,android
11/25/2024 11:43,148.227.93.254,8819aef2-1a40-4291-b4a4-bcc08c8a4b74,1,GAID,android
11/25/2024 14:57,148.227.93.254,8819aef2-1a40-4291-b4a4-bcc08c8a4b74,1,GAID,android
11/25/2024 14:59,148.227.93.254,8819aef2-1a40-4291-b4a4-bcc08c8a4b74,1,GAID,android
11/25/2024 15:01,148.227.93.254,8819aef2-1a40-4291-b4a4-bcc08c8a4b74,1,GAID,android
11/25/2024 15:03,148.227.93.254,8819aef2-1a40-4291-b4a4-bcc08c8a4b74,1,GAID,android
11/25/2024 15:04,148.227.93.254,8819aef2-1a40-4291-b4a4-bcc08c8a4b74,1,GAID,android
11/25/2024 15:07,148.227.93.254,8819aef2-1a40-4291-b4a4-bcc08c8a4b74,1,GAID,android
11/25/2024 15:12,148.227.93.254,8819aef2-1a40-4291-b4a4-bcc08c8a4b74,1,GAID,android
11/29/2024 12:18,2a00:5400:e337::,AAA7PE7OD50AABQ_9xhR4Q,7,WEB_ID,android
11/25/2024 16:00,148.227.93.254,8819aef2-1a40-4291-b4a4-bcc08c8a4b74,1,GAID,android
11/25/2024 16:01,148.227.93.254,8819aef2-1a40-4291-b4a4-bcc08c8a4b74,1,GAID,android
11/25/2024 16:01,2803:9810:6289:8608::,8819aef2-1a40-4291-b4a4-bcc08c8a4b74,1,GAID,android
11/25/2024 16:01,148.227.93.254,8819aef2-1a40-4291-b4a4-bcc08c8a4b74,1,GAID,android
11/25/2024 16:06,148.227.93.254,8819aef2-1a40-4291-b4a4-bcc08c8a4b74,1,GAID,android
11/25/2024 16:08,148.227.93.254,8819aef2-1a40-4291-b4a4-bcc08c8a4b74,1,GAID,android
11/25/2024 16:44,148.227.93.254,8819aef2-1a40-4291-b4a4-bcc08c8a4b74,1,GAID,android
11/25/2024 16:45,148.227.93.254,8819aef2-1a40-4291-b4a4-bcc08c8a4b74,1,GAID,android
11/25/2024 17:22,148.227.93.254,8819aef2-1a40-4291-b4a4-bcc08c8a4b74,1,GAID,android
11/25/2024 17:50,148.227.93.254,8819aef2-1a40-4291-b4a4-bcc08c8a4b74,1,GAID,android
11/25/2024 20:18,148.227.93.176,8819aef2-1a40-4291-b4a4-bcc08c8a4b74,1,GAID,android
11/25/2024 20:34,148.227.93.176,8819aef2-1a40-4291-b4a4-bcc08c8a4b74,1,GAID,android
11/25/2024 20:39,148.227.93.176,8819aef2-1a40-4291-b4a4-bcc08c8a4b74,1,GAID,android
11/25/2024 20:48,148.227.93.176,8819aef2-1a40-4291-b4a4-bcc08c8a4b74,1,GAID,android
11/25/2024 20:57,148.227.93.176,8819aef2-1a40-4291-b4a4-bcc08c8a4b74,1,GAID,android
11/25/2024 21:00,148.227.93.176,8819aef2-1a40-4291-b4a4-bcc08c8a4b74,1,GAID,android
11/25/2024 21:06,148.227.93.176,8819aef2-1a40-4291-b4a4-bcc08c8a4b74,1,GAID,android
11/25/2024 21:09,148.227.93.176,8819aef2-1a40-4291-b4a4-bcc08c8a4b74,1,GAID,android
11/25/2024 20:29,148.227.93.176,8819aef2-1a40-4291-b4a4-bcc08c8a4b74,1,GAID,android
11/25/2024 21:03,148.227.93.176,8819aef2-1a40-4291-b4a4-bcc08c8a4b74,1,GAID,android
11/25/2024 21:04,148.227.93.176,8819aef2-1a40-4291-b4a4-bcc08c8a4b74,1,GAID,android
11/25/2024 21:12,148.227.93.176,8819aef2-1a40-4291-b4a4-bcc08c8a4b74,1,GAID,android
11/25/2024 21:12,148.227.93.176,8819aef2-1a40-4291-b4a4-bcc08c8a4b74,1,GAID,android
11/26/2024 14:39,148.227.93.176,8819aef2-1a40-4291-b4a4-bcc08c8a4b74,1,GAID,android
11/26/2024 15:33,148.227.93.176,8819aef2-1a40-4291-b4a4-bcc08c8a4b74,1,GAID,android
11/26/2024 15:36,148.227.93.176,8819aef2-1a40-4291-b4a4-bcc08c8a4b74,1,GAID,android
11/26/2024 15:48,148.227.93.176,8819aef2-1a40-4291-b4a4-bcc08c8a4b74,1,GAID,android
11/26/2024 15:58,148.227.93.176,8819aef2-1a40-4291-b4a4-bcc08c8a4b74,1,GAID,android
11/26/2024 16:01,148.227.93.176,8819aef2-1a40-4291-b4a4-bcc08c8a4b74,1,GAID,android
11/26/2024 16:02,148.227.93.176,8819aef2-1a40-4291-b4a4-bcc08c8a4b74,1,GAID,android
11/26/2024 17:47,148.227.93.176,8819aef2-1a40-4291-b4a4-bcc08c8a4b74,1,GAID,android
11/26/2024 17:50,148.227.93.176,8819aef2-1a40-4291-b4a4-bcc08c8a4b74,1,GAID,android
11/26/2024 17:51,148.227.93.176,8819aef2-1a40-4291-b4a4-bcc08c8a4b74,1,GAID,android
11/26/2024 17:52,148.227.93.176,8819aef2-1a40-4291-b4a4-bcc08c8a4b74,1,GAID,android
11/26/2024 17:53,148.227.93.176,8819aef2-1a40-4291-b4a4-bcc08c8a4b74,1,GAID,android
11/26/2024 17:53,148.227.93.176,8819aef2-1a40-4291-b4a4-bcc08c8a4b74,1,GAID,android
11/26/2024 17:57,148.227.93.176,8819aef2-1a40-4291-b4a4-bcc08c8a4b74,1,GAID,android
11/26/2024 18:01,148.227.93.176,8819aef2-1a40-4291-b4a4-bcc08c8a4b74,1,GAID,android
11/26/2024 18:12,148.227.93.176,8819aef2-1a40-4291-b4a4-bcc08c8a4b74,1,GAID,android
11/26/2024 18:15,148.227.93.176,8819aef2-1a40-4291-b4a4-bcc08c8a4b74,1,GAID,android
11/26/2024 18:25,148.227.93.176,8819aef2-1a40-4291-b4a4-bcc08c8a4b74,1,GAID,android
11/26/2024 18:30,148.227.93.176,8819aef2-1a40-4291-b4a4-bcc08c8a4b74,1,GAID,android
11/26/2024 18:30,148.227.93.176,8819aef2-1a40-4291-b4a4-bcc08c8a4b74,1,GAID,android
11/26/2024 18:31,148.227.93.176,8819aef2-1a40-4291-b4a4-bcc08c8a4b74,1,GAID,android
11/26/2024 18:35,148.227.93.176,8819aef2-1a40-4291-b4a4-bcc08c8a4b74,1,GAID,android
11/26/2024 18:36,148.227.93.176,8819aef2-1a40-4291-b4a4-bcc08c8a4b74,1,GAID,android
11/26/2024 18:42,148.227.93.176,8819aef2-1a40-4291-b4a4-bcc08c8a4b74,1,GAID,android
11/27/2024 8:31,148.227.93.176,8819aef2-1a40-4291-b4a4-bcc08c8a4b74,1,GAID,android
11/27/2024 8:36,148.227.93.176,8819aef2-1a40-4291-b4a4-bcc08c8a4b74,1,GAID,android
11/27/2024 8:38,148.227.93.176,8819aef2-1a40-4291-b4a4-bcc08c8a4b74,1,GAID,android
11/27/2024 8:43,148.227.93.176,8819aef2-1a40-4291-b4a4-bcc08c8a4b74,1,GAID,android
11/27/2024 8:44,148.227.93.176,8819aef2-1a40-4291-b4a4-bcc08c8a4b74,1,GAID,android
11/29/2024 12:39,2a00:5400:e337::,AAA7PE7OD50AABQ_9xhR4Q,7,WEB_ID,android
11/29/2024 12:44,2a00:5400:e051::,AAFcvU7LIAoAABO-Xttw5A,7,WEB_ID,android
11/29/2024 12:47,2a00:5400:e051::,AAFcvU7LIAoAABO-Xttw5A,7,WEB_ID,android
11/29/2024 12:49,2a00:5400:e051::,AAFcvU7LIAoAABO-Xttw5A,7,WEB_ID,android
11/29/2024 12:50,2a00:5400:e051::,AAFcvU7LIAoAABO-Xttw5A,7,WEB_ID,android
11/29/2024 12:53,2a00:5400:e051::,AAFcvU7LIAoAABO-Xttw5A,7,WEB_ID,android
11/29/2024 12:53,2a00:5400:e051::,AAFcvU7LIAoAABO-Xttw5A,7,WEB_ID,android
11/29/2024 12:54,2a00:5400:e051::,AAFcvU7LIAoAABO-Xttw5A,7,WEB_ID,android
11/29/2024 12:54,2a00:5400:e051::,AAFcvU7LIAoAABO-Xttw5A,7,WEB_ID,android
11/29/2024 12:55,2a00:5400:e051::,AAFcvU7LIAoAABO-Xttw5A,7,WEB_ID,android
11/29/2024 12:55,2a00:5400:e051::,AAFcvU7LIAoAABO-Xttw5A,7,WEB_ID,android
11/29/2024 12:55,2a00:5400:e051::,AAFcvU7LIAoAABO-Xttw5A,7,WEB_ID,android
11/29/2024 12:57,2a00:5400:e051::,AAFcvU7LIAoAABO-Xttw5A,7,WEB_ID,android
11/29/2024 12:59,2a00:5400:e051::,AAFcvU7LIAoAABO-Xttw5A,7,WEB_ID,android
11/29/2024 12:59,2a00:5400:e051::,AAFcvU7LIAoAABO-Xttw5A,7,WEB_ID,android
11/29/2024 13:00,2a00:5400:e051::,AAFcvU7LIAoAABO-Xttw5A,7,WEB_ID,android
11/29/2024 13:00,2a00:5400:e051::,AAFcvU7LIAoAABO-Xttw5A,7,WEB_ID,android
11/29/2024 13:00,2a00:5400:e051::,AAFcvU7LIAoAABO-Xttw5A,7,WEB_ID,android
11/29/2024 13:10,2a00:5400:e051::,AAFcvU7LIAoAABO-Xttw5A,7,WEB_ID,android
11/29/2024 13:40,2a00:5400:f020::,AALKVk7RajkAABv5BSiD8w,6,WEB_ID,android
11/27/2024 9:15,148.227.93.59,8819aef2-1a40-4291-b4a4-bcc08c8a4b74,1,GAID,android
11/27/2024 9:20,148.227.93.59,8819aef2-1a40-4291-b4a4-bcc08c8a4b74,1,GAID,android
11/27/2024 9:20,2803:9810:6289:8608::,8819aef2-1a40-4291-b4a4-bcc08c8a4b74,1,GAID,android
11/27/2024 9:21,148.227.93.59,8819aef2-1a40-4291-b4a4-bcc08c8a4b74,1,GAID,android
11/27/2024 13:14,148.227.93.59,8819aef2-1a40-4291-b4a4-bcc08c8a4b74,1,GAID,android
11/27/2024 13:16,148.227.93.59,8819aef2-1a40-4291-b4a4-bcc08c8a4b74,1,GAID,android
11/27/2024 13:50,2803:9810:6289:8608::,8819aef2-1a40-4291-b4a4-bcc08c8a4b74,1,GAID,android
11/27/2024 13:51,148.227.93.111,8819aef2-1a40-4291-b4a4-bcc08c8a4b74,1,GAID,android
11/27/2024 13:51,148.227.93.111,8819aef2-1a40-4291-b4a4-bcc08c8a4b74,1,GAID,android
11/27/2024 13:53,148.227.93.111,8819aef2-1a40-4291-b4a4-bcc08c8a4b74,1,GAID,android
11/27/2024 13:55,148.227.93.111,8819aef2-1a40-4291-b4a4-bcc08c8a4b74,1,GAID,android
11/27/2024 13:57,148.227.93.111,8819aef2-1a40-4291-b4a4-bcc08c8a4b74,1,GAID,android
11/27/2024 14:07,148.227.93.111,8819aef2-1a40-4291-b4a4-bcc08c8a4b74,1,GAID,android
11/27/2024 14:12,148.227.93.111,8819aef2-1a40-4291-b4a4-bcc08c8a4b74,1,GAID,android
11/27/2024 19:25,148.227.93.111,8819aef2-1a40-4291-b4a4-bcc08c8a4b74,1,GAID,android
11/27/2024 19:26,148.227.93.111,8819aef2-1a40-4291-b4a4-bcc08c8a4b74,1,GAID,android
11/27/2024 19:28,148.227.93.111,8819aef2-1a40-4291-b4a4-bcc08c8a4b74,1,GAID,android
11/27/2024 19:29,148.227.93.111,8819aef2-1a40-4291-b4a4-bcc08c8a4b74,1,GAID,android
11/27/2024 19:33,148.227.93.111,8819aef2-1a40-4291-b4a4-bcc08c8a4b74,1,GAID,android
11/27/2024 19:33,148.227.93.111,8819aef2-1a40-4291-b4a4-bcc08c8a4b74,1,GAID,android
11/27/2024 19:35,148.227.93.111,8819aef2-1a40-4291-b4a4-bcc08c8a4b74,1,GAID,android
11/27/2024 19:41,148.227.93.111,8819aef2-1a40-4291-b4a4-bcc08c8a4b74,1,GAID,android
11/27/2024 19:45,148.227.93.111,8819aef2-1a40-4291-b4a4-bcc08c8a4b74,1,GAID,android
11/27/2024 19:57,148.227.93.111,8819aef2-1a40-4291-b4a4-bcc08c8a4b74,1,GAID,android
11/27/2024 20:00,148.227.93.111,8819aef2-1a40-4291-b4a4-bcc08c8a4b74,1,GAID,android
11/27/2024 20:02,148.227.93.111,8819aef2-1a40-4291-b4a4-bcc08c8a4b74,1,GAID,android
11/29/2024 14:08,2a00:5400:f020::,AALKVk7RajkAABv5BSiD8w,6,WEB_ID,android
11/27/2024 20:06,148.227.93.111,8819aef2-1a40-4291-b4a4-bcc08c8a4b74,1,GAID,android
11/27/2024 20:06,148.227.93.111,8819aef2-1a40-4291-b4a4-bcc08c8a4b74,1,GAID,android
11/27/2024 20:12,148.227.93.111,8819aef2-1a40-4291-b4a4-bcc08c8a4b74,1,GAID,android
11/27/2024 20:17,148.227.93.111,8819aef2-1a40-4291-b4a4-bcc08c8a4b74,1,GAID,android
11/27/2024 20:18,148.227.93.111,8819aef2-1a40-4291-b4a4-bcc08c8a4b74,1,GAID,android
11/27/2024 19:44,148.227.93.111,8819aef2-1a40-4291-b4a4-bcc08c8a4b74,1,GAID,android
11/27/2024 19:45,148.227.93.111,8819aef2-1a40-4291-b4a4-bcc08c8a4b74,1,GAID,android
11/29/2024 14:53,2a00:5400:e051::,AAFcvU7LIAoAABO-Xttw5A,7,WEB_ID,android
11/29/2024 14:53,2a00:5400:e051::,AAFcvU7LIAoAABO-Xttw5A,7,WEB_ID,android
11/29/2024 14:53,2a00:5400:e051::,AAFcvU7LIAoAABO-Xttw5A,7,WEB_ID,android
11/29/2024 14:53,2a00:5400:e051::,AAFcvU7LIAoAABO-Xttw5A,7,WEB_ID,android
11/29/2024 14:56,2a00:5400:e051::,AAFcvU7LIAoAABO-Xttw5A,7,WEB_ID,android
11/29/2024 14:56,2a00:5400:e051::,AAFcvU7LIAoAABO-Xttw5A,7,WEB_ID,android
11/29/2024 14:59,2a00:5400:e051::,AAFcvU7LIAoAABO-Xttw5A,7,WEB_ID,android
11/29/2024 14:59,2a00:5400:e051:9f58::,AAFcvU7LIAoAABO-Xttw5A,7,WEB_ID,android
11/29/2024 14:59,2a00:5400:e051:9f58::,AAFcvU7LIAoAABO-Xttw5A,7,WEB_ID,android
11/29/2024 15:00,2a00:5400:e051:9f58::,AAFcvU7LIAoAABO-Xttw5A,7,WEB_ID,android
11/29/2024 15:00,2a00:5400:e051:9f58::,AAFcvU7LIAoAABO-Xttw5A,7,WEB_ID,android
11/29/2024 15:01,2a00:5400:e051:9f58::,AAFcvU7LIAoAABO-Xttw5A,7,WEB_ID,android
11/29/2024 15:04,2a00:5400:e051:9f58::,AAFcvU7LIAoAABO-Xttw5A,7,WEB_ID,android
11/29/2024 15:06,2a00:5400:e051:9f58::,AAFcvU7LIAoAABO-Xttw5A,7,WEB_ID,android
11/29/2024 15:09,2a00:5400:e051:9f58::,AAFcvU7LIAoAABO-Xttw5A,7,WEB_ID,android
11/29/2024 15:09,2a00:5400:e051:9f58::,AAFcvU7LIAoAABO-Xttw5A,7,WEB_ID,android
11/29/2024 15:09,2a00:5400:e051:9f58::,AAFcvU7LIAoAABO-Xttw5A,7,WEB_ID,android
11/29/2024 15:10,2a00:5400:e051:9f58::,AAFcvU7LIAoAABO-Xttw5A,7,WEB_ID,android
11/29/2024 15:12,2a00:5400:e051:9f58::,AAFcvU7LIAoAABO-Xttw5A,7,WEB_ID,android
11/29/2024 15:12,2a00:5400:e051:9f58::,AAFcvU7LIAoAABO-Xttw5A,7,WEB_ID,android
11/27/2024 20:08,148.227.93.111,8819aef2-1a40-4291-b4a4-bcc08c8a4b74,1,GAID,android
11/27/2024 20:09,148.227.93.111,8819aef2-1a40-4291-b4a4-bcc08c8a4b74,1,GAID,android
11/27/2024 20:09,148.227.93.111,8819aef2-1a40-4291-b4a4-bcc08c8a4b74,1,GAID,android
11/27/2024 20:14,148.227.93.111,8819aef2-1a40-4291-b4a4-bcc08c8a4b74,1,GAID,android
11/27/2024 20:17,148.227.93.111,8819aef2-1a40-4291-b4a4-bcc08c8a4b74,1,GAID,android
11/29/2024 15:31,2a00:5400:e051:9f58::,AAFcvU7LIAoAABO-Xttw5A,7,WEB_ID,android
11/29/2024 15:31,2a00:5400:e051:9f58::,AAFcvU7LIAoAABO-Xttw5A,7,WEB_ID,android
11/27/2024 20:24,148.227.93.111,8819aef2-1a40-4291-b4a4-bcc08c8a4b74,1,GAID,android
11/27/2024 20:24,148.227.93.111,8819aef2-1a40-4291-b4a4-bcc08c8a4b74,1,GAID,android
11/27/2024 20:31,148.227.93.111,8819aef2-1a40-4291-b4a4-bcc08c8a4b74,1,GAID,android
11/27/2024 20:32,148.227.93.111,8819aef2-1a40-4291-b4a4-bcc08c8a4b74,1,GAID,android
11/27/2024 20:38,148.227.93.111,8819aef2-1a40-4291-b4a4-bcc08c8a4b74,1,GAID,android
11/27/2024 20:38,148.227.93.111,8819aef2-1a40-4291-b4a4-bcc08c8a4b74,1,GAID,android
11/28/2024 12:57,148.227.93.111,8819aef2-1a40-4291-b4a4-bcc08c8a4b74,1,GAID,android
11/28/2024 13:00,148.227.93.111,8819aef2-1a40-4291-b4a4-bcc08c8a4b74,1,GAID,android
11/28/2024 13:05,148.227.93.111,8819aef2-1a40-4291-b4a4-bcc08c8a4b74,1,GAID,android
11/28/2024 13:07,148.227.93.111,8819aef2-1a40-4291-b4a4-bcc08c8a4b74,1,GAID,android
11/28/2024 13:10,148.227.93.111,8819aef2-1a40-4291-b4a4-bcc08c8a4b74,1,GAID,android
11/28/2024 13:10,148.227.93.111,8819aef2-1a40-4291-b4a4-bcc08c8a4b74,1,GAID,android
11/28/2024 13:15,148.227.93.111,8819aef2-1a40-4291-b4a4-bcc08c8a4b74,1,GAID,android
11/28/2024 13:16,148.227.93.111,8819aef2-1a40-4291-b4a4-bcc08c8a4b74,1,GAID,android
11/28/2024 13:20,148.227.93.111,8819aef2-1a40-4291-b4a4-bcc08c8a4b74,1,GAID,android
11/28/2024 13:21,148.227.93.111,8819aef2-1a40-4291-b4a4-bcc08c8a4b74,1,GAID,android
11/28/2024 13:26,148.227.93.111,8819aef2-1a40-4291-b4a4-bcc08c8a4b74,1,GAID,android
11/28/2024 13:27,148.227.93.111,8819aef2-1a40-4291-b4a4-bcc08c8a4b74,1,GAID,android
11/28/2024 13:29,148.227.93.111,8819aef2-1a40-4291-b4a4-bcc08c8a4b74,1,GAID,android
11/28/2024 13:30,148.227.93.111,8819aef2-1a40-4291-b4a4-bcc08c8a4b74,1,GAID,android
11/28/2024 13:35,148.227.93.111,8819aef2-1a40-4291-b4a4-bcc08c8a4b74,1,GAID,android
11/28/2024 13:35,148.227.93.111,8819aef2-1a40-4291-b4a4-bcc08c8a4b74,1,GAID,android
11/28/2024 13:37,148.227.93.111,8819aef2-1a40-4291-b4a4-bcc08c8a4b74,1,GAID,android
11/28/2024 13:40,148.227.93.111,8819aef2-1a40-4291-b4a4-bcc08c8a4b74,1,GAID,android
11/28/2024 13:45,148.227.93.111,8819aef2-1a40-4291-b4a4-bcc08c8a4b74,1,GAID,android
11/28/2024 13:48,148.227.93.111,8819aef2-1a40-4291-b4a4-bcc08c8a4b74,1,GAID,android
11/28/2024 13:51,148.227.93.111,8819aef2-1a40-4291-b4a4-bcc08c8a4b74,1,GAID,android
11/28/2024 13:54,148.227.93.111,8819aef2-1a40-4291-b4a4-bcc08c8a4b74,1,GAID,android
11/28/2024 13:55,148.227.93.111,8819aef2-1a40-4291-b4a4-bcc08c8a4b74,1,GAID,android
11/28/2024 13:13,148.227.93.111,8819aef2-1a40-4291-b4a4-bcc08c8a4b74,1,GAID,android
11/28/2024 13:17,148.227.93.111,8819aef2-1a40-4291-b4a4-bcc08c8a4b74,1,GAID,android
11/28/2024 13:18,148.227.93.111,8819aef2-1a40-4291-b4a4-bcc08c8a4b74,1,GAID,android
11/28/2024 13:23,148.227.93.111,8819aef2-1a40-4291-b4a4-bcc08c8a4b74,1,GAID,android
11/28/2024 13:24,148.227.93.111,8819aef2-1a40-4291-b4a4-bcc08c8a4b74,1,GAID,android
11/28/2024 13:24,148.227.93.111,8819aef2-1a40-4291-b4a4-bcc08c8a4b74,1,GAID,android
11/28/2024 13:33,148.227.93.111,8819aef2-1a40-4291-b4a4-bcc08c8a4b74,1,GAID,android
11/28/2024 13:38,148.227.93.111,8819aef2-1a40-4291-b4a4-bcc08c8a4b74,1,GAID,android
11/28/2024 13:41,148.227.93.111,8819aef2-1a40-4291-b4a4-bcc08c8a4b74,1,GAID,android
11/28/2024 13:45,148.227.93.111,8819aef2-1a40-4291-b4a4-bcc08c8a4b74,1,GAID,android
11/28/2024 13:52,148.227.93.111,8819aef2-1a40-4291-b4a4-bcc08c8a4b74,1,GAID,android
11/28/2024 13:52,148.227.93.111,8819aef2-1a40-4291-b4a4-bcc08c8a4b74,1,GAID,android
11/28/2024 13:55,148.227.93.111,8819aef2-1a40-4291-b4a4-bcc08c8a4b74,1,GAID,android
11/28/2024 13:57,148.227.93.111,8819aef2-1a40-4291-b4a4-bcc08c8a4b74,1,GAID,android
11/28/2024 14:01,148.227.93.111,8819aef2-1a40-4291-b4a4-bcc08c8a4b74,1,GAID,android
11/28/2024 14:03,148.227.93.111,8819aef2-1a40-4291-b4a4-bcc08c8a4b74,1,GAID,android
11/28/2024 14:05,148.227.93.111,8819aef2-1a40-4291-b4a4-bcc08c8a4b74,1,GAID,android
11/28/2024 14:06,148.227.93.111,8819aef2-1a40-4291-b4a4-bcc08c8a4b74,1,GAID,android
11/28/2024 14:12,148.227.93.111,8819aef2-1a40-4291-b4a4-bcc08c8a4b74,1,GAID,android
11/28/2024 16:19,148.227.93.111,8819aef2-1a40-4291-b4a4-bcc08c8a4b74,1,GAID,android
11/28/2024 16:24,148.227.93.111,8819aef2-1a40-4291-b4a4-bcc08c8a4b74,1,GAID,android
11/28/2024 16:26,148.227.93.111,8819aef2-1a40-4291-b4a4-bcc08c8a4b74,1,GAID,android
11/28/2024 16:28,148.227.93.111,8819aef2-1a40-4291-b4a4-bcc08c8a4b74,1,GAID,android
11/28/2024 16:30,148.227.93.111,8819aef2-1a40-4291-b4a4-bcc08c8a4b74,1,GAID,android
11/28/2024 16:34,148.227.93.111,8819aef2-1a40-4291-b4a4-bcc08c8a4b74,1,GAID,android
11/28/2024 16:36,148.227.93.111,8819aef2-1a40-4291-b4a4-bcc08c8a4b74,1,GAID,android
11/28/2024 16:37,148.227.93.111,8819aef2-1a40-4291-b4a4-bcc08c8a4b74,1,GAID,android
11/28/2024 16:45,148.227.93.111,8819aef2-1a40-4291-b4a4-bcc08c8a4b74,1,GAID,android
11/28/2024 16:54,148.227.93.111,8819aef2-1a40-4291-b4a4-bcc08c8a4b74,1,GAID,android
11/28/2024 16:54,148.227.93.111,8819aef2-1a40-4291-b4a4-bcc08c8a4b74,1,GAID,android
11/28/2024 16:56,148.227.93.111,8819aef2-1a40-4291-b4a4-bcc08c8a4b74,1,GAID,android
11/28/2024 16:58,148.227.93.111,8819aef2-1a40-4291-b4a4-bcc08c8a4b74,1,GAID,android
11/28/2024 17:02,148.227.93.111,8819aef2-1a40-4291-b4a4-bcc08c8a4b74,1,GAID,android
11/28/2024 17:04,148.227.93.111,8819aef2-1a40-4291-b4a4-bcc08c8a4b74,1,GAID,android
11/28/2024 17:10,148.227.93.111,8819aef2-1a40-4291-b4a4-bcc08c8a4b74,1,GAID,android
11/28/2024 17:10,148.227.93.111,8819aef2-1a40-4291-b4a4-bcc08c8a4b74,1,GAID,android
11/28/2024 17:11,148.227.93.111,8819aef2-1a40-4291-b4a4-bcc08c8a4b74,1,GAID,android
11/28/2024 17:13,148.227.93.111,8819aef2-1a40-4291-b4a4-bcc08c8a4b74,1,GAID,android
11/28/2024 18:36,148.227.93.111,8819aef2-1a40-4291-b4a4-bcc08c8a4b74,1,GAID,android
11/28/2024 18:39,148.227.93.111,8819aef2-1a40-4291-b4a4-bcc08c8a4b74,1,GAID,android
11/28/2024 18:40,148.227.93.111,8819aef2-1a40-4291-b4a4-bcc08c8a4b74,1,GAID,android
11/28/2024 18:45,148.227.93.111,8819aef2-1a40-4291-b4a4-bcc08c8a4b74,1,GAID,android
11/28/2024 18:47,148.227.93.111,8819aef2-1a40-4291-b4a4-bcc08c8a4b74,1,GAID,android
11/28/2024 18:49,148.227.93.111,8819aef2-1a40-4291-b4a4-bcc08c8a4b74,1,GAID,android
11/28/2024 18:49,148.227.93.111,8819aef2-1a40-4291-b4a4-bcc08c8a4b74,1,GAID,android
11/28/2024 19:02,148.227.93.111,8819aef2-1a40-4291-b4a4-bcc08c8a4b74,1,GAID,android
11/28/2024 19:02,148.227.93.111,8819aef2-1a40-4291-b4a4-bcc08c8a4b74,1,GAID,android
11/28/2024 19:08,148.227.93.111,8819aef2-1a40-4291-b4a4-bcc08c8a4b74,1,GAID,android
11/28/2024 19:21,148.227.93.111,8819aef2-1a40-4291-b4a4-bcc08c8a4b74,1,GAID,android
11/28/2024 19:22,148.227.93.111,8819aef2-1a40-4291-b4a4-bcc08c8a4b74,1,GAID,android
11/28/2024 19:27,148.227.93.111,8819aef2-1a40-4291-b4a4-bcc08c8a4b74,1,GAID,android
11/28/2024 19:27,148.227.93.111,8819aef2-1a40-4291-b4a4-bcc08c8a4b74,1,GAID,android
11/28/2024 19:30,148.227.93.111,8819aef2-1a40-4291-b4a4-bcc08c8a4b74,1,GAID,android
11/28/2024 19:33,148.227.93.111,8819aef2-1a40-4291-b4a4-bcc08c8a4b74,1,GAID,android
11/28/2024 19:02,148.227.93.111,8819aef2-1a40-4291-b4a4-bcc08c8a4b74,1,GAID,android
11/28/2024 19:07,148.227.93.111,8819aef2-1a40-4291-b4a4-bcc08c8a4b74,1,GAID,android
11/28/2024 19:08,148.227.93.111,8819aef2-1a40-4291-b4a4-bcc08c8a4b74,1,GAID,android
11/28/2024 19:11,148.227.93.111,8819aef2-1a40-4291-b4a4-bcc08c8a4b74,1,GAID,android
11/28/2024 19:16,148.227.93.111,8819aef2-1a40-4291-b4a4-bcc08c8a4b74,1,GAID,android
11/28/2024 19:19,148.227.93.111,8819aef2-1a40-4291-b4a4-bcc08c8a4b74,1,GAID,android
11/28/2024 19:25,148.227.93.111,8819aef2-1a40-4291-b4a4-bcc08c8a4b74,1,GAID,android
11/28/2024 19:26,148.227.93.111,8819aef2-1a40-4291-b4a4-bcc08c8a4b74,1,GAID,android
11/28/2024 19:32,148.227.93.111,8819aef2-1a40-4291-b4a4-bcc08c8a4b74,1,GAID,android
11/28/2024 19:34,148.227.93.111,8819aef2-1a40-4291-b4a4-bcc08c8a4b74,1,GAID,android
11/28/2024 19:36,148.227.93.111,8819aef2-1a40-4291-b4a4-bcc08c8a4b74,1,GAID,android
11/29/2024 17:49,2a00:5400:e051:9f58::,AAFcvU7LIAoAABO-Xttw5A,7,WEB_ID,android
11/29/2024 17:49,2a00:5400:e051:9f58::,AAFcvU7LIAoAABO-Xttw5A,7,WEB_ID,android
11/29/2024 17:50,2a00:5400:e051:9f58::,AAFcvU7LIAoAABO-Xttw5A,7,WEB_ID,android
11/29/2024 17:53,2a00:5400:e051:9f58::,AAFcvU7LIAoAABO-Xttw5A,7,WEB_ID,android
11/29/2024 17:53,2a00:5400:e051:9f58::,AAFcvU7LIAoAABO-Xttw5A,7,WEB_ID,android
11/29/2024 17:54,2a00:5400:e051:9f58::,AAFcvU7LIAoAABO-Xttw5A,7,WEB_ID,android
11/29/2024 17:54,2a00:5400:e051:9f58::,AAFcvU7LIAoAABO-Xttw5A,7,WEB_ID,android
11/29/2024 17:58,2a00:5400:e051:9f58::,AAFcvU7LIAoAABO-Xttw5A,7,WEB_ID,android
11/29/2024 17:59,2a00:5400:e051:9f58::,AAFcvU7LIAoAABO-Xttw5A,7,WEB_ID,android
11/29/2024 18:00,2a00:5400:e051:9f58::,AAFcvU7LIAoAABO-Xttw5A,7,WEB_ID,android
11/29/2024 18:01,2a00:5400:e051:9f58::,AAFcvU7LIAoAABO-Xttw5A,7,WEB_ID,android
11/28/2024 20:45,148.227.93.129,8819aef2-1a40-4291-b4a4-bcc08c8a4b74,1,GAID,android
11/28/2024 20:47,148.227.93.129,8819aef2-1a40-4291-b4a4-bcc08c8a4b74,1,GAID,android
11/28/2024 20:55,148.227.93.129,8819aef2-1a40-4291-b4a4-bcc08c8a4b74,1,GAID,android
11/28/2024 21:01,148.227.93.129,8819aef2-1a40-4291-b4a4-bcc08c8a4b74,1,GAID,android
11/28/2024 21:02,148.227.93.129,8819aef2-1a40-4291-b4a4-bcc08c8a4b74,1,GAID,android
11/29/2024 13:14,148.227.93.129,8819aef2-1a40-4291-b4a4-bcc08c8a4b74,1,GAID,android
11/29/2024 13:19,148.227.93.129,8819aef2-1a40-4291-b4a4-bcc08c8a4b74,1,GAID,android
11/29/2024 13:28,148.227.93.129,8819aef2-1a40-4291-b4a4-bcc08c8a4b74,1,GAID,android
11/29/2024 13:32,148.227.93.129,8819aef2-1a40-4291-b4a4-bcc08c8a4b74,1,GAID,android
11/29/2024 13:36,148.227.93.129,8819aef2-1a40-4291-b4a4-bcc08c8a4b74,1,GAID,android
11/29/2024 19:39,2a00:5400:e051:9f58::,AAFcvU7LIAoAABO-Xttw5A,7,WEB_ID,android
11/29/2024 19:39,2a00:5400:e051:9f58::,AAFcvU7LIAoAABO-Xttw5A,7,WEB_ID,android
11/29/2024 13:51,148.227.93.129,8819aef2-1a40-4291-b4a4-bcc08c8a4b74,1,GAID,android
11/29/2024 13:56,148.227.93.129,8819aef2-1a40-4291-b4a4-bcc08c8a4b74,1,GAID,android
11/29/2024 13:58,148.227.93.129,8819aef2-1a40-4291-b4a4-bcc08c8a4b74,1,GAID,android
11/29/2024 14:05,148.227.93.129,8819aef2-1a40-4291-b4a4-bcc08c8a4b74,1,GAID,android
11/29/2024 14:17,148.227.93.129,8819aef2-1a40-4291-b4a4-bcc08c8a4b74,1,GAID,android
11/29/2024 20:09,2a00:5400:e051:9f58::,AAFcvU7LIAoAABO-Xttw5A,7,WEB_ID,android
11/29/2024 20:10,2a00:5400:e051:9f58::,AAFcvU7LIAoAABO-Xttw5A,7,WEB_ID,android
11/29/2024 20:10,2a00:5400:e051:9f58::,AAFcvU7LIAoAABO-Xttw5A,7,WEB_ID,android
11/29/2024 20:11,2a00:5400:e051:9f58::,AAFcvU7LIAoAABO-Xttw5A,7,WEB_ID,android
11/29/2024 20:12,2a00:5400:e051:9f58::,AAFcvU7LIAoAABO-Xttw5A,7,WEB_ID,android
11/29/2024 20:12,2a00:5400:e051:9f58::,AAFcvU7LIAoAABO-Xttw5A,7,WEB_ID,android
11/29/2024 14:25,148.227.93.129,8819aef2-1a40-4291-b4a4-bcc08c8a4b74,1,GAID,android
11/29/2024 14:29,148.227.93.129,8819aef2-1a40-4291-b4a4-bcc08c8a4b74,1,GAID,android
11/29/2024 14:38,148.227.93.129,8819aef2-1a40-4291-b4a4-bcc08c8a4b74,1,GAID,android
11/29/2024 20:20,2a00:5400:e051:9f58::,AAFcvU7LIAoAABO-Xttw5A,7,WEB_ID,android
11/29/2024 20:21,2a00:5400:e051:9f58::,AAFcvU7LIAoAABO-Xttw5A,7,WEB_ID,android
11/29/2024 20:24,2a00:5400:e051:9f58::,AAFcvU7LIAoAABO-Xttw5A,7,WEB_ID,android
11/29/2024 20:24,2a00:5400:e051:9f58::,AAFcvU7LIAoAABO-Xttw5A,7,WEB_ID,android
11/29/2024 20:24,2a00:5400:e051:9f58::,AAFcvU7LIAoAABO-Xttw5A,7,WEB_ID,android
11/29/2024 20:25,2a00:5400:e051:9f58::,AAFcvU7LIAoAABO-Xttw5A,7,WEB_ID,android
11/29/2024 20:26,2a00:5400:e051:9f58::,AAFcvU7LIAoAABO-Xttw5A,7,WEB_ID,android
11/29/2024 20:26,2a00:5400:e051:9f58::,AAFcvU7LIAoAABO-Xttw5A,7,WEB_ID,android
11/29/2024 20:26,2a00:5400:e051:9f58::,AAFcvU7LIAoAABO-Xttw5A,7,WEB_ID,android
